Customer_ID,Customer_Name,Gender,Occupation,Annual_Income,Branch,City,State
CUST00001,Chandani D’Alia,Female,Business,1236213,North,Delhi,Manipur
CUST00002,Krishna Bhardwaj,Male,Doctor,2776705,South,Hyderabad,Meghalaya
CUST00003,Aryan Sridhar,Male,Doctor,1217034,West,Mumbai,Uttar Pradesh
CUST00004,Sathvik Toor,Male,Business,2585650,South,Hyderabad,Uttar Pradesh
CUST00005,Arya Warrior,Female,Lawyer,327257,West,Mumbai,Goa
CUST00006,Raksha Bhattacharyya,Female,Student,1465476,South,Hyderabad,Punjab
CUST00007,Sneha Bobal,Female,Doctor,689004,South,Bangalore,Meghalaya
CUST00008,Falguni Bhargava,Female,Student,2832210,West,Mumbai,Mizoram
CUST00009,Ikbal Nagar,Female,Doctor,1887688,East,Kolkata,Punjab
CUST00010,Ekapad Kurian,Female,Student,2721590,North,Jaipur,Assam
CUST00011,Gagan Nigam,Male,Engineer,1255874,South,Hyderabad,Haryana
CUST00012,Ronith Shanker,Male,Doctor,1894364,East,Kolkata,Haryana
CUST00013,Lucky Pau,Female,Teacher,1852651,East,Bhubaneswar,Maharashtra
CUST00014,Ladli Bajaj,Female,Doctor,2854880,East,Kolkata,Assam
CUST00015,Avni Jhaveri,Male,Teacher,2238859,South,Hyderabad,Andhra Pradesh
CUST00016,Chatura Buch,Male,Student,534620,West,Ahmedabad,Kerala
CUST00017,Qushi Luthra,Female,Consultant,1422986,South,Bangalore,Andhra Pradesh
CUST00018,Mohammed Bains,Female,Business,2393927,North,Delhi,Goa
CUST00019,Indrajit Chana,Female,Teacher,1410987,West,Pune,Rajasthan
CUST00020,Naveen Mukherjee,Female,Consultant,2747514,South,Bangalore,Andhra Pradesh
CUST00021,Maanav Mody,Male,Teacher,2437108,West,Ahmedabad,Meghalaya
CUST00022,Upadhriti Sabharwal,Male,Doctor,941062,West,Mumbai,Tamil Nadu
CUST00023,Upasna Bhargava,Female,Doctor,1913831,South,Hyderabad,Gujarat
CUST00024,Vansha Sangha,Female,Lawyer,2620397,West,Pune,Uttar Pradesh
CUST00025,Kiaan Saxena,Male,Lawyer,2988388,North,Jaipur,West Bengal
CUST00026,Abeer Kamdar,Female,Consultant,963361,East,Kolkata,Andhra Pradesh
CUST00027,Tanay Dada,Female,Teacher,2429371,West,Mumbai,Jharkhand
CUST00028,Amaira Ratta,Female,Business,941054,North,Jaipur,Rajasthan
CUST00029,Ojas Prashad,Male,Student,2349360,East,Kolkata,Andhra Pradesh
CUST00030,Sudiksha Munshi,Female,Lawyer,1304335,North,Delhi,Madhya Pradesh
CUST00031,Kevin Baria,Male,Doctor,2338391,North,Delhi,Gujarat
CUST00032,Krish Batra,Male,Teacher,2293478,North,Jaipur,Manipur
CUST00033,Turvi Iyer,Female,Business,2561971,South,Chennai,Chhattisgarh
CUST00034,Priya Dewan,Female,Consultant,1866239,South,Hyderabad,Himachal Pradesh
CUST00035,Aishani Chandran,Female,Doctor,1339791,West,Pune,Arunachal Pradesh
CUST00036,Gaurangi Kara,Female,Engineer,2767545,South,Bangalore,Himachal Pradesh
CUST00037,Chavvi Chandran,Male,Engineer,597766,South,Hyderabad,Goa
CUST00038,Zarna Singhal,Male,Engineer,1685917,North,Delhi,Jharkhand
CUST00039,Chaitaly Badal,Male,Lawyer,2335975,North,Jaipur,Odisha
CUST00040,Gopal Narain,Male,Accountant,1319204,South,Hyderabad,Punjab
CUST00041,Atharv Nagi,Male,Doctor,706557,West,Ahmedabad,Karnataka
CUST00042,Abhiram Tailor,Female,Consultant,2258843,West,Ahmedabad,Andhra Pradesh
CUST00043,Siddharth Bedi,Male,Engineer,1988716,North,Jaipur,Meghalaya
CUST00044,Aadhya Manne,Male,Business,1097793,East,Kolkata,Karnataka
CUST00045,Brijesh Kade,Female,Teacher,1468303,West,Mumbai,West Bengal
CUST00046,Yasti Ravel,Male,Accountant,2608231,West,Mumbai,Himachal Pradesh
CUST00047,Ishita Sarkar,Male,Doctor,1291447,North,Delhi,Sikkim
CUST00048,Fitan Anne,Female,Accountant,1196521,South,Chennai,Haryana
CUST00049,Naveen Parikh,Male,Consultant,309040,West,Mumbai,Assam
CUST00050,Zashil Grover,Female,Lawyer,2074221,West,Ahmedabad,Punjab
CUST00051,Frado Agate,Male,Lawyer,1213103,West,Mumbai,Himachal Pradesh
CUST00052,Warjas Tailor,Male,Student,539768,North,Jaipur,Goa
CUST00053,Bhanumati Viswanathan,Female,Teacher,538570,North,Jaipur,Himachal Pradesh
CUST00054,Jeevika Hegde,Male,Doctor,1286516,North,Delhi,Uttar Pradesh
CUST00055,Indrajit Doshi,Male,Engineer,2897874,West,Mumbai,Telangana
CUST00056,Ekavir Pradhan,Female,Lawyer,1156725,North,Chandigarh,Kerala
CUST00057,Yash Bhargava,Female,Consultant,848943,East,Kolkata,Assam
CUST00058,Ekani Verma,Female,Doctor,339071,East,Bhubaneswar,Meghalaya
CUST00059,Naksh Halder,Male,Doctor,2555002,West,Pune,Sikkim
CUST00060,Omya Comar,Female,Teacher,1763849,South,Hyderabad,Rajasthan
CUST00061,Lavanya Mistry,Female,Lawyer,961638,North,Delhi,Tamil Nadu
CUST00062,Harrison Mangal,Female,Engineer,2626170,West,Pune,Karnataka
CUST00063,Maya Mani,Male,Teacher,1409250,East,Patna,Maharashtra
CUST00064,Qushi Basu,Male,Lawyer,1481771,North,Delhi,Tamil Nadu
CUST00065,Gaurav Lata,Female,Business,2960186,South,Hyderabad,Kerala
CUST00066,Gayathri Khatri,Female,Lawyer,513066,East,Patna,Punjab
CUST00067,Radhika Chander,Female,Lawyer,484913,North,Jaipur,Madhya Pradesh
CUST00068,Rohan Chanda,Male,Lawyer,977723,North,Chandigarh,Manipur
CUST00069,Gauri Sachdeva,Female,Engineer,769233,West,Pune,West Bengal
CUST00070,Bhavna Mohan,Male,Engineer,1848604,North,Jaipur,Jharkhand
CUST00071,Lekha Oak,Male,Engineer,1592929,South,Chennai,Meghalaya
CUST00072,Teerth Dube,Female,Business,1346603,East,Kolkata,Bihar
CUST00073,Vamakshi Bhalla,Female,Teacher,1292948,North,Chandigarh,Jharkhand
CUST00074,Jasmit Tella,Female,Engineer,1052293,South,Bangalore,Rajasthan
CUST00075,Ekaja Sunder,Male,Lawyer,967724,East,Bhubaneswar,Uttarakhand
CUST00076,Lakshmi Gill,Male,Accountant,1232954,North,Chandigarh,Haryana
CUST00077,Henry Kibe,Female,Lawyer,1254604,South,Chennai,Himachal Pradesh
CUST00078,Radhika Issac,Male,Consultant,1676830,South,Bangalore,Bihar
CUST00079,Devika Kashyap,Female,Student,2990569,East,Kolkata,Karnataka
CUST00080,Kamya Thaman,Female,Engineer,783778,West,Pune,Jharkhand
CUST00081,Matthew Saha,Female,Engineer,754673,East,Kolkata,Jharkhand
CUST00082,Tanmayi Som,Female,Consultant,2842624,West,Ahmedabad,Sikkim
CUST00083,Gayathri Ratti,Male,Lawyer,486170,North,Chandigarh,Meghalaya
CUST00084,Yahvi Narayan,Male,Student,2108992,West,Mumbai,Gujarat
CUST00085,Ansh Keer,Female,Student,822716,North,Jaipur,Madhya Pradesh
CUST00086,Wazir Prasad,Female,Consultant,1668110,East,Patna,West Bengal
CUST00087,Chaaya Kari,Female,Teacher,1104635,West,Pune,Haryana
CUST00088,Gaurang Bora,Female,Teacher,2881656,West,Pune,Telangana
CUST00089,Nitesh Chacko,Male,Lawyer,1503403,East,Bhubaneswar,Meghalaya
CUST00090,Mahika Memon,Female,Accountant,2152984,South,Chennai,Telangana
CUST00091,Matthew Rana,Male,Accountant,1011737,West,Pune,Arunachal Pradesh
CUST00092,Ronith Iyengar,Female,Doctor,1285110,North,Chandigarh,Himachal Pradesh
CUST00093,Bimala Grewal,Male,Teacher,402447,East,Kolkata,Uttar Pradesh
CUST00094,Devika Buch,Female,Doctor,2210153,North,Delhi,Andhra Pradesh
CUST00095,Anmol Krish,Male,Consultant,2373568,West,Pune,Andhra Pradesh
CUST00096,Gautam Sampath,Male,Engineer,747059,West,Mumbai,Telangana
CUST00097,George Dara,Male,Accountant,510631,West,Mumbai,Goa
CUST00098,Isaac Acharya,Female,Teacher,2248854,South,Bangalore,Rajasthan
CUST00099,Nisha Goel,Female,Accountant,967556,East,Bhubaneswar,Maharashtra
CUST00100,Tamanna Soni,Female,Business,2974545,West,Ahmedabad,Rajasthan
CUST00101,Baghyawati Chaudhry,Female,Business,1451745,East,Patna,Haryana
CUST00102,Hemal Balakrishnan,Female,Business,1439655,West,Mumbai,Maharashtra
CUST00103,Lipika Bhakta,Male,Teacher,932629,East,Bhubaneswar,Arunachal Pradesh
CUST00104,Divya Rana,Male,Business,569395,South,Chennai,Uttar Pradesh
CUST00105,Noah Raj,Female,Accountant,2043883,West,Ahmedabad,Haryana
CUST00106,Vanya Dugar,Female,Consultant,2749806,North,Delhi,Madhya Pradesh
CUST00107,Radhika Chandran,Female,Accountant,324729,North,Jaipur,Jharkhand
CUST00108,Rushil Zachariah,Female,Consultant,2557460,East,Bhubaneswar,Uttarakhand
CUST00109,Charita Dua,Male,Lawyer,2128028,South,Chennai,Bihar
CUST00110,Bhavna Kohli,Female,Student,1995827,West,Mumbai,Telangana
CUST00111,Nitara Mannan,Male,Engineer,1952640,South,Chennai,Nagaland
CUST00112,Chandani Gara,Female,Teacher,2236503,North,Delhi,Chhattisgarh
CUST00113,Bahadurjit Karnik,Female,Consultant,1673016,South,Bangalore,Meghalaya
CUST00114,Hredhaan Sarkar,Female,Student,1890170,South,Chennai,Punjab
CUST00115,Lucky Aggarwal,Female,Doctor,2272609,East,Bhubaneswar,Karnataka
CUST00116,Dalaja Kumar,Male,Student,1240455,North,Jaipur,Jharkhand
CUST00117,Xavier Mani,Male,Engineer,1337181,North,Jaipur,West Bengal
CUST00118,Gautami Deol,Male,Business,829409,South,Bangalore,Tamil Nadu
CUST00119,Radhika Kar,Male,Business,2250493,West,Pune,Assam
CUST00120,Saumya Mann,Male,Doctor,986883,East,Bhubaneswar,Bihar
CUST00121,Orinder Lalla,Male,Lawyer,2715066,East,Kolkata,Kerala
CUST00122,Yauvani Bandi,Male,Doctor,2783438,West,Ahmedabad,Rajasthan
CUST00123,Anirudh Desai,Female,Doctor,2673693,South,Bangalore,Himachal Pradesh
CUST00124,Nisha Sawhney,Female,Student,589225,North,Chandigarh,Tripura
CUST00125,Raghav Khanna,Female,Accountant,742662,East,Kolkata,Maharashtra
CUST00126,Tanmayi Mukherjee,Female,Teacher,2126565,West,Ahmedabad,Manipur
CUST00127,Amol Sidhu,Female,Accountant,2249821,South,Hyderabad,Sikkim
CUST00128,Aarnav Nori,Female,Student,1329681,West,Pune,Karnataka
CUST00129,Rachit Zacharia,Female,Business,2249128,North,Chandigarh,Sikkim
CUST00130,Zashil Hans,Male,Accountant,1663208,West,Ahmedabad,Punjab
CUST00131,Ronith Solanki,Male,Student,1383608,South,Chennai,Karnataka
CUST00132,Nimrat Modi,Female,Engineer,2466891,East,Bhubaneswar,Jharkhand
CUST00133,Frederick Chacko,Male,Consultant,2349244,South,Bangalore,Jharkhand
CUST00134,Devika Karpe,Female,Accountant,2179780,South,Hyderabad,Tripura
CUST00135,Barkha Dara,Female,Business,1996181,North,Delhi,Haryana
CUST00136,Yagnesh Dada,Female,Accountant,2621433,South,Chennai,Kerala
CUST00137,Warjas Sampath,Female,Student,2203145,East,Bhubaneswar,Uttar Pradesh
CUST00138,Hemangini Chandra,Female,Business,806067,East,Bhubaneswar,Himachal Pradesh
CUST00139,Upasna Salvi,Male,Teacher,1103381,South,Chennai,Punjab
CUST00140,Garima Guha,Female,Lawyer,2772906,South,Hyderabad,Tamil Nadu
CUST00141,Faris Sunder,Male,Lawyer,1254133,East,Kolkata,Bihar
CUST00142,Abha Sethi,Female,Engineer,2540324,East,Kolkata,Telangana
CUST00143,Ganga Ranganathan,Male,Engineer,2620955,South,Chennai,Himachal Pradesh
CUST00144,Ranveer Chauhan,Male,Accountant,730283,East,Patna,Tripura
CUST00145,Kai Madan,Female,Accountant,2307872,North,Jaipur,Odisha
CUST00146,Lohit Naidu,Male,Engineer,1358971,West,Ahmedabad,Karnataka
CUST00147,Zaitra Dass,Male,Consultant,2362534,West,Mumbai,Tripura
CUST00148,Bhanumati Gandhi,Male,Teacher,925780,North,Jaipur,Telangana
CUST00149,Baghyawati Bhagat,Male,Doctor,2640727,East,Kolkata,Manipur
CUST00150,Aradhana Pillay,Male,Consultant,2189594,West,Pune,Sikkim
CUST00151,Charvi Kapur,Female,Lawyer,2685004,West,Ahmedabad,Madhya Pradesh
CUST00152,Siya Shukla,Male,Business,2923600,North,Jaipur,Odisha
CUST00153,Rishi Kade,Male,Teacher,1306067,South,Chennai,Jharkhand
CUST00154,Amara Mukhopadhyay,Male,Teacher,311222,South,Hyderabad,Assam
CUST00155,Mohini Prashad,Female,Lawyer,436901,West,Ahmedabad,Tripura
CUST00156,Praneel Halder,Female,Accountant,598549,South,Chennai,Gujarat
CUST00157,Tarak Sarraf,Male,Consultant,781406,South,Chennai,Odisha
CUST00158,Netra Goyal,Male,Lawyer,896582,South,Hyderabad,Rajasthan
CUST00159,Jackson Yadav,Male,Lawyer,2795795,North,Delhi,Assam
CUST00160,Libni Pall,Male,Accountant,1575450,East,Bhubaneswar,Madhya Pradesh
CUST00161,Samaksh Sen,Female,Accountant,637397,West,Ahmedabad,Kerala
CUST00162,Aahana Nagi,Female,Lawyer,408485,North,Chandigarh,Telangana
CUST00163,Gayathri Deo,Male,Lawyer,2716955,North,Delhi,Punjab
CUST00164,Benjamin Rajagopalan,Female,Accountant,1466673,North,Delhi,Assam
CUST00165,Ayaan Chaudhry,Female,Accountant,682698,South,Hyderabad,Punjab
CUST00166,Lavanya Nagarajan,Female,Student,1646615,West,Ahmedabad,Rajasthan
CUST00167,Gayathri Samra,Female,Consultant,2378147,North,Delhi,Uttar Pradesh
CUST00168,Falan Peri,Female,Engineer,2207678,East,Patna,Arunachal Pradesh
CUST00169,Bhavya Sehgal,Female,Student,786210,North,Chandigarh,Bihar
CUST00170,Zilmil Gola,Male,Accountant,2033285,West,Pune,Odisha
CUST00171,Veer Murthy,Female,Accountant,2923154,North,Delhi,Gujarat
CUST00172,Leela Sem,Male,Lawyer,2603594,West,Mumbai,Tripura
CUST00173,Unnati Hora,Female,Accountant,809297,South,Chennai,Jharkhand
CUST00174,Dalaja Mohanty,Male,Teacher,1603380,North,Jaipur,Nagaland
CUST00175,Harini Karnik,Female,Doctor,1242462,North,Jaipur,Uttar Pradesh
CUST00176,Darpan Choudhury,Male,Teacher,2390338,North,Chandigarh,Tripura
CUST00177,Zaitra Bhagat,Female,Consultant,2323749,East,Patna,Himachal Pradesh
CUST00178,Neel Vyas,Female,Teacher,1908876,West,Mumbai,Himachal Pradesh
CUST00179,Madhavi Radhakrishnan,Male,Doctor,1458665,South,Hyderabad,Sikkim
CUST00180,Chandran Oak,Female,Engineer,1486312,West,Ahmedabad,Maharashtra
CUST00181,Vedika Sura,Female,Teacher,2172955,East,Patna,Odisha
CUST00182,Nakul Balay,Female,Consultant,2209853,West,Ahmedabad,Punjab
CUST00183,Faris Patla,Male,Consultant,1279631,East,Kolkata,Karnataka
CUST00184,Xiti Toor,Female,Accountant,1898999,West,Mumbai,Uttarakhand
CUST00185,Eiravati Kothari,Male,Accountant,455271,West,Pune,Sikkim
CUST00186,Jyoti Sangha,Female,Doctor,2146778,South,Hyderabad,Mizoram
CUST00187,Vedika Bhatia,Female,Engineer,904631,North,Jaipur,Telangana
CUST00188,Aarna Divan,Male,Doctor,2269186,West,Pune,Sikkim
CUST00189,Qadim Ahuja,Female,Doctor,1678103,East,Bhubaneswar,Nagaland
CUST00190,Rishi Chaudry,Female,Engineer,2889812,West,Ahmedabad,Punjab
CUST00191,Rehaan Salvi,Female,Business,679078,North,Delhi,Punjab
CUST00192,Pahal Ramanathan,Male,Accountant,997784,West,Mumbai,Haryana
CUST00193,Deepa Shukla,Male,Student,535381,East,Kolkata,Madhya Pradesh
CUST00194,Keya Handa,Female,Consultant,910563,East,Bhubaneswar,Jharkhand
CUST00195,Odika Mukherjee,Female,Teacher,1012963,South,Hyderabad,Uttarakhand
CUST00196,Upadhriti Dutta,Female,Business,2387367,South,Bangalore,Karnataka
CUST00197,Frederick Ganesh,Female,Lawyer,2227578,South,Bangalore,Uttarakhand
CUST00198,Shivansh Borde,Male,Accountant,1506414,East,Patna,Karnataka
CUST00199,Tristan Menon,Female,Student,2764454,South,Bangalore,West Bengal
CUST00200,Inaya Bala,Female,Lawyer,2216108,East,Patna,Assam
CUST00201,Lavanya Gole,Female,Accountant,747336,East,Kolkata,Punjab
CUST00202,Radha Chaudhary,Female,Lawyer,1538287,South,Chennai,Telangana
CUST00203,Unnati Chad,Female,Lawyer,333965,North,Jaipur,Rajasthan
CUST00204,Ekta Shan,Female,Lawyer,1265186,North,Jaipur,Tamil Nadu
CUST00205,Vasudha Dugar,Male,Lawyer,873693,East,Kolkata,Tripura
CUST00206,Rohan Dua,Male,Lawyer,2148946,North,Jaipur,Karnataka
CUST00207,Sachi Dayal,Female,Teacher,678046,North,Jaipur,Manipur
CUST00208,Reva Krishnamurthy,Female,Teacher,1142194,East,Bhubaneswar,Himachal Pradesh
CUST00209,Chanakya Goswami,Female,Lawyer,990149,South,Hyderabad,Punjab
CUST00210,Ekaraj Dey,Female,Student,783056,East,Bhubaneswar,Odisha
CUST00211,Ekantika Toor,Male,Business,1966864,West,Mumbai,Chhattisgarh
CUST00212,Ishanvi Khare,Female,Engineer,1409219,East,Kolkata,West Bengal
CUST00213,Pahal Kohli,Female,Lawyer,2751822,North,Chandigarh,Rajasthan
CUST00214,Yoshita Singh,Female,Doctor,1280720,West,Pune,Haryana
CUST00215,Charita Tata,Female,Business,565151,West,Mumbai,Kerala
CUST00216,Nisha Keer,Female,Consultant,789374,West,Pune,Karnataka
CUST00217,Anita Mani,Male,Lawyer,2366217,South,Bangalore,Odisha
CUST00218,Vedant Bhatti,Male,Teacher,1930098,North,Delhi,Madhya Pradesh
CUST00219,Zarna Naidu,Female,Teacher,2040151,West,Ahmedabad,Bihar
CUST00220,Ishwar Kalita,Female,Lawyer,437222,North,Chandigarh,Nagaland
CUST00221,Ronith Ram,Female,Accountant,1290328,East,Kolkata,Uttarakhand
CUST00222,Manan Pandit,Female,Student,553965,East,Kolkata,Uttar Pradesh
CUST00223,Jonathan D’Alia,Male,Doctor,2207222,West,Ahmedabad,Manipur
CUST00224,Ayaan Roy,Male,Engineer,512141,North,Jaipur,Gujarat
CUST00225,Urvi Ahluwalia,Male,Business,587771,East,Kolkata,Rajasthan
CUST00226,Maya Hari,Male,Business,1678078,South,Hyderabad,Andhra Pradesh
CUST00227,Dayamai Sharma,Male,Lawyer,906865,South,Hyderabad,Tamil Nadu
CUST00228,Ikshita Chowdhury,Female,Teacher,761064,South,Hyderabad,Andhra Pradesh
CUST00229,Naveen Sarin,Male,Student,1297957,North,Delhi,West Bengal
CUST00230,Sneha Panchal,Male,Lawyer,519777,East,Kolkata,Mizoram
CUST00231,Warhi Dubey,Female,Doctor,566581,South,Hyderabad,Uttar Pradesh
CUST00232,Xiti Goda,Female,Doctor,2195848,West,Ahmedabad,Madhya Pradesh
CUST00233,Xiti Nori,Male,Lawyer,2221169,South,Hyderabad,Kerala
CUST00234,Rachana Baral,Female,Consultant,2087921,North,Delhi,Chhattisgarh
CUST00235,Indali Raval,Female,Doctor,638859,North,Chandigarh,Telangana
CUST00236,Tarak Gola,Male,Doctor,829285,East,Patna,Maharashtra
CUST00237,Max Sarraf,Female,Consultant,2805643,East,Patna,Chhattisgarh
CUST00238,Gagan Hayre,Female,Doctor,779887,East,Bhubaneswar,Assam
CUST00239,Advika Mukherjee,Female,Business,2035659,South,Chennai,Assam
CUST00240,Baghyawati Saran,Female,Consultant,698818,East,Bhubaneswar,Haryana
CUST00241,Darpan Rajan,Female,Lawyer,1869932,East,Bhubaneswar,Assam
CUST00242,Deepa Chander,Female,Doctor,682624,South,Hyderabad,Tamil Nadu
CUST00243,Lakshit Varma,Female,Doctor,1862994,North,Delhi,Uttarakhand
CUST00244,Utkarsh Kamdar,Male,Student,812675,South,Hyderabad,Telangana
CUST00245,Mugdha Wable,Female,Engineer,1506405,West,Ahmedabad,Meghalaya
CUST00246,Hiral Choudhry,Male,Business,948985,East,Bhubaneswar,West Bengal
CUST00247,Logan Sahota,Male,Student,2633146,West,Mumbai,Manipur
CUST00248,Tanish Mahajan,Female,Business,2099827,East,Kolkata,Sikkim
CUST00249,Yashoda Toor,Female,Engineer,1056719,North,Jaipur,Andhra Pradesh
CUST00250,Yasti Merchant,Female,Student,1772298,East,Patna,Gujarat
CUST00251,Umang Pathak,Male,Consultant,591862,North,Delhi,Uttar Pradesh
CUST00252,Gaurang Madan,Male,Doctor,2525005,South,Hyderabad,Manipur
CUST00253,Qarin Ramakrishnan,Female,Accountant,1729821,South,Chennai,Telangana
CUST00254,Ethan Gill,Female,Student,2680659,South,Chennai,West Bengal
CUST00255,Wriddhish Dar,Male,Teacher,2891401,North,Delhi,Tripura
CUST00256,Hemang Pathak,Male,Lawyer,2158550,North,Jaipur,Arunachal Pradesh
CUST00257,Ekani Prashad,Female,Consultant,1445744,West,Ahmedabad,Arunachal Pradesh
CUST00258,Elijah Kapoor,Male,Student,2103188,South,Hyderabad,Assam
CUST00259,Ishita Setty,Female,Lawyer,490494,North,Chandigarh,Karnataka
CUST00260,Charvi Kade,Male,Engineer,1157412,South,Chennai,Manipur
CUST00261,Ekalinga Gandhi,Male,Lawyer,1514029,East,Kolkata,Manipur
CUST00262,Arunima Chander,Male,Accountant,2106298,East,Kolkata,Goa
CUST00263,Chameli Soman,Female,Business,2398252,South,Bangalore,Chhattisgarh
CUST00264,Manthan Bhasin,Female,Engineer,2129637,East,Kolkata,Meghalaya
CUST00265,Urvashi Malhotra,Male,Student,2714908,North,Chandigarh,Meghalaya
CUST00266,Warhi Ranganathan,Female,Consultant,1514314,West,Pune,Himachal Pradesh
CUST00267,Hema Joshi,Male,Student,1020888,North,Chandigarh,Goa
CUST00268,Madhav Kaul,Female,Doctor,2131701,West,Pune,Odisha
CUST00269,Zilmil Dhar,Female,Consultant,2497658,North,Delhi,Haryana
CUST00270,Veda Shetty,Female,Student,1229340,North,Chandigarh,West Bengal
CUST00271,Jalsa Parsa,Male,Doctor,2525517,East,Kolkata,Bihar
CUST00272,Yagnesh Vasa,Female,Teacher,1290983,South,Chennai,West Bengal
CUST00273,Devika Saraf,Female,Business,1027707,North,Delhi,Goa
CUST00274,Aarnav Choudhary,Male,Teacher,2933808,South,Hyderabad,Nagaland
CUST00275,Mekhala Aggarwal,Female,Student,2930740,West,Ahmedabad,Chhattisgarh
CUST00276,Anamika Srinivasan,Female,Doctor,2266797,East,Kolkata,Haryana
CUST00277,Ishanvi Loyal,Female,Lawyer,2780594,West,Pune,Tripura
CUST00278,Gopal Bansal,Male,Lawyer,2236688,North,Chandigarh,Maharashtra
CUST00279,Ryan Vig,Male,Student,1504088,West,Mumbai,Maharashtra
CUST00280,Advay Talwar,Male,Consultant,2240753,North,Jaipur,Madhya Pradesh
CUST00281,Eshana Dasgupta,Male,Student,2837578,North,Chandigarh,Karnataka
CUST00282,Rohan Kar,Male,Engineer,2189630,West,Pune,Odisha
CUST00283,Radha Seshadri,Male,Teacher,464173,North,Chandigarh,Uttarakhand
CUST00284,Tarak Sahni,Female,Accountant,2498102,South,Hyderabad,Meghalaya
CUST00285,Ati Karnik,Female,Lawyer,1924942,South,Chennai,Meghalaya
CUST00286,Dayamai Patla,Male,Student,576454,West,Ahmedabad,Gujarat
CUST00287,Ronith Gole,Female,Lawyer,1356946,East,Kolkata,Meghalaya
CUST00288,Chakradhar Srinivas,Male,Teacher,1767254,South,Chennai,Assam
CUST00289,Geetika Chauhan,Female,Teacher,2795783,East,Patna,Arunachal Pradesh
CUST00290,Hitesh Balasubramanian,Female,Student,836005,North,Chandigarh,Kerala
CUST00291,Hardik Mahal,Female,Student,376464,North,Jaipur,Uttar Pradesh
CUST00292,Warda Ganguly,Male,Business,1733329,East,Bhubaneswar,Jharkhand
CUST00293,Ekapad Pillay,Male,Teacher,949887,West,Mumbai,Tamil Nadu
CUST00294,Mitali Ganguly,Male,Engineer,1712492,North,Chandigarh,Chhattisgarh
CUST00295,Advik Atwal,Female,Teacher,980514,South,Hyderabad,Nagaland
CUST00296,Ayushman Butala,Male,Accountant,483259,South,Hyderabad,Punjab
CUST00297,Udyati Mane,Male,Accountant,2861022,West,Ahmedabad,Kerala
CUST00298,Rachana Sahni,Female,Business,2539805,East,Patna,Kerala
CUST00299,Elijah Varma,Female,Business,1842836,South,Chennai,Maharashtra
CUST00300,Pallavi Chadha,Female,Consultant,2409343,West,Ahmedabad,Odisha
CUST00301,Devansh Peri,Male,Teacher,1348589,West,Mumbai,Goa
CUST00302,Eshana Hayer,Female,Student,2625912,North,Jaipur,Haryana
CUST00303,Amaira Agrawal,Male,Lawyer,651797,North,Jaipur,Jharkhand
CUST00304,Abeer Jani,Female,Teacher,2134892,South,Chennai,Punjab
CUST00305,Yochana Wali,Female,Student,411862,North,Delhi,Bihar
CUST00306,Aarini Varty,Female,Student,1288924,West,Mumbai,Himachal Pradesh
CUST00307,Ishaan Banik,Female,Business,418227,West,Mumbai,Andhra Pradesh
CUST00308,Chatresh Uppal,Female,Teacher,877134,East,Kolkata,Odisha
CUST00309,Faris Barad,Female,Teacher,2267590,North,Chandigarh,Jharkhand
CUST00310,Vivaan Swamy,Male,Doctor,379708,West,Pune,Meghalaya
CUST00311,Samuel Srinivasan,Male,Consultant,766351,East,Kolkata,Bihar
CUST00312,Inaya Pandey,Female,Doctor,500275,East,Kolkata,Punjab
CUST00313,Priya Rattan,Female,Doctor,764971,South,Chennai,Goa
CUST00314,Chatura Suresh,Male,Business,902204,West,Pune,Punjab
CUST00315,Isaac Andra,Male,Student,1308999,East,Bhubaneswar,Andhra Pradesh
CUST00316,Radhika Bhasin,Male,Student,583867,West,Mumbai,Andhra Pradesh
CUST00317,Anay Kala,Female,Engineer,2966196,North,Chandigarh,Odisha
CUST00318,Hema D’Alia,Female,Engineer,1797760,West,Ahmedabad,Assam
CUST00319,Jacob Kaul,Male,Doctor,2740679,North,Chandigarh,Kerala
CUST00320,Nicholas Mahajan,Male,Student,2590147,East,Kolkata,Kerala
CUST00321,Ekalinga Nazareth,Male,Accountant,2307105,East,Patna,Assam
CUST00322,Siya Dayal,Male,Accountant,455121,South,Bangalore,Uttar Pradesh
CUST00323,Charan Choudhury,Male,Business,475766,East,Kolkata,Haryana
CUST00324,Champak Halder,Female,Accountant,1362474,East,Bhubaneswar,Manipur
CUST00325,Neelima Dora,Male,Lawyer,1797258,North,Jaipur,Manipur
CUST00326,Balvan Balan,Female,Lawyer,822086,North,Jaipur,Telangana
CUST00327,Chakradev Bhargava,Female,Accountant,1921705,East,Bhubaneswar,Tripura
CUST00328,Dayita Bahri,Female,Accountant,1840764,East,Kolkata,Gujarat
CUST00329,Gunbir Chaudhari,Female,Doctor,2106097,East,Kolkata,Andhra Pradesh
CUST00330,Krishna Reddy,Female,Student,730326,South,Hyderabad,Telangana
CUST00331,Falan Sehgal,Female,Lawyer,2170306,North,Chandigarh,Maharashtra
CUST00332,Darpan Kapadia,Female,Student,2175397,West,Mumbai,Kerala
CUST00333,Frado Ravel,Female,Consultant,1451568,North,Jaipur,Andhra Pradesh
CUST00334,Anusha Ganguly,Female,Student,2452038,North,Delhi,West Bengal
CUST00335,Manthan Mahal,Male,Accountant,445957,South,Bangalore,Chhattisgarh
CUST00336,Vedika Mandal,Male,Student,1818969,South,Bangalore,Karnataka
CUST00337,Balveer Zacharia,Male,Teacher,2187112,West,Pune,Chhattisgarh
CUST00338,Ekiya Viswanathan,Female,Doctor,2707202,East,Bhubaneswar,Gujarat
CUST00339,Veda Butala,Female,Consultant,1618628,South,Hyderabad,Mizoram
CUST00340,Mahika Chanda,Male,Engineer,1080342,East,Kolkata,Nagaland
CUST00341,Reyansh Karan,Female,Doctor,1397970,West,Pune,Uttarakhand
CUST00342,Hardik Kumer,Female,Business,2866398,East,Patna,Haryana
CUST00343,Widisha Chad,Female,Business,814378,East,Patna,Haryana
CUST00344,Libni Kalla,Female,Teacher,2166931,South,Bangalore,Karnataka
CUST00345,Fitan Nadkarni,Female,Student,572374,North,Jaipur,Odisha
CUST00346,Dalaja Lata,Male,Teacher,1816208,East,Bhubaneswar,Sikkim
CUST00347,Daksha Sandhu,Male,Teacher,1292943,South,Bangalore,Tamil Nadu
CUST00348,Sathvik Bala,Female,Student,2260442,West,Mumbai,Manipur
CUST00349,Hredhaan Jain,Male,Doctor,1597259,South,Hyderabad,Bihar
CUST00350,Elijah Bassi,Female,Consultant,2017288,West,Pune,Uttarakhand
CUST00351,Simon Banik,Female,Doctor,2187329,North,Delhi,Andhra Pradesh
CUST00352,Vyanjana Mangal,Female,Teacher,2612334,West,Pune,Sikkim
CUST00353,Zilmil Nayak,Female,Engineer,820769,South,Bangalore,Jharkhand
CUST00354,Sachi Bala,Male,Teacher,1653337,South,Chennai,Karnataka
CUST00355,Veda Malhotra,Female,Doctor,1351114,South,Chennai,Meghalaya
CUST00356,Xalak Jain,Female,Teacher,2921533,South,Hyderabad,Odisha
CUST00357,Mohammed Balakrishnan,Male,Teacher,2782224,East,Patna,Assam
CUST00358,Vasudha Borde,Female,Engineer,419007,South,Bangalore,Tripura
CUST00359,Kevin Goel,Female,Business,2699717,North,Delhi,Madhya Pradesh
CUST00360,Aarav Mukherjee,Male,Accountant,2930516,West,Pune,Chhattisgarh
CUST00361,Guneet Prashad,Female,Accountant,1327092,East,Patna,Arunachal Pradesh
CUST00362,Girik Rout,Female,Doctor,551293,West,Ahmedabad,Uttarakhand
CUST00363,Vritti Gaba,Female,Accountant,2248011,South,Chennai,Gujarat
CUST00364,Liam Krish,Male,Student,1639310,South,Chennai,Himachal Pradesh
CUST00365,Jhalak Sharaf,Male,Student,2459983,East,Bhubaneswar,Telangana
CUST00366,Vyanjana Dugar,Male,Accountant,813894,North,Chandigarh,Nagaland
CUST00367,Dipta Sampath,Male,Teacher,706057,East,Bhubaneswar,Tamil Nadu
CUST00368,Praneel Dhar,Female,Consultant,1341321,North,Chandigarh,Goa
CUST00369,Frado Narayan,Female,Business,968330,South,Chennai,Telangana
CUST00370,Jeevika Oommen,Female,Accountant,1594112,West,Pune,Maharashtra
CUST00371,Ikbal Ganesh,Male,Consultant,2419987,West,Mumbai,Bihar
CUST00372,Atharv Bhattacharyya,Male,Student,504087,West,Mumbai,Chhattisgarh
CUST00373,Chaaya Golla,Female,Accountant,1498515,North,Chandigarh,Arunachal Pradesh
CUST00374,Isaac Bajaj,Female,Teacher,1409279,North,Delhi,Madhya Pradesh
CUST00375,Falan Mohan,Female,Engineer,1980161,East,Bhubaneswar,Uttar Pradesh
CUST00376,Manthan Dhingra,Male,Student,2620385,North,Jaipur,Nagaland
CUST00377,Urvashi Sawhney,Female,Accountant,2606267,East,Kolkata,Goa
CUST00378,Yatan Chowdhury,Male,Teacher,705511,East,Patna,Odisha
CUST00379,Vamakshi Kala,Female,Student,905101,West,Ahmedabad,Nagaland
CUST00380,Kavya Walia,Female,Engineer,490016,South,Hyderabad,Mizoram
CUST00381,Urvi Agarwal,Female,Accountant,2478239,North,Delhi,Madhya Pradesh
CUST00382,Nidhi Dar,Male,Student,2871394,West,Mumbai,Uttar Pradesh
CUST00383,Jagvi Trivedi,Female,Lawyer,2790261,East,Kolkata,Kerala
CUST00384,Michael Bhalla,Female,Lawyer,2291843,East,Patna,Himachal Pradesh
CUST00385,Vaishnavi Gade,Female,Doctor,2047096,North,Chandigarh,Maharashtra
CUST00386,Forum Bose,Male,Accountant,1413715,East,Patna,Tripura
CUST00387,Sara Bhandari,Male,Accountant,1015179,South,Hyderabad,Uttar Pradesh
CUST00388,Indrajit Khosla,Male,Engineer,2701533,West,Mumbai,Maharashtra
CUST00389,Anjali Dave,Male,Accountant,1615721,North,Delhi,Arunachal Pradesh
CUST00390,George Mital,Female,Business,2021247,West,Mumbai,Uttar Pradesh
CUST00391,Warda Gokhale,Male,Teacher,2475515,West,Pune,Meghalaya
CUST00392,Advay Krishna,Female,Accountant,2504010,South,Hyderabad,Bihar
CUST00393,Gabriel Agate,Male,Accountant,2536096,West,Ahmedabad,Telangana
CUST00394,Saksham Golla,Female,Lawyer,2858846,East,Patna,Odisha
CUST00395,Jasmit Chaudhuri,Male,Lawyer,2640785,West,Mumbai,Odisha
CUST00396,Nathaniel Subramanian,Female,Lawyer,1169386,East,Kolkata,Uttarakhand
CUST00397,Brinda Venkataraman,Female,Student,2650855,West,Ahmedabad,Tamil Nadu
CUST00398,Neha Arora,Male,Consultant,1954789,East,Bhubaneswar,Arunachal Pradesh
CUST00399,Vivaan Agrawal,Female,Engineer,1506409,East,Kolkata,Uttar Pradesh
CUST00400,Wriddhish Lad,Female,Lawyer,2309404,North,Chandigarh,Odisha
CUST00401,Anjali Doctor,Female,Lawyer,875764,South,Bangalore,Mizoram
CUST00402,Jyoti Dar,Male,Business,512925,North,Jaipur,Maharashtra
CUST00403,Chatura Dani,Male,Engineer,720260,South,Hyderabad,Karnataka
CUST00404,Mitali Anne,Female,Doctor,876578,West,Ahmedabad,Gujarat
CUST00405,Panini Chaudry,Male,Consultant,2295228,North,Jaipur,Andhra Pradesh
CUST00406,Tarak Savant,Male,Lawyer,1647074,West,Pune,Gujarat
CUST00407,Upma Hayer,Male,Doctor,2708089,East,Patna,Tripura
CUST00408,Benjamin Narain,Male,Teacher,2052736,South,Hyderabad,Gujarat
CUST00409,Urvashi Pathak,Female,Accountant,1081447,South,Bangalore,Goa
CUST00410,Udyati Aurora,Male,Lawyer,2682204,East,Kolkata,Uttar Pradesh
CUST00411,Logan Kulkarni,Female,Accountant,2989859,North,Chandigarh,Uttar Pradesh
CUST00412,Bakhshi Wali,Female,Lawyer,1108709,West,Mumbai,Assam
CUST00413,Reva Kaul,Male,Accountant,1379047,North,Chandigarh,Himachal Pradesh
CUST00414,Maya Kumer,Female,Lawyer,2681447,South,Bangalore,Rajasthan
CUST00415,Dhriti Srivastava,Female,Consultant,2461243,South,Bangalore,Uttar Pradesh
CUST00416,Faris Sankar,Female,Doctor,1075028,East,Kolkata,Assam
CUST00417,Ijaya Garg,Female,Business,328647,South,Chennai,Haryana
CUST00418,Umang Baria,Male,Accountant,1419855,East,Bhubaneswar,Madhya Pradesh
CUST00419,Rayaan Mutti,Male,Lawyer,1808070,East,Bhubaneswar,Bihar
CUST00420,Jacob Cheema,Male,Accountant,1586839,South,Bangalore,Jharkhand
CUST00421,Ekta Saini,Female,Doctor,2978949,South,Chennai,Manipur
CUST00422,Upasna Pradhan,Male,Business,860228,East,Bhubaneswar,Manipur
CUST00423,Aarna Garde,Female,Student,2044182,West,Mumbai,Assam
CUST00424,Aadi Kalita,Male,Business,2799026,West,Pune,Tripura
CUST00425,Henry Ganesh,Female,Student,627586,North,Jaipur,Chhattisgarh
CUST00426,Darsh Naidu,Male,Teacher,990118,North,Delhi,Arunachal Pradesh
CUST00427,Chandran Chanda,Female,Doctor,1161516,East,Patna,Bihar
CUST00428,Reyansh Chadha,Female,Engineer,2201832,West,Mumbai,Odisha
CUST00429,Pranav Konda,Female,Accountant,2665214,South,Hyderabad,Rajasthan
CUST00430,Vincent Kakar,Female,Lawyer,391311,North,Jaipur,Punjab
CUST00431,Tejas Mital,Male,Business,2725613,West,Ahmedabad,Rajasthan
CUST00432,Hiral Sengupta,Female,Student,567428,North,Delhi,Punjab
CUST00433,Bishakha Nori,Female,Engineer,1504145,North,Delhi,Assam
CUST00434,Vivaan Shenoy,Male,Consultant,1870602,West,Mumbai,West Bengal
CUST00435,Frado Hegde,Female,Consultant,636592,West,Ahmedabad,Telangana
CUST00436,Advika Balan,Female,Doctor,1048572,South,Hyderabad,Mizoram
CUST00437,Sanya Tara,Male,Business,314568,West,Pune,Assam
CUST00438,Yug Kamdar,Female,Consultant,2531091,North,Chandigarh,West Bengal
CUST00439,Balveer Sharma,Male,Accountant,1751899,West,Mumbai,Himachal Pradesh
CUST00440,Ucchal Bansal,Male,Doctor,435129,South,Chennai,Uttar Pradesh
CUST00441,Balhaar Varkey,Male,Business,1164368,West,Pune,Uttar Pradesh
CUST00442,David Buch,Male,Accountant,2807291,North,Delhi,Haryana
CUST00443,Chanchal Bal,Male,Consultant,2141143,North,Delhi,Nagaland
CUST00444,Mohini Balay,Male,Engineer,887771,South,Hyderabad,Rajasthan
CUST00445,Dalaja Kala,Female,Student,1293647,East,Kolkata,Andhra Pradesh
CUST00446,Jyoti Swamy,Male,Consultant,1560392,East,Kolkata,Rajasthan
CUST00447,Jagrati Gopal,Male,Consultant,2631406,East,Kolkata,Himachal Pradesh
CUST00448,Ati Manne,Female,Consultant,2499757,West,Mumbai,Rajasthan
CUST00449,Alka Mane,Female,Consultant,925864,East,Patna,Odisha
CUST00450,Henry Tella,Male,Accountant,1310693,East,Bhubaneswar,Rajasthan
CUST00451,Tanish Dewan,Male,Accountant,541692,South,Chennai,Goa
CUST00452,Lila Kota,Male,Consultant,1318622,West,Ahmedabad,Jharkhand
CUST00453,Darika Kant,Female,Doctor,2186542,East,Kolkata,Uttar Pradesh
CUST00454,Girik Randhawa,Male,Engineer,1426009,East,Kolkata,Karnataka
CUST00455,Abdul Seshadri,Male,Doctor,1089214,West,Pune,Haryana
CUST00456,Ishanvi Sahota,Male,Student,1571662,South,Chennai,Uttarakhand
CUST00457,Kala Kannan,Male,Doctor,2308739,North,Delhi,Punjab
CUST00458,Fariq Chanda,Male,Consultant,1303826,South,Hyderabad,Odisha
CUST00459,Saumya Narayanan,Female,Accountant,2538290,East,Bhubaneswar,Nagaland
CUST00460,Nikita Oza,Female,Student,2450908,East,Bhubaneswar,Meghalaya
CUST00461,Upkaar Bandi,Male,Accountant,1643155,West,Ahmedabad,Mizoram
CUST00462,Tristan Sheth,Female,Consultant,491744,South,Chennai,West Bengal
CUST00463,Guneet Sama,Male,Engineer,1393765,South,Hyderabad,Madhya Pradesh
CUST00464,Kiaan Badami,Male,Business,1683555,West,Ahmedabad,Manipur
CUST00465,Qadim Biswas,Male,Accountant,2609562,South,Chennai,Punjab
CUST00466,Azaan Gulati,Female,Accountant,2232856,East,Bhubaneswar,Karnataka
CUST00467,Indira Varty,Female,Teacher,887028,South,Hyderabad,Bihar
CUST00468,Chanakya Tank,Male,Engineer,611764,West,Mumbai,Maharashtra
CUST00469,Damyanti Chada,Female,Teacher,2945354,North,Delhi,Mizoram
CUST00470,Harinakshi Anne,Male,Engineer,1217376,South,Bangalore,Uttarakhand
CUST00471,Baljiwan Divan,Male,Accountant,2346209,West,Ahmedabad,Punjab
CUST00472,Yochana Sahni,Female,Engineer,370154,North,Delhi,Nagaland
CUST00473,Oviya Wali,Female,Engineer,2406446,East,Patna,Haryana
CUST00474,Laksh Walia,Male,Doctor,2499431,West,Mumbai,Telangana
CUST00475,Damini Parmar,Male,Lawyer,1786633,South,Bangalore,Telangana
CUST00476,Lohit Nigam,Male,Student,2003002,East,Bhubaneswar,Jharkhand
CUST00477,Aarav Nazareth,Male,Business,1558184,West,Pune,Goa
CUST00478,Finn Mann,Male,Doctor,1999860,North,Jaipur,Manipur
CUST00479,Hredhaan Sunder,Female,Engineer,2970715,West,Ahmedabad,Punjab
CUST00480,Timothy Jain,Male,Doctor,2396558,North,Jaipur,Haryana
CUST00481,Chandresh Sheth,Female,Doctor,2515260,West,Pune,Kerala
CUST00482,Utkarsh Dani,Male,Accountant,1437055,North,Delhi,Nagaland
CUST00483,Jackson Kapoor,Female,Engineer,1052267,North,Delhi,Haryana
CUST00484,Tanveer Devan,Male,Teacher,1970574,East,Kolkata,Uttar Pradesh
CUST00485,Qadim Sundaram,Male,Business,2676894,North,Chandigarh,West Bengal
CUST00486,Bhanumati Sarma,Female,Consultant,886995,West,Pune,Sikkim
CUST00487,Ikbal Pingle,Female,Engineer,709723,North,Jaipur,Punjab
CUST00488,Gaurangi Sidhu,Male,Student,2838261,West,Mumbai,Punjab
CUST00489,Chavvi Modi,Male,Lawyer,2189744,West,Ahmedabad,Jharkhand
CUST00490,Barkha Sood,Female,Consultant,2111301,West,Mumbai,Nagaland
CUST00491,Daksha Baral,Female,Doctor,2894663,South,Hyderabad,Gujarat
CUST00492,Chakrika Bhalla,Male,Doctor,1423956,East,Kolkata,Jharkhand
CUST00493,Wakeeta Tank,Male,Consultant,1628244,South,Chennai,Karnataka
CUST00494,Aarush Pillay,Male,Engineer,1592967,East,Kolkata,Bihar
CUST00495,Ethan Parmer,Female,Doctor,855774,West,Ahmedabad,Uttarakhand
CUST00496,Elijah Vohra,Female,Accountant,2636164,North,Delhi,Manipur
CUST00497,Advay Ghosh,Male,Doctor,1784424,West,Mumbai,Tripura
CUST00498,Rohan Kapoor,Female,Consultant,351760,North,Jaipur,Arunachal Pradesh
CUST00499,Jagdish Upadhyay,Female,Doctor,2646866,East,Bhubaneswar,Tripura
CUST00500,Kai Ramaswamy,Male,Consultant,1010941,South,Hyderabad,Rajasthan
CUST00501,Ladli Chatterjee,Female,Lawyer,2368311,South,Chennai,Rajasthan
CUST00502,Bishakha Chaudhary,Male,Consultant,1457467,South,Bangalore,Mizoram
CUST00503,Samuel Vyas,Female,Doctor,1814667,West,Ahmedabad,Haryana
CUST00504,Eesha Basu,Female,Business,2220410,East,Kolkata,Rajasthan
CUST00505,Nidra Bhardwaj,Female,Engineer,1959652,North,Delhi,West Bengal
CUST00506,Megha Maharaj,Female,Student,2146428,East,Patna,Assam
CUST00507,Ayaan Borde,Male,Lawyer,1644967,East,Bhubaneswar,Gujarat
CUST00508,Deepa Sridhar,Female,Teacher,1970337,South,Chennai,Himachal Pradesh
CUST00509,Tamanna Nori,Female,Business,1666865,East,Bhubaneswar,Jharkhand
CUST00510,Ishwar Vala,Female,Student,777680,West,Ahmedabad,Telangana
CUST00511,Nicholas Rastogi,Male,Engineer,2236183,South,Hyderabad,Haryana
CUST00512,Warda Aggarwal,Female,Doctor,2016064,South,Chennai,Assam
CUST00513,Advaith Pradhan,Female,Business,1359823,West,Mumbai,Tripura
CUST00514,Dominic Andra,Female,Consultant,610232,South,Hyderabad,Jharkhand
CUST00515,Lila Kunda,Female,Consultant,2541299,West,Pune,Punjab
CUST00516,Garima Pall,Male,Student,2551946,West,Pune,Tamil Nadu
CUST00517,Chaitaly Bir,Male,Student,997674,North,Delhi,Himachal Pradesh
CUST00518,Ubika Virk,Female,Student,2105461,North,Jaipur,Himachal Pradesh
CUST00519,Warda Dayal,Male,Lawyer,1231140,North,Delhi,West Bengal
CUST00520,Rayaan Bail,Female,Consultant,2242227,South,Chennai,Goa
CUST00521,Vasudha Lall,Male,Accountant,738511,South,Chennai,Uttarakhand
CUST00522,Warhi Sharaf,Male,Doctor,894228,East,Bhubaneswar,Rajasthan
CUST00523,Nikita Parekh,Female,Accountant,1167664,East,Bhubaneswar,Bihar
CUST00524,Yashasvi Lanka,Female,Doctor,2137801,West,Ahmedabad,Sikkim
CUST00525,Umang Munshi,Male,Lawyer,487414,West,Ahmedabad,Goa
CUST00526,Abdul Salvi,Female,Doctor,989351,North,Delhi,Manipur
CUST00527,Shivansh Sarraf,Male,Teacher,1688271,South,Hyderabad,Assam
CUST00528,Vrinda Naik,Male,Consultant,2941406,West,Ahmedabad,Tamil Nadu
CUST00529,Hitesh Nazareth,Female,Consultant,422441,South,Bangalore,Maharashtra
CUST00530,Kevin Saha,Female,Consultant,318664,South,Chennai,Tamil Nadu
CUST00531,Jacob Chowdhury,Female,Doctor,2721572,South,Bangalore,Uttar Pradesh
CUST00532,Pavani Sekhon,Male,Student,1667279,North,Jaipur,Manipur
CUST00533,Jagrati Rama,Male,Lawyer,2353044,South,Chennai,Jharkhand
CUST00534,Simon Tiwari,Female,Consultant,2762076,East,Patna,Mizoram
CUST00535,Dakshesh Thakkar,Female,Accountant,2889406,North,Chandigarh,Bihar
CUST00536,Idika Mane,Female,Doctor,861817,South,Hyderabad,Gujarat
CUST00537,Dalaja Saini,Male,Lawyer,790519,East,Kolkata,Manipur
CUST00538,Dipta Edwin,Male,Consultant,2054221,South,Chennai,Kerala
CUST00539,Upasna Bhakta,Female,Consultant,1079107,South,Hyderabad,Sikkim
CUST00540,Fitan Bail,Male,Teacher,2353707,West,Pune,Mizoram
CUST00541,Madhav Karan,Male,Student,2191635,East,Kolkata,Maharashtra
CUST00542,Bhavani Sinha,Male,Accountant,872668,North,Chandigarh,Uttarakhand
CUST00543,Daksha Bakshi,Female,Consultant,2362447,South,Chennai,West Bengal
CUST00544,Faqid Setty,Female,Accountant,1001511,West,Pune,Uttar Pradesh
CUST00545,Shivani Srinivas,Male,Business,1525113,North,Jaipur,Meghalaya
CUST00546,Anya Atwal,Male,Lawyer,1005519,North,Chandigarh,Goa
CUST00547,Veda Srinivasan,Female,Doctor,2702136,West,Pune,Manipur
CUST00548,Harita Bajaj,Female,Engineer,2151225,North,Chandigarh,Uttar Pradesh
CUST00549,Gaurang Dara,Male,Business,1548681,South,Chennai,Meghalaya
CUST00550,Alka Sharma,Female,Student,664833,North,Chandigarh,West Bengal
CUST00551,Liam Aurora,Male,Business,2765931,West,Mumbai,Sikkim
CUST00552,Elijah Tripathi,Female,Teacher,2884325,East,Patna,Tamil Nadu
CUST00553,Panini Natt,Male,Engineer,2691065,South,Bangalore,Andhra Pradesh
CUST00554,Lopa Sem,Female,Teacher,1657501,East,Patna,Chhattisgarh
CUST00555,Aarav Banerjee,Female,Doctor,868701,East,Bhubaneswar,Meghalaya
CUST00556,Veer Sabharwal,Female,Teacher,856545,West,Mumbai,Sikkim
CUST00557,Yauvani Bhatti,Female,Business,1947106,South,Bangalore,Chhattisgarh
CUST00558,Manya Lalla,Female,Consultant,1873586,West,Mumbai,Rajasthan
CUST00559,Chaman Radhakrishnan,Male,Consultant,2462639,West,Mumbai,Andhra Pradesh
CUST00560,Teerth Barad,Female,Accountant,2347006,East,Patna,Mizoram
CUST00561,Darsh Dutt,Male,Doctor,2222875,East,Patna,Himachal Pradesh
CUST00562,Nicholas Tara,Female,Business,2102053,East,Kolkata,Jharkhand
CUST00563,Udarsh Taneja,Female,Student,1489475,South,Chennai,Madhya Pradesh
CUST00564,Gabriel Deshmukh,Male,Accountant,1741748,East,Patna,Andhra Pradesh
CUST00565,Prisha Dayal,Male,Accountant,368288,North,Delhi,Jharkhand
CUST00566,Geetika Banik,Female,Accountant,302835,North,Delhi,Manipur
CUST00567,Vanya Ravi,Male,Lawyer,966799,West,Mumbai,Punjab
CUST00568,Krisha Dhar,Female,Lawyer,645696,East,Kolkata,Kerala
CUST00569,Sai Tiwari,Male,Engineer,1962377,East,Patna,Himachal Pradesh
CUST00570,Amruta Bhatia,Male,Consultant,682517,East,Patna,Haryana
CUST00571,Vaishnavi Varghese,Male,Accountant,626898,North,Delhi,Andhra Pradesh
CUST00572,Urishilla Chandra,Male,Accountant,338952,South,Hyderabad,Arunachal Pradesh
CUST00573,Ishwar Krishnan,Female,Doctor,2071313,North,Jaipur,Meghalaya
CUST00574,Pavani Kuruvilla,Male,Business,1906711,South,Chennai,Punjab
CUST00575,Madhav Subramaniam,Male,Doctor,1614291,North,Jaipur,Himachal Pradesh
CUST00576,Lajita Bava,Male,Consultant,858455,East,Bhubaneswar,Kerala
CUST00577,Avni Saxena,Male,Teacher,2145910,South,Bangalore,Jharkhand
CUST00578,Agastya Grewal,Male,Teacher,2026836,East,Patna,Maharashtra
CUST00579,Bhavani Deol,Male,Doctor,887257,West,Mumbai,Uttarakhand
CUST00580,Udarsh Soman,Female,Student,2100986,North,Jaipur,Tripura
CUST00581,Bhanumati Guha,Male,Lawyer,653364,East,Kolkata,Maharashtra
CUST00582,Neha Mahal,Female,Engineer,1565209,South,Hyderabad,Rajasthan
CUST00583,Gunbir Sekhon,Male,Consultant,1539593,South,Hyderabad,Himachal Pradesh
CUST00584,Bhavika Dugal,Female,Consultant,772881,North,Delhi,Maharashtra
CUST00585,Vedhika Sampath,Male,Engineer,1814555,South,Chennai,Nagaland
CUST00586,Aarna Sidhu,Female,Consultant,1832650,East,Kolkata,Sikkim
CUST00587,Gaurika Reddy,Male,Engineer,2763581,South,Chennai,Punjab
CUST00588,Urishilla Tailor,Female,Business,467045,North,Delhi,Uttar Pradesh
CUST00589,Aarav Chahal,Female,Consultant,2076603,North,Chandigarh,Assam
CUST00590,Gauri Bandi,Male,Lawyer,650631,West,Mumbai,Punjab
CUST00591,Ekansh Bhavsar,Male,Teacher,2549783,East,Kolkata,Andhra Pradesh
CUST00592,Nikita Kakar,Male,Lawyer,2134949,East,Bhubaneswar,Madhya Pradesh
CUST00593,Lohit Mani,Male,Doctor,2122356,South,Bangalore,Manipur
CUST00594,Ucchal Palla,Male,Lawyer,1036712,North,Chandigarh,Mizoram
CUST00595,Jagvi Borah,Male,Engineer,987163,North,Delhi,Nagaland
CUST00596,Fariq Badal,Female,Teacher,1859733,West,Ahmedabad,Uttar Pradesh
CUST00597,Damyanti Nagi,Female,Doctor,423129,South,Hyderabad,Sikkim
CUST00598,Lipika Chowdhury,Female,Doctor,1402890,East,Bhubaneswar,Mizoram
CUST00599,Maanas Chandra,Female,Student,532528,North,Chandigarh,Kerala
CUST00600,Utkarsh Walla,Male,Student,959805,West,Pune,Tamil Nadu
CUST00601,Hardik Joshi,Male,Business,2434166,East,Kolkata,West Bengal
CUST00602,Aradhana Bora,Male,Business,492860,North,Delhi,Uttarakhand
CUST00603,Madhav Mane,Female,Teacher,1050616,West,Ahmedabad,Madhya Pradesh
CUST00604,Finn Dhar,Female,Business,1649735,North,Jaipur,Arunachal Pradesh
CUST00605,Aarush Anne,Female,Lawyer,626682,South,Chennai,Arunachal Pradesh
CUST00606,Gopal Butala,Male,Teacher,1236105,East,Kolkata,Arunachal Pradesh
CUST00607,Garima Kala,Male,Accountant,1484080,North,Chandigarh,Odisha
CUST00608,Wakeeta Sangha,Male,Accountant,333425,East,Bhubaneswar,Rajasthan
CUST00609,Balhaar Naidu,Female,Lawyer,2911866,East,Kolkata,Kerala
CUST00610,Yuvraj Kumer,Female,Accountant,1119661,South,Chennai,Punjab
CUST00611,Owen Bajaj,Male,Consultant,400286,South,Bangalore,Kerala
CUST00612,Bishakha Khatri,Female,Engineer,1705164,South,Hyderabad,Jharkhand
CUST00613,Madhavi Choudhry,Female,Lawyer,735993,North,Jaipur,Andhra Pradesh
CUST00614,Naveen Bhakta,Male,Consultant,2363718,South,Hyderabad,Madhya Pradesh
CUST00615,Yatan Pillai,Female,Doctor,484131,North,Delhi,Tripura
CUST00616,Januja Saini,Female,Student,2222912,South,Hyderabad,Punjab
CUST00617,Jatin Manda,Male,Teacher,2972676,North,Jaipur,Goa
CUST00618,Varsha Ratta,Male,Consultant,848230,West,Mumbai,West Bengal
CUST00619,Xiti Wagle,Female,Student,1948162,South,Chennai,Nagaland
CUST00620,Abhimanyu Kanda,Female,Lawyer,1279836,East,Bhubaneswar,Sikkim
CUST00621,Nitara Kade,Male,Doctor,951839,North,Delhi,Arunachal Pradesh
CUST00622,Zaitra Mukhopadhyay,Female,Accountant,1617151,North,Delhi,Manipur
CUST00623,Teerth Banik,Female,Business,2195477,West,Mumbai,Telangana
CUST00624,Oliver More,Female,Doctor,679252,East,Bhubaneswar,Tamil Nadu
CUST00625,Rishi Randhawa,Female,Engineer,1201862,South,Hyderabad,Tripura
CUST00626,Fariq Sarin,Male,Business,1792093,East,Kolkata,Rajasthan
CUST00627,Meghana Ramesh,Male,Lawyer,1391218,West,Pune,Bihar
CUST00628,Arjun Kunda,Female,Accountant,2631839,South,Bangalore,Maharashtra
CUST00629,Lakshit Hans,Female,Doctor,886334,South,Bangalore,Telangana
CUST00630,Janani Khanna,Male,Business,848259,North,Delhi,Himachal Pradesh
CUST00631,Isaiah Bhatt,Female,Doctor,2742443,South,Chennai,Meghalaya
CUST00632,Watika Mishra,Male,Doctor,1129425,East,Kolkata,Maharashtra
CUST00633,Jeet Choudhry,Male,Student,813918,West,Mumbai,Uttar Pradesh
CUST00634,Kevin Banik,Male,Teacher,2707044,North,Chandigarh,West Bengal
CUST00635,Ekiya Din,Female,Accountant,423657,West,Pune,West Bengal
CUST00636,Siddharth Comar,Female,Teacher,1784545,West,Pune,Andhra Pradesh
CUST00637,Hamsini Nagar,Female,Lawyer,2170707,South,Bangalore,Goa
CUST00638,Anita Chad,Male,Lawyer,2392503,South,Bangalore,Chhattisgarh
CUST00639,Ekansh Sule,Female,Engineer,667930,West,Pune,West Bengal
CUST00640,Lekha Prabhu,Male,Consultant,1136586,East,Bhubaneswar,Andhra Pradesh
CUST00641,Kashish Ramanathan,Male,Consultant,1806225,South,Hyderabad,Haryana
CUST00642,Megha Kadakia,Female,Student,2672512,West,Pune,Gujarat
CUST00643,Gautami Naidu,Female,Teacher,409316,East,Bhubaneswar,Telangana
CUST00644,Libni Dhillon,Male,Engineer,1478317,East,Patna,Kerala
CUST00645,Gabriel Ganesan,Female,Business,969514,North,Chandigarh,Karnataka
CUST00646,Chandran Keer,Male,Lawyer,2538456,North,Delhi,Bihar
CUST00647,Arunima Mane,Female,Student,1028601,North,Delhi,Uttarakhand
CUST00648,Krisha Sangha,Female,Student,2781192,South,Bangalore,Meghalaya
CUST00649,Jacob Ahluwalia,Female,Teacher,2661849,North,Jaipur,Assam
CUST00650,Anamika Dey,Female,Teacher,2357039,South,Chennai,Odisha
CUST00651,Nidhi Cheema,Male,Business,2823556,North,Delhi,Manipur
CUST00652,Vincent Doctor,Female,Engineer,1691393,South,Bangalore,Uttarakhand
CUST00653,Bhavini Dhaliwal,Female,Teacher,1657229,South,Bangalore,Tripura
CUST00654,Anvi Rattan,Male,Teacher,765234,North,Delhi,Tamil Nadu
CUST00655,Darpan Mallick,Female,Consultant,2757932,East,Kolkata,Himachal Pradesh
CUST00656,Onkar Puri,Female,Student,872319,North,Chandigarh,Karnataka
CUST00657,Faqid Divan,Female,Accountant,1630783,South,Hyderabad,Jharkhand
CUST00658,Timothy Lalla,Female,Business,2770235,South,Hyderabad,Gujarat
CUST00659,Fitan Kulkarni,Female,Lawyer,834137,South,Chennai,Maharashtra
CUST00660,Darika Bala,Male,Consultant,2680195,South,Hyderabad,Telangana
CUST00661,Tanish Narayanan,Female,Business,2982873,North,Delhi,Assam
CUST00662,Robert Agrawal,Male,Student,626344,North,Chandigarh,Arunachal Pradesh
CUST00663,Jeet Balan,Female,Teacher,2968360,South,Chennai,Arunachal Pradesh
CUST00664,Geetika Upadhyay,Female,Accountant,347796,North,Jaipur,Punjab
CUST00665,Pranit Mannan,Male,Doctor,1770024,East,Kolkata,Madhya Pradesh
CUST00666,Upasna Sandal,Male,Engineer,1918737,East,Kolkata,Rajasthan
CUST00667,Saanvi Gade,Female,Teacher,2036522,West,Pune,Punjab
CUST00668,Abha Mukherjee,Female,Consultant,725422,West,Ahmedabad,Himachal Pradesh
CUST00669,Wyatt Sankaran,Male,Teacher,2192836,West,Pune,Assam
CUST00670,Charita Keer,Female,Engineer,1636795,North,Delhi,Rajasthan
CUST00671,Chaitaly Deol,Male,Student,1013472,East,Kolkata,Gujarat
CUST00672,Mekhala Sathe,Male,Doctor,1717467,West,Mumbai,Uttarakhand
CUST00673,Aayush Ahuja,Male,Consultant,992048,West,Pune,Telangana
CUST00674,Wishi Johal,Male,Doctor,1688711,West,Mumbai,Kerala
CUST00675,Sara Ray,Female,Lawyer,1480793,South,Bangalore,Himachal Pradesh
CUST00676,Vedika Sandhu,Male,Engineer,1947951,East,Kolkata,Tripura
CUST00677,Ati Bali,Male,Student,316003,West,Mumbai,Tamil Nadu
CUST00678,Warinder Khalsa,Female,Accountant,1137496,West,Mumbai,Tripura
CUST00679,Nidra Garg,Male,Teacher,2976765,North,Delhi,Andhra Pradesh
CUST00680,Harini Chakrabarti,Female,Doctor,1593327,East,Kolkata,West Bengal
CUST00681,Noah Pai,Female,Lawyer,682255,West,Ahmedabad,Bihar
CUST00682,Gautami Bedi,Female,Consultant,1849382,West,Mumbai,Uttarakhand
CUST00683,Dalbir Mannan,Male,Lawyer,2144405,South,Chennai,Karnataka
CUST00684,Anita Bakshi,Male,Lawyer,2666621,West,Ahmedabad,Tripura
CUST00685,Gaurav Wason,Male,Doctor,1741965,North,Delhi,Nagaland
CUST00686,Teerth Chad,Male,Engineer,1923640,West,Pune,Arunachal Pradesh
CUST00687,Radhika Natt,Female,Business,2297588,West,Pune,Bihar
CUST00688,Ekbal Ramanathan,Female,Engineer,2405966,East,Kolkata,Mizoram
CUST00689,Siddharth Rama,Female,Teacher,1001139,South,Bangalore,Himachal Pradesh
CUST00690,Avni Gade,Male,Engineer,2075763,South,Bangalore,Sikkim
CUST00691,Om Chacko,Female,Business,2930777,North,Jaipur,Nagaland
CUST00692,Henry Kota,Female,Student,581068,South,Hyderabad,Bihar
CUST00693,Ethan Bhakta,Female,Student,1458470,North,Chandigarh,Arunachal Pradesh
CUST00694,Pavani Johal,Female,Doctor,2038297,West,Mumbai,Tamil Nadu
CUST00695,Lajita Balay,Male,Doctor,2660066,South,Bangalore,Chhattisgarh
CUST00696,Chameli Modi,Female,Consultant,1407869,North,Chandigarh,Odisha
CUST00697,Riya Mittal,Female,Accountant,457142,West,Pune,Gujarat
CUST00698,Siddharth Yohannan,Female,Teacher,2893105,South,Chennai,Nagaland
CUST00699,Jack Acharya,Female,Student,1296479,West,Mumbai,Uttar Pradesh
CUST00700,Nachiket Sachdeva,Female,Lawyer,1862129,North,Jaipur,Andhra Pradesh
CUST00701,Ojasvi Agate,Female,Lawyer,1475859,North,Chandigarh,Manipur
CUST00702,Eiravati Dayal,Male,Business,863653,West,Pune,Chhattisgarh
CUST00703,Nilima Deo,Female,Student,1430029,East,Patna,Odisha
CUST00704,Ansh Dasgupta,Male,Business,2152693,West,Pune,Assam
CUST00705,Rehaan Dugal,Female,Student,535744,South,Chennai,Himachal Pradesh
CUST00706,Yahvi Patel,Female,Consultant,868956,South,Bangalore,Tamil Nadu
CUST00707,Ishwar Bose,Male,Business,541707,North,Delhi,Karnataka
CUST00708,Sarthak Venkataraman,Female,Engineer,1811522,South,Bangalore,Odisha
CUST00709,Warinder Gola,Female,Accountant,2418653,South,Chennai,Manipur
CUST00710,Shaurya Khurana,Male,Engineer,1314761,West,Pune,Rajasthan
CUST00711,Nisha Nadkarni,Female,Teacher,2290542,East,Bhubaneswar,Haryana
CUST00712,Janani Borah,Male,Lawyer,679131,East,Bhubaneswar,Punjab
CUST00713,Ethan Zacharia,Female,Engineer,983283,East,Kolkata,Jharkhand
CUST00714,Girish Kunda,Male,Business,1428618,South,Bangalore,Andhra Pradesh
CUST00715,Azad Vyas,Male,Engineer,2288507,West,Pune,Telangana
CUST00716,Kabir Doshi,Male,Engineer,1238559,South,Hyderabad,Gujarat
CUST00717,Vasana Anand,Female,Lawyer,2077574,East,Patna,Maharashtra
CUST00718,Urvi Bawa,Female,Lawyer,1215235,West,Ahmedabad,Goa
CUST00719,Unni Chahal,Female,Doctor,330817,West,Ahmedabad,Jharkhand
CUST00720,Ansh Lad,Female,Lawyer,753423,East,Patna,Tamil Nadu
CUST00721,Ekta Balasubramanian,Female,Lawyer,2986849,West,Mumbai,Sikkim
CUST00722,Nakul Nadig,Female,Lawyer,1090039,East,Bhubaneswar,Tripura
CUST00723,Krisha Mall,Male,Engineer,2816722,South,Hyderabad,Jharkhand
CUST00724,Unni Choudhry,Female,Teacher,406767,West,Pune,Rajasthan
CUST00725,Ojasvi Rau,Female,Consultant,1997010,West,Ahmedabad,Himachal Pradesh
CUST00726,Kalpit Cheema,Male,Business,1739346,West,Pune,Meghalaya
CUST00727,Girish Sen,Female,Student,2427832,South,Hyderabad,Sikkim
CUST00728,Tanmayi Johal,Male,Lawyer,709376,East,Kolkata,Punjab
CUST00729,Xavier Amble,Female,Teacher,1707744,West,Mumbai,Kerala
CUST00730,Nihal Morar,Female,Business,1588008,North,Delhi,Kerala
CUST00731,Falak Bahl,Female,Lawyer,2756061,West,Ahmedabad,Manipur
CUST00732,Geetika Anand,Male,Accountant,525137,East,Bhubaneswar,Sikkim
CUST00733,Zarna Mitra,Male,Doctor,1900836,North,Chandigarh,Sikkim
CUST00734,Zinal Prabhu,Male,Teacher,876151,East,Bhubaneswar,Himachal Pradesh
CUST00735,Ishanvi Edwin,Female,Accountant,900725,South,Chennai,Telangana
CUST00736,Pushti Kant,Male,Doctor,2345062,East,Patna,Jharkhand
CUST00737,Ekanta Loke,Male,Student,2961281,East,Patna,Punjab
CUST00738,Varenya Varty,Female,Lawyer,1178213,North,Delhi,Rajasthan
CUST00739,Ucchal Keer,Male,Accountant,669272,South,Hyderabad,Gujarat
CUST00740,Dalaja Mall,Female,Consultant,1991954,South,Hyderabad,Rajasthan
CUST00741,Ekansh Gera,Female,Engineer,458231,West,Ahmedabad,Sikkim
CUST00742,Victor Sabharwal,Female,Engineer,1651459,South,Hyderabad,Odisha
CUST00743,Aarini Khare,Male,Business,1249027,South,Bangalore,Tamil Nadu
CUST00744,Zaid Khanna,Male,Doctor,1908727,East,Bhubaneswar,Tamil Nadu
CUST00745,Anjali Minhas,Male,Engineer,1550750,East,Kolkata,Maharashtra
CUST00746,Gaurika Shroff,Female,Consultant,861153,East,Bhubaneswar,Goa
CUST00747,Janani Dhar,Female,Business,991571,East,Bhubaneswar,Bihar
CUST00748,Darpan Dasgupta,Male,Business,850316,West,Mumbai,Bihar
CUST00749,Deepa Mahajan,Male,Teacher,816578,South,Hyderabad,Chhattisgarh
CUST00750,Jason Bhargava,Male,Consultant,2985701,East,Patna,Tripura
CUST00751,Krishna Maharaj,Male,Engineer,753460,East,Patna,West Bengal
CUST00752,Anita Gupta,Male,Consultant,2163589,North,Delhi,Haryana
CUST00753,Upadhriti Konda,Female,Accountant,942261,West,Mumbai,Goa
CUST00754,Gabriel Bobal,Male,Lawyer,2065262,South,Hyderabad,Andhra Pradesh
CUST00755,Chandani Krishnan,Female,Teacher,2056682,North,Jaipur,Tripura
CUST00756,Dipta Koshy,Male,Lawyer,778203,North,Jaipur,Jharkhand
CUST00757,Nakul Basak,Male,Business,1403076,North,Chandigarh,Sikkim
CUST00758,Farhan Som,Female,Lawyer,972655,South,Chennai,Goa
CUST00759,Hitesh Kalita,Female,Business,2316050,North,Jaipur,Karnataka
CUST00760,Harrison Nagy,Male,Engineer,673304,East,Kolkata,Arunachal Pradesh
CUST00761,Madhav Rama,Female,Teacher,677834,North,Jaipur,Bihar
CUST00762,Tanveer Raja,Male,Lawyer,1269556,North,Jaipur,Himachal Pradesh
CUST00763,Teerth Varkey,Female,Accountant,510051,West,Ahmedabad,Gujarat
CUST00764,Jonathan Pillai,Male,Lawyer,1810849,North,Delhi,Odisha
CUST00765,Kashvi Pal,Male,Doctor,492472,East,Bhubaneswar,Meghalaya
CUST00766,Hiral Kakar,Male,Student,1799578,North,Delhi,Punjab
CUST00767,Andrew Chakraborty,Female,Doctor,1862890,West,Pune,Maharashtra
CUST00768,Aditya Pathak,Male,Consultant,1978771,East,Kolkata,Andhra Pradesh
CUST00769,Unni Saraf,Female,Accountant,2068905,West,Ahmedabad,Karnataka
CUST00770,Mekhala Bassi,Male,Engineer,968552,South,Bangalore,Kerala
CUST00771,Ishita Gandhi,Female,Accountant,1060261,North,Chandigarh,Tamil Nadu
CUST00772,Vedant Mahal,Male,Teacher,2326182,West,Ahmedabad,Maharashtra
CUST00773,Champak Kala,Female,Accountant,492821,West,Mumbai,Goa
CUST00774,Deepa Shankar,Female,Engineer,2501245,North,Chandigarh,Chhattisgarh
CUST00775,Tamanna Acharya,Female,Doctor,2115495,South,Hyderabad,Punjab
CUST00776,Abhiram Dutt,Female,Consultant,923501,South,Chennai,Sikkim
CUST00777,Atharv Mangat,Male,Accountant,2379682,North,Delhi,Arunachal Pradesh
CUST00778,Riya Bhardwaj,Female,Student,1310373,South,Bangalore,Punjab
CUST00779,Bhavna Golla,Male,Business,2608945,East,Bhubaneswar,West Bengal
CUST00780,Arin Dhillon,Male,Doctor,2225582,West,Ahmedabad,Rajasthan
CUST00781,Bimala Batta,Female,Doctor,2390676,West,Pune,Odisha
CUST00782,Tanmayi Srinivasan,Male,Accountant,374529,West,Ahmedabad,Uttar Pradesh
CUST00783,Eesha Dada,Female,Engineer,2636776,North,Chandigarh,Himachal Pradesh
CUST00784,Inaya Tak,Female,Business,2213474,North,Delhi,Mizoram
CUST00785,Chaaya Dhillon,Male,Business,2206143,East,Bhubaneswar,Goa
CUST00786,Damyanti Ravi,Female,Student,2198058,East,Patna,Bihar
CUST00787,Amaira Narula,Male,Engineer,1731755,North,Delhi,Uttar Pradesh
CUST00788,Saumya Gokhale,Female,Student,745947,East,Patna,Sikkim
CUST00789,Hemang Varughese,Female,Teacher,2016354,North,Delhi,Arunachal Pradesh
CUST00790,Mohammed Nadkarni,Male,Business,806444,North,Chandigarh,Rajasthan
CUST00791,Thomas Deshmukh,Female,Business,1717396,West,Mumbai,Nagaland
CUST00792,Damyanti Deshmukh,Male,Doctor,2189553,North,Chandigarh,Odisha
CUST00793,Hemal Bath,Male,Accountant,318193,West,Pune,Uttarakhand
CUST00794,Vivaan Dubey,Female,Accountant,2432102,North,Jaipur,Bihar
CUST00795,Jagvi Vaidya,Male,Teacher,734336,South,Hyderabad,Mizoram
CUST00796,Matthew Nanda,Female,Consultant,2056007,West,Pune,West Bengal
CUST00797,Amruta Banik,Female,Student,1533853,South,Chennai,Chhattisgarh
CUST00798,Dalbir Arora,Male,Consultant,2827170,West,Mumbai,Maharashtra
CUST00799,Jack Issac,Female,Business,1142589,East,Patna,Chhattisgarh
CUST00800,Anmol Ramaswamy,Female,Student,856465,South,Hyderabad,Odisha
CUST00801,Jasmit Malhotra,Female,Doctor,1777392,South,Hyderabad,Uttarakhand
CUST00802,Gautam Basu,Female,Lawyer,2071616,West,Pune,Assam
CUST00803,Gayathri Misra,Male,Engineer,1897485,North,Jaipur,Uttarakhand
CUST00804,Yauvani Mandal,Male,Business,1419788,South,Bangalore,Odisha
CUST00805,Raghav Sehgal,Female,Teacher,560184,South,Chennai,Uttarakhand
CUST00806,Dev Datta,Male,Student,2198318,East,Kolkata,Meghalaya
CUST00807,Upkaar Sehgal,Male,Consultant,1296547,North,Jaipur,Uttarakhand
CUST00808,Victor Sawhney,Male,Consultant,1925522,East,Patna,Rajasthan
CUST00809,Samar Contractor,Female,Engineer,354380,West,Pune,Tripura
CUST00810,Riya Kashyap,Female,Business,2958301,East,Kolkata,Sikkim
CUST00811,George Batra,Male,Business,1533870,East,Patna,Assam
CUST00812,Yashodhara Handa,Male,Teacher,1028949,West,Mumbai,Tamil Nadu
CUST00813,Bhanumati Dube,Male,Consultant,1470681,North,Chandigarh,Manipur
CUST00814,Falan Gulati,Male,Lawyer,323677,East,Kolkata,Andhra Pradesh
CUST00815,Aadi Sood,Male,Engineer,944678,East,Bhubaneswar,Himachal Pradesh
CUST00816,Sai Jaggi,Male,Lawyer,2357519,East,Patna,Uttarakhand
CUST00817,Damini Dhingra,Female,Business,1071202,East,Kolkata,Rajasthan
CUST00818,Advay Doshi,Male,Consultant,2577843,North,Jaipur,Madhya Pradesh
CUST00819,Ekanta Deol,Female,Business,1194870,West,Mumbai,Manipur
CUST00820,Frado Andra,Female,Lawyer,1216225,East,Bhubaneswar,Sikkim
CUST00821,Maya Shukla,Male,Doctor,1751259,West,Pune,Tripura
CUST00822,Forum Mandal,Male,Engineer,1646107,West,Mumbai,Kerala
CUST00823,Gunbir Puri,Female,Lawyer,2565919,West,Mumbai,Sikkim
CUST00824,Sudiksha Shah,Female,Accountant,2341806,East,Kolkata,Manipur
CUST00825,Faraj Chatterjee,Male,Student,2455430,North,Chandigarh,Karnataka
CUST00826,Rushil Bhattacharyya,Male,Engineer,2929547,North,Delhi,West Bengal
CUST00827,Garima Malhotra,Male,Consultant,735900,North,Delhi,Bihar
CUST00828,Ekavir Bose,Female,Doctor,944893,South,Hyderabad,Arunachal Pradesh
CUST00829,Ethan Karan,Female,Engineer,667089,North,Chandigarh,Karnataka
CUST00830,Urishilla Tailor,Male,Lawyer,2640774,North,Delhi,Kerala
CUST00831,Gaurang Saraf,Male,Lawyer,2009735,North,Jaipur,Telangana
CUST00832,Atharv Kale,Female,Consultant,1627095,West,Ahmedabad,Kerala
CUST00833,Urvi Prabhakar,Male,Engineer,2990321,North,Chandigarh,Chhattisgarh
CUST00834,Urmi Chander,Male,Doctor,1800303,North,Jaipur,Rajasthan
CUST00835,Charan Boase,Female,Doctor,1480769,North,Chandigarh,Punjab
CUST00836,Rehaan Sastry,Female,Engineer,2288048,West,Ahmedabad,Chhattisgarh
CUST00837,Shaurya Kala,Male,Teacher,1939941,South,Hyderabad,Punjab
CUST00838,Gunbir Deshmukh,Male,Lawyer,1865022,East,Patna,Arunachal Pradesh
CUST00839,Ekta Sanghvi,Male,Doctor,475209,North,Jaipur,Assam
CUST00840,Girik Chandra,Female,Doctor,1577967,North,Jaipur,West Bengal
CUST00841,Udant Rajan,Female,Business,2030798,South,Hyderabad,Rajasthan
CUST00842,Girish Dasgupta,Male,Business,2887402,South,Bangalore,Kerala
CUST00843,Januja Nigam,Male,Teacher,2679397,East,Kolkata,Tripura
CUST00844,Balendra Lata,Female,Doctor,1519085,North,Jaipur,Himachal Pradesh
CUST00845,Kamya Swaminathan,Male,Business,2735194,North,Chandigarh,Jharkhand
CUST00846,Ekani Mani,Female,Teacher,1283702,West,Ahmedabad,Uttar Pradesh
CUST00847,Baljiwan Jayaraman,Male,Business,1632890,North,Chandigarh,Maharashtra
CUST00848,Nidra Comar,Female,Lawyer,2750186,West,Ahmedabad,Bihar
CUST00849,Lavanya Ramaswamy,Female,Student,2096451,South,Hyderabad,Madhya Pradesh
CUST00850,Omya Lala,Female,Business,1229146,South,Bangalore,Manipur
CUST00851,Liam Trivedi,Female,Teacher,1690675,West,Ahmedabad,Telangana
CUST00852,Arin Nagarajan,Female,Student,1581241,West,Ahmedabad,Assam
CUST00853,Girik Sarma,Male,Teacher,2844380,West,Pune,Telangana
CUST00854,Chaitaly Maharaj,Male,Business,1404086,North,Chandigarh,Uttar Pradesh
CUST00855,Yamini Garg,Male,Engineer,2427260,North,Jaipur,Tripura
CUST00856,Urvashi Buch,Female,Business,453747,North,Jaipur,Karnataka
CUST00857,Urmi Mangal,Female,Teacher,1834354,East,Patna,Mizoram
CUST00858,Jagdish Shukla,Female,Teacher,2249097,West,Mumbai,Telangana
CUST00859,Rachana Divan,Female,Engineer,1301938,North,Chandigarh,Haryana
CUST00860,Tarak Toor,Male,Accountant,967827,South,Hyderabad,Karnataka
CUST00861,Chanakya Dara,Male,Accountant,1804897,South,Hyderabad,Jharkhand
CUST00862,Ayaan Bath,Female,Business,563658,North,Delhi,Himachal Pradesh
CUST00863,Barkha Krishna,Male,Engineer,1167273,East,Bhubaneswar,Punjab
CUST00864,Gagan Choudhry,Female,Accountant,494772,East,Bhubaneswar,Goa
CUST00865,Aarnav Aggarwal,Female,Doctor,2486796,North,Jaipur,Maharashtra
CUST00866,Nakul Deo,Female,Teacher,1879824,East,Patna,Arunachal Pradesh
CUST00867,Dayita Deep,Male,Lawyer,1878437,West,Ahmedabad,Manipur
CUST00868,Imaran Chanda,Female,Student,1747170,South,Hyderabad,Haryana
CUST00869,Gaurika Suresh,Male,Teacher,2145068,West,Ahmedabad,Goa
CUST00870,Omaja Bedi,Male,Lawyer,1187167,South,Bangalore,Jharkhand
CUST00871,Ekavir Rajagopalan,Male,Student,2825056,South,Bangalore,Bihar
CUST00872,Xavier Chander,Male,Consultant,1685063,North,Jaipur,Himachal Pradesh
CUST00873,Jagat Natarajan,Female,Accountant,1183756,North,Chandigarh,Nagaland
CUST00874,Jairaj Bail,Female,Engineer,1322027,South,Hyderabad,Jharkhand
CUST00875,Chakradev Dewan,Male,Teacher,2940483,North,Delhi,Chhattisgarh
CUST00876,Darika Rajagopalan,Male,Engineer,997686,North,Jaipur,Madhya Pradesh
CUST00877,Tarak Reddy,Female,Engineer,1488894,East,Kolkata,Maharashtra
CUST00878,Hardik Lala,Female,Accountant,2320263,North,Delhi,Chhattisgarh
CUST00879,Anthony Sethi,Female,Teacher,2743795,South,Bangalore,Uttarakhand
CUST00880,Yuvraj Dayal,Female,Teacher,1737267,South,Hyderabad,Uttarakhand
CUST00881,Abeer Mukherjee,Male,Business,1886333,West,Pune,Andhra Pradesh
CUST00882,Vihaan Gara,Male,Engineer,1148711,West,Mumbai,Haryana
CUST00883,Wriddhish Korpal,Male,Teacher,2295940,West,Mumbai,Andhra Pradesh
CUST00884,Idika Narayan,Male,Doctor,2322665,North,Jaipur,Madhya Pradesh
CUST00885,Charles Kale,Male,Consultant,2489612,South,Hyderabad,Uttar Pradesh
CUST00886,Liam Saini,Male,Consultant,1262535,West,Ahmedabad,Jharkhand
CUST00887,Sathvik Sha,Female,Doctor,2084631,West,Ahmedabad,Mizoram
CUST00888,Noah Kari,Female,Business,651556,South,Chennai,Maharashtra
CUST00889,Radha Aggarwal,Female,Lawyer,1092811,East,Patna,Chhattisgarh
CUST00890,Samaksh Gade,Male,Doctor,2480039,North,Jaipur,Kerala
CUST00891,Vedika Rastogi,Male,Student,2014820,North,Chandigarh,Tamil Nadu
CUST00892,Nidhi Prabhakar,Male,Consultant,2755220,East,Kolkata,Uttar Pradesh
CUST00893,Gaurika Gaba,Female,Student,2866413,East,Bhubaneswar,Uttarakhand
CUST00894,Wakeeta Prabhakar,Female,Business,2033204,East,Patna,Arunachal Pradesh
CUST00895,Darpan Dass,Female,Accountant,1364420,West,Mumbai,Gujarat
CUST00896,Akshay Chandran,Female,Consultant,879101,East,Patna,Meghalaya
CUST00897,Varenya Lala,Male,Accountant,978617,North,Jaipur,Odisha
CUST00898,Champak Wali,Female,Student,2609284,North,Delhi,West Bengal
CUST00899,Harshil Barman,Female,Engineer,682053,North,Delhi,Haryana
CUST00900,Nachiket Tailor,Female,Doctor,568772,South,Chennai,Maharashtra
CUST00901,Charan Badami,Female,Doctor,2854452,East,Kolkata,Assam
CUST00902,Janani Sur,Female,Consultant,2875158,North,Jaipur,Telangana
CUST00903,Yochana Mander,Male,Teacher,2985576,East,Patna,Nagaland
CUST00904,Vasatika Mangal,Male,Business,2473292,West,Ahmedabad,Haryana
CUST00905,Aarnav Seth,Male,Business,2880293,East,Kolkata,Gujarat
CUST00906,Meghana Goswami,Male,Student,1303515,South,Hyderabad,Uttar Pradesh
CUST00907,Zehaan Varughese,Male,Lawyer,1975346,North,Delhi,Uttar Pradesh
CUST00908,Hema Wason,Female,Consultant,2758198,East,Patna,Goa
CUST00909,Shivansh Bansal,Male,Doctor,678183,South,Hyderabad,Punjab
CUST00910,Upkaar Bhavsar,Female,Student,1459757,East,Patna,Manipur
CUST00911,Harinakshi Purohit,Male,Accountant,1994316,South,Hyderabad,Andhra Pradesh
CUST00912,Luke Krishnamurthy,Male,Consultant,2423316,North,Chandigarh,Maharashtra
CUST00913,Ekiya Gour,Male,Lawyer,1725920,North,Jaipur,Telangana
CUST00914,Veer Arora,Female,Lawyer,2157106,North,Jaipur,Andhra Pradesh
CUST00915,Chandani Ratti,Female,Business,1724640,West,Pune,Odisha
CUST00916,Advaith Chandran,Female,Engineer,2321529,West,Pune,Arunachal Pradesh
CUST00917,Meghana Oommen,Male,Consultant,2957770,North,Chandigarh,Manipur
CUST00918,Advika Raghavan,Male,Student,2029839,South,Hyderabad,Haryana
CUST00919,Vritti Bava,Male,Lawyer,1341267,East,Patna,Andhra Pradesh
CUST00920,Tanmayi Kumer,Female,Student,618887,East,Kolkata,Nagaland
CUST00921,Pahal Gandhi,Female,Student,1216732,South,Chennai,Andhra Pradesh
CUST00922,Ekaraj Vig,Male,Accountant,1137462,East,Kolkata,Maharashtra
CUST00923,Yahvi Rajan,Male,Lawyer,1167292,South,Hyderabad,Meghalaya
CUST00924,Zinal Gala,Male,Student,954292,South,Bangalore,Nagaland
CUST00925,Prisha Prasad,Male,Accountant,2874576,North,Delhi,Chhattisgarh
CUST00926,Ekantika Dhar,Male,Accountant,1856911,North,Jaipur,Uttarakhand
CUST00927,Charita Shenoy,Female,Accountant,1067020,East,Bhubaneswar,Uttarakhand
CUST00928,Victor Balay,Male,Teacher,527113,East,Bhubaneswar,Himachal Pradesh
CUST00929,Laksh Swaminathan,Male,Student,1951368,West,Ahmedabad,Tamil Nadu
CUST00930,Samar Khanna,Male,Accountant,1623937,South,Chennai,Tamil Nadu
CUST00931,Sathvik Sabharwal,Male,Consultant,2736925,North,Delhi,Nagaland
CUST00932,Tara Parekh,Female,Lawyer,1084974,North,Chandigarh,Chhattisgarh
CUST00933,Champak Arya,Female,Accountant,2871460,East,Kolkata,Telangana
CUST00934,Anya Memon,Male,Accountant,2078145,East,Bhubaneswar,West Bengal
CUST00935,Abhimanyu Hayre,Female,Student,1980207,South,Chennai,Madhya Pradesh
CUST00936,Jyoti Pandya,Male,Teacher,2715469,East,Bhubaneswar,Uttarakhand
CUST00937,Aadhya Prabhakar,Female,Business,2629264,South,Bangalore,Uttar Pradesh
CUST00938,Pooja Cherian,Male,Teacher,927250,West,Ahmedabad,Andhra Pradesh
CUST00939,Sai Mohanty,Male,Consultant,2395465,West,Mumbai,Nagaland
CUST00940,Vedika Mitra,Female,Accountant,1558434,South,Hyderabad,Goa
CUST00941,Qarin Bajaj,Male,Consultant,715130,East,Patna,Mizoram
CUST00942,Radha Sandal,Male,Lawyer,2298751,South,Bangalore,Odisha
CUST00943,Jackson Thakur,Female,Lawyer,1813984,North,Chandigarh,Meghalaya
CUST00944,Jeet Sehgal,Female,Student,383195,East,Patna,Uttar Pradesh
CUST00945,Theodore Kashyap,Female,Business,2719500,West,Mumbai,Assam
CUST00946,Shivani Merchant,Female,Student,2440959,South,Chennai,Bihar
CUST00947,Nitesh Sule,Female,Doctor,1898327,West,Pune,Arunachal Pradesh
CUST00948,Yatan Varughese,Male,Teacher,2986789,East,Bhubaneswar,Kerala
CUST00949,Ladli Gole,Female,Doctor,631819,East,Bhubaneswar,Haryana
CUST00950,Bhavika Chauhan,Male,Student,1629083,South,Chennai,Mizoram
CUST00951,Orinder Sani,Female,Consultant,1437696,East,Patna,Odisha
CUST00952,Manthan Nigam,Female,Consultant,1001783,West,Ahmedabad,Gujarat
CUST00953,Wridesh Pillay,Male,Business,1355484,South,Bangalore,Tamil Nadu
CUST00954,Samarth Majumdar,Male,Consultant,732052,North,Delhi,Madhya Pradesh
CUST00955,Fariq Shroff,Female,Engineer,410582,North,Delhi,Maharashtra
CUST00956,Veer Khare,Male,Doctor,1400804,West,Pune,Arunachal Pradesh
CUST00957,Wishi Kata,Female,Lawyer,1261988,South,Bangalore,Tripura
CUST00958,Bhavya Buch,Female,Accountant,2927650,South,Hyderabad,Goa
CUST00959,Omisha Bera,Male,Engineer,447450,South,Bangalore,Meghalaya
CUST00960,Prisha Johal,Female,Accountant,2567374,East,Bhubaneswar,Rajasthan
CUST00961,Girish Garde,Female,Teacher,2561936,East,Patna,Himachal Pradesh
CUST00962,Wridesh Acharya,Female,Consultant,2495549,South,Hyderabad,Odisha
CUST00963,Jeevika Modi,Female,Business,675616,East,Bhubaneswar,Chhattisgarh
CUST00964,Harish Vaidya,Female,Consultant,1389709,West,Ahmedabad,Bihar
CUST00965,Harita Mahal,Male,Engineer,2494947,South,Chennai,Madhya Pradesh
CUST00966,Jyoti Lall,Female,Accountant,2544367,South,Chennai,Odisha
CUST00967,Chaman Venkataraman,Female,Accountant,1556657,North,Jaipur,Odisha
CUST00968,Jagat Datta,Female,Business,330274,North,Chandigarh,Assam
CUST00969,Gaurika Dugal,Female,Consultant,1955710,East,Kolkata,Madhya Pradesh
CUST00970,Christopher Merchant,Female,Consultant,1225231,South,Bangalore,Andhra Pradesh
CUST00971,Akshay Nadkarni,Female,Business,2466819,East,Kolkata,Mizoram
CUST00972,Girindra Sarin,Female,Consultant,1088531,East,Bhubaneswar,Odisha
CUST00973,Harita Kala,Male,Lawyer,762868,North,Delhi,Arunachal Pradesh
CUST00974,Rishi Shanker,Female,Lawyer,2912018,West,Pune,Jharkhand
CUST00975,Tripti Chopra,Female,Engineer,938160,West,Mumbai,Goa
CUST00976,Ladli Sengupta,Male,Teacher,728966,North,Jaipur,Karnataka
CUST00977,Janani Bali,Male,Accountant,334410,East,Bhubaneswar,Himachal Pradesh
CUST00978,Anusha Tata,Male,Engineer,2370222,South,Bangalore,Punjab
CUST00979,Ekavir Dasgupta,Female,Lawyer,2390423,South,Chennai,Punjab
CUST00980,Kabir Manne,Male,Student,636480,East,Bhubaneswar,Assam
CUST00981,Dakshesh Bal,Female,Consultant,599409,South,Bangalore,Tripura
CUST00982,Idika Pandey,Male,Lawyer,1900451,West,Mumbai,Uttarakhand
CUST00983,Omkaar Bedi,Male,Consultant,2157912,North,Delhi,Assam
CUST00984,Vrishti Kaur,Male,Business,2232880,South,Hyderabad,Himachal Pradesh
CUST00985,Dakshesh Talwar,Male,Accountant,1932099,North,Jaipur,Punjab
CUST00986,Krishna Chad,Male,Engineer,2605105,East,Bhubaneswar,Madhya Pradesh
CUST00987,Girik Sangha,Female,Lawyer,1133507,North,Chandigarh,Maharashtra
CUST00988,Ekbal Shroff,Male,Doctor,1289712,East,Kolkata,Karnataka
CUST00989,Joshua Sagar,Male,Teacher,1458047,West,Ahmedabad,Karnataka
CUST00990,Zayyan Nagy,Male,Engineer,476132,North,Chandigarh,Mizoram
CUST00991,Bhavani Lanka,Male,Student,675305,West,Pune,Punjab
CUST00992,Anay Baral,Female,Doctor,2894784,South,Bangalore,Andhra Pradesh
CUST00993,Raghav Sawhney,Male,Engineer,1791149,East,Patna,Haryana
CUST00994,Priya Warrior,Male,Teacher,2346161,South,Hyderabad,Nagaland
CUST00995,Yamini Oza,Female,Accountant,1109355,South,Chennai,Telangana
CUST00996,Lakshmi Zacharia,Female,Student,865107,North,Jaipur,Arunachal Pradesh
CUST00997,Lila Tata,Female,Accountant,2644719,East,Kolkata,Punjab
CUST00998,Chaman Natt,Female,Business,2676919,East,Patna,Andhra Pradesh
CUST00999,Ishani Banerjee,Female,Student,2264589,South,Hyderabad,Madhya Pradesh
CUST01000,Advaith Sankar,Male,Doctor,2527751,East,Patna,Gujarat
CUST01001,Baghyawati Rastogi,Female,Lawyer,2571660,South,Chennai,Nagaland
CUST01002,Rayaan Luthra,Male,Consultant,1078187,East,Bhubaneswar,West Bengal
CUST01003,Ira Kumer,Female,Business,1645088,North,Jaipur,Odisha
CUST01004,Balendra Vora,Female,Business,2498107,North,Jaipur,Madhya Pradesh
CUST01005,Veda Shroff,Male,Lawyer,1653082,West,Pune,Madhya Pradesh
CUST01006,Watika Dasgupta,Female,Doctor,703728,West,Pune,Nagaland
CUST01007,Victor Kala,Male,Teacher,431171,North,Delhi,Goa
CUST01008,Ijaya Tak,Female,Business,714202,South,Bangalore,Tripura
CUST01009,Isaiah Chhabra,Female,Accountant,2505454,North,Jaipur,Tripura
CUST01010,Balendra Mutti,Female,Business,2841553,East,Kolkata,Telangana
CUST01011,Imaran Devan,Male,Accountant,635363,North,Delhi,West Bengal
CUST01012,Anusha Shetty,Male,Student,2640505,West,Pune,Kerala
CUST01013,Janya Yohannan,Male,Lawyer,2518874,West,Ahmedabad,Goa
CUST01014,Dayita Rege,Male,Lawyer,626884,North,Jaipur,Himachal Pradesh
CUST01015,Banjeet Panchal,Male,Doctor,1268959,South,Hyderabad,Tripura
CUST01016,Raghav Sunder,Male,Business,2690869,West,Mumbai,Odisha
CUST01017,Krishna Ahluwalia,Female,Doctor,2978584,South,Hyderabad,West Bengal
CUST01018,Krishna Borde,Female,Consultant,736637,East,Patna,Uttarakhand
CUST01019,Zehaan Misra,Female,Student,963440,South,Bangalore,Karnataka
CUST01020,Ishita Brahmbhatt,Female,Student,1859104,West,Ahmedabad,Uttar Pradesh
CUST01021,Amara Bhatia,Female,Student,2851870,West,Pune,Chhattisgarh
CUST01022,Jack Anand,Male,Consultant,2607868,South,Hyderabad,Jharkhand
CUST01023,Damyanti Nanda,Female,Accountant,1965518,East,Bhubaneswar,Rajasthan
CUST01024,Nicholas Doctor,Male,Lawyer,2798810,North,Jaipur,Rajasthan
CUST01025,Banjeet Gulati,Male,Lawyer,327551,North,Jaipur,Arunachal Pradesh
CUST01026,Odika Murthy,Male,Student,391022,East,Kolkata,Jharkhand
CUST01027,Aditya Ram,Male,Doctor,458277,East,Patna,Uttar Pradesh
CUST01028,Alka Lall,Male,Teacher,1411440,West,Ahmedabad,Telangana
CUST01029,Banjeet Dave,Male,Business,1374764,East,Patna,Mizoram
CUST01030,Madhav Lata,Female,Business,623806,East,Kolkata,Nagaland
CUST01031,Omaja Chakraborty,Male,Accountant,2716894,East,Bhubaneswar,Bihar
CUST01032,Widisha Choudhary,Female,Engineer,2717109,North,Jaipur,West Bengal
CUST01033,Amruta Ahluwalia,Male,Student,1759325,West,Mumbai,Goa
CUST01034,Widisha Din,Male,Business,2826236,West,Ahmedabad,Kerala
CUST01035,Darsh Deshpande,Female,Engineer,1578354,North,Jaipur,Assam
CUST01036,Nitara Desai,Male,Student,2407225,North,Chandigarh,Sikkim
CUST01037,Aayush Chandra,Male,Consultant,2169049,South,Bangalore,Tripura
CUST01038,Saanvi Mangal,Female,Lawyer,1953908,North,Delhi,Haryana
CUST01039,Jeevika Sehgal,Female,Doctor,2295879,South,Bangalore,Rajasthan
CUST01040,Arya Talwar,Female,Lawyer,656847,North,Jaipur,Manipur
CUST01041,Baljiwan Kakar,Female,Teacher,865688,West,Pune,Maharashtra
CUST01042,Hemangini Raval,Male,Accountant,1958087,West,Pune,Gujarat
CUST01043,Lohit Seth,Male,Business,600496,South,Hyderabad,Odisha
CUST01044,Parth Mahal,Female,Doctor,771984,East,Bhubaneswar,Chhattisgarh
CUST01045,Kamala Dewan,Female,Student,1098971,West,Ahmedabad,Karnataka
CUST01046,David Dara,Male,Lawyer,1009908,East,Bhubaneswar,Madhya Pradesh
CUST01047,Eiravati Date,Female,Teacher,2147437,East,Patna,Rajasthan
CUST01048,Harshil Varma,Male,Student,954274,North,Delhi,Chhattisgarh
CUST01049,Hiral Natarajan,Male,Business,2904673,North,Delhi,Madhya Pradesh
CUST01050,Nihal Oza,Male,Student,766733,South,Chennai,Jharkhand
CUST01051,Chatura Upadhyay,Female,Engineer,1691991,East,Bhubaneswar,Manipur
CUST01052,Jacob Dayal,Male,Business,2591869,South,Hyderabad,Maharashtra
CUST01053,Isha Bajaj,Female,Teacher,377127,East,Patna,Sikkim
CUST01054,Daniel Bhatt,Male,Lawyer,1014372,West,Pune,Odisha
CUST01055,Atharv Dhar,Male,Lawyer,522655,North,Chandigarh,Tamil Nadu
CUST01056,Oeshi Hari,Male,Doctor,1930095,West,Pune,Meghalaya
CUST01057,Zayan Aurora,Female,Doctor,380020,East,Patna,Odisha
CUST01058,Prisha Mitter,Female,Business,1896776,East,Patna,Meghalaya
CUST01059,Girish Mody,Female,Doctor,1081891,North,Chandigarh,Kerala
CUST01060,Lipika Deshmukh,Female,Engineer,466733,South,Hyderabad,Arunachal Pradesh
CUST01061,Victor Golla,Female,Student,2354927,South,Hyderabad,Arunachal Pradesh
CUST01062,Inaya Kapoor,Male,Engineer,1754500,West,Pune,Haryana
CUST01063,Jyoti Dash,Female,Business,2402401,East,Bhubaneswar,Himachal Pradesh
CUST01064,Meghana Patil,Female,Consultant,423588,East,Kolkata,Arunachal Pradesh
CUST01065,Indrajit Srinivas,Male,Student,1947718,East,Kolkata,Punjab
CUST01066,Ikshita Chaudhuri,Female,Business,2050422,South,Bangalore,Assam
CUST01067,Omisha Oak,Male,Consultant,1610228,South,Hyderabad,Tamil Nadu
CUST01068,Imaran Prakash,Male,Business,881232,East,Bhubaneswar,Bihar
CUST01069,Radha Comar,Female,Teacher,2103820,South,Bangalore,Sikkim
CUST01070,Chanakya Deshmukh,Male,Student,584432,South,Hyderabad,Gujarat
CUST01071,Mitali Bhatti,Female,Teacher,423662,North,Delhi,Maharashtra
CUST01072,Manthan Soman,Female,Lawyer,2158095,East,Bhubaneswar,Nagaland
CUST01073,Zaid Gera,Male,Doctor,851743,East,Kolkata,Gujarat
CUST01074,Warhi Boase,Female,Business,2801318,South,Bangalore,Punjab
CUST01075,Kavya Chad,Male,Student,633344,South,Bangalore,Mizoram
CUST01076,Luke Keer,Female,Student,1071653,West,Mumbai,Arunachal Pradesh
CUST01077,Isaac Kalita,Female,Teacher,986969,West,Ahmedabad,Chhattisgarh
CUST01078,Ira Butala,Male,Consultant,362974,South,Bangalore,Arunachal Pradesh
CUST01079,Geetika Kale,Male,Business,1157995,East,Bhubaneswar,West Bengal
CUST01080,Aarush Gera,Female,Accountant,1662711,North,Delhi,West Bengal
CUST01081,Arin Saha,Female,Consultant,475432,West,Mumbai,Nagaland
CUST01082,Ayush Nagarajan,Female,Consultant,2864837,West,Pune,Goa
CUST01083,Hitesh Raju,Male,Accountant,2216379,North,Jaipur,Meghalaya
CUST01084,Lekha Raghavan,Female,Engineer,2639167,North,Delhi,Gujarat
CUST01085,Aahana Natt,Male,Business,1521294,West,Pune,Maharashtra
CUST01086,Orinder D’Alia,Female,Lawyer,2235030,West,Ahmedabad,Arunachal Pradesh
CUST01087,Manthan Vasa,Female,Engineer,2468327,South,Chennai,Kerala
CUST01088,Neelima Shroff,Female,Doctor,2399910,South,Chennai,Chhattisgarh
CUST01089,Deepa Brar,Male,Consultant,2034593,North,Delhi,Madhya Pradesh
CUST01090,Hema Balasubramanian,Male,Teacher,2202874,East,Bhubaneswar,Jharkhand
CUST01091,Yutika Dave,Male,Lawyer,1659268,South,Chennai,Meghalaya
CUST01092,Nidhi Kumar,Male,Doctor,778842,South,Hyderabad,Bihar
CUST01093,Daniel Ghose,Female,Doctor,2497049,West,Pune,Meghalaya
CUST01094,Finn Rau,Male,Consultant,2608317,West,Pune,Bihar
CUST01095,Ekalinga Shankar,Male,Student,2671843,West,Mumbai,Chhattisgarh
CUST01096,Timothy Bir,Male,Teacher,515211,South,Bangalore,Nagaland
CUST01097,Bimala Varkey,Female,Accountant,1511233,West,Ahmedabad,Chhattisgarh
CUST01098,Maanas Balakrishnan,Male,Business,314818,South,Bangalore,Telangana
CUST01099,Chanchal Dugar,Female,Accountant,2391457,East,Kolkata,Manipur
CUST01100,Ethan Ray,Female,Business,1209634,North,Jaipur,Manipur
CUST01101,Girindra Kara,Female,Accountant,633048,West,Ahmedabad,Rajasthan
CUST01102,Isaiah Shenoy,Female,Business,505180,North,Delhi,Jharkhand
CUST01103,Sachi Soman,Male,Student,454019,South,Bangalore,Bihar
CUST01104,Aarav Mittal,Female,Student,667851,South,Bangalore,Nagaland
CUST01105,Vivaan Barad,Female,Teacher,976688,North,Delhi,Nagaland
CUST01106,Yuvraj Kota,Male,Accountant,2728360,East,Patna,Rajasthan
CUST01107,Faris Sastry,Male,Lawyer,1654012,East,Kolkata,Nagaland
CUST01108,Viraj Nagar,Male,Consultant,2608843,East,Bhubaneswar,Tripura
CUST01109,Charvi Contractor,Female,Teacher,811802,North,Chandigarh,Himachal Pradesh
CUST01110,Teerth Chaudhary,Female,Business,1176823,East,Bhubaneswar,Manipur
CUST01111,Jai Dalal,Male,Accountant,2836622,North,Delhi,Uttarakhand
CUST01112,Mohini Vora,Female,Lawyer,2503650,East,Bhubaneswar,Chhattisgarh
CUST01113,Saumya Tiwari,Female,Accountant,2365713,East,Kolkata,Sikkim
CUST01114,Chandran Luthra,Male,Lawyer,1111830,South,Hyderabad,Uttarakhand
CUST01115,Pahal Shanker,Male,Accountant,2923372,North,Delhi,Andhra Pradesh
CUST01116,Rayaan Sani,Male,Consultant,2036614,North,Jaipur,Odisha
CUST01117,Rachana Menon,Female,Business,347384,North,Chandigarh,Tripura
CUST01118,Tanvi Ramesh,Female,Lawyer,584525,South,Hyderabad,Haryana
CUST01119,Noah Shukla,Female,Engineer,777465,East,Bhubaneswar,Bihar
CUST01120,Abha Warrior,Female,Engineer,1036641,East,Bhubaneswar,Tripura
CUST01121,Quincy Raghavan,Female,Accountant,2290199,South,Chennai,Uttarakhand
CUST01122,Charles Pandey,Male,Accountant,951737,North,Jaipur,Madhya Pradesh
CUST01123,Qushi Rao,Female,Accountant,2036244,West,Pune,Kerala
CUST01124,Harshil Sidhu,Female,Student,2628581,North,Jaipur,Andhra Pradesh
CUST01125,Vivaan Dhar,Female,Student,577717,North,Delhi,Punjab
CUST01126,Chaaya Chanda,Male,Student,1873873,South,Chennai,Kerala
CUST01127,Advika Gaba,Female,Teacher,2796415,South,Hyderabad,Kerala
CUST01128,Jai Hari,Female,Engineer,1438742,North,Chandigarh,Tripura
CUST01129,Vrishti Mitter,Female,Business,1858534,West,Mumbai,Rajasthan
CUST01130,Chakradev Sodhi,Male,Lawyer,1034056,West,Ahmedabad,Nagaland
CUST01131,Jairaj Ben,Male,Business,688409,North,Chandigarh,Rajasthan
CUST01132,Zayan Ranganathan,Male,Accountant,2397379,West,Pune,Assam
CUST01133,Dipta Bhagat,Female,Accountant,2496254,South,Bangalore,Uttar Pradesh
CUST01134,Neelima Srinivasan,Male,Doctor,2464875,East,Bhubaneswar,Kerala
CUST01135,Urishilla Mitra,Male,Accountant,1925662,South,Bangalore,Karnataka
CUST01136,Janani Ravi,Female,Engineer,2792622,North,Delhi,Arunachal Pradesh
CUST01137,Anjali Raja,Female,Engineer,732444,North,Chandigarh,Bihar
CUST01138,Harshil Bajwa,Female,Business,1645869,East,Kolkata,Haryana
CUST01139,Mitesh Ray,Female,Lawyer,2532526,South,Bangalore,Meghalaya
CUST01140,Imaran Mistry,Male,Lawyer,926296,East,Bhubaneswar,Goa
CUST01141,Anita Muni,Male,Engineer,2912820,South,Chennai,Uttar Pradesh
CUST01142,Jhalak Sarraf,Female,Student,1436874,North,Delhi,Tamil Nadu
CUST01143,Krish Vaidya,Female,Business,1018379,South,Hyderabad,Uttar Pradesh
CUST01144,Vincent Grover,Female,Accountant,512761,North,Chandigarh,Punjab
CUST01145,Meghana Uppal,Female,Engineer,744289,South,Bangalore,Himachal Pradesh
CUST01146,Girindra Narayanan,Male,Consultant,1943818,West,Mumbai,Odisha
CUST01147,Vasatika Chaudry,Female,Student,1610471,South,Hyderabad,Assam
CUST01148,Unni Agarwal,Male,Accountant,2681480,East,Kolkata,Madhya Pradesh
CUST01149,Nidra Sodhi,Female,Doctor,2210858,South,Bangalore,Bihar
CUST01150,Lajita Soman,Female,Accountant,1271795,East,Patna,Arunachal Pradesh
CUST01151,Jasmit Nagi,Female,Student,1944489,South,Bangalore,Gujarat
CUST01152,Veer Nath,Female,Student,2201206,South,Hyderabad,Gujarat
CUST01153,Rachit Sampath,Male,Accountant,773482,West,Mumbai,Madhya Pradesh
CUST01154,Pranav Malhotra,Female,Teacher,1483873,East,Bhubaneswar,Chhattisgarh
CUST01155,Madhav Mistry,Male,Doctor,2001570,East,Patna,Uttar Pradesh
CUST01156,Yash Borra,Male,Lawyer,2534496,North,Chandigarh,Uttarakhand
CUST01157,Ekapad Banerjee,Female,Business,2904137,West,Ahmedabad,Gujarat
CUST01158,Bina Kumer,Male,Accountant,1909842,South,Hyderabad,Himachal Pradesh
CUST01159,Manbir Mitra,Male,Consultant,2126005,North,Chandigarh,Nagaland
CUST01160,Yashvi Handa,Male,Teacher,626712,East,Patna,Haryana
CUST01161,Peter Balan,Female,Student,2628206,West,Mumbai,Bihar
CUST01162,Yachana Tak,Male,Lawyer,2002022,North,Chandigarh,Assam
CUST01163,Kritika Iyer,Male,Consultant,1673249,North,Jaipur,Assam
CUST01164,Lopa Goel,Male,Doctor,1212729,West,Pune,Rajasthan
CUST01165,Raagini Gala,Male,Teacher,925859,South,Hyderabad,Tripura
CUST01166,Amaira Zacharia,Female,Consultant,2881896,West,Pune,Telangana
CUST01167,Pranav Sandal,Male,Student,1557181,West,Mumbai,Rajasthan
CUST01168,Zarna Deep,Female,Doctor,2744134,East,Bhubaneswar,Telangana
CUST01169,Imaran Misra,Female,Teacher,1533899,North,Jaipur,Uttar Pradesh
CUST01170,Rishi Zachariah,Male,Engineer,2648937,North,Chandigarh,Bihar
CUST01171,Rachita Batta,Female,Engineer,1286672,East,Kolkata,Mizoram
CUST01172,Ronith Char,Female,Student,1905536,West,Pune,Nagaland
CUST01173,Vrishti Chawla,Female,Business,1027334,West,Ahmedabad,Andhra Pradesh
CUST01174,Umang Warrior,Male,Consultant,1811156,West,Mumbai,Manipur
CUST01175,Reva Issac,Female,Teacher,863200,West,Mumbai,Maharashtra
CUST01176,Andrew Lad,Male,Teacher,2341373,North,Delhi,Gujarat
CUST01177,Chatura Varughese,Male,Teacher,2993761,West,Mumbai,Andhra Pradesh
CUST01178,Lopa Apte,Female,Teacher,2205868,West,Ahmedabad,Bihar
CUST01179,Zayyan Dhar,Female,Consultant,1790266,West,Pune,Goa
CUST01180,Ekantika Pal,Female,Engineer,2724049,South,Bangalore,Kerala
CUST01181,Qarin Dasgupta,Male,Lawyer,2023178,West,Pune,Uttar Pradesh
CUST01182,Bhavika Wadhwa,Male,Accountant,1845930,East,Kolkata,Andhra Pradesh
CUST01183,Triya Wali,Female,Doctor,895958,North,Jaipur,Kerala
CUST01184,Elijah Karnik,Male,Doctor,1328574,East,Bhubaneswar,Tamil Nadu
CUST01185,Theodore Aggarwal,Male,Lawyer,2871272,West,Pune,Haryana
CUST01186,Ojasvi Kapadia,Male,Accountant,2204359,North,Chandigarh,Assam
CUST01187,Nidra Pau,Female,Consultant,1780230,West,Pune,Himachal Pradesh
CUST01188,Qasim Kohli,Male,Engineer,2806669,East,Bhubaneswar,Tripura
CUST01189,Utkarsh Walia,Female,Engineer,2939475,East,Patna,Rajasthan
CUST01190,Gautam Kuruvilla,Male,Engineer,1523701,West,Pune,Manipur
CUST01191,Sudiksha Guha,Female,Doctor,831927,North,Chandigarh,Andhra Pradesh
CUST01192,Michael Sachdeva,Female,Teacher,2882843,North,Chandigarh,Uttarakhand
CUST01193,Ojas Rajan,Female,Engineer,767872,East,Bhubaneswar,Sikkim
CUST01194,Karan Kade,Male,Accountant,1850914,South,Hyderabad,West Bengal
CUST01195,Zehaan Kumer,Male,Accountant,1058368,South,Chennai,Manipur
CUST01196,Max Bhagat,Male,Teacher,2797892,North,Chandigarh,Tripura
CUST01197,Krisha Sachdev,Female,Consultant,1298023,South,Chennai,Uttar Pradesh
CUST01198,Lavanya Barman,Male,Business,2723290,West,Pune,Sikkim
CUST01199,Sneha Nadig,Female,Doctor,520298,East,Kolkata,Uttarakhand
CUST01200,Bhavini Ramakrishnan,Female,Accountant,1564025,South,Chennai,Jharkhand
CUST01201,Kala Shankar,Male,Consultant,1936074,West,Pune,West Bengal
CUST01202,Praneel Rajagopalan,Male,Consultant,349757,West,Ahmedabad,Karnataka
CUST01203,Leena Natt,Female,Student,2524044,East,Bhubaneswar,Tamil Nadu
CUST01204,Vrinda Patel,Female,Consultant,2860562,North,Delhi,Jharkhand
CUST01205,Nihal Modi,Female,Lawyer,712202,East,Bhubaneswar,Kerala
CUST01206,Ethan Thakkar,Female,Accountant,1314169,East,Patna,Chhattisgarh
CUST01207,Upma Sachdeva,Female,Teacher,1613948,South,Hyderabad,Maharashtra
CUST01208,Ishwar Chana,Male,Doctor,350169,North,Jaipur,Telangana
CUST01209,Rushil Vasa,Male,Accountant,1774366,West,Mumbai,Haryana
CUST01210,Sara Bala,Female,Lawyer,1109834,South,Hyderabad,Karnataka
CUST01211,Hemal Mohan,Male,Engineer,2791997,North,Delhi,West Bengal
CUST01212,Jatin Bhatnagar,Male,Doctor,662330,South,Hyderabad,Uttar Pradesh
CUST01213,Yash Randhawa,Male,Doctor,1072855,South,Chennai,Uttar Pradesh
CUST01214,Tristan Narayanan,Female,Doctor,2979239,East,Bhubaneswar,Chhattisgarh
CUST01215,Udyati Bora,Female,Student,1379347,West,Ahmedabad,Goa
CUST01216,Ekantika Agate,Female,Engineer,1905575,South,Bangalore,Punjab
CUST01217,Karan Pandit,Male,Lawyer,1410084,West,Ahmedabad,Haryana
CUST01218,Max Khatri,Male,Accountant,1141667,South,Chennai,Bihar
CUST01219,Siddharth Taneja,Female,Doctor,903445,West,Mumbai,Uttarakhand
CUST01220,Abha Hayer,Male,Accountant,1386309,West,Mumbai,Meghalaya
CUST01221,Tanay Sarraf,Male,Doctor,2696392,North,Delhi,Assam
CUST01222,Tanay Bora,Male,Accountant,924340,East,Bhubaneswar,Maharashtra
CUST01223,Jyoti Jha,Female,Lawyer,935887,North,Delhi,Jharkhand
CUST01224,Zansi Roy,Male,Accountant,2305462,East,Bhubaneswar,Punjab
CUST01225,Jeet Varughese,Male,Business,313872,West,Ahmedabad,Uttar Pradesh
CUST01226,Harrison Shan,Female,Doctor,2679193,West,Pune,Assam
CUST01227,Gaurang Tara,Female,Consultant,531503,East,Bhubaneswar,Rajasthan
CUST01228,Jairaj Bedi,Female,Doctor,2227867,North,Chandigarh,Chhattisgarh
CUST01229,Gagan Uppal,Male,Teacher,2625638,East,Patna,Assam
CUST01230,Bakhshi Badami,Male,Lawyer,1936217,North,Chandigarh,Haryana
CUST01231,Hredhaan Sridhar,Female,Accountant,655939,North,Jaipur,Uttarakhand
CUST01232,Ojas Minhas,Male,Teacher,449729,West,Pune,Arunachal Pradesh
CUST01233,Mohini Pandey,Male,Accountant,1930609,South,Bangalore,Tamil Nadu
CUST01234,Maanav Narula,Female,Accountant,2539506,North,Jaipur,Mizoram
CUST01235,Janaki Karan,Male,Student,535109,West,Mumbai,Nagaland
CUST01236,Ishani Sachdeva,Male,Consultant,795712,East,Patna,Telangana
CUST01237,Dakshesh Sanghvi,Female,Teacher,2729952,South,Hyderabad,Arunachal Pradesh
CUST01238,Ishanvi Narula,Male,Teacher,2350573,South,Bangalore,Himachal Pradesh
CUST01239,Omkaar Ravel,Male,Business,847514,North,Chandigarh,Nagaland
CUST01240,Arin Sarna,Male,Lawyer,708073,North,Delhi,Gujarat
CUST01241,Vihaan Kanda,Male,Doctor,745985,West,Pune,Karnataka
CUST01242,Jagrati Yadav,Male,Doctor,1149938,North,Chandigarh,Uttarakhand
CUST01243,Yatin Manda,Female,Student,806682,West,Ahmedabad,Jharkhand
CUST01244,Neha Samra,Male,Engineer,2787579,South,Chennai,Meghalaya
CUST01245,Jacob Sarkar,Male,Doctor,1448792,South,Chennai,Nagaland
CUST01246,Yashasvi Khare,Male,Student,2621160,South,Chennai,Uttar Pradesh
CUST01247,Ekbal Dube,Male,Engineer,859398,South,Chennai,Chhattisgarh
CUST01248,Jacob Lad,Female,Teacher,365558,North,Jaipur,Sikkim
CUST01249,Zarna Thaman,Male,Engineer,1052512,West,Mumbai,West Bengal
CUST01250,George Dua,Female,Consultant,2296541,North,Jaipur,Arunachal Pradesh
CUST01251,William Bahri,Male,Lawyer,2493985,South,Bangalore,Jharkhand
CUST01252,Ishwar Chaudhry,Male,Teacher,2860781,West,Ahmedabad,Manipur
CUST01253,Aarna Dube,Male,Accountant,2867122,North,Jaipur,Manipur
CUST01254,Vinaya Sathe,Female,Student,2056515,North,Jaipur,Meghalaya
CUST01255,Anika Goswami,Male,Business,792863,North,Jaipur,Himachal Pradesh
CUST01256,Banjeet Nagy,Female,Business,2247063,North,Jaipur,Punjab
CUST01257,Anvi Choudhry,Male,Business,772610,South,Chennai,Tamil Nadu
CUST01258,Eesha Mannan,Female,Accountant,1039555,South,Hyderabad,Manipur
CUST01259,Kalpit Sehgal,Male,Engineer,1827536,South,Hyderabad,Uttar Pradesh
CUST01260,Laban Varty,Female,Lawyer,1702133,East,Kolkata,Odisha
CUST01261,Vedant Ben,Male,Engineer,2553853,West,Mumbai,Bihar
CUST01262,Rachana Das,Male,Accountant,2459662,South,Bangalore,Gujarat
CUST01263,Yug Setty,Male,Accountant,2785991,North,Delhi,Mizoram
CUST01264,Kabir Raval,Male,Student,1264955,East,Bhubaneswar,Manipur
CUST01265,Xavier Vig,Male,Doctor,1294546,North,Chandigarh,Meghalaya
CUST01266,Falak Pandit,Female,Business,608405,West,Mumbai,Sikkim
CUST01267,Ekbal Sangha,Female,Engineer,2128150,West,Pune,Maharashtra
CUST01268,Gavin Madan,Female,Teacher,1924581,South,Bangalore,Telangana
CUST01269,Abeer Samra,Female,Business,2950888,East,Kolkata,Karnataka
CUST01270,Megha Ganesan,Male,Student,833564,East,Bhubaneswar,Punjab
CUST01271,Balveer Biswas,Male,Lawyer,872528,North,Jaipur,Jharkhand
CUST01272,Bishakha Sankaran,Female,Consultant,1018070,North,Chandigarh,Meghalaya
CUST01273,Harini Ganesh,Female,Teacher,2975962,East,Kolkata,Odisha
CUST01274,Hritik Sankar,Male,Doctor,2026778,South,Hyderabad,Telangana
CUST01275,Nihal Munshi,Female,Accountant,1470927,West,Mumbai,West Bengal
CUST01276,Anika Venkatesh,Female,Business,1339480,North,Jaipur,Karnataka
CUST01277,Ethan Arya,Male,Teacher,2706275,East,Bhubaneswar,Meghalaya
CUST01278,Niharika Ratta,Male,Engineer,2274060,North,Chandigarh,Punjab
CUST01279,Mitesh Yogi,Female,Accountant,711038,North,Chandigarh,Tamil Nadu
CUST01280,Parth Sampath,Male,Doctor,2642464,West,Ahmedabad,Uttarakhand
CUST01281,Samuel Swaminathan,Female,Business,856634,North,Jaipur,Maharashtra
CUST01282,Daksh Vaidya,Male,Doctor,366815,East,Bhubaneswar,Goa
CUST01283,Baljiwan Buch,Female,Teacher,2226371,West,Pune,Tamil Nadu
CUST01284,Rudra D’Alia,Female,Teacher,2000204,North,Chandigarh,Andhra Pradesh
CUST01285,Vansha Comar,Female,Engineer,2931107,South,Chennai,Arunachal Pradesh
CUST01286,Damini Dora,Female,Engineer,1543988,North,Chandigarh,Haryana
CUST01287,Yasti Nori,Male,Doctor,2902377,West,Ahmedabad,Mizoram
CUST01288,Vinaya Buch,Male,Student,516269,East,Patna,Arunachal Pradesh
CUST01289,Deepa Deshmukh,Female,Accountant,2896833,North,Chandigarh,Andhra Pradesh
CUST01290,Ranveer Sachar,Female,Teacher,2643737,North,Chandigarh,Manipur
CUST01291,Tanmayi Vora,Male,Teacher,1704796,North,Jaipur,Madhya Pradesh
CUST01292,Arya Khosla,Male,Accountant,2733197,South,Hyderabad,Punjab
CUST01293,Jeremiah Pal,Male,Student,1779379,South,Hyderabad,Rajasthan
CUST01294,Ekbal Yohannan,Female,Lawyer,528421,East,Patna,Tamil Nadu
CUST01295,Unnati Gola,Female,Accountant,2339383,North,Chandigarh,Nagaland
CUST01296,Guneet Hari,Female,Accountant,2904458,North,Chandigarh,Madhya Pradesh
CUST01297,Rudra Bhagat,Male,Business,2220463,East,Patna,Punjab
CUST01298,Chandresh Dhingra,Female,Teacher,1509522,North,Delhi,Uttarakhand
CUST01299,Daniel Pai,Male,Lawyer,769865,North,Delhi,Madhya Pradesh
CUST01300,Yashoda Bhavsar,Male,Business,2483922,South,Chennai,Bihar
CUST01301,Chakrika Kala,Female,Teacher,2287701,North,Chandigarh,Tamil Nadu
CUST01302,Peter Chaudry,Female,Engineer,1522710,East,Bhubaneswar,Meghalaya
CUST01303,Naveen Chauhan,Male,Business,2479446,South,Bangalore,Telangana
CUST01304,Diya Hayre,Female,Student,2339054,East,Bhubaneswar,Andhra Pradesh
CUST01305,Nathan Boase,Female,Teacher,1585533,West,Ahmedabad,Telangana
CUST01306,Sarthak Reddy,Male,Accountant,1859871,South,Chennai,Andhra Pradesh
CUST01307,Hemangini Shetty,Male,Student,1492784,East,Kolkata,Jharkhand
CUST01308,Megha Rattan,Male,Lawyer,1064539,West,Mumbai,Assam
CUST01309,Omaja Sarkar,Male,Teacher,1297847,South,Hyderabad,Assam
CUST01310,Aayush Sehgal,Female,Teacher,2149220,North,Delhi,Mizoram
CUST01311,Theodore Ramaswamy,Male,Business,2659242,East,Bhubaneswar,Gujarat
CUST01312,Qushi Vaidya,Female,Student,920523,North,Jaipur,Manipur
CUST01313,Varenya Lad,Male,Lawyer,809566,East,Bhubaneswar,Karnataka
CUST01314,Faris Manda,Female,Teacher,2221162,North,Chandigarh,Sikkim
CUST01315,Amol Ahuja,Male,Student,1539655,East,Kolkata,Telangana
CUST01316,Anmol Warrior,Male,Accountant,1720545,West,Ahmedabad,Chhattisgarh
CUST01317,Garima Sahni,Female,Engineer,884783,North,Jaipur,Odisha
CUST01318,Advay Sarma,Male,Consultant,2890074,North,Chandigarh,Andhra Pradesh
CUST01319,Patrick Shroff,Female,Doctor,1668880,South,Chennai,Andhra Pradesh
CUST01320,Ronith Goel,Male,Business,1465711,North,Jaipur,Nagaland
CUST01321,Radhika Parikh,Male,Accountant,666485,South,Bangalore,Odisha
CUST01322,Girik Ben,Female,Student,2829886,West,Mumbai,Tamil Nadu
CUST01323,Shravya Ravi,Female,Consultant,920530,North,Jaipur,Assam
CUST01324,Zayyan Om,Female,Student,351131,West,Ahmedabad,Chhattisgarh
CUST01325,Rohan Pant,Female,Lawyer,2168881,East,Bhubaneswar,Goa
CUST01326,Chatresh Chand,Female,Consultant,2155997,North,Delhi,West Bengal
CUST01327,Yachana Dash,Female,Consultant,885389,East,Kolkata,Madhya Pradesh
CUST01328,Zarna Misra,Male,Lawyer,2290671,North,Delhi,Jharkhand
CUST01329,Joshua Zacharia,Female,Doctor,327761,East,Kolkata,Telangana
CUST01330,Amara Kata,Female,Consultant,1033554,West,Pune,Gujarat
CUST01331,Naveen Chandran,Male,Business,1080167,West,Pune,Odisha
CUST01332,Daniel Manne,Female,Engineer,1566650,West,Ahmedabad,Rajasthan
CUST01333,Vivaan Viswanathan,Female,Business,412575,East,Bhubaneswar,Tamil Nadu
CUST01334,Yashvi Bhandari,Female,Lawyer,2986683,North,Delhi,Himachal Pradesh
CUST01335,Maya Dey,Female,Consultant,1052341,West,Mumbai,Uttarakhand
CUST01336,Tanay Sabharwal,Male,Engineer,800609,West,Pune,Punjab
CUST01337,Omya Kade,Male,Student,2737166,East,Bhubaneswar,Goa
CUST01338,Zayyan Chaudhary,Female,Lawyer,2934006,West,Pune,Meghalaya
CUST01339,Ojasvi Balay,Male,Student,2449689,West,Pune,Karnataka
CUST01340,Libni Mukhopadhyay,Male,Engineer,912943,North,Chandigarh,Punjab
CUST01341,Sai Brar,Male,Student,984966,East,Bhubaneswar,Arunachal Pradesh
CUST01342,Amol Agrawal,Female,Consultant,2968613,North,Chandigarh,Assam
CUST01343,Chandresh Sekhon,Female,Lawyer,2521355,East,Kolkata,West Bengal
CUST01344,Kamala Ravel,Male,Teacher,696398,North,Jaipur,Assam
CUST01345,Krishna Gara,Female,Student,1562788,South,Hyderabad,Kerala
CUST01346,Shravya Mall,Female,Doctor,2541521,East,Patna,Maharashtra
CUST01347,Aahana Issac,Male,Teacher,2473365,East,Kolkata,Himachal Pradesh
CUST01348,Radha Mitra,Female,Consultant,1727376,East,Bhubaneswar,Andhra Pradesh
CUST01349,Tejas Raman,Male,Teacher,2411340,South,Bangalore,Goa
CUST01350,Madhav Mohan,Male,Consultant,2231440,South,Bangalore,Madhya Pradesh
CUST01351,Gautam Nazareth,Male,Engineer,2311245,North,Delhi,Mizoram
CUST01352,Nathan Bahl,Female,Teacher,2153621,East,Bhubaneswar,Uttar Pradesh
CUST01353,Charan Chanda,Female,Engineer,797431,East,Kolkata,Sikkim
CUST01354,Raghav Mangal,Male,Business,1589447,South,Bangalore,Jharkhand
CUST01355,Priya Bhakta,Male,Doctor,2081761,South,Bangalore,Arunachal Pradesh
CUST01356,Yashoda Shere,Male,Accountant,2108783,North,Delhi,Tripura
CUST01357,Advika Rao,Male,Engineer,2453687,North,Delhi,Odisha
CUST01358,Vamakshi Tara,Male,Lawyer,481535,North,Chandigarh,Gujarat
CUST01359,Divya Sheth,Male,Doctor,819227,North,Chandigarh,Uttar Pradesh
CUST01360,Vanya De,Male,Teacher,1774439,South,Hyderabad,Madhya Pradesh
CUST01361,Aradhana Rege,Male,Lawyer,2731653,North,Delhi,Telangana
CUST01362,Manbir Vyas,Male,Business,2417742,East,Bhubaneswar,Punjab
CUST01363,Oni Dara,Male,Business,1103408,North,Delhi,Himachal Pradesh
CUST01364,Siddharth Char,Male,Doctor,1197645,East,Kolkata,Jharkhand
CUST01365,Maanav Pai,Male,Accountant,750151,West,Ahmedabad,Goa
CUST01366,Falak Madan,Female,Consultant,1198730,South,Chennai,Chhattisgarh
CUST01367,Mitali Bhavsar,Male,Student,818480,South,Chennai,Gujarat
CUST01368,Wishi Chawla,Male,Accountant,1815194,West,Mumbai,Sikkim
CUST01369,Vedika Kapadia,Male,Doctor,1676215,East,Patna,Chhattisgarh
CUST01370,Bahadurjit Pal,Female,Lawyer,2216569,West,Mumbai,Uttar Pradesh
CUST01371,Sai Dewan,Female,Business,2623291,East,Patna,Odisha
CUST01372,Udyati Dey,Female,Business,591961,West,Ahmedabad,Kerala
CUST01373,Harini Chawla,Female,Teacher,353627,West,Pune,Telangana
CUST01374,Elijah Vyas,Male,Consultant,2137349,West,Pune,Uttarakhand
CUST01375,Sanya Varghese,Male,Consultant,1980340,North,Delhi,Haryana
CUST01376,Neelima Pau,Male,Doctor,1825510,North,Jaipur,Kerala
CUST01377,Faris Deshmukh,Male,Consultant,814901,South,Chennai,Jharkhand
CUST01378,Dalaja Brar,Female,Lawyer,2740743,South,Chennai,Odisha
CUST01379,Kala Puri,Female,Student,2295760,East,Patna,Arunachal Pradesh
CUST01380,Elijah Nigam,Female,Teacher,2206876,West,Ahmedabad,Tripura
CUST01381,Hiral Verma,Female,Accountant,2385717,North,Delhi,Arunachal Pradesh
CUST01382,Charles Sastry,Male,Engineer,717766,South,Hyderabad,Maharashtra
CUST01383,Farhan Wali,Female,Engineer,1051181,North,Delhi,Andhra Pradesh
CUST01384,Patrick Mahal,Female,Teacher,1569836,West,Pune,Madhya Pradesh
CUST01385,Advaith Dalal,Female,Accountant,1146963,North,Delhi,Maharashtra
CUST01386,Rajata Swaminathan,Female,Accountant,2417262,East,Patna,Meghalaya
CUST01387,Vasatika Jaggi,Female,Engineer,432533,East,Patna,Tripura
CUST01388,Rushil Brahmbhatt,Female,Accountant,1619356,West,Mumbai,Uttar Pradesh
CUST01389,Krishna Rattan,Female,Engineer,437823,West,Ahmedabad,Telangana
CUST01390,Nirja Naik,Female,Teacher,2361414,South,Hyderabad,Rajasthan
CUST01391,Champak Bali,Female,Consultant,2344534,West,Mumbai,Rajasthan
CUST01392,Orinder Dass,Female,Accountant,2296115,North,Jaipur,Arunachal Pradesh
CUST01393,Ucchal Dhingra,Male,Consultant,1404741,South,Hyderabad,Himachal Pradesh
CUST01394,Qasim Palan,Female,Student,1493017,West,Pune,Gujarat
CUST01395,Gaurangi Vohra,Male,Engineer,837701,East,Kolkata,Arunachal Pradesh
CUST01396,Unni Badami,Male,Student,1896240,East,Bhubaneswar,Madhya Pradesh
CUST01397,Isaac Sridhar,Female,Student,2027757,North,Chandigarh,Andhra Pradesh
CUST01398,Jalsa Parekh,Male,Business,1284076,East,Kolkata,Rajasthan
CUST01399,Priya Wadhwa,Male,Doctor,1578895,East,Patna,Andhra Pradesh
CUST01400,Rishi Mand,Male,Engineer,2558283,North,Chandigarh,Andhra Pradesh
CUST01401,Eshana Dara,Female,Consultant,2682571,East,Kolkata,Jharkhand
CUST01402,Raghav Menon,Male,Accountant,2766205,West,Ahmedabad,Tamil Nadu
CUST01403,Jai Gera,Female,Consultant,1652333,North,Chandigarh,Kerala
CUST01404,Neha Jha,Male,Business,1709149,North,Chandigarh,Haryana
CUST01405,Gaurika Mitra,Female,Teacher,2878775,West,Pune,Sikkim
CUST01406,Ishanvi Ranganathan,Female,Business,2384366,East,Bhubaneswar,Mizoram
CUST01407,Samaksh Ghose,Male,Lawyer,1412141,North,Jaipur,Madhya Pradesh
CUST01408,Henry Varkey,Female,Business,2919646,North,Chandigarh,Andhra Pradesh
CUST01409,Chaitanya Nayar,Male,Student,1446575,North,Jaipur,Tripura
CUST01410,Nakul Sekhon,Female,Consultant,1179709,North,Jaipur,Meghalaya
CUST01411,Nitesh Bahri,Female,Lawyer,2115758,East,Kolkata,Uttarakhand
CUST01412,Kamala Goswami,Female,Consultant,1353880,East,Kolkata,Mizoram
CUST01413,Owen Kumar,Male,Engineer,2933368,West,Pune,Kerala
CUST01414,Pratyush Rajagopal,Female,Business,2259978,South,Hyderabad,Arunachal Pradesh
CUST01415,Harita Puri,Female,Engineer,2490557,East,Patna,Karnataka
CUST01416,Radha Shroff,Female,Teacher,1308201,South,Chennai,Gujarat
CUST01417,Ekavir Lad,Female,Consultant,2020756,South,Hyderabad,Manipur
CUST01418,Yashvi Bains,Male,Consultant,1419605,East,Kolkata,Uttar Pradesh
CUST01419,Nicholas Loke,Male,Lawyer,2821750,East,Patna,Punjab
CUST01420,Jagrati Uppal,Male,Doctor,928987,South,Chennai,Telangana
CUST01421,Jeet Mittal,Male,Lawyer,2246826,South,Bangalore,Uttar Pradesh
CUST01422,Ishanvi Som,Female,Consultant,455204,West,Pune,Karnataka
CUST01423,Dipta Dewan,Female,Teacher,422229,South,Bangalore,Madhya Pradesh
CUST01424,Madhavi Chander,Male,Engineer,2337768,East,Bhubaneswar,Manipur
CUST01425,Nathaniel Wagle,Male,Student,2823292,North,Delhi,Andhra Pradesh
CUST01426,Luke Bhavsar,Female,Student,678772,East,Kolkata,Andhra Pradesh
CUST01427,Warhi Bajwa,Male,Business,769478,West,Pune,Uttar Pradesh
CUST01428,Brijesh Raghavan,Female,Accountant,678530,North,Jaipur,Maharashtra
CUST01429,Hemani Sandal,Male,Student,1681125,South,Hyderabad,West Bengal
CUST01430,Baljiwan Nori,Male,Consultant,1214393,West,Pune,Maharashtra
CUST01431,Jack Iyer,Male,Business,1451534,South,Bangalore,Bihar
CUST01432,Jason Hegde,Female,Engineer,2356712,West,Ahmedabad,Bihar
CUST01433,Vrishti Hora,Male,Student,2589020,East,Patna,Odisha
CUST01434,Gaurang Sha,Male,Lawyer,907803,West,Ahmedabad,Assam
CUST01435,Jeevika Mitter,Female,Lawyer,388391,East,Bhubaneswar,Jharkhand
CUST01436,Chavvi Behl,Male,Business,1361087,North,Jaipur,Haryana
CUST01437,Reva Wali,Female,Doctor,2543578,West,Ahmedabad,Nagaland
CUST01438,Neelima Cherian,Female,Engineer,1948258,South,Chennai,Mizoram
CUST01439,Hamsini Bali,Male,Business,1547482,East,Bhubaneswar,West Bengal
CUST01440,Anmol Jani,Female,Student,2004098,South,Bangalore,Karnataka
CUST01441,Jai Kar,Male,Accountant,2275900,North,Chandigarh,Haryana
CUST01442,Jason Kata,Female,Doctor,972528,West,Ahmedabad,Andhra Pradesh
CUST01443,Yashoda Gour,Male,Student,2065258,East,Patna,Tripura
CUST01444,Manan Soni,Male,Engineer,2990112,East,Bhubaneswar,Jharkhand
CUST01445,Omkaar Ramachandran,Female,Teacher,312900,South,Hyderabad,Karnataka
CUST01446,Reyansh Ganesan,Female,Student,2715119,West,Mumbai,Kerala
CUST01447,Advik Kulkarni,Male,Business,2465795,North,Delhi,Tripura
CUST01448,Chandani Dubey,Female,Student,2193685,South,Hyderabad,Assam
CUST01449,Jatin Madan,Male,Lawyer,1027623,West,Pune,Tripura
CUST01450,Aarush Ramaswamy,Male,Doctor,2038524,East,Bhubaneswar,Mizoram
CUST01451,Aarnav Basu,Female,Consultant,2692391,East,Kolkata,Mizoram
CUST01452,Dakshesh Patla,Male,Business,673194,South,Bangalore,Rajasthan
CUST01453,Aditya Chakraborty,Female,Teacher,508804,West,Mumbai,Gujarat
CUST01454,Bhavna Sachdev,Female,Lawyer,926004,West,Pune,Bihar
CUST01455,Oviya Seth,Male,Doctor,359202,North,Chandigarh,Gujarat
CUST01456,Jagrati Pathak,Female,Doctor,1241553,West,Ahmedabad,Maharashtra
CUST01457,Dakshesh Chaudry,Female,Lawyer,2372691,South,Bangalore,Uttarakhand
CUST01458,Chaitanya Chaudhuri,Female,Business,2816929,West,Mumbai,Andhra Pradesh
CUST01459,Jasmit Sharaf,Male,Consultant,1056526,South,Chennai,Chhattisgarh
CUST01460,Balhaar Borah,Male,Lawyer,1398066,West,Mumbai,Jharkhand
CUST01461,Lavanya Nair,Female,Business,1850373,South,Hyderabad,Tamil Nadu
CUST01462,Aarini Goda,Male,Accountant,858701,West,Mumbai,Jharkhand
CUST01463,Kai Chakrabarti,Female,Business,1908496,East,Patna,Uttarakhand
CUST01464,Vrinda Barad,Female,Doctor,699630,West,Pune,Madhya Pradesh
CUST01465,Shivani Shukla,Female,Business,2275233,North,Delhi,Mizoram
CUST01466,Kala Kulkarni,Male,Engineer,1363914,East,Patna,Karnataka
CUST01467,Hardik Krishna,Female,Student,854647,West,Ahmedabad,Kerala
CUST01468,Advika Shenoy,Male,Lawyer,1012471,North,Jaipur,Uttar Pradesh
CUST01469,Gaurav Kibe,Female,Teacher,676010,West,Ahmedabad,Madhya Pradesh
CUST01470,Charan Brahmbhatt,Female,Teacher,1392221,East,Patna,Kerala
CUST01471,Naveen Kurian,Male,Teacher,2393841,North,Chandigarh,Uttar Pradesh
CUST01472,Tanay Morar,Female,Consultant,1486675,East,Patna,Maharashtra
CUST01473,Divya Dasgupta,Female,Student,2127774,East,Patna,Andhra Pradesh
CUST01474,Hemangini Andra,Female,Teacher,2630668,South,Chennai,Telangana
CUST01475,Hemang Bahri,Male,Teacher,528871,West,Mumbai,Rajasthan
CUST01476,Upma Kadakia,Male,Accountant,1391458,South,Bangalore,Himachal Pradesh
CUST01477,Gaurav Chadha,Female,Consultant,786640,South,Hyderabad,Sikkim
CUST01478,Rajeshri Baral,Female,Student,2652394,West,Mumbai,West Bengal
CUST01479,Dayita Bhatti,Female,Doctor,920982,West,Ahmedabad,Arunachal Pradesh
CUST01480,Urvi Chaudhry,Male,Business,1491670,North,Chandigarh,Sikkim
CUST01481,Elijah Kota,Female,Business,2747575,South,Bangalore,Odisha
CUST01482,Rishi Wagle,Male,Consultant,622271,North,Jaipur,Gujarat
CUST01483,Ridhi Gandhi,Male,Student,408893,South,Chennai,Mizoram
CUST01484,Inaya Vasa,Male,Consultant,1866817,East,Patna,Punjab
CUST01485,Simon Munshi,Male,Engineer,640003,North,Chandigarh,Karnataka
CUST01486,Siddharth Boase,Female,Accountant,2935519,West,Pune,Tripura
CUST01487,Hemal Karan,Male,Student,483907,East,Patna,Haryana
CUST01488,Praneel Sane,Male,Business,504188,West,Ahmedabad,Manipur
CUST01489,Om Sane,Male,Doctor,2594939,East,Bhubaneswar,Arunachal Pradesh
CUST01490,Jason Nagarajan,Female,Lawyer,1046631,West,Mumbai,Kerala
CUST01491,Maanav Barad,Male,Engineer,1173349,South,Chennai,Odisha
CUST01492,Samesh Balasubramanian,Female,Lawyer,946487,South,Chennai,Assam
CUST01493,Aashi Krishnamurthy,Female,Consultant,1600659,North,Chandigarh,Madhya Pradesh
CUST01494,Anvi Madan,Male,Student,2450223,South,Chennai,Assam
CUST01495,Vedika Ranganathan,Female,Consultant,2298332,South,Chennai,Andhra Pradesh
CUST01496,Darpan Kannan,Female,Doctor,2072245,East,Patna,Meghalaya
CUST01497,Nirja Nadkarni,Male,Consultant,2945289,East,Patna,Bihar
CUST01498,Madhav Nayak,Male,Student,2244164,West,Mumbai,Jharkhand
CUST01499,Tanmayi Dash,Male,Accountant,2511567,South,Hyderabad,Punjab
CUST01500,Ucchal Garde,Female,Consultant,632118,North,Chandigarh,Tamil Nadu
CUST01501,Azad Bhatnagar,Male,Teacher,1560005,West,Ahmedabad,Goa
CUST01502,Xiti Kari,Female,Lawyer,2684611,South,Hyderabad,Jharkhand
CUST01503,Hardik Mallick,Male,Engineer,2453416,North,Jaipur,Andhra Pradesh
CUST01504,Advika Sarna,Female,Consultant,696296,North,Jaipur,Manipur
CUST01505,Jhalak Brahmbhatt,Female,Student,1368961,West,Pune,Himachal Pradesh
CUST01506,Vivaan Sura,Male,Doctor,2241455,North,Jaipur,Himachal Pradesh
CUST01507,Hema Bath,Female,Engineer,649345,South,Bangalore,Chhattisgarh
CUST01508,Jonathan Ray,Female,Student,2762930,West,Pune,West Bengal
CUST01509,Vedant Saini,Female,Lawyer,1731660,West,Pune,Andhra Pradesh
CUST01510,Umang Tata,Male,Doctor,2833581,South,Bangalore,Meghalaya
CUST01511,Gagan Mani,Male,Consultant,2541335,East,Patna,Goa
CUST01512,Aadi Solanki,Female,Doctor,355803,North,Delhi,West Bengal
CUST01513,Jason Raval,Female,Accountant,1999077,South,Hyderabad,Telangana
CUST01514,Adweta Kalita,Female,Consultant,1569434,West,Ahmedabad,Kerala
CUST01515,Mekhala Parekh,Male,Engineer,1100281,North,Delhi,Meghalaya
CUST01516,Ekantika Narula,Male,Engineer,1177572,North,Delhi,Nagaland
CUST01517,Om Gaba,Male,Business,2127829,West,Pune,Tripura
CUST01518,Frado Agate,Female,Accountant,921451,South,Bangalore,Himachal Pradesh
CUST01519,Neelima Bumb,Male,Doctor,996696,West,Ahmedabad,Tripura
CUST01520,Vasana Narayanan,Female,Accountant,2277569,South,Hyderabad,Goa
CUST01521,Gaurangi Saini,Male,Business,1536612,North,Chandigarh,Uttar Pradesh
CUST01522,Ucchal Pau,Female,Engineer,730602,West,Mumbai,Sikkim
CUST01523,Finn Karan,Female,Lawyer,455261,West,Ahmedabad,Punjab
CUST01524,Harini Sahota,Female,Accountant,1272683,West,Ahmedabad,Uttarakhand
CUST01525,Samuel Parikh,Male,Consultant,2717610,North,Jaipur,Tripura
CUST01526,Yatin Sekhon,Male,Lawyer,2049601,East,Patna,Himachal Pradesh
CUST01527,Riya Divan,Female,Student,2180412,West,Mumbai,Himachal Pradesh
CUST01528,Falguni Chopra,Male,Lawyer,1106150,West,Mumbai,Sikkim
CUST01529,Nihal Mukhopadhyay,Female,Business,2429179,West,Ahmedabad,Tamil Nadu
CUST01530,Rachita Naidu,Female,Accountant,850118,South,Hyderabad,Nagaland
CUST01531,Hardik Lal,Female,Consultant,1811021,East,Patna,Manipur
CUST01532,Nachiket Aurora,Male,Lawyer,661515,West,Mumbai,Gujarat
CUST01533,Rushil Babu,Male,Business,955628,West,Mumbai,Himachal Pradesh
CUST01534,Vaishnavi Palla,Female,Accountant,1573608,West,Mumbai,Madhya Pradesh
CUST01535,Samarth Luthra,Male,Engineer,1804860,South,Bangalore,Gujarat
CUST01536,Ishanvi Balay,Male,Teacher,2411743,East,Bhubaneswar,Odisha
CUST01537,Bhavna Pandit,Female,Consultant,778021,North,Delhi,Mizoram
CUST01538,Tristan Ravi,Male,Accountant,1381384,South,Bangalore,Haryana
CUST01539,Charan Narang,Male,Lawyer,934088,East,Bhubaneswar,Maharashtra
CUST01540,Unnati Hegde,Male,Accountant,2217365,North,Jaipur,Uttar Pradesh
CUST01541,Isaac Vala,Male,Engineer,2427794,North,Delhi,Manipur
CUST01542,Banjeet Parmar,Male,Business,1816821,North,Delhi,Maharashtra
CUST01543,Dayamai Bhargava,Female,Accountant,2421884,South,Hyderabad,Odisha
CUST01544,Samaksh Ram,Male,Teacher,1825623,West,Pune,Karnataka
CUST01545,Varsha Jani,Male,Business,2141754,East,Kolkata,Meghalaya
CUST01546,Chanakya Bhatt,Male,Accountant,1731600,West,Mumbai,Telangana
CUST01547,Jeremiah Jaggi,Male,Doctor,1415750,East,Patna,Kerala
CUST01548,Varsha Chakrabarti,Female,Student,2940064,East,Patna,Andhra Pradesh
CUST01549,Amara Talwar,Female,Business,878790,South,Bangalore,Telangana
CUST01550,Samuel Ganguly,Female,Accountant,2464912,West,Ahmedabad,Gujarat
CUST01551,Tanveer Sane,Female,Teacher,341727,East,Kolkata,Sikkim
CUST01552,Michael Lala,Female,Student,1984645,North,Delhi,Maharashtra
CUST01553,Jackson Nagi,Male,Consultant,455582,South,Chennai,Maharashtra
CUST01554,Maya Kala,Male,Lawyer,2058693,South,Hyderabad,Manipur
CUST01555,Pranit Pathak,Female,Student,1743500,West,Pune,Assam
CUST01556,Bakhshi Bajwa,Male,Consultant,2171452,North,Chandigarh,Sikkim
CUST01557,Hiral Grover,Female,Student,1996619,South,Hyderabad,Rajasthan
CUST01558,Madhav Peri,Male,Engineer,2554159,South,Chennai,West Bengal
CUST01559,Zaitra Mukherjee,Male,Lawyer,1196467,East,Bhubaneswar,Bihar
CUST01560,Jalsa Mutti,Female,Student,2966258,North,Jaipur,Karnataka
CUST01561,Nidra Anand,Male,Lawyer,1312252,South,Bangalore,Odisha
CUST01562,Victor Golla,Female,Doctor,551430,East,Patna,Manipur
CUST01563,Idika Bora,Female,Doctor,500206,East,Bhubaneswar,Gujarat
CUST01564,Xavier Narang,Female,Engineer,2200636,North,Chandigarh,Goa
CUST01565,Janani Mand,Male,Student,1554942,East,Kolkata,Sikkim
CUST01566,Qadim Chand,Male,Consultant,2479639,East,Patna,Odisha
CUST01567,Chavvi Sastry,Female,Business,1815265,South,Bangalore,Jharkhand
CUST01568,Ekiya Bassi,Male,Consultant,2028275,West,Mumbai,Uttar Pradesh
CUST01569,Utkarsh Dhingra,Male,Consultant,845525,North,Delhi,Chhattisgarh
CUST01570,Gavin Chaudhry,Female,Doctor,1848932,West,Mumbai,Tripura
CUST01571,Parth Baria,Female,Lawyer,2750747,West,Pune,Manipur
CUST01572,Hema Tella,Female,Accountant,2353284,West,Pune,Punjab
CUST01573,Joshua Khare,Male,Teacher,2333249,West,Mumbai,Sikkim
CUST01574,Harrison Padmanabhan,Male,Business,2210221,West,Mumbai,Kerala
CUST01575,Zilmil Bajwa,Male,Student,798140,West,Mumbai,Chhattisgarh
CUST01576,Benjamin Prakash,Male,Student,2698155,West,Mumbai,Tripura
CUST01577,Vanya Divan,Male,Doctor,1858047,East,Kolkata,Karnataka
CUST01578,Ikbal Krishnamurthy,Female,Lawyer,2338119,East,Bhubaneswar,Haryana
CUST01579,Luke Choudhury,Male,Consultant,504057,North,Delhi,West Bengal
CUST01580,Devika Jha,Male,Teacher,2350149,East,Bhubaneswar,Kerala
CUST01581,Kevin Uppal,Female,Doctor,487411,North,Delhi,Tamil Nadu
CUST01582,Neha Garg,Female,Accountant,1716933,West,Ahmedabad,Sikkim
CUST01583,Ria Sant,Male,Teacher,2417133,West,Ahmedabad,Jharkhand
CUST01584,Qadim Shroff,Female,Teacher,1664055,West,Ahmedabad,Manipur
CUST01585,Benjamin Mukhopadhyay,Female,Consultant,1276527,North,Jaipur,Andhra Pradesh
CUST01586,Timothy Nanda,Male,Accountant,1463395,West,Ahmedabad,Chhattisgarh
CUST01587,Farhan Anne,Male,Lawyer,2653190,North,Delhi,Sikkim
CUST01588,Pallavi Varghese,Male,Business,2895032,North,Jaipur,Manipur
CUST01589,Faraj Virk,Male,Accountant,2408219,North,Jaipur,Manipur
CUST01590,Aarav Shukla,Male,Engineer,1453276,North,Delhi,Goa
CUST01591,Rayaan Raval,Female,Doctor,2537845,South,Bangalore,Uttar Pradesh
CUST01592,Aachal Merchant,Male,Accountant,397573,East,Bhubaneswar,Manipur
CUST01593,Nihal Baria,Male,Consultant,400902,East,Bhubaneswar,West Bengal
CUST01594,Charita Rai,Female,Doctor,780854,East,Bhubaneswar,Jharkhand
CUST01595,Yachana Pall,Male,Lawyer,904123,North,Jaipur,Mizoram
CUST01596,Mekhala Ganesh,Male,Teacher,1586788,South,Chennai,Rajasthan
CUST01597,Vritti Balay,Male,Engineer,2877296,West,Pune,Manipur
CUST01598,Ayushman Rattan,Male,Engineer,1550004,East,Kolkata,Goa
CUST01599,Ekansh Kothari,Female,Teacher,2031504,West,Mumbai,Himachal Pradesh
CUST01600,Pranav Subramanian,Female,Doctor,517592,East,Bhubaneswar,Uttar Pradesh
CUST01601,Dayamai Seth,Male,Accountant,2433312,South,Bangalore,Punjab
CUST01602,Umang Choudhry,Female,Engineer,1635199,West,Mumbai,Madhya Pradesh
CUST01603,Gaurika Borra,Female,Doctor,2330762,West,Pune,Mizoram
CUST01604,Nihal Sundaram,Male,Engineer,1428937,North,Chandigarh,Tamil Nadu
CUST01605,Vedika Dani,Male,Lawyer,2683394,North,Delhi,Kerala
CUST01606,Shaurya Bhalla,Male,Business,897130,West,Ahmedabad,Sikkim
CUST01607,Meghana Kota,Male,Business,2554587,East,Patna,Mizoram
CUST01608,Frado Buch,Female,Engineer,304198,West,Pune,Andhra Pradesh
CUST01609,Lucky Setty,Female,Teacher,302277,West,Pune,Uttarakhand
CUST01610,Chameli Keer,Female,Lawyer,1894479,North,Chandigarh,Mizoram
CUST01611,Yug Ramakrishnan,Male,Lawyer,490776,East,Patna,Arunachal Pradesh
CUST01612,Hiral Varty,Male,Lawyer,676292,South,Hyderabad,Odisha
CUST01613,Reyansh Rao,Male,Teacher,2634042,West,Pune,Telangana
CUST01614,Baljiwan Jain,Male,Student,1737116,East,Bhubaneswar,Gujarat
CUST01615,Vasatika Dutt,Female,Lawyer,1331497,East,Patna,Uttarakhand
CUST01616,Niharika Bhat,Male,Accountant,2814542,East,Bhubaneswar,Maharashtra
CUST01617,Jonathan Master,Male,Engineer,2853436,East,Kolkata,West Bengal
CUST01618,Sanaya Sule,Male,Teacher,2032931,West,Mumbai,Gujarat
CUST01619,Harshil Sharma,Male,Doctor,2559259,West,Ahmedabad,Sikkim
CUST01620,Saumya Saxena,Female,Doctor,1780567,North,Jaipur,Uttarakhand
CUST01621,Unni Rout,Female,Consultant,1043174,West,Pune,Mizoram
CUST01622,Siya Chatterjee,Female,Student,1109462,North,Delhi,Andhra Pradesh
CUST01623,Wriddhish Banik,Male,Engineer,1479163,West,Mumbai,Nagaland
CUST01624,Bakhshi Khatri,Male,Lawyer,1227560,East,Kolkata,Goa
CUST01625,Suhani Bal,Female,Engineer,1477577,South,Chennai,Andhra Pradesh
CUST01626,Upadhriti Lall,Male,Engineer,1122447,West,Pune,Kerala
CUST01627,Liam Sridhar,Female,Accountant,1015032,West,Mumbai,Gujarat
CUST01628,Geetika Bhagat,Male,Doctor,2766941,South,Hyderabad,Gujarat
CUST01629,Samesh Saha,Male,Teacher,1388943,South,Hyderabad,Meghalaya
CUST01630,Oscar Parmer,Female,Business,396961,South,Hyderabad,Tamil Nadu
CUST01631,Arin Sheth,Female,Engineer,2091447,East,Patna,Maharashtra
CUST01632,Daksha Chaudry,Female,Consultant,1449388,North,Chandigarh,Nagaland
CUST01633,Nandini Muni,Female,Accountant,1816122,North,Jaipur,Uttarakhand
CUST01634,Saksham Shenoy,Male,Engineer,1465735,North,Jaipur,Himachal Pradesh
CUST01635,Aishani Minhas,Female,Student,321639,West,Pune,Jharkhand
CUST01636,Madhavi Ray,Female,Doctor,2698385,West,Mumbai,Telangana
CUST01637,Lekha Guha,Male,Consultant,612225,North,Jaipur,Uttar Pradesh
CUST01638,Teerth Vohra,Male,Student,1603614,South,Bangalore,Odisha
CUST01639,Chaitanya Sahota,Male,Engineer,2313125,North,Jaipur,Himachal Pradesh
CUST01640,Quincy Malhotra,Female,Lawyer,1336637,West,Mumbai,Assam
CUST01641,Siddharth Thaker,Male,Student,528307,North,Chandigarh,Jharkhand
CUST01642,Upkaar Sachdeva,Male,Doctor,2816434,East,Patna,Andhra Pradesh
CUST01643,Manbir Rattan,Female,Doctor,658758,West,Mumbai,Assam
CUST01644,Gabriel Singh,Female,Student,572748,North,Delhi,Bihar
CUST01645,Oni Kuruvilla,Female,Engineer,1564461,South,Bangalore,Arunachal Pradesh
CUST01646,Chaman Sarraf,Male,Engineer,2645698,West,Mumbai,Arunachal Pradesh
CUST01647,Anvi Datta,Female,Consultant,701941,North,Chandigarh,Manipur
CUST01648,Harsh Gopal,Male,Accountant,1910277,West,Mumbai,Tamil Nadu
CUST01649,Maanas Parikh,Male,Student,408934,West,Ahmedabad,Haryana
CUST01650,Amaira Balakrishnan,Female,Business,753012,West,Pune,West Bengal
CUST01651,Zayyan Aggarwal,Male,Business,2704225,North,Delhi,Himachal Pradesh
CUST01652,Baghyawati Ghose,Female,Student,2065831,South,Hyderabad,Tripura
CUST01653,Akshay Lad,Female,Teacher,1319855,West,Pune,Maharashtra
CUST01654,Rachana Goswami,Male,Teacher,1607225,South,Bangalore,Tripura
CUST01655,Agastya Rege,Female,Lawyer,2748072,West,Pune,Gujarat
CUST01656,Sai Sarna,Female,Lawyer,2830547,South,Bangalore,Chhattisgarh
CUST01657,Jatin Nadkarni,Female,Engineer,2471309,East,Bhubaneswar,Rajasthan
CUST01658,Upkaar Padmanabhan,Male,Engineer,2070252,South,Bangalore,Arunachal Pradesh
CUST01659,Ekaja Lalla,Male,Business,586906,East,Kolkata,Telangana
CUST01660,Ikbal Dutta,Female,Accountant,2815585,East,Kolkata,Gujarat
CUST01661,Caleb Goda,Female,Lawyer,2056135,East,Patna,Gujarat
CUST01662,Brinda Lal,Male,Accountant,476966,East,Kolkata,Himachal Pradesh
CUST01663,Nisha Rout,Male,Business,1265839,West,Mumbai,Uttar Pradesh
CUST01664,Mugdha Sagar,Male,Business,2316395,West,Pune,Tripura
CUST01665,Radhika Manda,Female,Business,1979032,East,Patna,Jharkhand
CUST01666,Urvi Deshpande,Female,Engineer,609250,South,Bangalore,Bihar
CUST01667,Ekaja Nagy,Male,Teacher,1518764,East,Kolkata,Odisha
CUST01668,Bahadurjit Madan,Female,Engineer,424510,West,Mumbai,Bihar
CUST01669,Tanay Krishna,Female,Teacher,1218322,South,Bangalore,Kerala
CUST01670,Dakshesh Kapoor,Male,Student,2625762,East,Patna,Jharkhand
CUST01671,Lila Pal,Male,Engineer,1038522,South,Bangalore,Jharkhand
CUST01672,Bhavani Krishnan,Male,Teacher,1889317,East,Kolkata,Rajasthan
CUST01673,Advika Narang,Male,Lawyer,2213456,North,Chandigarh,Uttarakhand
CUST01674,Avi Sunder,Female,Teacher,2510090,South,Chennai,West Bengal
CUST01675,Nicholas Andra,Male,Doctor,905792,West,Pune,Kerala
CUST01676,Nimrat Vaidya,Male,Consultant,1869740,South,Bangalore,West Bengal
CUST01677,Upkaar Banerjee,Female,Business,493756,East,Patna,Uttarakhand
CUST01678,Aachal Varty,Female,Teacher,1674392,South,Hyderabad,Manipur
CUST01679,Charles Rama,Female,Teacher,2431836,South,Bangalore,Uttar Pradesh
CUST01680,Edhitha Garg,Male,Accountant,2879020,West,Mumbai,Bihar
CUST01681,Eiravati Borde,Female,Student,2391228,North,Delhi,Uttarakhand
CUST01682,Chakradhar Raval,Female,Student,2504004,West,Mumbai,Haryana
CUST01683,Aadhya Bir,Female,Accountant,1425480,West,Pune,Maharashtra
CUST01684,Dalaja Chad,Male,Business,1220759,West,Pune,Jharkhand
CUST01685,Sanaya Yogi,Male,Consultant,1216848,South,Chennai,Manipur
CUST01686,Qarin Pai,Female,Teacher,1869119,East,Bhubaneswar,Meghalaya
CUST01687,Tanay Luthra,Male,Teacher,652439,East,Patna,West Bengal
CUST01688,Ubika Ray,Female,Business,2749315,East,Bhubaneswar,Nagaland
CUST01689,Isha Sodhi,Female,Consultant,2192265,North,Chandigarh,Uttar Pradesh
CUST01690,Maanas Vala,Female,Student,2386846,West,Ahmedabad,West Bengal
CUST01691,Finn Mammen,Female,Engineer,1053153,East,Bhubaneswar,Gujarat
CUST01692,Hemang Bhakta,Female,Doctor,1806144,West,Mumbai,Sikkim
CUST01693,Darpan Dyal,Male,Lawyer,1255217,North,Chandigarh,Madhya Pradesh
CUST01694,Chavvi Mander,Male,Student,460563,North,Delhi,Manipur
CUST01695,Avi Sane,Male,Student,1348675,South,Chennai,Andhra Pradesh
CUST01696,Baghyawati Amble,Female,Business,2833502,East,Patna,Andhra Pradesh
CUST01697,Arunima Bansal,Female,Engineer,1556085,South,Hyderabad,Bihar
CUST01698,Ekalinga Sinha,Female,Consultant,2732502,East,Bhubaneswar,Jharkhand
CUST01699,Anusha Keer,Male,Consultant,1254533,North,Chandigarh,Madhya Pradesh
CUST01700,Idika Krishna,Male,Accountant,1280306,South,Hyderabad,Haryana
CUST01701,Pushti Deol,Female,Student,660189,West,Pune,Assam
CUST01702,Advika Sinha,Female,Consultant,1179062,East,Kolkata,Kerala
CUST01703,Vanya Pal,Male,Student,882799,West,Ahmedabad,Nagaland
CUST01704,Mohini Kari,Male,Accountant,1787562,South,Chennai,Rajasthan
CUST01705,Jatin Acharya,Female,Consultant,1991851,East,Kolkata,West Bengal
CUST01706,Devika Keer,Male,Engineer,883573,East,Bhubaneswar,Andhra Pradesh
CUST01707,Balveer Nazareth,Female,Consultant,1156496,South,Chennai,Rajasthan
CUST01708,Chakrika Bhat,Female,Business,2291361,West,Mumbai,Himachal Pradesh
CUST01709,Darsh Wali,Female,Lawyer,691083,North,Chandigarh,Tripura
CUST01710,Nidra Nagar,Male,Engineer,2830691,South,Bangalore,Punjab
CUST01711,Gautami Bhagat,Male,Business,591466,West,Mumbai,Manipur
CUST01712,Harshil Goel,Male,Business,1520985,West,Ahmedabad,West Bengal
CUST01713,Ranbir Sankar,Male,Student,2474879,North,Chandigarh,Rajasthan
CUST01714,Devika Saran,Female,Consultant,1940414,North,Delhi,Chhattisgarh
CUST01715,Janya Hari,Male,Consultant,2305930,South,Bangalore,Kerala
CUST01716,Upkaar De,Male,Teacher,1162671,North,Chandigarh,Rajasthan
CUST01717,Yashasvi Chaudhuri,Female,Teacher,2832140,East,Bhubaneswar,Andhra Pradesh
CUST01718,Varenya Buch,Male,Accountant,1455283,East,Patna,Meghalaya
CUST01719,Mitesh Palla,Male,Accountant,568309,South,Bangalore,Bihar
CUST01720,Harshil Sha,Male,Student,2687519,West,Pune,Gujarat
CUST01721,Adya Munshi,Female,Engineer,682112,West,Ahmedabad,Meghalaya
CUST01722,Jacob Walia,Female,Student,1547590,East,Patna,Uttar Pradesh
CUST01723,Urvi Narayan,Male,Consultant,1344947,West,Pune,Himachal Pradesh
CUST01724,Pratyush Raval,Female,Accountant,1913401,South,Hyderabad,Tripura
CUST01725,Aarav Kannan,Male,Consultant,483142,South,Hyderabad,Odisha
CUST01726,Vrinda Garg,Female,Lawyer,579944,South,Bangalore,Andhra Pradesh
CUST01727,Samarth Narasimhan,Female,Doctor,1846574,South,Chennai,Karnataka
CUST01728,Abdul Dugar,Female,Consultant,2191362,North,Delhi,Gujarat
CUST01729,Fiyaz Chander,Male,Engineer,2238470,South,Chennai,Tripura
CUST01730,Anmol Joshi,Female,Consultant,1741404,North,Delhi,Rajasthan
CUST01731,Azad Arora,Female,Engineer,345035,West,Mumbai,Himachal Pradesh
CUST01732,Damini Lall,Male,Student,2247186,East,Kolkata,Karnataka
CUST01733,Eta Manda,Male,Doctor,2600276,West,Ahmedabad,Bihar
CUST01734,Libni Yadav,Female,Teacher,2274626,South,Hyderabad,Karnataka
CUST01735,Oeshi Bora,Male,Engineer,2845894,East,Kolkata,Arunachal Pradesh
CUST01736,Anirudh Mane,Female,Doctor,2542500,North,Delhi,West Bengal
CUST01737,Udant Bajwa,Male,Engineer,1446103,West,Mumbai,Haryana
CUST01738,Alexander Loyal,Female,Teacher,1208790,South,Chennai,Tripura
CUST01739,Tristan Rana,Male,Accountant,500303,North,Jaipur,Kerala
CUST01740,Harita Randhawa,Female,Accountant,519845,North,Chandigarh,Chhattisgarh
CUST01741,Turvi Kunda,Female,Business,1347316,North,Delhi,Tripura
CUST01742,Mason Grewal,Male,Doctor,367270,East,Kolkata,Arunachal Pradesh
CUST01743,Nisha Jayaraman,Male,Student,1105943,West,Mumbai,West Bengal
CUST01744,Anita Amble,Male,Teacher,1000646,North,Delhi,Odisha
CUST01745,Falguni Atwal,Male,Student,1653416,North,Chandigarh,Karnataka
CUST01746,Kashvi Sarma,Male,Consultant,2094660,South,Hyderabad,Karnataka
CUST01747,Charan Jani,Male,Doctor,1795589,North,Delhi,Assam
CUST01748,Abeer Dugal,Male,Consultant,1626407,East,Kolkata,Karnataka
CUST01749,Hritik Chandra,Male,Accountant,1223150,North,Chandigarh,Karnataka
CUST01750,Nitesh Naik,Female,Student,484293,North,Jaipur,Himachal Pradesh
CUST01751,Ekaja Goyal,Female,Lawyer,2811839,North,Delhi,Nagaland
CUST01752,Anthony Bhatti,Male,Lawyer,697387,West,Mumbai,Punjab
CUST01753,Eiravati Tripathi,Female,Teacher,1692704,East,Patna,Himachal Pradesh
CUST01754,Raksha Choudhary,Female,Accountant,583172,South,Hyderabad,Karnataka
CUST01755,Janani Singhal,Female,Consultant,2443398,East,Kolkata,Karnataka
CUST01756,Jeevika Kashyap,Male,Business,388975,South,Hyderabad,Tripura
CUST01757,Kai Rattan,Male,Consultant,1321504,North,Chandigarh,Andhra Pradesh
CUST01758,Maanas Nagar,Male,Student,2391810,North,Delhi,Goa
CUST01759,Yashasvi Bassi,Male,Consultant,1157254,East,Kolkata,Karnataka
CUST01760,Radhika Dugal,Female,Student,863156,North,Delhi,Goa
CUST01761,Hamsini Oza,Male,Consultant,1509868,East,Bhubaneswar,West Bengal
CUST01762,Mitali Borra,Female,Student,1316065,North,Delhi,West Bengal
CUST01763,Chaitanya Mishra,Male,Business,1232997,South,Hyderabad,West Bengal
CUST01764,Urvashi Chandra,Female,Teacher,2155396,West,Pune,Gujarat
CUST01765,Jagat Agate,Female,Doctor,1107258,North,Delhi,Haryana
CUST01766,Waida Balasubramanian,Male,Business,826641,North,Jaipur,Rajasthan
CUST01767,Jason Hans,Male,Business,2428292,North,Delhi,Assam
CUST01768,Oviya Sethi,Female,Lawyer,988531,North,Chandigarh,Nagaland
CUST01769,Bahadurjit Uppal,Female,Teacher,2841124,South,Bangalore,Mizoram
CUST01770,Onkar Doctor,Female,Accountant,2965915,South,Chennai,Jharkhand
CUST01771,Chasmum Garg,Female,Doctor,1808195,South,Chennai,Gujarat
CUST01772,Shaurya Andra,Male,Accountant,2151265,West,Ahmedabad,Mizoram
CUST01773,Janani Rao,Female,Teacher,2321657,West,Pune,Uttarakhand
CUST01774,Varenya Date,Female,Doctor,1559262,North,Chandigarh,Manipur
CUST01775,Tarak Sule,Male,Lawyer,1895723,South,Hyderabad,Tripura
CUST01776,Tristan Deshpande,Female,Lawyer,1873480,West,Ahmedabad,Punjab
CUST01777,Xavier Karnik,Female,Teacher,2268212,West,Mumbai,West Bengal
CUST01778,Jacob Chaudry,Male,Engineer,353830,South,Bangalore,Nagaland
CUST01779,Charan Mallick,Female,Consultant,1955280,East,Bhubaneswar,Haryana
CUST01780,Dominic Kothari,Female,Lawyer,2988753,East,Bhubaneswar,Rajasthan
CUST01781,Devansh Sinha,Male,Doctor,1914077,North,Chandigarh,Mizoram
CUST01782,Daniel Bhagat,Female,Lawyer,1762044,South,Bangalore,Goa
CUST01783,Samuel Wadhwa,Female,Engineer,1916204,West,Pune,Nagaland
CUST01784,Pushti Mody,Male,Business,2303726,West,Pune,Andhra Pradesh
CUST01785,Samar Butala,Male,Teacher,1396100,North,Chandigarh,Uttarakhand
CUST01786,Anmol Chander,Male,Lawyer,1337732,West,Pune,Karnataka
CUST01787,Eesha Vyas,Male,Doctor,1912071,South,Bangalore,West Bengal
CUST01788,Nidhi Taneja,Male,Business,2073959,West,Pune,Rajasthan
CUST01789,Faraj Merchant,Female,Lawyer,2399864,South,Chennai,Arunachal Pradesh
CUST01790,Darsh Saran,Female,Consultant,672762,West,Pune,Tamil Nadu
CUST01791,Amrita Panchal,Female,Teacher,1428357,North,Jaipur,Uttar Pradesh
CUST01792,Yashasvi Shah,Female,Lawyer,326928,South,Hyderabad,Maharashtra
CUST01793,Arjun Lanka,Male,Doctor,592936,South,Chennai,Punjab
CUST01794,Harita Sodhi,Female,Lawyer,2107533,West,Pune,Goa
CUST01795,Ridhi Gole,Female,Teacher,863429,South,Bangalore,West Bengal
CUST01796,Dalbir Nagi,Male,Doctor,2190208,South,Chennai,Goa
CUST01797,Xavier Khatri,Male,Engineer,1066422,South,Bangalore,Assam
CUST01798,Wakeeta Kata,Female,Accountant,2929146,South,Chennai,West Bengal
CUST01799,Urvashi Natt,Male,Doctor,1529457,North,Jaipur,Chhattisgarh
CUST01800,Yatin Dua,Male,Lawyer,569536,North,Chandigarh,Chhattisgarh
CUST01801,Luke Bahri,Male,Accountant,2335052,East,Kolkata,West Bengal
CUST01802,Karan Bumb,Male,Lawyer,330310,North,Delhi,Sikkim
CUST01803,Darpan Acharya,Male,Engineer,1875656,North,Delhi,Rajasthan
CUST01804,Balendra Karnik,Female,Student,2834918,East,Bhubaneswar,Arunachal Pradesh
CUST01805,Indrajit Om,Female,Student,1622144,West,Ahmedabad,Mizoram
CUST01806,Nisha Bhakta,Female,Consultant,2861918,South,Chennai,Kerala
CUST01807,Harrison Sunder,Female,Doctor,312938,North,Chandigarh,Meghalaya
CUST01808,Falguni Contractor,Female,Teacher,407711,West,Pune,Jharkhand
CUST01809,Vrishti Sant,Female,Business,1845306,North,Jaipur,Punjab
CUST01810,Veda Gandhi,Female,Consultant,1088256,West,Pune,Meghalaya
CUST01811,Yuvraj Seth,Female,Engineer,2958254,North,Jaipur,Madhya Pradesh
CUST01812,Jyoti Dube,Female,Accountant,1279615,East,Kolkata,Nagaland
CUST01813,Aayush Bhattacharyya,Male,Student,2094810,West,Ahmedabad,Meghalaya
CUST01814,Praneel Gera,Male,Consultant,1532550,West,Pune,Madhya Pradesh
CUST01815,Mekhala Sampath,Male,Engineer,836289,South,Hyderabad,Uttar Pradesh
CUST01816,Advik Majumdar,Female,Accountant,1004864,West,Mumbai,Tamil Nadu
CUST01817,Warjas Mani,Female,Business,1320709,West,Mumbai,Gujarat
CUST01818,George Vasa,Male,Doctor,2124075,South,Bangalore,Maharashtra
CUST01819,Sathvik Vasa,Female,Consultant,1475906,North,Delhi,Tripura
CUST01820,Hardik Johal,Female,Accountant,816310,South,Hyderabad,Tripura
CUST01821,Meghana Ahluwalia,Female,Doctor,1695869,South,Hyderabad,Goa
CUST01822,Hamsini Sarraf,Male,Student,1881295,South,Hyderabad,Himachal Pradesh
CUST01823,Henry Acharya,Female,Business,1237640,West,Pune,Karnataka
CUST01824,Vihaan Zachariah,Female,Doctor,767172,East,Kolkata,Tamil Nadu
CUST01825,Devika Dugal,Male,Doctor,2702660,North,Chandigarh,Goa
CUST01826,Anita Sekhon,Female,Consultant,2719764,East,Kolkata,Haryana
CUST01827,Aarna Nanda,Male,Business,1928000,North,Chandigarh,Punjab
CUST01828,Rajeshri Mandal,Female,Teacher,2479995,West,Ahmedabad,Sikkim
CUST01829,Riya Agrawal,Female,Engineer,2557764,South,Bangalore,Assam
CUST01830,Yahvi Saraf,Male,Lawyer,1218150,West,Ahmedabad,Tripura
CUST01831,Samar Suri,Female,Teacher,2822728,West,Pune,West Bengal
CUST01832,Karan Ganesh,Male,Student,1595584,East,Kolkata,Arunachal Pradesh
CUST01833,Omisha Sharma,Female,Business,2376287,North,Chandigarh,Uttarakhand
CUST01834,Alexander Bhavsar,Female,Engineer,1697309,East,Patna,Tamil Nadu
CUST01835,Nimrat Deshpande,Male,Business,520479,South,Hyderabad,Karnataka
CUST01836,Nidhi Keer,Female,Lawyer,967704,South,Chennai,Andhra Pradesh
CUST01837,Nathaniel Bains,Female,Student,2071831,North,Jaipur,Tripura
CUST01838,Yasti Sodhi,Female,Consultant,601248,West,Ahmedabad,Jharkhand
CUST01839,Ayaan Comar,Male,Consultant,708187,East,Bhubaneswar,Odisha
CUST01840,Ridhi Vora,Male,Lawyer,2219030,South,Chennai,Kerala
CUST01841,Veer Tella,Male,Accountant,2323507,South,Hyderabad,Jharkhand
CUST01842,Urvashi Bhagat,Male,Business,1120636,East,Kolkata,Mizoram
CUST01843,Vedika Nagi,Male,Teacher,1879389,North,Chandigarh,Telangana
CUST01844,Shaurya Chacko,Male,Engineer,702853,West,Pune,Telangana
CUST01845,Harish Chacko,Male,Engineer,792188,East,Bhubaneswar,Jharkhand
CUST01846,Bishakha Rege,Female,Teacher,2929713,East,Patna,Punjab
CUST01847,Noah Bal,Male,Doctor,1310220,West,Mumbai,Maharashtra
CUST01848,Reva Lad,Female,Teacher,1874422,West,Ahmedabad,Uttarakhand
CUST01849,Ayaan Vig,Female,Lawyer,2952198,North,Chandigarh,Karnataka
CUST01850,Gavin Varghese,Male,Doctor,789171,West,Ahmedabad,Punjab
CUST01851,Champak Mittal,Female,Business,396581,North,Delhi,Goa
CUST01852,Odika Som,Male,Teacher,1910444,West,Ahmedabad,Uttar Pradesh
CUST01853,Azaan Chahal,Female,Lawyer,2696722,West,Pune,Goa
CUST01854,Sanya Kunda,Female,Doctor,2554484,South,Bangalore,Chhattisgarh
CUST01855,Ridhi Gokhale,Male,Consultant,2632285,South,Chennai,Punjab
CUST01856,Amrita Gole,Male,Business,792101,West,Mumbai,Andhra Pradesh
CUST01857,Banjeet Narasimhan,Male,Engineer,2626671,South,Hyderabad,Rajasthan
CUST01858,Sudiksha Patel,Male,Engineer,840293,West,Ahmedabad,Chhattisgarh
CUST01859,Amruta Ganesan,Male,Doctor,2659280,South,Hyderabad,Gujarat
CUST01860,Chaaya Goda,Male,Doctor,2422939,East,Kolkata,Haryana
CUST01861,George Chaudhari,Male,Consultant,300358,East,Bhubaneswar,Madhya Pradesh
CUST01862,Banjeet Kohli,Male,Lawyer,2540187,South,Chennai,Bihar
CUST01863,Chakrika Raja,Female,Student,2492221,West,Mumbai,Assam
CUST01864,Omisha Nagar,Male,Doctor,487634,East,Patna,Sikkim
CUST01865,Michael Sehgal,Male,Teacher,1557071,South,Bangalore,Manipur
CUST01866,Imaran Sathe,Male,Student,1463481,South,Bangalore,Bihar
CUST01867,Lajita Bumb,Female,Doctor,2606232,South,Hyderabad,Kerala
CUST01868,Geetika Shere,Female,Teacher,1977970,East,Bhubaneswar,Himachal Pradesh
CUST01869,Dev Ben,Female,Consultant,900808,West,Mumbai,Karnataka
CUST01870,Udyati Oak,Female,Business,1860877,South,Bangalore,Tripura
CUST01871,Yashasvi Chowdhury,Male,Student,2118764,South,Chennai,Andhra Pradesh
CUST01872,Tanay Mohan,Male,Doctor,1432987,West,Mumbai,Meghalaya
CUST01873,Waida Saxena,Male,Consultant,576653,North,Jaipur,Kerala
CUST01874,Sai Iyengar,Male,Student,1698873,East,Patna,Uttarakhand
CUST01875,Aashi Chadha,Male,Lawyer,341369,East,Kolkata,Kerala
CUST01876,Nisha Uppal,Male,Consultant,740413,North,Chandigarh,West Bengal
CUST01877,Brinda Kulkarni,Female,Accountant,700726,North,Delhi,Uttarakhand
CUST01878,Nisha Zachariah,Female,Lawyer,2847901,East,Patna,Himachal Pradesh
CUST01879,Eta Ray,Male,Student,1933947,North,Delhi,Jharkhand
CUST01880,Dhriti Majumdar,Female,Accountant,2784328,South,Chennai,Punjab
CUST01881,Chatura D’Alia,Male,Teacher,830027,South,Chennai,Arunachal Pradesh
CUST01882,Kai Mody,Female,Engineer,2980971,South,Chennai,Chhattisgarh
CUST01883,Jackson Majumdar,Male,Consultant,2220096,East,Patna,Karnataka
CUST01884,Vaishnavi Grewal,Female,Accountant,2406502,South,Chennai,Mizoram
CUST01885,Eesha Sinha,Female,Business,1580048,East,Bhubaneswar,Chhattisgarh
CUST01886,Yauvani Goyal,Female,Student,678077,North,Chandigarh,Chhattisgarh
CUST01887,Ayush Ahuja,Male,Doctor,992534,North,Delhi,Manipur
CUST01888,Zinal Mani,Female,Accountant,344856,North,Delhi,Assam
CUST01889,Dipta Bhakta,Male,Accountant,2387946,West,Pune,Uttar Pradesh
CUST01890,Andrew Dhaliwal,Male,Business,330577,North,Chandigarh,Telangana
CUST01891,Nicholas Sethi,Female,Business,2515059,West,Pune,Assam
CUST01892,Ira Kanda,Female,Teacher,2495786,North,Jaipur,Rajasthan
CUST01893,Chaman Pal,Male,Student,859179,South,Bangalore,Jharkhand
CUST01894,Samarth Mallick,Female,Accountant,1890038,East,Kolkata,West Bengal
CUST01895,Gopal Samra,Male,Student,1347591,South,Chennai,Telangana
CUST01896,Siya Das,Female,Accountant,1531217,North,Chandigarh,Nagaland
CUST01897,Yagnesh Hans,Male,Consultant,1212106,East,Kolkata,Mizoram
CUST01898,Frado Sampath,Male,Accountant,2891025,East,Patna,Goa
CUST01899,Wishi Shere,Female,Engineer,2881720,West,Mumbai,Meghalaya
CUST01900,Guneet Brahmbhatt,Female,Student,749478,West,Ahmedabad,Karnataka
CUST01901,Abeer Desai,Male,Consultant,1787016,North,Chandigarh,Tripura
CUST01902,Girish Arya,Female,Accountant,1128561,North,Delhi,Maharashtra
CUST01903,Teerth Sarma,Male,Consultant,819433,North,Jaipur,West Bengal
CUST01904,Vivaan Sabharwal,Male,Lawyer,1248312,West,Mumbai,Andhra Pradesh
CUST01905,Jyoti Raj,Female,Lawyer,1828805,West,Ahmedabad,Manipur
CUST01906,Gayathri Ramachandran,Female,Doctor,2139504,West,Mumbai,Arunachal Pradesh
CUST01907,Patrick Padmanabhan,Male,Student,2120160,West,Mumbai,Manipur
CUST01908,Warda Nadig,Male,Doctor,1095101,North,Chandigarh,Manipur
CUST01909,William Merchant,Male,Consultant,2066035,East,Kolkata,Mizoram
CUST01910,Agastya Behl,Male,Business,2310308,East,Kolkata,Haryana
CUST01911,Arjun Mani,Female,Accountant,2607385,East,Kolkata,Tamil Nadu
CUST01912,Chameli Wagle,Male,Student,1977201,West,Pune,Telangana
CUST01913,Manan Sarin,Male,Doctor,388718,West,Mumbai,Himachal Pradesh
CUST01914,Ekiya Sur,Female,Engineer,1291973,South,Bangalore,Meghalaya
CUST01915,Omya Sarkar,Female,Consultant,2804363,North,Jaipur,Arunachal Pradesh
CUST01916,Zehaan Wadhwa,Female,Lawyer,1483730,North,Chandigarh,Jharkhand
CUST01917,Yashodhara Kashyap,Female,Business,2890457,West,Mumbai,Tripura
CUST01918,Om Mahajan,Male,Business,1479181,South,Hyderabad,Haryana
CUST01919,Balhaar Saran,Male,Consultant,1132202,North,Chandigarh,Assam
CUST01920,Aachal Mannan,Male,Teacher,1091335,West,Pune,Jharkhand
CUST01921,Wazir Dayal,Male,Teacher,1983103,South,Bangalore,Meghalaya
CUST01922,Nidra Kaur,Male,Teacher,2088044,North,Chandigarh,Arunachal Pradesh
CUST01923,Siddharth Kapur,Male,Doctor,513722,North,Jaipur,Uttarakhand
CUST01924,Michael Bobal,Female,Business,1230192,West,Ahmedabad,Arunachal Pradesh
CUST01925,Bhavani Dada,Female,Engineer,2438523,East,Bhubaneswar,Punjab
CUST01926,Ria Edwin,Male,Lawyer,761603,West,Pune,Meghalaya
CUST01927,Deepa Batta,Female,Student,2053530,East,Bhubaneswar,Manipur
CUST01928,Indali Goyal,Male,Teacher,471501,South,Chennai,Maharashtra
CUST01929,Laban Mangal,Female,Business,1496706,North,Delhi,Manipur
CUST01930,Mohini Dhar,Male,Consultant,1075275,West,Ahmedabad,Mizoram
CUST01931,David Desai,Female,Student,1576564,East,Bhubaneswar,Mizoram
CUST01932,Jyoti Buch,Male,Teacher,1689202,North,Delhi,Punjab
CUST01933,Dakshesh Mital,Female,Student,1299302,East,Patna,Mizoram
CUST01934,Chaman Din,Female,Doctor,746129,East,Kolkata,Odisha
CUST01935,Liam Deshpande,Male,Engineer,2760217,South,Hyderabad,Bihar
CUST01936,Balvan Sunder,Female,Doctor,614067,South,Bangalore,Manipur
CUST01937,Advay Borde,Female,Business,2537902,East,Bhubaneswar,Arunachal Pradesh
CUST01938,Anita Khalsa,Male,Business,2054110,South,Bangalore,Maharashtra
CUST01939,Maanav Ray,Female,Student,2181070,East,Patna,Maharashtra
CUST01940,Vrishti Mishra,Male,Accountant,2057430,North,Chandigarh,Andhra Pradesh
CUST01941,Chatura Ghosh,Female,Teacher,1514906,North,Delhi,Sikkim
CUST01942,Indali Modi,Male,Business,1967209,North,Jaipur,Mizoram
CUST01943,Zansi Vala,Male,Teacher,2136035,West,Pune,Gujarat
CUST01944,Chasmum Dalal,Female,Consultant,2846858,West,Pune,Gujarat
CUST01945,Brinda Aurora,Male,Engineer,971101,East,Kolkata,Maharashtra
CUST01946,Damini Bhatti,Male,Accountant,2413164,South,Hyderabad,Tripura
CUST01947,Advika Shah,Male,Lawyer,1426232,East,Bhubaneswar,Kerala
CUST01948,Vrishti Badal,Male,Engineer,2537937,North,Delhi,Nagaland
CUST01949,Lopa Sibal,Male,Teacher,1464995,South,Chennai,Jharkhand
CUST01950,Ati Apte,Male,Business,1180688,South,Chennai,Assam
CUST01951,Mohammed Gade,Female,Student,1661311,North,Delhi,Madhya Pradesh
CUST01952,Abhiram Barad,Female,Teacher,2012714,North,Jaipur,Goa
CUST01953,Ekanta Balan,Male,Engineer,1791004,East,Bhubaneswar,Telangana
CUST01954,Ansh Nagar,Female,Teacher,1373688,South,Hyderabad,Assam
CUST01955,Vamakshi Balasubramanian,Male,Consultant,1379383,North,Jaipur,Uttarakhand
CUST01956,Sarthak Apte,Male,Student,1427401,South,Chennai,West Bengal
CUST01957,Abdul Sarraf,Female,Teacher,2170894,South,Hyderabad,West Bengal
CUST01958,Eshana Shetty,Female,Student,922158,South,Hyderabad,Odisha
CUST01959,Libni Sundaram,Female,Teacher,2226821,West,Mumbai,Madhya Pradesh
CUST01960,Henry Kunda,Male,Accountant,1056680,South,Bangalore,Maharashtra
CUST01961,Hemangini Gour,Female,Teacher,1045471,East,Kolkata,Nagaland
CUST01962,Bhavika Dara,Male,Doctor,901976,West,Pune,Chhattisgarh
CUST01963,Tanmayi Dara,Male,Accountant,1988225,North,Chandigarh,Nagaland
CUST01964,Girindra Srinivas,Male,Engineer,2830396,North,Jaipur,Andhra Pradesh
CUST01965,Aishani Venkatesh,Female,Engineer,761522,North,Chandigarh,Telangana
CUST01966,Rajeshri Chauhan,Male,Teacher,1341625,North,Jaipur,Andhra Pradesh
CUST01967,Manya Char,Male,Engineer,339410,North,Chandigarh,Odisha
CUST01968,Dalaja Khare,Female,Doctor,1148598,North,Jaipur,Arunachal Pradesh
CUST01969,Qushi Pillay,Female,Teacher,1589266,South,Chennai,Sikkim
CUST01970,Eta Chawla,Male,Business,534358,East,Bhubaneswar,Uttarakhand
CUST01971,Samarth Desai,Male,Engineer,486754,East,Patna,Goa
CUST01972,Abhimanyu Salvi,Female,Doctor,2445564,North,Jaipur,Tripura
CUST01973,Tarak Koshy,Male,Business,400666,West,Mumbai,Andhra Pradesh
CUST01974,Gaurangi Divan,Female,Teacher,1781889,South,Chennai,Bihar
CUST01975,Rajeshri Saini,Female,Doctor,2362845,East,Kolkata,Uttar Pradesh
CUST01976,Forum Yogi,Male,Doctor,1482014,South,Bangalore,Karnataka
CUST01977,Ekaja Chauhan,Female,Doctor,1812019,East,Kolkata,Jharkhand
CUST01978,Ekani Chandran,Male,Teacher,2097797,North,Delhi,Rajasthan
CUST01979,Nakul Som,Male,Consultant,930068,East,Patna,Himachal Pradesh
CUST01980,Geetika Swamy,Female,Student,735882,East,Patna,Arunachal Pradesh
CUST01981,Pranit Sura,Female,Lawyer,620316,East,Bhubaneswar,Madhya Pradesh
CUST01982,Samarth Sarma,Male,Student,919835,North,Delhi,Nagaland
CUST01983,Faras Bera,Female,Doctor,774644,West,Ahmedabad,Sikkim
CUST01984,Zashil Krishna,Female,Teacher,679362,West,Pune,Madhya Pradesh
CUST01985,Arya Anand,Male,Consultant,1778948,East,Kolkata,Maharashtra
CUST01986,Ekanta Dhillon,Female,Accountant,2036208,East,Bhubaneswar,Uttar Pradesh
CUST01987,Saanvi Murty,Male,Consultant,2055985,East,Kolkata,Mizoram
CUST01988,Aachal Bhargava,Female,Business,1913243,West,Pune,Punjab
CUST01989,Yachana Shan,Female,Business,665953,North,Jaipur,Punjab
CUST01990,Upkaar Narain,Male,Business,371951,South,Chennai,Maharashtra
CUST01991,Zansi Bala,Female,Teacher,762029,East,Patna,Assam
CUST01992,Shivansh Vig,Female,Teacher,1536050,North,Chandigarh,Punjab
CUST01993,Devansh Kulkarni,Female,Business,1183896,West,Mumbai,Himachal Pradesh
CUST01994,Nidra Mishra,Male,Doctor,900106,South,Bangalore,Haryana
CUST01995,Dipta Bhatia,Male,Consultant,1858956,West,Pune,Uttarakhand
CUST01996,Gunbir Nair,Male,Doctor,2299955,North,Jaipur,Punjab
CUST01997,Aashi Gole,Male,Student,892560,South,Bangalore,Chhattisgarh
CUST01998,Udant Tripathi,Male,Engineer,2687327,North,Delhi,Goa
CUST01999,Samarth Sant,Male,Accountant,887673,West,Mumbai,Jharkhand
CUST02000,Ekaja Ramesh,Female,Student,2162160,East,Bhubaneswar,Arunachal Pradesh
CUST02001,Mugdha Nayar,Male,Teacher,551661,North,Chandigarh,Kerala
CUST02002,Wishi Rama,Male,Teacher,345581,North,Jaipur,Jharkhand
CUST02003,Edhitha Bakshi,Female,Lawyer,2699415,West,Ahmedabad,Manipur
CUST02004,Nitesh Kale,Male,Consultant,957669,East,Patna,Tripura
CUST02005,Finn Thakkar,Female,Teacher,1188623,East,Kolkata,Manipur
CUST02006,Ekapad Nazareth,Male,Business,1945387,West,Pune,Gujarat
CUST02007,Upma Chahal,Male,Accountant,2302428,South,Hyderabad,Kerala
CUST02008,Devika Dhillon,Female,Consultant,991323,East,Patna,Haryana
CUST02009,Triveni Saraf,Female,Business,1432124,North,Chandigarh,Nagaland
CUST02010,Aarna Sarma,Male,Student,2829962,North,Delhi,Nagaland
CUST02011,Samaksh Sinha,Male,Lawyer,982666,East,Kolkata,Arunachal Pradesh
CUST02012,Mason Din,Male,Engineer,1596543,North,Delhi,Tripura
CUST02013,Jonathan Pingle,Male,Engineer,1308038,South,Hyderabad,Telangana
CUST02014,Chakradev Chacko,Male,Accountant,491598,East,Kolkata,Uttarakhand
CUST02015,Krish Prasad,Male,Lawyer,335562,North,Chandigarh,Rajasthan
CUST02016,Dalbir Sule,Female,Business,1618993,East,Bhubaneswar,Tamil Nadu
CUST02017,Aashi Goswami,Female,Teacher,708440,West,Pune,Madhya Pradesh
CUST02018,Lucky Barman,Male,Teacher,399343,East,Bhubaneswar,Nagaland
CUST02019,Pranit Murty,Male,Lawyer,976218,West,Ahmedabad,Chhattisgarh
CUST02020,Adya Aggarwal,Female,Doctor,2925436,South,Hyderabad,West Bengal
CUST02021,Sudiksha Dube,Male,Business,890820,North,Jaipur,Chhattisgarh
CUST02022,Ikbal Nadkarni,Female,Accountant,850282,South,Hyderabad,Karnataka
CUST02023,Vasudha Barad,Female,Consultant,467826,East,Bhubaneswar,Karnataka
CUST02024,Fitan Prabhu,Male,Doctor,939217,West,Mumbai,Sikkim
CUST02025,David Morar,Male,Teacher,1598314,West,Mumbai,Chhattisgarh
CUST02026,Zayan Dass,Male,Accountant,1615831,North,Chandigarh,Bihar
CUST02027,Veer Khanna,Male,Doctor,1474897,South,Chennai,Uttarakhand
CUST02028,Falak Dara,Male,Doctor,1051561,East,Bhubaneswar,Madhya Pradesh
CUST02029,Jyoti Bhavsar,Female,Lawyer,2154072,West,Ahmedabad,Chhattisgarh
CUST02030,Hemal Rajan,Female,Engineer,1824512,South,Bangalore,Tamil Nadu
CUST02031,Urvi Yadav,Female,Teacher,2148965,East,Bhubaneswar,Maharashtra
CUST02032,Siddharth Nagi,Female,Student,650184,East,Patna,Madhya Pradesh
CUST02033,Yuvraj Ramanathan,Female,Lawyer,478994,West,Pune,Karnataka
CUST02034,Gagan Chowdhury,Male,Engineer,948280,North,Jaipur,Arunachal Pradesh
CUST02035,Gautami Kala,Female,Teacher,2691314,North,Chandigarh,Maharashtra
CUST02036,Jagrati Mangal,Male,Consultant,2238936,West,Mumbai,Tamil Nadu
CUST02037,Michael Varty,Female,Accountant,2994775,North,Chandigarh,Himachal Pradesh
CUST02038,Deepa Apte,Male,Teacher,754445,West,Mumbai,Assam
CUST02039,Diya Chatterjee,Male,Consultant,1678754,West,Ahmedabad,Bihar
CUST02040,Timothy Ravi,Female,Accountant,1191856,North,Chandigarh,Rajasthan
CUST02041,Guneet Prabhu,Female,Accountant,460567,West,Mumbai,Madhya Pradesh
CUST02042,Ekaja Hayer,Male,Business,1642960,South,Chennai,Uttar Pradesh
CUST02043,Oni Sahni,Female,Engineer,1816210,North,Jaipur,Manipur
CUST02044,Chakrika Dixit,Male,Engineer,1187065,West,Ahmedabad,Tamil Nadu
CUST02045,Balveer Basak,Female,Lawyer,1357263,North,Jaipur,Tamil Nadu
CUST02046,Anusha Om,Male,Doctor,1448842,South,Bangalore,Rajasthan
CUST02047,Faraj Sama,Female,Accountant,2060441,West,Mumbai,Odisha
CUST02048,Faris Mahal,Female,Teacher,525411,South,Hyderabad,Rajasthan
CUST02049,Kamala Garde,Female,Lawyer,990102,North,Chandigarh,Sikkim
CUST02050,Samaksh Dugal,Female,Accountant,2294389,South,Chennai,Maharashtra
CUST02051,Madhav Chowdhury,Female,Student,2692082,South,Hyderabad,Uttar Pradesh
CUST02052,Wazir Subramanian,Male,Doctor,2726360,West,Mumbai,Assam
CUST02053,Vasatika Om,Female,Engineer,931269,South,Chennai,Assam
CUST02054,Ayaan Bhavsar,Female,Student,776501,West,Mumbai,Kerala
CUST02055,Chavvi Seshadri,Male,Accountant,827296,West,Ahmedabad,Sikkim
CUST02056,Vedika Sandal,Male,Engineer,1216970,West,Pune,Kerala
CUST02057,Ayaan Nagarajan,Male,Consultant,1206545,South,Chennai,Gujarat
CUST02058,Vansha Bhagat,Male,Engineer,1852967,East,Kolkata,Telangana
CUST02059,Gaurangi Sinha,Female,Lawyer,2405897,East,Kolkata,Rajasthan
CUST02060,Ronith Memon,Female,Accountant,2036667,North,Jaipur,Arunachal Pradesh
CUST02061,Lajita Nori,Female,Consultant,2494333,West,Ahmedabad,Sikkim
CUST02062,Wishi Bir,Male,Accountant,2096771,East,Kolkata,Rajasthan
CUST02063,Chakrika Gour,Male,Consultant,1900392,East,Kolkata,Nagaland
CUST02064,Frado Randhawa,Female,Lawyer,2902047,East,Patna,Manipur
CUST02065,Ayush Anne,Male,Doctor,368897,North,Delhi,Arunachal Pradesh
CUST02066,Atharv Raja,Female,Doctor,2957197,West,Mumbai,Sikkim
CUST02067,Udarsh Kumer,Male,Lawyer,2064295,West,Pune,Maharashtra
CUST02068,Udant Oak,Female,Consultant,780252,South,Bangalore,Nagaland
CUST02069,Amrita Sarraf,Male,Student,2245935,South,Chennai,Manipur
CUST02070,Elijah Sarma,Female,Engineer,1871369,West,Pune,Himachal Pradesh
CUST02071,Quincy Aggarwal,Female,Lawyer,1409389,South,Hyderabad,Uttar Pradesh
CUST02072,Rajeshri Wable,Male,Engineer,2038776,East,Bhubaneswar,Nagaland
CUST02073,Baghyawati Sabharwal,Male,Teacher,1870371,North,Delhi,Madhya Pradesh
CUST02074,Kashvi Wason,Male,Consultant,1314313,East,Bhubaneswar,Assam
CUST02075,Girindra Chakraborty,Female,Engineer,2723693,West,Mumbai,Jharkhand
CUST02076,Hredhaan Naidu,Female,Teacher,1990803,West,Mumbai,Karnataka
CUST02077,Aadhya Deo,Male,Consultant,1268756,East,Patna,Sikkim
CUST02078,Maya Khalsa,Male,Doctor,2948455,North,Jaipur,Odisha
CUST02079,Faras Pandya,Female,Teacher,1652263,West,Pune,Mizoram
CUST02080,Guneet Pathak,Male,Engineer,2134676,South,Bangalore,Bihar
CUST02081,Irya Rama,Male,Engineer,2892497,North,Jaipur,Andhra Pradesh
CUST02082,Aarini Arora,Female,Engineer,847558,North,Jaipur,Jharkhand
CUST02083,Upasna Khanna,Female,Teacher,1305466,West,Pune,Odisha
CUST02084,Mohammed Aggarwal,Male,Business,1885895,South,Chennai,Sikkim
CUST02085,Yasti Kala,Male,Lawyer,647973,East,Patna,Mizoram
CUST02086,Ekiya Savant,Male,Doctor,765280,South,Hyderabad,Kerala
CUST02087,Yuvraj Mani,Male,Doctor,894900,West,Pune,Nagaland
CUST02088,Siya Prasad,Male,Doctor,624561,East,Bhubaneswar,Punjab
CUST02089,Rachana Minhas,Male,Consultant,722247,West,Ahmedabad,Telangana
CUST02090,Manbir Rattan,Female,Doctor,2340601,West,Mumbai,Uttar Pradesh
CUST02091,Lavanya Amble,Female,Consultant,1615270,North,Delhi,Nagaland
CUST02092,Jonathan Parikh,Male,Lawyer,342531,West,Mumbai,Sikkim
CUST02093,Nimrat Zachariah,Male,Doctor,1737851,South,Hyderabad,Andhra Pradesh
CUST02094,Chaitanya Tak,Male,Teacher,2488372,East,Bhubaneswar,Tamil Nadu
CUST02095,David Kapur,Male,Engineer,2547954,East,Kolkata,Tamil Nadu
CUST02096,Lakshmi Chakraborty,Male,Business,1830462,North,Jaipur,Tripura
CUST02097,Arin Kuruvilla,Male,Student,881183,North,Delhi,Sikkim
CUST02098,Nathaniel Tella,Male,Lawyer,1447840,South,Bangalore,Karnataka
CUST02099,Samesh Sandhu,Male,Student,2613146,West,Mumbai,Uttar Pradesh
CUST02100,Upma Gill,Female,Consultant,2450237,East,Bhubaneswar,Punjab
CUST02101,Priya Patla,Female,Teacher,1129953,West,Mumbai,Karnataka
CUST02102,Vedika Morar,Male,Lawyer,994799,East,Bhubaneswar,Arunachal Pradesh
CUST02103,Tristan Sidhu,Female,Consultant,2171321,South,Hyderabad,Rajasthan
CUST02104,Wazir Warrior,Female,Student,2912677,West,Pune,Bihar
CUST02105,Shivani Merchant,Female,Consultant,1137689,North,Jaipur,Jharkhand
CUST02106,Isaiah Din,Male,Accountant,1001493,East,Bhubaneswar,Andhra Pradesh
CUST02107,Hitesh Srivastava,Female,Consultant,1530917,North,Jaipur,Chhattisgarh
CUST02108,Dhruv Goda,Male,Doctor,1054573,East,Bhubaneswar,Madhya Pradesh
CUST02109,Devansh Bains,Male,Student,1328938,East,Bhubaneswar,Sikkim
CUST02110,Caleb Nagi,Female,Student,908340,North,Delhi,Tamil Nadu
CUST02111,Kavya Mann,Male,Student,345722,East,Kolkata,Tamil Nadu
CUST02112,Harinakshi Bera,Female,Student,1275799,East,Kolkata,Haryana
CUST02113,Pavani Chaudhary,Female,Business,2511498,North,Chandigarh,Maharashtra
CUST02114,Triya Mallick,Female,Doctor,2707314,South,Bangalore,West Bengal
CUST02115,Charvi Din,Female,Student,1642686,West,Pune,Bihar
CUST02116,Warinder Sami,Male,Accountant,2391493,South,Bangalore,Madhya Pradesh
CUST02117,Jasmit Devan,Female,Doctor,820482,North,Chandigarh,Tamil Nadu
CUST02118,Arunima Madan,Female,Consultant,1291625,West,Mumbai,Bihar
CUST02119,Amruta Tara,Male,Engineer,2236811,North,Chandigarh,Uttarakhand
CUST02120,Ubika Malhotra,Female,Engineer,2537522,East,Kolkata,Kerala
CUST02121,Hemal Luthra,Male,Doctor,2270875,North,Chandigarh,Nagaland
CUST02122,Omkaar Chand,Female,Lawyer,1630389,North,Chandigarh,Haryana
CUST02123,Chanchal Murthy,Male,Student,2371225,East,Bhubaneswar,Andhra Pradesh
CUST02124,Bina Thakkar,Female,Accountant,2369203,North,Chandigarh,Gujarat
CUST02125,Naksh Bhavsar,Male,Engineer,1239584,North,Chandigarh,Maharashtra
CUST02126,Wyatt Som,Male,Doctor,1654168,North,Delhi,Sikkim
CUST02127,Faqid Bhatt,Male,Doctor,1101781,West,Mumbai,Andhra Pradesh
CUST02128,Balveer Maharaj,Male,Engineer,1389209,East,Patna,Nagaland
CUST02129,Faras Vohra,Male,Lawyer,614749,North,Delhi,Andhra Pradesh
CUST02130,Utkarsh Kuruvilla,Female,Lawyer,1014451,East,Bhubaneswar,Uttar Pradesh
CUST02131,Christopher Aurora,Female,Doctor,829693,South,Hyderabad,Arunachal Pradesh
CUST02132,Yashoda Dewan,Female,Accountant,813270,East,Kolkata,Punjab
CUST02133,Panini Yogi,Female,Accountant,1476676,South,Hyderabad,Bihar
CUST02134,Vincent Lata,Female,Business,685034,East,Patna,Himachal Pradesh
CUST02135,Rishi Bath,Male,Student,2642582,East,Bhubaneswar,Tamil Nadu
CUST02136,Pranav Patla,Male,Doctor,615178,South,Hyderabad,Haryana
CUST02137,Qadim Badami,Male,Engineer,1206537,West,Mumbai,Kerala
CUST02138,Darika Wadhwa,Male,Accountant,738450,West,Ahmedabad,Rajasthan
CUST02139,Meghana Mitter,Female,Lawyer,2204306,East,Kolkata,Tripura
CUST02140,Aadi Chaudhry,Male,Teacher,1217650,South,Hyderabad,Assam
CUST02141,Jonathan Gupta,Female,Business,1978581,East,Bhubaneswar,Tripura
CUST02142,Varenya Patla,Female,Consultant,988689,South,Bangalore,Karnataka
CUST02143,Gaurika Srinivas,Male,Teacher,2233381,East,Patna,Mizoram
CUST02144,Gabriel Dugar,Male,Business,369574,North,Jaipur,Nagaland
CUST02145,Liam Dutta,Female,Engineer,2297497,West,Mumbai,Madhya Pradesh
CUST02146,Urvashi Chowdhury,Female,Doctor,2608143,West,Ahmedabad,Sikkim
CUST02147,Max Bath,Female,Business,931746,North,Chandigarh,West Bengal
CUST02148,Megha Kothari,Female,Student,522956,West,Pune,Odisha
CUST02149,Neel Deol,Female,Doctor,506084,West,Ahmedabad,Bihar
CUST02150,Ria Panchal,Female,Business,1533150,West,Pune,Karnataka
CUST02151,Chandresh Varghese,Male,Lawyer,2521147,South,Chennai,Mizoram
CUST02152,Sai Mani,Female,Doctor,509176,West,Pune,Telangana
CUST02153,Rajeshri Rana,Male,Doctor,522875,South,Bangalore,Gujarat
CUST02154,Chakrika Kala,Female,Business,576183,North,Jaipur,Punjab
CUST02155,Pranit Karan,Male,Consultant,1943781,North,Chandigarh,Assam
CUST02156,Lohit Uppal,Male,Lawyer,2376900,West,Mumbai,West Bengal
CUST02157,Pallavi Shukla,Male,Student,2971348,South,Bangalore,Himachal Pradesh
CUST02158,Lakshit Kala,Female,Engineer,695281,East,Patna,Tripura
CUST02159,Omkaar Bajwa,Female,Lawyer,1300842,South,Hyderabad,Assam
CUST02160,Lohit Mahal,Male,Teacher,1085779,South,Chennai,Rajasthan
CUST02161,Hemal Iyengar,Male,Engineer,2290619,East,Bhubaneswar,Manipur
CUST02162,Michael Dhillon,Male,Teacher,1406592,West,Ahmedabad,Kerala
CUST02163,Naveen Khanna,Male,Student,2287387,North,Delhi,Meghalaya
CUST02164,Farhan Golla,Male,Accountant,758798,North,Chandigarh,Tamil Nadu
CUST02165,Ethan Bobal,Female,Business,2503138,North,Delhi,Uttar Pradesh
CUST02166,Teerth Chhabra,Male,Doctor,1577594,South,Bangalore,Manipur
CUST02167,Max Wali,Female,Student,2588894,East,Bhubaneswar,Assam
CUST02168,Dalaja Dora,Female,Lawyer,1827940,East,Patna,Telangana
CUST02169,Waida Prabhu,Female,Lawyer,1699802,West,Mumbai,Rajasthan
CUST02170,Neel Narain,Female,Engineer,920339,West,Mumbai,Haryana
CUST02171,Yochana Kapur,Male,Student,2388059,West,Mumbai,Goa
CUST02172,Chatresh Krishnan,Female,Student,1165316,North,Delhi,Chhattisgarh
CUST02173,Praneel Lalla,Female,Doctor,1448920,North,Delhi,Kerala
CUST02174,Naveen Kannan,Male,Lawyer,1763162,West,Pune,Arunachal Pradesh
CUST02175,Yagnesh Choudhry,Female,Lawyer,1597395,East,Bhubaneswar,Jharkhand
CUST02176,Parth Ben,Female,Doctor,2118061,South,Bangalore,Madhya Pradesh
CUST02177,Udant Shroff,Female,Lawyer,762172,West,Pune,Goa
CUST02178,Ronith Sachar,Male,Accountant,930100,North,Chandigarh,Arunachal Pradesh
CUST02179,Wazir Baral,Male,Lawyer,2341891,East,Patna,Tamil Nadu
CUST02180,Yoshita Gour,Female,Engineer,2203619,East,Kolkata,Nagaland
CUST02181,Ethan Chaudhuri,Female,Doctor,523108,North,Delhi,West Bengal
CUST02182,Zayan Ramanathan,Male,Consultant,1777466,West,Ahmedabad,Haryana
CUST02183,Aarini De,Female,Teacher,1768921,North,Delhi,Uttar Pradesh
CUST02184,Keya Samra,Male,Doctor,1435267,East,Patna,Sikkim
CUST02185,Matthew Halder,Male,Consultant,2754610,South,Hyderabad,Sikkim
CUST02186,Vamakshi Kibe,Male,Engineer,2284651,North,Chandigarh,Uttarakhand
CUST02187,Isaiah Dalal,Female,Consultant,1974003,East,Kolkata,Tripura
CUST02188,Aradhana Sampath,Female,Lawyer,1026881,North,Chandigarh,Goa
CUST02189,Wishi Narula,Female,Teacher,1136791,West,Pune,Mizoram
CUST02190,Yashvi Chopra,Female,Business,1562746,East,Kolkata,Assam
CUST02191,Laksh Bath,Female,Accountant,2589379,East,Kolkata,Kerala
CUST02192,Kiaan Ravel,Female,Doctor,881371,South,Chennai,Haryana
CUST02193,Advika Zachariah,Female,Student,2264523,West,Pune,Uttar Pradesh
CUST02194,Gayathri Prabhakar,Female,Consultant,2020749,East,Bhubaneswar,Punjab
CUST02195,Sneha Nigam,Male,Consultant,670898,West,Mumbai,Madhya Pradesh
CUST02196,Riya Mall,Female,Business,2734048,South,Hyderabad,Andhra Pradesh
CUST02197,Kamya Hegde,Female,Engineer,1946932,East,Kolkata,Karnataka
CUST02198,Abhiram Solanki,Male,Accountant,2472684,South,Chennai,Andhra Pradesh
CUST02199,Janaki Sanghvi,Male,Engineer,1433195,West,Mumbai,Bihar
CUST02200,Teerth Sachdev,Male,Lawyer,2671641,North,Chandigarh,Himachal Pradesh
CUST02201,Gautam Srinivas,Female,Engineer,809367,West,Pune,Arunachal Pradesh
CUST02202,Indira Dyal,Male,Teacher,2657405,North,Jaipur,Manipur
CUST02203,Ijaya Parikh,Male,Teacher,1562033,West,Mumbai,Assam
CUST02204,Vrinda Patla,Male,Accountant,2915836,East,Patna,Manipur
CUST02205,Priya Iyer,Male,Engineer,941821,South,Bangalore,Manipur
CUST02206,Aarini Pant,Male,Business,1156869,North,Jaipur,Uttarakhand
CUST02207,Reyansh Prabhakar,Male,Accountant,1938772,North,Chandigarh,Rajasthan
CUST02208,Faraj Suri,Female,Consultant,2328866,North,Delhi,Sikkim
CUST02209,Girik Ramakrishnan,Female,Accountant,2888550,South,Bangalore,Goa
CUST02210,Harish Krish,Male,Engineer,1075140,North,Chandigarh,Goa
CUST02211,Ijaya De,Male,Teacher,2445449,South,Hyderabad,Telangana
CUST02212,Vasana Minhas,Female,Lawyer,1514037,South,Chennai,Karnataka
CUST02213,Leela Pradhan,Female,Student,1454194,North,Jaipur,Telangana
CUST02214,Vasudha Ben,Male,Accountant,2048590,West,Ahmedabad,Tripura
CUST02215,Falguni Padmanabhan,Male,Lawyer,2217142,West,Mumbai,Tripura
CUST02216,Charita Boase,Female,Engineer,2734953,North,Jaipur,Manipur
CUST02217,Daksh Lata,Female,Engineer,1787832,East,Kolkata,Telangana
CUST02218,Hitesh Gole,Female,Lawyer,338252,South,Chennai,Madhya Pradesh
CUST02219,Champak Dutt,Male,Student,2502243,South,Chennai,Haryana
CUST02220,Vedhika Rau,Male,Teacher,935029,West,Pune,Nagaland
CUST02221,Harini Bhandari,Female,Accountant,887367,East,Patna,Tamil Nadu
CUST02222,Theodore Mistry,Female,Consultant,586093,East,Patna,Haryana
CUST02223,Alka Rajan,Female,Teacher,2716082,West,Ahmedabad,Tripura
CUST02224,Chandresh Walia,Female,Student,2751542,East,Kolkata,Himachal Pradesh
CUST02225,Upma Kar,Male,Engineer,967647,West,Mumbai,Assam
CUST02226,Jatin Vaidya,Male,Accountant,2298220,South,Bangalore,West Bengal
CUST02227,Ojas Goda,Male,Doctor,1029800,East,Kolkata,Chhattisgarh
CUST02228,Banjeet Jaggi,Male,Engineer,2866509,West,Ahmedabad,Uttarakhand
CUST02229,Amara Venkataraman,Male,Doctor,2151904,East,Kolkata,Tripura
CUST02230,Ria Loyal,Male,Teacher,1647039,East,Patna,Jharkhand
CUST02231,Abha Bhardwaj,Female,Consultant,858751,North,Jaipur,Mizoram
CUST02232,Agastya Dhawan,Female,Accountant,2135070,South,Bangalore,Haryana
CUST02233,Abdul Mander,Male,Teacher,2120592,East,Kolkata,Andhra Pradesh
CUST02234,Raghav Purohit,Male,Doctor,1153707,South,Bangalore,Karnataka
CUST02235,Warinder Baria,Male,Student,2011390,North,Delhi,Manipur
CUST02236,Nirja Golla,Male,Accountant,1097491,North,Chandigarh,Himachal Pradesh
CUST02237,Oeshi Ben,Female,Student,1795207,South,Hyderabad,Mizoram
CUST02238,Rayaan Swamy,Female,Consultant,2923414,South,Bangalore,Jharkhand
CUST02239,Ryan Jaggi,Male,Teacher,2469490,West,Mumbai,Meghalaya
CUST02240,Urishilla Mann,Male,Accountant,1267095,East,Kolkata,Tripura
CUST02241,Oscar Varkey,Female,Engineer,1239613,North,Jaipur,Manipur
CUST02242,Odika Ramachandran,Female,Student,585014,East,Bhubaneswar,Haryana
CUST02243,Ishita Saraf,Male,Business,2471641,South,Chennai,Gujarat
CUST02244,Brinda Ray,Male,Doctor,2744325,East,Bhubaneswar,Uttar Pradesh
CUST02245,Chaitaly Divan,Male,Engineer,1717864,West,Ahmedabad,Andhra Pradesh
CUST02246,Jeremiah Dewan,Male,Student,549107,West,Ahmedabad,Assam
CUST02247,Aayush Dara,Female,Engineer,1288250,South,Bangalore,Sikkim
CUST02248,Banjeet Gaba,Male,Student,596801,West,Mumbai,Jharkhand
CUST02249,Vanya Sandal,Male,Accountant,843013,West,Pune,Chhattisgarh
CUST02250,Harita Baria,Male,Doctor,449317,East,Patna,Gujarat
CUST02251,Ronith Nigam,Male,Student,2109907,West,Pune,Jharkhand
CUST02252,Viraj Salvi,Male,Engineer,532182,West,Ahmedabad,Punjab
CUST02253,Hiral Loke,Female,Engineer,2617336,North,Delhi,Kerala
CUST02254,Ekani Hayre,Female,Consultant,825283,West,Mumbai,Tamil Nadu
CUST02255,Lila Agarwal,Female,Teacher,784791,West,Pune,Meghalaya
CUST02256,Naveen Seth,Female,Student,1112208,West,Mumbai,Punjab
CUST02257,Ishwar Purohit,Male,Business,1273218,East,Bhubaneswar,Meghalaya
CUST02258,Advaith Grewal,Male,Business,2032522,North,Jaipur,Jharkhand
CUST02259,Xiti Vasa,Male,Engineer,621332,North,Delhi,Bihar
CUST02260,Harish Nori,Female,Teacher,1485293,North,Delhi,Telangana
CUST02261,Rushil Salvi,Female,Business,1526467,North,Chandigarh,Tripura
CUST02262,Varenya Chopra,Female,Accountant,813283,South,Hyderabad,Andhra Pradesh
CUST02263,Yug Chatterjee,Female,Business,2375883,North,Delhi,Sikkim
CUST02264,Nirja Hayre,Female,Lawyer,1839031,East,Kolkata,Tripura
CUST02265,Bachittar Prabhakar,Male,Lawyer,1637391,East,Patna,Gujarat
CUST02266,Rudra Chanda,Female,Consultant,2908319,North,Delhi,Karnataka
CUST02267,Abha Walia,Male,Business,875171,West,Ahmedabad,Karnataka
CUST02268,Jacob Devi,Male,Doctor,1861916,South,Chennai,Meghalaya
CUST02269,Avni Morar,Male,Accountant,2203219,South,Bangalore,Chhattisgarh
CUST02270,Harinakshi Kohli,Female,Engineer,1433714,North,Delhi,Himachal Pradesh
CUST02271,Nidhi Patel,Female,Lawyer,654390,East,Patna,Jharkhand
CUST02272,Anika Bahri,Female,Accountant,379056,North,Chandigarh,Tripura
CUST02273,Wazir Ahuja,Female,Engineer,1241405,West,Ahmedabad,Bihar
CUST02274,Yashasvi Subramanian,Male,Consultant,2533433,South,Chennai,Haryana
CUST02275,Abha Raghavan,Female,Engineer,2571421,North,Jaipur,Gujarat
CUST02276,Pranav Naik,Female,Lawyer,2778660,East,Kolkata,Himachal Pradesh
CUST02277,Aarna Wason,Female,Consultant,2093271,South,Bangalore,Uttarakhand
CUST02278,Divya Sahni,Female,Lawyer,2542951,North,Delhi,Manipur
CUST02279,Damini Kala,Female,Teacher,1899250,West,Ahmedabad,Himachal Pradesh
CUST02280,Ronith Manne,Male,Teacher,363683,West,Pune,Sikkim
CUST02281,Arya Taneja,Female,Doctor,1348293,East,Patna,Madhya Pradesh
CUST02282,Daniel Chokshi,Female,Engineer,2881792,East,Bhubaneswar,Punjab
CUST02283,Qabil Iyer,Female,Lawyer,2850133,East,Bhubaneswar,Sikkim
CUST02284,Abhimanyu Datta,Female,Student,1409466,North,Delhi,Chhattisgarh
CUST02285,Isaiah Dada,Female,Engineer,2145113,South,Chennai,Haryana
CUST02286,Garima Chad,Male,Student,2314137,North,Chandigarh,Uttar Pradesh
CUST02287,Kai Gade,Male,Doctor,1459497,South,Chennai,Odisha
CUST02288,Balveer Singhal,Female,Teacher,1382159,East,Kolkata,Jharkhand
CUST02289,Chakrika Dube,Female,Teacher,1253864,East,Bhubaneswar,Rajasthan
CUST02290,Janaki Sangha,Male,Business,780023,South,Bangalore,Maharashtra
CUST02291,Aashi Biswas,Female,Student,475974,North,Delhi,Uttarakhand
CUST02292,Nathan Shetty,Female,Lawyer,367604,South,Bangalore,Chhattisgarh
CUST02293,Nathaniel Sodhi,Male,Business,1766872,East,Patna,Odisha
CUST02294,Om Muni,Female,Doctor,2443438,North,Delhi,Mizoram
CUST02295,Chasmum Saini,Male,Student,2692287,North,Delhi,Arunachal Pradesh
CUST02296,Frederick Basu,Female,Doctor,2992269,East,Patna,Mizoram
CUST02297,Reva Dalal,Male,Engineer,1669610,West,Ahmedabad,Arunachal Pradesh
CUST02298,Nakul Brahmbhatt,Female,Student,2274196,East,Bhubaneswar,Mizoram
CUST02299,Panini Sandhu,Male,Teacher,1844770,East,Patna,Mizoram
CUST02300,Brinda Sharma,Male,Engineer,745569,North,Chandigarh,Nagaland
CUST02301,Vihaan Purohit,Female,Business,1888968,South,Chennai,Tamil Nadu
CUST02302,Ekaja Ghose,Male,Consultant,629022,North,Jaipur,Assam
CUST02303,Luke Sachdeva,Female,Doctor,2513570,North,Delhi,Madhya Pradesh
CUST02304,Anay Garg,Female,Accountant,1629340,North,Jaipur,Jharkhand
CUST02305,Aarnav Saran,Female,Business,1678602,East,Kolkata,Uttar Pradesh
CUST02306,Noah Mohanty,Male,Accountant,1620435,South,Chennai,Odisha
CUST02307,Shravya Nadig,Male,Accountant,2019353,North,Jaipur,Uttarakhand
CUST02308,Avi Kaul,Female,Doctor,1819583,East,Kolkata,Madhya Pradesh
CUST02309,Bishakha Wason,Male,Accountant,2056785,West,Pune,Madhya Pradesh
CUST02310,Odika Kari,Male,Business,2009671,South,Hyderabad,Uttarakhand
CUST02311,Daksh Lanka,Female,Lawyer,1732655,South,Hyderabad,Himachal Pradesh
CUST02312,Omya Nayak,Male,Consultant,2065896,East,Kolkata,Bihar
CUST02313,Kabir Koshy,Female,Business,1054621,South,Hyderabad,Punjab
CUST02314,Vamakshi Goyal,Male,Doctor,2055843,West,Mumbai,Odisha
CUST02315,Advika Kala,Female,Doctor,830151,East,Patna,Maharashtra
CUST02316,Advay Butala,Male,Teacher,606245,North,Chandigarh,Odisha
CUST02317,Lavanya Chandra,Female,Consultant,1786326,South,Hyderabad,Chhattisgarh
CUST02318,Pavani Deshmukh,Male,Lawyer,799246,South,Chennai,Tripura
CUST02319,Xalak Handa,Male,Engineer,609340,East,Bhubaneswar,Manipur
CUST02320,Xavier Uppal,Female,Accountant,2127416,East,Bhubaneswar,Goa
CUST02321,Mahika Sachdev,Male,Teacher,2772786,East,Bhubaneswar,Assam
CUST02322,Chanchal Khosla,Male,Student,2202230,North,Delhi,Odisha
CUST02323,Avni Kuruvilla,Female,Teacher,2433504,West,Ahmedabad,Sikkim
CUST02324,Wridesh Shenoy,Male,Lawyer,2369022,East,Kolkata,Odisha
CUST02325,Tripti Hari,Female,Lawyer,1653921,East,Kolkata,Uttar Pradesh
CUST02326,Varsha Soman,Male,Teacher,475885,West,Ahmedabad,Assam
CUST02327,Ati Vala,Female,Student,717192,South,Chennai,Uttar Pradesh
CUST02328,Deepa Sidhu,Male,Doctor,1507301,East,Bhubaneswar,Odisha
CUST02329,Frederick Wali,Female,Business,1010182,East,Bhubaneswar,Meghalaya
CUST02330,Upma Babu,Male,Business,1468653,East,Bhubaneswar,Nagaland
CUST02331,Caleb Sachar,Male,Teacher,414714,South,Bangalore,Assam
CUST02332,Jacob Padmanabhan,Male,Engineer,2348355,North,Jaipur,Odisha
CUST02333,Laksh Rattan,Male,Lawyer,2695640,North,Chandigarh,Telangana
CUST02334,Hredhaan Rout,Female,Teacher,2203582,West,Pune,Jharkhand
CUST02335,Hardik Handa,Male,Accountant,2113054,East,Kolkata,Tamil Nadu
CUST02336,Mohammed Sundaram,Male,Teacher,1467917,West,Ahmedabad,Telangana
CUST02337,Upadhriti More,Male,Business,611847,North,Chandigarh,Jharkhand
CUST02338,Udant Gole,Female,Lawyer,2201966,East,Kolkata,Rajasthan
CUST02339,Yoshita Barad,Female,Engineer,2117717,North,Jaipur,Karnataka
CUST02340,Girindra Karnik,Female,Business,2641135,North,Jaipur,Tamil Nadu
CUST02341,Inaya Divan,Male,Business,874093,North,Jaipur,Assam
CUST02342,Matthew Karpe,Male,Lawyer,2271806,West,Mumbai,Maharashtra
CUST02343,Thomas Tara,Male,Accountant,1485308,South,Chennai,Goa
CUST02344,Nitara Bawa,Male,Business,313412,South,Bangalore,Punjab
CUST02345,Aayush Halder,Female,Business,1047068,West,Mumbai,Bihar
CUST02346,Aachal Boase,Female,Consultant,2946716,North,Chandigarh,Uttar Pradesh
CUST02347,William Saraf,Female,Accountant,2524915,South,Hyderabad,Punjab
CUST02348,Jairaj Ramesh,Male,Lawyer,2334488,South,Chennai,Sikkim
CUST02349,Udarsh Sehgal,Female,Student,2579240,West,Pune,Nagaland
CUST02350,Qushi Shetty,Male,Business,771303,West,Ahmedabad,Tripura
CUST02351,Widisha Mohanty,Female,Student,1337655,East,Bhubaneswar,Himachal Pradesh
CUST02352,Watika Sen,Male,Accountant,1637588,West,Mumbai,Himachal Pradesh
CUST02353,Libni Basu,Female,Teacher,2328947,North,Chandigarh,Maharashtra
CUST02354,Pallavi Panchal,Female,Business,421477,West,Pune,West Bengal
CUST02355,Gautam Gade,Male,Consultant,555027,East,Bhubaneswar,Jharkhand
CUST02356,Darsh Rana,Female,Consultant,1941559,East,Bhubaneswar,Nagaland
CUST02357,Ekani Keer,Female,Lawyer,529148,West,Ahmedabad,Haryana
CUST02358,Mohini Chanda,Male,Student,2968693,East,Bhubaneswar,Jharkhand
CUST02359,Jhalak Bera,Female,Consultant,1228241,North,Chandigarh,Kerala
CUST02360,Veer Deshmukh,Male,Doctor,2872383,South,Hyderabad,Manipur
CUST02361,Aarnav Dhingra,Male,Engineer,1890430,East,Kolkata,Himachal Pradesh
CUST02362,Lila Basu,Female,Student,2619006,North,Jaipur,Chhattisgarh
CUST02363,Baljiwan Andra,Male,Business,1818748,North,Jaipur,Himachal Pradesh
CUST02364,Wriddhish Oommen,Female,Business,1517134,South,Bangalore,Kerala
CUST02365,Mohammed Sen,Female,Consultant,1204355,South,Chennai,Punjab
CUST02366,Wyatt Mishra,Male,Engineer,2508533,South,Bangalore,Meghalaya
CUST02367,Ekiya Parikh,Female,Accountant,477356,North,Jaipur,Odisha
CUST02368,Christopher Raju,Female,Engineer,1264711,South,Chennai,Manipur
CUST02369,Laksh Gala,Female,Doctor,1884846,South,Bangalore,Jharkhand
CUST02370,Hemal Chopra,Female,Doctor,620977,West,Mumbai,Nagaland
CUST02371,Yochana Amble,Female,Engineer,361831,North,Jaipur,Madhya Pradesh
CUST02372,Meghana Dass,Female,Business,2840454,South,Bangalore,Sikkim
CUST02373,Nandini Sule,Female,Engineer,1567325,East,Bhubaneswar,Kerala
CUST02374,Forum Shenoy,Male,Doctor,1408428,East,Bhubaneswar,Kerala
CUST02375,Vivaan Rege,Female,Consultant,690331,West,Ahmedabad,Telangana
CUST02376,Nicholas Batra,Female,Accountant,1492956,South,Chennai,Chhattisgarh
CUST02377,Udant Nagy,Male,Accountant,1951067,South,Chennai,Bihar
CUST02378,Anmol Zacharia,Male,Accountant,1239779,East,Patna,Andhra Pradesh
CUST02379,Chaaya Saraf,Male,Accountant,1851144,North,Chandigarh,Mizoram
CUST02380,Irya Hari,Male,Lawyer,1694335,West,Pune,Nagaland
CUST02381,Xavier Palan,Male,Doctor,2652523,South,Hyderabad,Manipur
CUST02382,Samaksh Chacko,Female,Business,651855,South,Bangalore,Odisha
CUST02383,Darsh Upadhyay,Female,Business,547182,South,Chennai,Himachal Pradesh
CUST02384,Om Randhawa,Female,Lawyer,1717123,West,Ahmedabad,Rajasthan
CUST02385,Nidra Yogi,Female,Consultant,323369,South,Bangalore,Odisha
CUST02386,Vyanjana Ahuja,Male,Accountant,2588365,East,Patna,Punjab
CUST02387,Qasim Chada,Male,Student,2235134,West,Ahmedabad,Arunachal Pradesh
CUST02388,Jeet Bir,Male,Doctor,2085523,West,Pune,Rajasthan
CUST02389,Lekha Ahuja,Male,Engineer,979867,North,Chandigarh,Karnataka
CUST02390,Kashish Bandi,Male,Accountant,776743,North,Delhi,Nagaland
CUST02391,Anita Bahl,Female,Teacher,2926325,North,Chandigarh,Punjab
CUST02392,Daksha Talwar,Female,Consultant,338833,West,Mumbai,Arunachal Pradesh
CUST02393,Amaira Comar,Female,Lawyer,1437107,East,Kolkata,Maharashtra
CUST02394,Krisha Sharma,Female,Teacher,893567,East,Patna,Odisha
CUST02395,Omisha Puri,Male,Student,2478436,East,Patna,Assam
CUST02396,Vihaan Din,Female,Business,1684863,East,Bhubaneswar,Meghalaya
CUST02397,Omaja Lad,Female,Engineer,1632480,South,Bangalore,Kerala
CUST02398,Zinal Deshmukh,Male,Accountant,581219,West,Mumbai,Chhattisgarh
CUST02399,Ekanta Malhotra,Male,Business,693626,North,Chandigarh,Haryana
CUST02400,Jai Tak,Male,Engineer,2921325,West,Ahmedabad,Tamil Nadu
CUST02401,Hemangini Mukherjee,Male,Doctor,1769905,West,Pune,Haryana
CUST02402,Ronith Dua,Male,Business,1451674,South,Chennai,Mizoram
CUST02403,Upasna Gulati,Female,Student,2919346,East,Bhubaneswar,Punjab
CUST02404,Nilima Pathak,Male,Doctor,2785708,West,Ahmedabad,Andhra Pradesh
CUST02405,Jalsa Bansal,Male,Lawyer,1047950,South,Bangalore,Kerala
CUST02406,Chanakya Sawhney,Male,Teacher,2490759,East,Patna,West Bengal
CUST02407,Hritik Comar,Female,Accountant,1177895,West,Ahmedabad,Madhya Pradesh
CUST02408,Chakrika Nadig,Male,Business,683100,South,Bangalore,Nagaland
CUST02409,Qushi Parsa,Male,Accountant,301035,South,Bangalore,Tamil Nadu
CUST02410,Nachiket Nori,Male,Teacher,2446247,East,Kolkata,Assam
CUST02411,Pavani Aurora,Female,Student,1569021,West,Ahmedabad,Uttarakhand
CUST02412,Wazir Kapur,Female,Consultant,1917029,North,Delhi,Uttarakhand
CUST02413,Anay Panchal,Female,Student,2525856,West,Ahmedabad,Manipur
CUST02414,Vritti Luthra,Male,Teacher,2958223,North,Jaipur,Tripura
CUST02415,Abha Chaudhary,Male,Consultant,2650848,East,Patna,Kerala
CUST02416,Ansh Anand,Female,Doctor,2640023,West,Ahmedabad,Mizoram
CUST02417,Hamsini Banik,Female,Teacher,406097,West,Pune,Gujarat
CUST02418,Odika Gera,Female,Consultant,1196658,East,Bhubaneswar,Jharkhand
CUST02419,Barkha Ghosh,Female,Teacher,344763,South,Chennai,Manipur
CUST02420,Ekbal Baral,Female,Business,323549,South,Chennai,Meghalaya
CUST02421,Devansh Mane,Male,Student,1364347,East,Bhubaneswar,Kerala
CUST02422,Imaran Tiwari,Female,Engineer,1453229,North,Jaipur,Himachal Pradesh
CUST02423,Michael Acharya,Male,Lawyer,1449968,West,Ahmedabad,Uttar Pradesh
CUST02424,Raksha Kadakia,Male,Accountant,2848233,North,Jaipur,Odisha
CUST02425,Gunbir Jaggi,Male,Accountant,2588359,West,Ahmedabad,Karnataka
CUST02426,Brijesh Handa,Female,Engineer,2870774,North,Delhi,Haryana
CUST02427,Lila Amble,Male,Teacher,647391,South,Hyderabad,Arunachal Pradesh
CUST02428,Dayita More,Male,Accountant,2973777,West,Mumbai,Manipur
CUST02429,Hardik Kade,Male,Lawyer,1114459,North,Chandigarh,Odisha
CUST02430,Ganga Wagle,Female,Teacher,2761416,North,Chandigarh,Uttarakhand
CUST02431,Hredhaan Gulati,Male,Consultant,2046418,East,Patna,Telangana
CUST02432,Ekiya Venkatesh,Male,Teacher,1418352,North,Delhi,Tripura
CUST02433,Chandresh Natarajan,Female,Engineer,1455637,North,Delhi,Chhattisgarh
CUST02434,Suhani Kashyap,Female,Teacher,2964640,South,Hyderabad,Nagaland
CUST02435,Yamini Seth,Female,Student,793730,North,Chandigarh,Manipur
CUST02436,Wyatt Tara,Male,Accountant,669778,East,Bhubaneswar,Meghalaya
CUST02437,Ganga Sule,Male,Doctor,1078709,North,Delhi,Uttarakhand
CUST02438,Triveni Bawa,Male,Teacher,343783,East,Patna,Uttar Pradesh
CUST02439,Jagat Pandit,Female,Accountant,640891,South,Hyderabad,Karnataka
CUST02440,Elijah Warrior,Male,Teacher,1602277,South,Chennai,Nagaland
CUST02441,Krish Dugar,Female,Teacher,1470057,North,Chandigarh,Karnataka
CUST02442,Charles Borra,Female,Consultant,1247746,South,Hyderabad,Goa
CUST02443,Wyatt Sura,Male,Teacher,1537035,South,Chennai,Assam
CUST02444,Faras Batta,Female,Lawyer,687604,East,Patna,Himachal Pradesh
CUST02445,Brinda Parmar,Female,Student,2992012,West,Ahmedabad,Uttarakhand
CUST02446,Yashica Khare,Male,Engineer,2754603,West,Pune,Tamil Nadu
CUST02447,Wridesh Tripathi,Male,Consultant,1755094,West,Mumbai,Mizoram
CUST02448,Vyanjana Chada,Female,Lawyer,680664,East,Kolkata,Tamil Nadu
CUST02449,Lakshit Vala,Male,Accountant,1394067,South,Chennai,Meghalaya
CUST02450,Onkar Sharma,Male,Accountant,886427,North,Delhi,Nagaland
CUST02451,Ira Karnik,Female,Student,2664620,West,Pune,Nagaland
CUST02452,Anvi Bali,Male,Student,738778,West,Pune,Himachal Pradesh
CUST02453,Unnati Biswas,Male,Consultant,2294374,East,Kolkata,Telangana
CUST02454,Osha Shankar,Male,Teacher,1801579,East,Bhubaneswar,Goa
CUST02455,Xiti Dhawan,Female,Teacher,391225,East,Kolkata,Telangana
CUST02456,Libni Bhakta,Female,Consultant,1974926,West,Pune,Mizoram
CUST02457,Charles Modi,Female,Student,2820533,West,Mumbai,Rajasthan
CUST02458,Theodore Kari,Female,Lawyer,468313,East,Bhubaneswar,Kerala
CUST02459,Veer Raju,Male,Consultant,2086329,South,Hyderabad,Mizoram
CUST02460,Harshil Kanda,Female,Engineer,987974,East,Patna,West Bengal
CUST02461,Shivansh Mand,Male,Teacher,844801,South,Chennai,Manipur
CUST02462,Advik Shenoy,Male,Lawyer,893330,East,Kolkata,Rajasthan
CUST02463,Jhalak Parsa,Female,Teacher,2231844,East,Bhubaneswar,Rajasthan
CUST02464,Umang Dutt,Male,Business,1021707,North,Jaipur,Karnataka
CUST02465,Manan Natarajan,Male,Teacher,1290625,East,Bhubaneswar,Sikkim
CUST02466,Arin Ben,Male,Business,946501,South,Chennai,Karnataka
CUST02467,Kiaan Bhat,Female,Teacher,1745826,East,Kolkata,Tamil Nadu
CUST02468,Hemani Keer,Female,Business,2280994,North,Chandigarh,Meghalaya
CUST02469,Lakshit Khurana,Male,Doctor,1925602,West,Ahmedabad,Uttar Pradesh
CUST02470,Hamsini Nair,Male,Consultant,1672006,South,Chennai,Arunachal Pradesh
CUST02471,Eshana Pau,Female,Consultant,2540241,East,Patna,Odisha
CUST02472,Jai Gandhi,Female,Engineer,1229852,North,Chandigarh,Chhattisgarh
CUST02473,Shaurya Jaggi,Female,Student,1725438,South,Bangalore,Assam
CUST02474,Pushti Tiwari,Female,Doctor,1264998,North,Jaipur,Jharkhand
CUST02475,Chaman Mani,Male,Engineer,1185972,South,Chennai,West Bengal
CUST02476,Vansha Solanki,Male,Student,1910891,East,Bhubaneswar,Bihar
CUST02477,Logan Prabhu,Male,Lawyer,1604814,South,Chennai,Haryana
CUST02478,Bishakha Purohit,Female,Engineer,1394795,West,Pune,Maharashtra
CUST02479,Yashoda Wable,Male,Consultant,2469917,West,Mumbai,Sikkim
CUST02480,Owen Parmar,Male,Student,725323,North,Chandigarh,Madhya Pradesh
CUST02481,Saumya Shah,Male,Student,839972,West,Mumbai,Bihar
CUST02482,Sai Hayer,Female,Engineer,2339016,West,Pune,Uttarakhand
CUST02483,Hemangini Trivedi,Male,Lawyer,2082500,West,Ahmedabad,Arunachal Pradesh
CUST02484,Aarna Bhardwaj,Male,Accountant,2405798,East,Patna,Haryana
CUST02485,Vrishti Khosla,Female,Student,768386,East,Bhubaneswar,Odisha
CUST02486,Pushti Dixit,Female,Doctor,930769,South,Chennai,Goa
CUST02487,Finn Sunder,Female,Business,2459631,North,Chandigarh,Assam
CUST02488,Prisha Karnik,Male,Accountant,1481593,West,Ahmedabad,Uttar Pradesh
CUST02489,Siya Mallick,Female,Accountant,1839746,North,Delhi,Bihar
CUST02490,Wriddhish Iyer,Female,Lawyer,2085525,North,Jaipur,Meghalaya
CUST02491,Ira Zachariah,Female,Engineer,2576452,East,Patna,Kerala
CUST02492,Benjamin Dara,Female,Student,2049277,East,Kolkata,Tripura
CUST02493,Hamsini Kade,Female,Lawyer,2967504,North,Chandigarh,Maharashtra
CUST02494,Harini Modi,Male,Student,453563,North,Jaipur,Manipur
CUST02495,Akshay Sarin,Male,Doctor,2543890,West,Mumbai,Sikkim
CUST02496,Anika Panchal,Male,Accountant,2108166,North,Delhi,Himachal Pradesh
CUST02497,Nathaniel Gaba,Female,Business,2495964,East,Bhubaneswar,Manipur
CUST02498,Radhika Nadkarni,Male,Student,1863616,West,Mumbai,Telangana
CUST02499,Forum Swamy,Male,Consultant,2450135,North,Delhi,Karnataka
CUST02500,Chandani Oommen,Female,Consultant,1980823,North,Chandigarh,Haryana
CUST02501,Tanish Din,Female,Doctor,2117959,North,Delhi,Haryana
CUST02502,Jagat Acharya,Female,Lawyer,2881935,North,Delhi,Punjab
CUST02503,Jason Munshi,Male,Student,2704745,South,Hyderabad,Assam
CUST02504,Joshua Varma,Female,Lawyer,1078938,West,Mumbai,Nagaland
CUST02505,Abha Garg,Male,Consultant,1060261,East,Patna,Assam
CUST02506,Zaid Wable,Male,Consultant,1168792,East,Bhubaneswar,Manipur
CUST02507,Nidhi Jhaveri,Male,Lawyer,1420102,North,Chandigarh,Andhra Pradesh
CUST02508,Ikshita Mammen,Female,Doctor,1228298,West,Pune,Nagaland
CUST02509,Jairaj Mitter,Female,Business,567271,South,Bangalore,Telangana
CUST02510,Leena Kala,Female,Consultant,2962429,East,Patna,Punjab
CUST02511,Gaurang Sahni,Female,Accountant,2638983,East,Patna,Assam
CUST02512,Lekha Bose,Female,Student,1752765,North,Chandigarh,Uttar Pradesh
CUST02513,Shivani Pai,Female,Accountant,1183477,West,Mumbai,Assam
CUST02514,Tanmayi Chana,Female,Lawyer,1990045,South,Hyderabad,Himachal Pradesh
CUST02515,Krish Tandon,Male,Accountant,2654370,North,Jaipur,Odisha
CUST02516,Reva Sathe,Male,Student,1575205,East,Kolkata,Haryana
CUST02517,Idika Chauhan,Female,Accountant,424002,East,Bhubaneswar,Uttar Pradesh
CUST02518,Abdul Sidhu,Male,Student,2669330,South,Hyderabad,Meghalaya
CUST02519,Manthan Grover,Male,Lawyer,2633876,West,Ahmedabad,Arunachal Pradesh
CUST02520,Jairaj Sane,Female,Teacher,1887245,West,Mumbai,Haryana
CUST02521,Tanveer Bawa,Female,Business,1186278,North,Delhi,Punjab
CUST02522,Caleb Vasa,Female,Teacher,967387,North,Jaipur,Mizoram
CUST02523,Bhavini Sharma,Female,Student,1213320,West,Pune,West Bengal
CUST02524,Tarak Mallick,Female,Student,1823265,West,Pune,Tamil Nadu
CUST02525,William Borra,Female,Consultant,1244134,North,Jaipur,Sikkim
CUST02526,Sai Keer,Female,Lawyer,2185154,West,Ahmedabad,Chhattisgarh
CUST02527,Qushi Palla,Female,Lawyer,313997,South,Bangalore,Goa
CUST02528,Chaitaly Tank,Male,Doctor,1907900,East,Bhubaneswar,Himachal Pradesh
CUST02529,Champak Parekh,Female,Business,2969325,West,Ahmedabad,Nagaland
CUST02530,Radhika Narayan,Male,Teacher,2857292,North,Jaipur,Assam
CUST02531,Yoshita Peri,Female,Engineer,1663233,North,Jaipur,Manipur
CUST02532,Upasna Sanghvi,Female,Doctor,1853133,South,Bangalore,Manipur
CUST02533,Raksha Madan,Female,Business,976873,North,Jaipur,Maharashtra
CUST02534,Veer Puri,Male,Teacher,2280419,West,Ahmedabad,Sikkim
CUST02535,Yamini Kale,Male,Lawyer,571844,South,Chennai,Uttar Pradesh
CUST02536,Ekiya Choudhury,Female,Accountant,1327801,North,Delhi,Odisha
CUST02537,Gavin Dave,Male,Accountant,2398053,West,Mumbai,Punjab
CUST02538,Unni Shenoy,Female,Teacher,1327031,North,Jaipur,Jharkhand
CUST02539,Harshil Chand,Male,Engineer,435570,West,Pune,Haryana
CUST02540,Neel Sen,Female,Consultant,595134,West,Pune,Karnataka
CUST02541,Ekiya Sibal,Male,Engineer,2139290,West,Ahmedabad,Bihar
CUST02542,Kevin Soni,Male,Lawyer,1970997,West,Pune,Sikkim
CUST02543,Aahana Kanda,Female,Accountant,2097630,North,Chandigarh,Chhattisgarh
CUST02544,Ekapad Munshi,Male,Lawyer,2731907,North,Delhi,Karnataka
CUST02545,Aadi Sur,Male,Student,2031798,North,Jaipur,Tripura
CUST02546,Abdul Garg,Male,Accountant,1181160,East,Kolkata,Haryana
CUST02547,Maya Atwal,Female,Doctor,2222006,East,Kolkata,Uttar Pradesh
CUST02548,Amaira Iyer,Female,Student,1538544,West,Mumbai,Odisha
CUST02549,Triveni Manne,Female,Lawyer,2683334,West,Ahmedabad,Tamil Nadu
CUST02550,Hardik Cheema,Male,Teacher,920857,East,Patna,Jharkhand
CUST02551,Lakshit Bhardwaj,Male,Student,2663655,East,Kolkata,Maharashtra
CUST02552,Jyoti Pandey,Female,Lawyer,963968,East,Patna,Jharkhand
CUST02553,Zansi Raghavan,Female,Lawyer,947773,East,Bhubaneswar,Rajasthan
CUST02554,Onkar Viswanathan,Female,Consultant,1379218,South,Bangalore,Tamil Nadu
CUST02555,Adya Gupta,Male,Lawyer,922281,South,Bangalore,Uttarakhand
CUST02556,Gayathri Prasad,Female,Consultant,2300575,North,Chandigarh,Rajasthan
CUST02557,Balveer Karnik,Male,Student,2495036,South,Chennai,Andhra Pradesh
CUST02558,Avi Sathe,Female,Teacher,2503003,East,Bhubaneswar,Arunachal Pradesh
CUST02559,Nirja Sridhar,Female,Consultant,359695,West,Mumbai,Tamil Nadu
CUST02560,Ishani Dhawan,Male,Lawyer,1165827,North,Chandigarh,Andhra Pradesh
CUST02561,Ishita Nazareth,Female,Doctor,1126035,South,Bangalore,Manipur
CUST02562,Luke Gour,Female,Engineer,2498311,East,Bhubaneswar,Punjab
CUST02563,Dev Buch,Male,Student,437743,South,Hyderabad,Bihar
CUST02564,Mitali Chhabra,Male,Student,2428259,West,Pune,Gujarat
CUST02565,Vihaan Pal,Male,Engineer,2173313,North,Chandigarh,West Bengal
CUST02566,Abhimanyu Gade,Female,Teacher,1327969,South,Bangalore,Chhattisgarh
CUST02567,Shivansh Srinivasan,Female,Teacher,468748,South,Hyderabad,Arunachal Pradesh
CUST02568,Manan Barman,Female,Doctor,1096977,East,Patna,Telangana
CUST02569,Bhavani Sarkar,Female,Engineer,1171291,North,Delhi,Uttar Pradesh
CUST02570,Oeshi Khanna,Female,Accountant,712175,South,Bangalore,Punjab
CUST02571,Vritti Raju,Male,Business,2306131,North,Chandigarh,Haryana
CUST02572,Luke Ravi,Male,Accountant,1127939,North,Chandigarh,Odisha
CUST02573,Abeer Keer,Male,Accountant,1558127,North,Jaipur,Rajasthan
CUST02574,Upadhriti Muni,Female,Doctor,2156574,North,Jaipur,Uttar Pradesh
CUST02575,Balhaar Chandran,Female,Engineer,1355906,South,Hyderabad,Maharashtra
CUST02576,Anusha Balan,Female,Accountant,2947143,West,Pune,Madhya Pradesh
CUST02577,Tarak Narang,Female,Lawyer,1556769,South,Chennai,Rajasthan
CUST02578,Mohini Chacko,Male,Student,1454643,East,Patna,Kerala
CUST02579,Bhavya Kadakia,Female,Doctor,1064119,East,Patna,Maharashtra
CUST02580,Wriddhish Singh,Female,Accountant,2379485,West,Mumbai,Assam
CUST02581,Rachit Deol,Male,Consultant,1577756,South,Bangalore,Nagaland
CUST02582,Osha Loyal,Female,Teacher,1111998,North,Chandigarh,Tamil Nadu
CUST02583,Reyansh Sama,Male,Lawyer,2404616,North,Delhi,Haryana
CUST02584,Niharika Behl,Female,Doctor,1558548,East,Bhubaneswar,Meghalaya
CUST02585,Pavani Ratti,Male,Student,955937,South,Hyderabad,Mizoram
CUST02586,Om Ravi,Male,Teacher,2859042,South,Chennai,Himachal Pradesh
CUST02587,Libni Baria,Female,Consultant,1429874,South,Chennai,Uttarakhand
CUST02588,Oscar Goda,Female,Lawyer,1855210,South,Chennai,Karnataka
CUST02589,Mugdha Chakrabarti,Female,Student,1622659,South,Chennai,Bihar
CUST02590,Anay Vasa,Female,Consultant,2049543,West,Ahmedabad,Jharkhand
CUST02591,Hardik Sachdev,Male,Consultant,1783156,North,Chandigarh,Telangana
CUST02592,Tarak Jani,Female,Engineer,1148143,South,Chennai,Nagaland
CUST02593,Warhi Raj,Female,Lawyer,1866468,South,Hyderabad,Tripura
CUST02594,Mekhala Banerjee,Female,Consultant,1666022,North,Chandigarh,Gujarat
CUST02595,Aditya Khalsa,Female,Lawyer,748096,South,Bangalore,Maharashtra
CUST02596,Waida Tata,Male,Student,2311935,North,Delhi,Tripura
CUST02597,Leena Barman,Female,Accountant,1347930,West,Mumbai,Haryana
CUST02598,Dayita Rout,Female,Engineer,725469,East,Patna,Karnataka
CUST02599,Harsh Bajaj,Female,Lawyer,2556098,North,Jaipur,Manipur
CUST02600,Fiyaz Taneja,Female,Doctor,2279044,East,Bhubaneswar,Telangana
CUST02601,Michael Hegde,Male,Student,2035508,South,Hyderabad,Bihar
CUST02602,Wridesh Madan,Female,Business,2656512,South,Bangalore,Maharashtra
CUST02603,Isaac Shukla,Male,Student,2702217,North,Chandigarh,Haryana
CUST02604,Janya Buch,Female,Engineer,889163,East,Patna,Arunachal Pradesh
CUST02605,Niharika Karan,Female,Student,2169990,North,Jaipur,Mizoram
CUST02606,Fiyaz Mukherjee,Female,Accountant,1254968,South,Bangalore,Punjab
CUST02607,Gaurav Oommen,Female,Business,1386433,West,Ahmedabad,Uttarakhand
CUST02608,Urvashi Garg,Male,Teacher,799920,East,Patna,Uttarakhand
CUST02609,Dhruv Ramakrishnan,Female,Accountant,501456,West,Ahmedabad,Gujarat
CUST02610,Odika Khalsa,Female,Engineer,2672778,North,Jaipur,Haryana
CUST02611,Samaksh Morar,Female,Accountant,1485505,West,Mumbai,Uttar Pradesh
CUST02612,Siya Parmer,Male,Doctor,2671068,East,Patna,Goa
CUST02613,Oviya Bhargava,Male,Teacher,2453776,North,Jaipur,Assam
CUST02614,Samaksh Chadha,Female,Business,606534,North,Jaipur,Arunachal Pradesh
CUST02615,Qadim Sachar,Female,Accountant,938395,West,Ahmedabad,Himachal Pradesh
CUST02616,Siya Balakrishnan,Male,Student,2204411,East,Kolkata,Tripura
CUST02617,Priya Swamy,Female,Lawyer,326650,West,Mumbai,Odisha
CUST02618,Lucky Chawla,Male,Business,1652177,West,Mumbai,Kerala
CUST02619,Hemani Balan,Female,Business,2751052,West,Mumbai,Odisha
CUST02620,Aachal Mutti,Female,Business,2709369,East,Patna,Himachal Pradesh
CUST02621,Benjamin Narayanan,Male,Business,921947,East,Patna,Rajasthan
CUST02622,Harshil Padmanabhan,Male,Doctor,409993,South,Chennai,Nagaland
CUST02623,Tara Sami,Female,Doctor,1673471,North,Delhi,Assam
CUST02624,Bhavna Palla,Male,Business,1570578,East,Kolkata,Chhattisgarh
CUST02625,Zaid Guha,Female,Business,1211153,South,Chennai,Rajasthan
CUST02626,Indrajit Gopal,Male,Accountant,816361,East,Kolkata,Manipur
CUST02627,Ekaja Nayak,Female,Business,1895582,West,Mumbai,Himachal Pradesh
CUST02628,Harini Jha,Female,Consultant,1133147,North,Chandigarh,Maharashtra
CUST02629,Bhavya Majumdar,Male,Doctor,1034409,South,Chennai,Manipur
CUST02630,Adya Raghavan,Male,Doctor,2351469,North,Delhi,Uttarakhand
CUST02631,Pratyush Swaminathan,Female,Consultant,1101032,East,Patna,Bihar
CUST02632,Faraj Kaur,Female,Accountant,1370740,South,Bangalore,Rajasthan
CUST02633,Jyoti Bhatti,Male,Engineer,1893957,North,Chandigarh,Chhattisgarh
CUST02634,Yauvani Andra,Male,Student,1811595,West,Ahmedabad,Chhattisgarh
CUST02635,Bhavani Loke,Female,Lawyer,1262000,East,Kolkata,Arunachal Pradesh
CUST02636,Nicholas Shenoy,Female,Accountant,366479,North,Jaipur,Jharkhand
CUST02637,Yauvani Lal,Female,Engineer,890288,East,Patna,Karnataka
CUST02638,Libni Koshy,Male,Teacher,2475258,South,Bangalore,Haryana
CUST02639,Janani Gulati,Female,Engineer,556613,South,Bangalore,Nagaland
CUST02640,Zayan Chowdhury,Female,Student,2890213,South,Hyderabad,Maharashtra
CUST02641,Tejas Kari,Female,Teacher,1032482,West,Mumbai,Maharashtra
CUST02642,Yasti Ranganathan,Male,Student,758821,South,Hyderabad,Arunachal Pradesh
CUST02643,Krishna Bhat,Female,Business,1583728,South,Bangalore,Mizoram
CUST02644,Kavya Palla,Female,Lawyer,2908494,West,Pune,Meghalaya
CUST02645,Amara Parmar,Male,Student,419524,East,Kolkata,West Bengal
CUST02646,Charita More,Male,Consultant,495032,West,Mumbai,Tamil Nadu
CUST02647,Krishna Saini,Male,Teacher,719913,West,Pune,Punjab
CUST02648,Tanmayi Dhillon,Male,Doctor,2061116,North,Chandigarh,Bihar
CUST02649,Jeet Vig,Female,Accountant,2040958,North,Delhi,Andhra Pradesh
CUST02650,Henry Sen,Male,Lawyer,2297509,West,Mumbai,Telangana
CUST02651,Bahadurjit Kannan,Male,Student,2564865,West,Ahmedabad,Kerala
CUST02652,Sara Salvi,Male,Accountant,2366960,East,Patna,Haryana
CUST02653,Frederick Jain,Male,Teacher,898089,South,Bangalore,Madhya Pradesh
CUST02654,Ronith Sankar,Male,Doctor,1993821,South,Hyderabad,Odisha
CUST02655,Ekaraj Bhagat,Male,Business,1248849,East,Patna,West Bengal
CUST02656,Aishani Gera,Female,Student,2238394,East,Kolkata,Manipur
CUST02657,Ekaraj Peri,Female,Consultant,1871902,East,Kolkata,Manipur
CUST02658,Ganga Dixit,Male,Consultant,2950297,South,Hyderabad,Nagaland
CUST02659,Leela Pingle,Male,Engineer,899594,North,Delhi,Sikkim
CUST02660,Karan Konda,Male,Consultant,1652798,North,Delhi,Uttar Pradesh
CUST02661,Pranit Sabharwal,Female,Accountant,1742428,North,Jaipur,Sikkim
CUST02662,Yamini Ratta,Female,Accountant,1201088,South,Hyderabad,Bihar
CUST02663,Gunbir Trivedi,Female,Accountant,794169,West,Pune,Assam
CUST02664,Vedant Sharaf,Female,Student,1081480,East,Patna,Bihar
CUST02665,Qarin Agarwal,Female,Accountant,704764,East,Bhubaneswar,West Bengal
CUST02666,Nihal Dayal,Female,Doctor,1832691,East,Patna,Gujarat
CUST02667,Ishanvi Karan,Male,Teacher,696712,West,Pune,Assam
CUST02668,Neel Bedi,Male,Doctor,2608816,South,Chennai,Tripura
CUST02669,Jagdish Srinivasan,Female,Lawyer,2198194,East,Kolkata,Jharkhand
CUST02670,Ekanta Oak,Male,Teacher,1967479,West,Pune,Nagaland
CUST02671,Jasmit Raja,Male,Engineer,1133312,South,Bangalore,Punjab
CUST02672,Chasmum Gill,Male,Engineer,2536219,East,Patna,Nagaland
CUST02673,Ayaan Boase,Male,Teacher,1870649,East,Patna,Telangana
CUST02674,Jagat Sheth,Male,Business,937748,South,Bangalore,Punjab
CUST02675,Aarush Vohra,Female,Engineer,1981382,West,Mumbai,West Bengal
CUST02676,Samaksh Magar,Female,Accountant,2262951,East,Bhubaneswar,Gujarat
CUST02677,Nirja Borah,Female,Engineer,614029,East,Kolkata,Odisha
CUST02678,Shivansh Apte,Female,Business,2871600,East,Patna,Tamil Nadu
CUST02679,Indrajit Singhal,Female,Teacher,903105,North,Delhi,Punjab
CUST02680,Girindra Bhatnagar,Male,Consultant,968752,West,Mumbai,Telangana
CUST02681,Adya Sabharwal,Male,Business,1769714,West,Ahmedabad,West Bengal
CUST02682,Oni Karan,Female,Teacher,1983763,North,Delhi,Tripura
CUST02683,Lila Kothari,Male,Business,2159676,North,Jaipur,Uttar Pradesh
CUST02684,Ranveer Pandya,Female,Student,345168,South,Hyderabad,Assam
CUST02685,Darsh Mohanty,Female,Doctor,2936311,North,Jaipur,Uttar Pradesh
CUST02686,Lila Khosla,Female,Lawyer,823719,West,Mumbai,Kerala
CUST02687,Aahana Mutti,Male,Student,1441281,West,Mumbai,Himachal Pradesh
CUST02688,Gunbir Jha,Female,Doctor,2929402,North,Chandigarh,Assam
CUST02689,Praneel Bhakta,Male,Accountant,1520990,West,Ahmedabad,Madhya Pradesh
CUST02690,Omkaar Walia,Male,Doctor,2830490,South,Hyderabad,Maharashtra
CUST02691,Baljiwan Sura,Female,Consultant,2068629,East,Kolkata,Manipur
CUST02692,Meera Rai,Male,Lawyer,1457064,North,Jaipur,Bihar
CUST02693,Yamini Chadha,Female,Consultant,1353814,East,Patna,Arunachal Pradesh
CUST02694,Reyansh Mohanty,Male,Doctor,2336539,East,Kolkata,Jharkhand
CUST02695,Omisha Kaur,Female,Business,2779187,South,Hyderabad,Madhya Pradesh
CUST02696,Vamakshi Swaminathan,Female,Doctor,2346241,West,Pune,Bihar
CUST02697,Ayaan Kade,Female,Engineer,2823554,West,Pune,Tamil Nadu
CUST02698,Geetika Dash,Male,Doctor,792718,North,Jaipur,Chhattisgarh
CUST02699,Elijah Dhar,Female,Consultant,467205,South,Chennai,Telangana
CUST02700,Yug Raja,Female,Accountant,2704782,East,Patna,Odisha
CUST02701,Sanaya Kakar,Female,Engineer,1206135,North,Chandigarh,Tripura
CUST02702,Daksh Master,Female,Doctor,1525897,South,Bangalore,Bihar
CUST02703,Amaira Shanker,Female,Lawyer,1804030,West,Mumbai,Odisha
CUST02704,Chakradev Amble,Male,Lawyer,2170688,East,Bhubaneswar,Punjab
CUST02705,Amaira Pillay,Female,Lawyer,973572,North,Chandigarh,Goa
CUST02706,Banjeet Deo,Female,Consultant,1761879,South,Hyderabad,Madhya Pradesh
CUST02707,Tejas Kalita,Male,Student,1775575,South,Chennai,Kerala
CUST02708,Aarav Pandya,Female,Doctor,679301,South,Chennai,Nagaland
CUST02709,Ijaya Din,Female,Teacher,1905144,West,Ahmedabad,Mizoram
CUST02710,Abha Kala,Female,Student,1713485,South,Chennai,Chhattisgarh
CUST02711,Panini Vora,Male,Teacher,1653752,West,Ahmedabad,Mizoram
CUST02712,Mohammed Pau,Male,Lawyer,2422818,North,Delhi,Bihar
CUST02713,Ikshita Dyal,Male,Consultant,2894055,East,Patna,West Bengal
CUST02714,Nathaniel Tara,Male,Doctor,2808065,North,Delhi,Maharashtra
CUST02715,Hitesh Wason,Male,Student,2534841,West,Ahmedabad,Tripura
CUST02716,Frado Gokhale,Male,Consultant,734639,East,Bhubaneswar,Bihar
CUST02717,Balendra Varkey,Male,Student,1242983,East,Patna,West Bengal
CUST02718,Nirja Borah,Male,Teacher,1448351,West,Mumbai,Arunachal Pradesh
CUST02719,Kavya Pandey,Male,Business,1329079,North,Chandigarh,Uttar Pradesh
CUST02720,Krisha Tella,Male,Teacher,352086,South,Chennai,Punjab
CUST02721,Ekapad Nanda,Male,Accountant,2141089,East,Kolkata,Maharashtra
CUST02722,Vedika Goswami,Male,Consultant,1080383,West,Pune,Assam
CUST02723,Liam Shere,Female,Lawyer,1826596,West,Pune,Bihar
CUST02724,Urvi Narang,Female,Student,1284427,East,Bhubaneswar,Uttar Pradesh
CUST02725,Rachit Vyas,Female,Doctor,864103,East,Patna,Sikkim
CUST02726,Bhavani Agarwal,Male,Teacher,705259,East,Patna,Himachal Pradesh
CUST02727,Kabir Cherian,Female,Doctor,2833743,West,Pune,Uttar Pradesh
CUST02728,Kamala Dara,Female,Business,2251552,South,Hyderabad,Telangana
CUST02729,Janaki Badal,Male,Accountant,2895460,East,Patna,Rajasthan
CUST02730,Wakeeta Modi,Female,Doctor,1018657,West,Ahmedabad,Bihar
CUST02731,Vansha Lall,Female,Engineer,1757953,North,Jaipur,Haryana
CUST02732,Ishita Dhar,Male,Doctor,1786512,West,Pune,Madhya Pradesh
CUST02733,Bishakha Bhandari,Female,Lawyer,415666,North,Jaipur,Chhattisgarh
CUST02734,Xiti Chada,Male,Consultant,1202631,West,Ahmedabad,Sikkim
CUST02735,Yashica Chana,Female,Student,1275445,West,Ahmedabad,Telangana
CUST02736,Manan Nair,Female,Engineer,2856824,West,Mumbai,Maharashtra
CUST02737,Kevin Rajagopal,Female,Doctor,597851,North,Jaipur,Gujarat
CUST02738,Anamika Kalla,Female,Teacher,1116291,North,Jaipur,Andhra Pradesh
CUST02739,Anamika Sibal,Male,Teacher,423679,South,Hyderabad,Punjab
CUST02740,Laksh Kakar,Male,Student,673736,West,Pune,Haryana
CUST02741,Zashil Grewal,Female,Consultant,1899249,North,Chandigarh,Himachal Pradesh
CUST02742,Yatin Dash,Female,Teacher,702079,West,Mumbai,Meghalaya
CUST02743,Chatura Sarraf,Male,Consultant,1357023,East,Bhubaneswar,Odisha
CUST02744,Jagdish Pant,Male,Lawyer,1983710,West,Mumbai,Karnataka
CUST02745,Priya Talwar,Female,Doctor,1724889,South,Bangalore,Rajasthan
CUST02746,Agastya Ray,Female,Engineer,2842416,West,Mumbai,Karnataka
CUST02747,Bhavani Joshi,Male,Student,700515,North,Jaipur,Tripura
CUST02748,Lavanya Patla,Male,Engineer,1670948,South,Bangalore,Sikkim
CUST02749,Omisha Tiwari,Male,Student,591039,West,Ahmedabad,Rajasthan
CUST02750,Rachana Sabharwal,Female,Teacher,2544850,South,Bangalore,Kerala
CUST02751,Bhavini Gera,Male,Teacher,2815400,South,Chennai,Manipur
CUST02752,Sathvik Pingle,Male,Accountant,1044455,East,Patna,Manipur
CUST02753,Tanish Chacko,Male,Engineer,2554815,South,Chennai,Tamil Nadu
CUST02754,Bhavani Misra,Female,Doctor,1764038,North,Chandigarh,Odisha
CUST02755,Ucchal Singhal,Male,Doctor,2387299,South,Hyderabad,Tamil Nadu
CUST02756,Ryan Bobal,Male,Student,2207011,South,Hyderabad,Meghalaya
CUST02757,Shaurya Tata,Male,Doctor,1719117,West,Ahmedabad,Andhra Pradesh
CUST02758,Ranveer Lal,Male,Business,2358430,South,Chennai,Goa
CUST02759,Parth Dugar,Male,Student,545887,South,Chennai,Manipur
CUST02760,Parth Subramanian,Male,Doctor,1644496,West,Pune,Manipur
CUST02761,Daksha Nadig,Male,Lawyer,1643504,West,Pune,Goa
CUST02762,Ekbal Rau,Male,Lawyer,2927057,South,Chennai,Haryana
CUST02763,Nidra Ramaswamy,Female,Consultant,645564,West,Ahmedabad,Tripura
CUST02764,Yashasvi Sheth,Female,Doctor,1648529,West,Mumbai,Gujarat
CUST02765,Pallavi Trivedi,Female,Lawyer,2387146,West,Pune,Telangana
CUST02766,Raksha Bakshi,Male,Engineer,1088860,East,Patna,Jharkhand
CUST02767,Lajita Jhaveri,Male,Student,501142,North,Chandigarh,Nagaland
CUST02768,Ati Talwar,Female,Consultant,1089531,North,Delhi,Meghalaya
CUST02769,Wriddhish Solanki,Male,Consultant,2432278,East,Patna,Sikkim
CUST02770,Bhavika Deo,Female,Engineer,1199649,South,Hyderabad,Tamil Nadu
CUST02771,Max Dhingra,Male,Business,1643479,North,Chandigarh,Himachal Pradesh
CUST02772,Nicholas Deo,Male,Accountant,1167117,North,Jaipur,Assam
CUST02773,Laban Setty,Female,Business,787927,North,Delhi,Punjab
CUST02774,Girindra Sharaf,Male,Student,1042634,East,Kolkata,Meghalaya
CUST02775,Wyatt Bajwa,Female,Consultant,487723,West,Mumbai,Gujarat
CUST02776,Pranit Tata,Male,Lawyer,2073522,South,Bangalore,Himachal Pradesh
CUST02777,Dakshesh Din,Female,Consultant,342896,East,Kolkata,Arunachal Pradesh
CUST02778,Finn Kumer,Female,Lawyer,1094805,West,Ahmedabad,Odisha
CUST02779,Samarth Kibe,Male,Consultant,475319,West,Ahmedabad,Haryana
CUST02780,Vaishnavi Kumar,Male,Doctor,2974275,West,Mumbai,Gujarat
CUST02781,Urvashi Ravi,Male,Accountant,578922,North,Delhi,Manipur
CUST02782,Riya Badal,Female,Teacher,1375835,South,Hyderabad,West Bengal
CUST02783,Joshua Bail,Female,Lawyer,2691207,West,Ahmedabad,Andhra Pradesh
CUST02784,Oscar Jayaraman,Male,Consultant,1147778,East,Kolkata,Mizoram
CUST02785,Gagan Sastry,Female,Business,833159,North,Jaipur,Gujarat
CUST02786,Chavvi Swaminathan,Female,Doctor,767273,North,Chandigarh,Haryana
CUST02787,Ishanvi Raju,Female,Teacher,650677,South,Bangalore,Maharashtra
CUST02788,Nihal Pandya,Female,Student,2137560,North,Delhi,Tamil Nadu
CUST02789,Harini Roy,Male,Business,1182613,South,Chennai,Manipur
CUST02790,Zilmil Dewan,Male,Teacher,1731715,East,Kolkata,Chhattisgarh
CUST02791,Arya Reddy,Female,Accountant,1141584,East,Kolkata,Chhattisgarh
CUST02792,Xavier Bedi,Female,Teacher,1523921,North,Chandigarh,Uttar Pradesh
CUST02793,Finn Patil,Male,Business,1708819,North,Delhi,Sikkim
CUST02794,Abhiram Boase,Female,Doctor,1330859,West,Mumbai,Jharkhand
CUST02795,Aachal Devan,Male,Teacher,2594801,East,Patna,Gujarat
CUST02796,Ojasvi Kala,Male,Doctor,2019346,East,Kolkata,Uttar Pradesh
CUST02797,Ranbir Chowdhury,Male,Student,1853453,North,Jaipur,Himachal Pradesh
CUST02798,Rohan Talwar,Male,Business,324753,North,Delhi,Uttarakhand
CUST02799,Qadim Gopal,Male,Consultant,2677980,West,Mumbai,Arunachal Pradesh
CUST02800,Jeevika Chowdhury,Male,Doctor,383019,North,Delhi,Goa
CUST02801,Janya Gade,Female,Lawyer,2883897,West,Pune,Sikkim
CUST02802,Hitesh Sagar,Male,Accountant,2869466,West,Ahmedabad,Jharkhand
CUST02803,Krisha Sandhu,Female,Accountant,942306,East,Bhubaneswar,Uttar Pradesh
CUST02804,Daksha Sinha,Female,Business,905688,West,Pune,Madhya Pradesh
CUST02805,Frado Saini,Male,Consultant,1378820,East,Patna,Kerala
CUST02806,Vamakshi Sura,Male,Consultant,1557694,South,Chennai,Nagaland
CUST02807,Tejas Luthra,Female,Consultant,2571209,South,Bangalore,Tripura
CUST02808,Yachana Sant,Male,Student,1172838,South,Chennai,Sikkim
CUST02809,David Banik,Female,Accountant,2197133,West,Ahmedabad,Jharkhand
CUST02810,Hemangini Mishra,Female,Student,1716841,West,Ahmedabad,Odisha
CUST02811,Jeet Bava,Female,Teacher,2522715,East,Patna,Tripura
CUST02812,Ekantika Basu,Male,Business,2683986,South,Bangalore,Jharkhand
CUST02813,Oeshi Sarma,Female,Accountant,2599340,South,Hyderabad,Nagaland
CUST02814,Omya Kunda,Female,Business,1947646,West,Ahmedabad,Telangana
CUST02815,Dhriti Verma,Male,Accountant,1559634,South,Chennai,Sikkim
CUST02816,Neel Mander,Male,Business,1716345,West,Mumbai,Meghalaya
CUST02817,Wakeeta Bedi,Female,Consultant,1056296,South,Hyderabad,Goa
CUST02818,Pranit Ramanathan,Male,Consultant,2679818,West,Mumbai,Goa
CUST02819,Ekta Thaker,Male,Consultant,2712014,South,Chennai,Telangana
CUST02820,Jagvi Modi,Female,Student,2265365,South,Bangalore,Himachal Pradesh
CUST02821,Kavya Sachar,Male,Accountant,1626300,South,Hyderabad,Sikkim
CUST02822,Manya Sandal,Male,Doctor,659661,North,Jaipur,Manipur
CUST02823,Xalak Subramaniam,Male,Student,677264,North,Delhi,Karnataka
CUST02824,Krishna Raman,Male,Teacher,1193436,East,Bhubaneswar,Jharkhand
CUST02825,Pahal Bedi,Female,Student,2747160,East,Kolkata,Odisha
CUST02826,Warhi Ganguly,Female,Teacher,1515262,West,Ahmedabad,West Bengal
CUST02827,Advika Hans,Male,Teacher,984748,East,Kolkata,Haryana
CUST02828,Lavanya Dyal,Female,Teacher,2655789,West,Mumbai,Manipur
CUST02829,Unnati Roy,Female,Business,775468,West,Pune,Kerala
CUST02830,Tara Sinha,Male,Engineer,868742,South,Chennai,Odisha
CUST02831,Krish Batra,Female,Accountant,1014952,West,Ahmedabad,Jharkhand
CUST02832,Jagdish Mangat,Female,Accountant,2753211,North,Jaipur,Madhya Pradesh
CUST02833,Veer Raman,Male,Accountant,2677260,South,Chennai,Meghalaya
CUST02834,Chaaya Upadhyay,Male,Student,588945,East,Bhubaneswar,Jharkhand
CUST02835,Gautam Chada,Female,Consultant,926989,South,Bangalore,Punjab
CUST02836,Netra Bali,Male,Student,1526202,North,Jaipur,West Bengal
CUST02837,Vamakshi Prabhu,Female,Engineer,2908279,North,Chandigarh,Bihar
CUST02838,Mitesh Luthra,Female,Lawyer,1105403,West,Mumbai,Telangana
CUST02839,Niharika Acharya,Male,Accountant,1636169,East,Patna,Madhya Pradesh
CUST02840,Onveer Sibal,Male,Lawyer,1403577,South,Bangalore,West Bengal
CUST02841,Yoshita Edwin,Female,Engineer,1444359,West,Ahmedabad,Gujarat
CUST02842,Arin Ratta,Male,Student,2612211,West,Pune,Gujarat
CUST02843,Ethan Shetty,Male,Engineer,1569659,North,Delhi,Tripura
CUST02844,Triya Sheth,Female,Consultant,1929055,West,Mumbai,Arunachal Pradesh
CUST02845,Darpan Vala,Female,Consultant,1707754,North,Jaipur,Goa
CUST02846,Wazir Prakash,Female,Consultant,1734991,East,Patna,Uttar Pradesh
CUST02847,Charles Din,Female,Business,2350303,South,Chennai,Assam
CUST02848,Omisha Arya,Male,Accountant,655657,East,Bhubaneswar,Odisha
CUST02849,Anthony Gopal,Male,Engineer,839076,East,Patna,Telangana
CUST02850,Jhalak Din,Male,Teacher,1866104,North,Delhi,Mizoram
CUST02851,Hema Dhaliwal,Male,Doctor,616298,North,Delhi,Gujarat
CUST02852,Barkha Ganguly,Male,Student,2889817,North,Jaipur,Tripura
CUST02853,Aarush Rana,Female,Student,743894,North,Delhi,Chhattisgarh
CUST02854,Chaitaly Dass,Male,Business,640391,North,Delhi,Nagaland
CUST02855,Tripti Reddy,Male,Engineer,2116005,South,Bangalore,Kerala
CUST02856,Watika Chopra,Male,Doctor,1922780,South,Bangalore,Sikkim
CUST02857,Turvi Balay,Male,Accountant,1127535,East,Patna,Madhya Pradesh
CUST02858,Urvi Goel,Male,Accountant,1508225,West,Pune,Maharashtra
CUST02859,Hredhaan Jain,Male,Engineer,633691,North,Chandigarh,Goa
CUST02860,Pushti Kata,Female,Teacher,2573306,South,Bangalore,Haryana
CUST02861,Ekiya Cheema,Male,Doctor,1089361,South,Hyderabad,Haryana
CUST02862,Upasna Prakash,Male,Teacher,1955357,South,Chennai,Goa
CUST02863,Vedhika Narasimhan,Female,Lawyer,1215441,East,Patna,Goa
CUST02864,Ekiya Khanna,Female,Business,2525291,West,Ahmedabad,Bihar
CUST02865,Anjali Chad,Female,Lawyer,976390,North,Jaipur,Manipur
CUST02866,Manya Nadkarni,Male,Accountant,1743776,North,Delhi,Uttarakhand
CUST02867,Harsh Bail,Female,Doctor,2170374,North,Jaipur,Sikkim
CUST02868,Ronith Deo,Male,Student,2766832,North,Jaipur,Jharkhand
CUST02869,Garima Grewal,Male,Lawyer,1638251,East,Patna,Nagaland
CUST02870,Dalbir Dua,Female,Student,2395872,West,Ahmedabad,Maharashtra
CUST02871,Mason Dasgupta,Female,Business,1256769,East,Bhubaneswar,Jharkhand
CUST02872,Yug Agarwal,Female,Consultant,2250119,South,Bangalore,Sikkim
CUST02873,Ayaan Dada,Female,Accountant,2247803,West,Ahmedabad,Jharkhand
CUST02874,Girik Loyal,Male,Consultant,2059918,West,Mumbai,Rajasthan
CUST02875,Irya Lanka,Female,Consultant,2951609,North,Delhi,Kerala
CUST02876,Falan Palla,Female,Engineer,2121927,South,Chennai,Odisha
CUST02877,Ekaja Ratta,Male,Business,697813,South,Bangalore,Telangana
CUST02878,Baghyawati Kanda,Female,Teacher,1436195,North,Chandigarh,Maharashtra
CUST02879,Omya Agarwal,Male,Accountant,1945139,East,Kolkata,Gujarat
CUST02880,Neha Dugar,Female,Business,1096691,South,Chennai,Karnataka
CUST02881,Ekantika Sule,Female,Consultant,2124973,West,Pune,Madhya Pradesh
CUST02882,Bachittar Nadkarni,Male,Student,744644,South,Chennai,Uttarakhand
CUST02883,Zarna Mishra,Female,Lawyer,893400,North,Chandigarh,Kerala
CUST02884,Darpan Chad,Female,Business,2046279,South,Hyderabad,Rajasthan
CUST02885,Dominic Lal,Female,Teacher,1720109,West,Mumbai,Assam
CUST02886,Keya Swamy,Female,Doctor,2812873,East,Patna,Bihar
CUST02887,Kabir Sahni,Female,Student,1865963,South,Hyderabad,Jharkhand
CUST02888,Tejas Kakar,Female,Doctor,374280,South,Chennai,Nagaland
CUST02889,Ria Raju,Female,Business,1178522,West,Ahmedabad,Goa
CUST02890,Qarin Bhargava,Male,Student,2958649,East,Patna,Jharkhand
CUST02891,Frederick Sood,Female,Student,1115279,West,Ahmedabad,Mizoram
CUST02892,Bhavika Mittal,Male,Business,1344797,South,Chennai,Karnataka
CUST02893,Michael Krish,Female,Engineer,1614746,West,Pune,Haryana
CUST02894,Jonathan D’Alia,Male,Student,641029,North,Chandigarh,Himachal Pradesh
CUST02895,Abha Saha,Female,Doctor,2185276,West,Ahmedabad,Sikkim
CUST02896,Falan Thaker,Female,Teacher,1825814,West,Mumbai,Chhattisgarh
CUST02897,Dakshesh Bhargava,Male,Business,2955287,North,Chandigarh,Goa
CUST02898,Niharika Deol,Female,Accountant,2656686,North,Chandigarh,Kerala
CUST02899,Dayita Suri,Female,Accountant,1617717,South,Chennai,Uttar Pradesh
CUST02900,Indali Gaba,Male,Doctor,1539918,South,Hyderabad,Sikkim
CUST02901,Hredhaan Sagar,Male,Lawyer,1341137,North,Jaipur,West Bengal
CUST02902,Rachana Saran,Male,Lawyer,1394662,West,Ahmedabad,Madhya Pradesh
CUST02903,Eesha Rajan,Female,Engineer,420885,South,Bangalore,Nagaland
CUST02904,Kiaan Varty,Female,Accountant,919141,West,Mumbai,Tripura
CUST02905,Ranveer Jhaveri,Female,Teacher,2790766,West,Pune,Mizoram
CUST02906,Krishna Bail,Male,Lawyer,2212364,West,Ahmedabad,Chhattisgarh
CUST02907,Mahika Kohli,Female,Lawyer,983256,East,Kolkata,Maharashtra
CUST02908,David Borra,Male,Doctor,519880,South,Chennai,Arunachal Pradesh
CUST02909,Manthan Dewan,Female,Student,894554,East,Patna,Uttar Pradesh
CUST02910,Aarini Devan,Female,Engineer,2937757,East,Patna,Odisha
CUST02911,Odika Baria,Female,Consultant,1046579,West,Pune,Punjab
CUST02912,Yuvraj Manda,Male,Lawyer,1659013,East,Patna,Odisha
CUST02913,Zaid Chatterjee,Male,Teacher,2383212,North,Jaipur,Telangana
CUST02914,Harrison Palla,Male,Teacher,728881,North,Delhi,Himachal Pradesh
CUST02915,Girindra Tara,Male,Doctor,1811278,South,Hyderabad,Rajasthan
CUST02916,Sathvik Baral,Male,Consultant,1741050,East,Bhubaneswar,Karnataka
CUST02917,Aarnav Dube,Female,Engineer,2500664,North,Chandigarh,Manipur
CUST02918,Chameli Prabhakar,Female,Teacher,2598887,West,Pune,Goa
CUST02919,Ishanvi Randhawa,Female,Teacher,783389,North,Delhi,Himachal Pradesh
CUST02920,Brinda Pandey,Male,Engineer,2639098,East,Kolkata,Arunachal Pradesh
CUST02921,Gaurangi Kohli,Male,Accountant,477816,North,Delhi,Uttar Pradesh
CUST02922,Henry Savant,Male,Teacher,877442,North,Delhi,Rajasthan
CUST02923,Aradhana Bhavsar,Female,Consultant,380764,East,Bhubaneswar,Sikkim
CUST02924,Krishna Zachariah,Male,Consultant,2606997,East,Bhubaneswar,Meghalaya
CUST02925,Ekaja Tandon,Male,Engineer,1175924,North,Delhi,Goa
CUST02926,Dhruv Banerjee,Female,Engineer,1765412,South,Hyderabad,Haryana
CUST02927,Madhavi Chandran,Female,Teacher,1965899,North,Jaipur,Andhra Pradesh
CUST02928,Dalbir Purohit,Male,Lawyer,1414203,South,Bangalore,Madhya Pradesh
CUST02929,Chaitanya More,Female,Teacher,1145512,East,Patna,Punjab
CUST02930,Geetika Manda,Male,Student,1391952,East,Bhubaneswar,Sikkim
CUST02931,Gautami Patla,Female,Accountant,420869,West,Mumbai,Nagaland
CUST02932,Aarush Loyal,Female,Business,1075241,West,Pune,Gujarat
CUST02933,Naksh Gopal,Female,Doctor,1162278,North,Delhi,Karnataka
CUST02934,Rachana Patil,Female,Business,2788305,South,Hyderabad,Karnataka
CUST02935,Vanya Tank,Female,Engineer,2926127,East,Bhubaneswar,Jharkhand
CUST02936,Chanchal Dhaliwal,Female,Business,2443706,South,Hyderabad,Punjab
CUST02937,Ria Parikh,Male,Business,1058829,North,Chandigarh,Karnataka
CUST02938,Mitesh Loyal,Female,Consultant,1673042,East,Kolkata,Uttarakhand
CUST02939,Bhavya Raju,Male,Accountant,2314002,West,Ahmedabad,Kerala
CUST02940,Faraj Narasimhan,Male,Doctor,2885244,East,Patna,Haryana
CUST02941,Inaya Ramanathan,Male,Engineer,347026,North,Delhi,Mizoram
CUST02942,Arya Pingle,Female,Accountant,1899795,East,Kolkata,Tamil Nadu
CUST02943,Banjeet Yogi,Male,Student,1203069,South,Bangalore,Uttar Pradesh
CUST02944,Chaitanya Tailor,Female,Doctor,1474315,South,Chennai,Maharashtra
CUST02945,Falak Andra,Male,Lawyer,446770,West,Pune,Manipur
CUST02946,Yuvraj Chauhan,Male,Lawyer,2216493,North,Chandigarh,Arunachal Pradesh
CUST02947,Mahika Ahuja,Male,Accountant,1032247,South,Bangalore,Uttarakhand
CUST02948,Suhani Samra,Male,Business,2209434,North,Delhi,Bihar
CUST02949,Isha Karan,Male,Accountant,565431,East,Bhubaneswar,Tripura
CUST02950,Balveer Mohanty,Male,Consultant,1883035,South,Bangalore,Kerala
CUST02951,Upma Johal,Female,Consultant,2253294,North,Delhi,Uttarakhand
CUST02952,Yashodhara Boase,Male,Engineer,564284,West,Mumbai,Madhya Pradesh
CUST02953,Chatresh Pandey,Female,Accountant,1150179,East,Patna,Bihar
CUST02954,Varsha Jain,Female,Business,1284900,East,Kolkata,Uttar Pradesh
CUST02955,Lajita Garde,Male,Consultant,2644382,West,Mumbai,Telangana
CUST02956,Ekani Wable,Male,Lawyer,1826872,West,Mumbai,Uttarakhand
CUST02957,Priya Chandra,Female,Accountant,2281704,North,Jaipur,Gujarat
CUST02958,Aadhya Lalla,Female,Teacher,1645160,South,Chennai,Gujarat
CUST02959,Chandani Sant,Male,Consultant,1860742,East,Bhubaneswar,Tamil Nadu
CUST02960,Chasmum Mitra,Female,Teacher,2374128,West,Ahmedabad,Nagaland
CUST02961,Prisha Nagy,Female,Doctor,2825608,West,Ahmedabad,Tripura
CUST02962,Zehaan Dixit,Female,Student,2256874,East,Kolkata,Gujarat
CUST02963,Wridesh Pandya,Male,Engineer,1740549,West,Pune,Mizoram
CUST02964,Isha Sarin,Female,Teacher,2706241,South,Hyderabad,Uttar Pradesh
CUST02965,Noah Sant,Female,Doctor,2057312,South,Bangalore,Manipur
CUST02966,Priya Dua,Male,Doctor,2713673,North,Jaipur,Odisha
CUST02967,Pahal Dubey,Male,Business,1704671,North,Chandigarh,Odisha
CUST02968,Gaurav Chowdhury,Female,Student,2600368,West,Mumbai,Andhra Pradesh
CUST02969,Gunbir Rastogi,Female,Business,2720194,West,Pune,Gujarat
CUST02970,Tara Rattan,Female,Doctor,1247135,East,Patna,Gujarat
CUST02971,Chaman Sangha,Male,Engineer,2416072,West,Mumbai,Bihar
CUST02972,Pavani Parekh,Male,Doctor,1585788,North,Chandigarh,West Bengal
CUST02973,Aryan Arya,Female,Business,2573173,South,Chennai,Tamil Nadu
CUST02974,Ekbal Bava,Male,Engineer,430432,North,Delhi,Punjab
CUST02975,Krishna Goyal,Male,Teacher,599205,East,Kolkata,Tamil Nadu
CUST02976,Anvi Chakraborty,Female,Doctor,2069650,North,Chandigarh,Uttar Pradesh
CUST02977,Eesha Nigam,Female,Engineer,2806351,East,Patna,Meghalaya
CUST02978,Vritti Subramanian,Female,Student,1174295,East,Bhubaneswar,Himachal Pradesh
CUST02979,Tripti Korpal,Female,Engineer,2360801,East,Bhubaneswar,Chhattisgarh
CUST02980,Yashodhara Bawa,Female,Student,430192,North,Chandigarh,Odisha
CUST02981,Jhalak Keer,Female,Consultant,2560802,East,Patna,Punjab
CUST02982,Baljiwan Babu,Female,Accountant,414622,North,Chandigarh,Uttar Pradesh
CUST02983,Shivani Mahajan,Female,Doctor,2291756,West,Mumbai,Bihar
CUST02984,Aahana Krish,Male,Doctor,1329238,East,Patna,Rajasthan
CUST02985,Varenya Mitter,Female,Student,1312415,North,Chandigarh,Madhya Pradesh
CUST02986,Madhavi Tank,Female,Lawyer,2617880,West,Mumbai,Uttar Pradesh
CUST02987,Sneha Rout,Female,Doctor,343175,West,Mumbai,Arunachal Pradesh
CUST02988,Shaurya Joshi,Male,Accountant,589824,South,Hyderabad,Tamil Nadu
CUST02989,Gautami Taneja,Female,Consultant,2546733,South,Chennai,Chhattisgarh
CUST02990,Noah Savant,Male,Accountant,1029467,North,Chandigarh,Bihar
CUST02991,Vritti Kale,Male,Engineer,1517550,West,Ahmedabad,Punjab
CUST02992,Chatura Deshpande,Male,Teacher,622209,East,Bhubaneswar,Goa
CUST02993,Manan Chakraborty,Female,Business,323876,South,Chennai,Kerala
CUST02994,Udarsh Din,Male,Consultant,484023,West,Pune,Gujarat
CUST02995,George Samra,Male,Student,2747669,East,Kolkata,Sikkim
CUST02996,Onveer Bawa,Female,Doctor,725880,West,Mumbai,Maharashtra
CUST02997,Abha Dugar,Male,Engineer,2137513,South,Bangalore,Madhya Pradesh
CUST02998,Yug Zacharia,Female,Engineer,2502744,West,Ahmedabad,Odisha
CUST02999,Nathan Menon,Male,Consultant,2286665,East,Patna,Haryana
CUST03000,George Pradhan,Female,Consultant,580760,North,Chandigarh,Odisha
