Policy_ID,Customer_ID,Agent_ID,Product,Branch,Policy_Start_Date,Policy_End_Date,Premium,Sum_Insured,Policy_Status,Customer_Name,City,State,Source_File,Policy_Duration_Days,Premium_Band,Data_Quality_Flag
POL007936,CUST00374,AG117,Motor,East,2026-08-05,2027-08-05,29403.0,2587464,Active,Isaac Bajaj,Delhi,Madhya Pradesh,East_Travel.xlsx,365,Medium,OK
POL006585,CUST00843,AG032,Home,East,2026-08-04,2027-08-04,17478.0,1538064,Active,Januja Nigam,Kolkata,Tripura,East_Travel.xlsx,365,Medium,OK
POL001126,CUST00160,AG093,Home,East,2026-08-04,2027-08-04,10093.0,908370,Cancelled,Libni Pall,Bhubaneswar,Madhya Pradesh,East_Travel.xlsx,365,Medium,OK
POL000191,CUST00951,AG012,Commercial Property,East,2026-08-04,2027-08-04,525913.0,18932868,Cancelled,Orinder Sani,Patna,Odisha,East_Travel.xlsx,365,Ultra High,OK
POL000211,CUST01876,AG104,Motor,East,2026-08-03,2027-08-03,27726.0,665424,Renewed,Nisha Uppal,Chandigarh,West Bengal,East_Travel.xlsx,365,Medium,OK
POL009171,CUST02502,AG026,Commercial Property,East,2026-08-03,2027-08-03,145116.0,12334860,Active,Jagat Acharya,Delhi,Punjab,East_Travel.xlsx,365,Very High,OK
POL000856,CUST02082,AG083,Commercial Property,East,2026-08-03,2027-08-03,524084.0,44023056,Renewed,Aarini Arora,Jaipur,Jharkhand,East_Travel.xlsx,365,Ultra High,OK
POL003698,CUST01032,AG044,Travel,East,2026-08-02,2027-08-02,13118.0,695254,Active,Widisha Choudhary,Jaipur,West Bengal,East_Travel.xlsx,365,Medium,OK
POL007177,CUST02966,AG072,Commercial Property,East,2026-08-02,2027-08-02,183603.0,7894929,Renewed,Priya Dua,Jaipur,Odisha,East_Travel.xlsx,365,Very High,OK
POL003440,CUST02169,AG110,Motor,East,2026-08-01,2027-08-01,34158.0,717318,Lapsed,Waida Prabhu,Mumbai,Rajasthan,East_Travel.xlsx,365,Medium,OK
POL004456,CUST00567,AG074,Commercial Property,East,2026-08-01,2027-08-01,266336.0,20774208,Cancelled,Vanya Ravi,Mumbai,Punjab,East_Travel.xlsx,365,Very High,OK
POL001697,CUST00028,AG023,Home,East,2026-08-01,2027-08-01,27461.0,2718639,Cancelled,Amaira Ratta,Jaipur,Rajasthan,East_Travel.xlsx,365,Medium,OK
POL001055,CUST00011,AG023,Motor,East,2026-08-01,2027-08-01,7947.0,492714,Cancelled,Gagan Nigam,Hyderabad,Haryana,East_Travel.xlsx,365,Low,OK
POL000969,CUST02582,AG037,Commercial Property,East,2026-07-31,2027-07-31,191843.0,5755290,Active,Osha Loyal,Chandigarh,Tamil Nadu,East_Travel.xlsx,365,Very High,OK
POL009992,CUST02872,AG068,Home,East,2026-07-30,2027-07-30,31950.0,1693350,Renewed,Yug Agarwal,Bangalore,Sikkim,East_Travel.xlsx,365,Medium,OK
POL006530,CUST01267,AG032,Travel,East,2026-07-30,2027-07-30,3051.0,85428,Cancelled,Ekbal Sangha,Pune,Maharashtra,East_Travel.xlsx,365,Low,OK
POL009971,CUST02197,AG065,Motor,East,2026-07-30,2027-07-30,18339.0,623526,Lapsed,Kamya Hegde,Kolkata,Karnataka,East_Travel.xlsx,365,Medium,OK
POL001781,CUST02363,AG078,Marine,East,2026-07-30,2027-07-30,124571.0,3737130,Lapsed,Baljiwan Andra,Jaipur,Himachal Pradesh,East_Travel.xlsx,365,Very High,OK
POL005673,CUST00053,AG038,Marine,East,2026-07-28,2027-07-28,129932.0,11044220,Active,Bhanumati Viswanathan,Jaipur,Himachal Pradesh,East_Travel.xlsx,365,Very High,OK
POL004123,CUST00132,AG067,Travel,East,2026-07-28,2027-07-28,4360.0,327000,Renewed,Nimrat Modi,Bhubaneswar,Jharkhand,East_Travel.xlsx,365,Low,OK
POL001758,CUST02208,AG078,Home,East,2026-07-28,2027-07-28,8433.0,497547,Expired,Faraj Suri,Delhi,Sikkim,East_Travel.xlsx,365,Low,OK
POL009872,CUST01630,AG023,Motor,East,2026-07-27,2027-07-27,38210.0,2942170,Renewed,Oscar Parmer,Hyderabad,Tamil Nadu,East_Travel.xlsx,365,Medium,OK
POL009926,CUST02217,AG013,Commercial Property,East,2026-07-27,2027-07-27,842995.0,34562795,Renewed,Unknown,Kolkata,Telangana,East_Travel.xlsx,365,Ultra High,Review
POL002275,CUST01400,AG095,Motor,East,2026-07-27,2027-07-27,28674.0,2408616,Renewed,Rishi Mand,Chandigarh,Andhra Pradesh,East_Travel.xlsx,365,Medium,OK
POL005456,CUST01167,AG018,Marine,East,2026-07-26,2027-07-26,103798.0,4151920,Active,Pranav Sandal,Mumbai,Rajasthan,East_Travel.xlsx,365,Very High,OK
POL005103,CUST00146,AG090,Commercial Property,East,2026-07-26,2027-07-26,160529.0,15410784,Cancelled,Lohit Naidu,Ahmedabad,Karnataka,East_Travel.xlsx,365,Very High,OK
POL007110,CUST01527,AG070,Home,East,2026-07-26,2027-07-26,59527.0,5774119,Renewed,Riya Divan,Mumbai,Himachal Pradesh,East_Travel.xlsx,365,High,OK
POL006808,CUST01477,AG112,Home,East,2026-07-26,2027-07-26,43270.0,4327000,Renewed,Gaurav Chadha,Hyderabad,Sikkim,East_Travel.xlsx,365,Medium,OK
POL008189,CUST02125,AG088,Travel,East,2026-07-26,2027-07-26,5250.0,525000,Expired,Naksh Bhavsar,Chandigarh,Maharashtra,East_Travel.xlsx,365,Low,OK
POL005742,CUST02165,AG093,Marine,East,2026-07-25,2027-07-25,35902.0,4054104,Cancelled,Ethan Bobal,Delhi,Uttar Pradesh,East_Travel.xlsx,365,Medium,OK
POL005685,CUST00709,AG003,Home,East,2026-07-24,2027-07-24,23682.0,1444602,Renewed,Warinder Gola,Chennai,Manipur,East_Travel.xlsx,365,Medium,OK
POL003607,CUST00453,AG096,Home,East,2026-07-24,2027-07-24,66478.0,1794906,Cancelled,Darika Kant,Kolkata,Uttar Pradesh,East_Travel.xlsx,365,High,OK
POL008155,CUST02410,AG063,Travel,East,2026-07-23,2027-07-23,4028.0,342380,Cancelled,Nachiket Nori,Kolkata,Assam,East_Travel.xlsx,365,Low,OK
POL002044,CUST02167,AG013,Motor,East,2026-07-23,2027-07-23,19779.0,593370,Renewed,Max Wali,Bhubaneswar,Assam,East_Travel.xlsx,365,Medium,OK
POL004086,CUST01165,AG085,Commercial Property,East,2026-07-23,2027-07-23,608159.0,48652720,Cancelled,Raagini Gala,Hyderabad,Tripura,East_Travel.xlsx,365,Ultra High,OK
POL007503,CUST01778,AG118,Motor,East,2026-07-22,2027-07-22,5889.0,212004,Lapsed,Jacob Chaudry,Bangalore,Nagaland,East_Travel.xlsx,365,Low,OK
POL001618,CUST02489,AG071,Commercial Property,East,2026-07-22,2027-07-22,35902.0,16001238,Renewed,Siya Mallick,Delhi,Bihar,East_Travel.xlsx,365,Medium,OK
POL009145,CUST02183,AG071,Commercial Property,East,2026-07-22,2027-07-22,146461.0,8055355,Expired,Aarini De,Delhi,Uttar Pradesh,East_Travel.xlsx,365,Very High,OK
POL009698,CUST01684,AG062,Home,East,2026-07-22,2027-07-22,56572.0,5317768,Lapsed,Dalaja Chad,Pune,Jharkhand,East_Travel.xlsx,365,High,OK
POL007980,CUST01736,AG032,Motor,East,2026-07-22,2027-07-22,6624.0,423936,Lapsed,Anirudh Mane,Delhi,West Bengal,East_Travel.xlsx,365,Low,OK
POL007671,CUST01314,AG032,Travel,East,2026-07-20,2027-07-20,4243.0,263066,Expired,Faris Manda,Chandigarh,Sikkim,East_Travel.xlsx,365,Low,OK
POL005296,CUST01073,AG082,Marine,East,2026-07-20,2027-07-20,140004.0,11480328,Active,Zaid Gera,Kolkata,Gujarat,East_Travel.xlsx,365,Very High,OK
POL000007,CUST02812,AG120,Home,East,2026-07-19,2027-07-19,32867.0,3023764,Expired,Ekantika Basu,Bangalore,Jharkhand,East_Travel.xlsx,365,Medium,OK
POL009398,CUST02760,AG079,Marine,East,2026-07-19,2027-07-19,155050.0,15194900,Active,Parth Subramanian,Pune,Manipur,East_Travel.xlsx,365,Very High,OK
POL001068,CUST01185,AG101,Motor,East,2026-07-18,2027-07-18,14050.0,547950,Active,Theodore Aggarwal,Pune,Haryana,East_Travel.xlsx,365,Medium,OK
POL007512,CUST01919,AG094,Travel,East,2026-07-18,2027-07-18,4545.0,304515,Cancelled,Balhaar Saran,Chandigarh,Assam,East_Travel.xlsx,365,Low,OK
POL008579,CUST02240,AG099,Commercial Property,East,2026-07-17,2027-07-17,896472.0,80682480,Cancelled,Urishilla Mann,Kolkata,Tripura,East_Travel.xlsx,365,Ultra High,OK
POL008783,CUST00032,AG033,Motor,East,2026-07-17,2027-07-17,9953.0,846005,Cancelled,Krish Batra,Jaipur,Manipur,East_Travel.xlsx,365,Low,OK
POL002648,CUST00858,AG010,Commercial Property,East,2026-07-17,2027-07-17,462018.0,32341260,Expired,Jagdish Shukla,Mumbai,Telangana,East_Travel.xlsx,365,Very High,OK
POL007490,CUST02181,AG034,Travel,East,2026-07-16,2027-07-16,12397.0,1202509,Active,Ethan Chaudhuri,Delhi,West Bengal,East_Travel.xlsx,365,Medium,OK
POL002561,CUST01704,AG087,Marine,East,2026-07-15,2027-07-15,105223.0,7681279,Active,Mohini Kari,Chennai,Rajasthan,East_Travel.xlsx,365,Very High,OK
POL004391,CUST01890,AG022,Marine,East,2026-07-15,2027-07-15,101025.0,3030750,Expired,Andrew Dhaliwal,Chandigarh,Telangana,East_Travel.xlsx,365,Very High,OK
POL004494,CUST01625,AG099,Travel,East,2026-07-15,2027-07-15,13415.0,697580,Renewed,Suhani Bal,Chennai,Andhra Pradesh,East_Travel.xlsx,365,Medium,OK
POL004746,CUST01037,AG066,Home,East,2026-07-15,2027-07-15,21149.0,1395834,Active,Aayush Chandra,Bangalore,Tripura,East_Travel.xlsx,365,Medium,OK
POL009797,CUST01220,AG027,Travel,East,2026-07-14,2027-07-14,7840.0,486080,Renewed,Abha Hayer,Mumbai,Meghalaya,East_Travel.xlsx,365,Low,OK
POL002586,CUST02963,AG077,Commercial Property,East,2026-07-14,2027-07-14,888150.0,74604600,Expired,Wridesh Pandya,Pune,Mizoram,East_Travel.xlsx,365,Ultra High,OK
POL002169,CUST02803,AG043,Travel,East,2026-07-14,2027-07-14,11955.0,406470,Lapsed,Krisha Sandhu,Bhubaneswar,Uttar Pradesh,East_Travel.xlsx,365,Medium,OK
POL006762,CUST01931,AG080,Travel,East,2026-07-12,2027-07-12,14696.0,705408,Lapsed,David Desai,Bhubaneswar,Mizoram,East_Travel.xlsx,365,Medium,OK
POL008051,CUST02088,AG026,Commercial Property,East,2026-07-10,2027-07-10,975098.0,29252940,Lapsed,Siya Prasad,Bhubaneswar,Punjab,East_Travel.xlsx,365,Ultra High,OK
POL005377,CUST02609,AG046,Marine,East,2026-07-10,2027-07-10,164000.0,15744000,Lapsed,Dhruv Ramakrishnan,Ahmedabad,Gujarat,East_Travel.xlsx,365,Very High,OK
POL001941,CUST01506,AG063,Marine,East,2026-07-10,2027-07-10,99285.0,8836365,Expired,Vivaan Sura,Jaipur,Himachal Pradesh,East_Travel.xlsx,365,High,OK
POL002270,CUST02953,AG061,Marine,East,2026-07-10,2027-07-10,99550.0,3782900,Expired,Chatresh Pandey,Patna,Bihar,East_Travel.xlsx,365,High,OK
POL002912,CUST00030,AG081,Motor,East,2026-07-09,2027-07-09,30634.0,1286628,Cancelled,Sudiksha Munshi,Delhi,Madhya Pradesh,East_Travel.xlsx,365,Medium,OK
POL008850,CUST02852,AG039,Home,East,2026-07-08,2027-07-08,35902.0,2962701,Cancelled,Barkha Ganguly,Jaipur,Tripura,East_Travel.xlsx,365,Medium,OK
POL002767,CUST01081,AG017,Home,East,2026-07-08,2027-07-08,46762.0,3086292,Renewed,Unknown,Mumbai,Nagaland,East_Travel.xlsx,365,Medium,Review
POL009201,CUST00564,AG109,Marine,East,2026-07-07,2027-07-07,105153.0,3890661,Active,Gabriel Deshmukh,Patna,Andhra Pradesh,East_Travel.xlsx,365,Very High,OK
POL008168,CUST02141,AG057,Home,East,2026-07-06,2027-07-06,44585.0,1382135,Active,Jonathan Gupta,Bhubaneswar,Tripura,East_Travel.xlsx,365,Medium,OK
POL002446,CUST02376,AG013,Motor,East,2026-07-06,2027-07-06,16821.0,1110186,Expired,Nicholas Batra,Chennai,Chhattisgarh,East_Travel.xlsx,365,Medium,OK
POL007266,CUST01874,AG001,Travel,East,2026-07-06,2027-07-06,19699.0,1674415,Expired,Sai Iyengar,Patna,Uttarakhand,East_Travel.xlsx,365,Medium,OK
POL004271,CUST01581,AG114,Travel,East,2026-07-06,2027-07-06,5788.0,144700,Cancelled,Kevin Uppal,Delhi,Tamil Nadu,East_Travel.xlsx,365,Low,OK
POL006720,CUST01853,AG060,Commercial Property,East,2026-07-06,2027-07-06,827155.0,31431890,Renewed,Azaan Chahal,Pune,Goa,East_Travel.xlsx,365,Ultra High,OK
POL006533,CUST02075,AG047,Home,East,2026-07-05,2027-07-05,59910.0,4313520,Expired,Girindra Chakraborty,Mumbai,Jharkhand,East_Travel.xlsx,365,High,OK
POL007447,CUST01763,AG114,Marine,East,2026-07-04,2027-07-04,103542.0,4452306,Renewed,Chaitanya Mishra,Hyderabad,West Bengal,East_Travel.xlsx,365,Very High,OK
POL007717,CUST02389,AG029,Marine,East,2026-07-03,2027-07-03,127898.0,10359738,Cancelled,Lekha Ahuja,Chandigarh,Karnataka,East_Travel.xlsx,365,Very High,OK
POL006127,CUST01302,AG033,Travel,East,2026-07-02,2027-07-02,3034.0,154734,Active,Peter Chaudry,Bhubaneswar,Meghalaya,East_Travel.xlsx,365,Low,OK
POL002226,CUST02809,AG014,Home,East,2026-07-02,2027-07-02,19153.0,1072568,Expired,David Banik,Ahmedabad,Jharkhand,East_Travel.xlsx,365,Medium,OK
POL002612,CUST01448,AG077,Home,East,2026-07-01,2027-07-01,14787.0,857646,Active,Chandani Dubey,Hyderabad,Assam,East_Travel.xlsx,365,Medium,OK
POL009927,CUST02852,AG079,Travel,East,2026-07-01,2027-07-01,19332.0,1565892,Expired,Barkha Ganguly,Jaipur,Tripura,East_Travel.xlsx,365,Medium,OK
POL006328,CUST01690,AG062,Home,East,2026-06-30,2027-06-30,51700.0,4446200,Renewed,Maanas Vala,Ahmedabad,West Bengal,East_Travel.xlsx,365,High,OK
POL008167,CUST00490,AG041,Home,East,2026-06-30,2027-06-30,13494.0,418314,Cancelled,Barkha Sood,Mumbai,Nagaland,East_Travel.xlsx,365,Medium,OK
POL005771,CUST02081,AG119,Home,East,2026-06-29,2027-06-29,16809.0,1563237,Cancelled,Irya Rama,Jaipur,Andhra Pradesh,East_Travel.xlsx,365,Medium,OK
POL009106,CUST01328,AG104,Home,East,2026-06-28,2027-06-28,27172.0,1793352,Renewed,Zarna Misra,Delhi,Jharkhand,East_Travel.xlsx,365,Medium,OK
POL007965,CUST01259,AG052,Marine,East,2026-06-28,2027-06-28,150845.0,5128730,Active,Kalpit Sehgal,Hyderabad,Uttar Pradesh,East_Travel.xlsx,365,Very High,OK
POL008988,CUST02822,AG079,Home,East,2026-06-28,2027-06-28,31107.0,746568,Lapsed,Manya Sandal,Jaipur,Manipur,East_Travel.xlsx,365,Medium,OK
POL000628,CUST02833,AG040,Home,East,2026-06-26,2027-06-26,28542.0,2055024,Cancelled,Veer Raman,Chennai,Meghalaya,East_Travel.xlsx,365,Medium,OK
POL001443,CUST01262,AG010,Commercial Property,East,2026-06-25,2027-06-25,353927.0,33623065,Active,Unknown,Bangalore,Gujarat,East_Travel.xlsx,365,Very High,Review
POL005982,CUST01421,AG108,Commercial Property,East,2026-06-25,2027-06-25,340325.0,9869425,Expired,Jeet Mittal,Bangalore,Uttar Pradesh,East_Travel.xlsx,365,Very High,OK
POL002928,CUST00452,AG078,Marine,East,2026-06-24,2027-06-24,35902.0,7955964,Cancelled,Lila Kota,Ahmedabad,Jharkhand,East_Travel.xlsx,365,Medium,OK
POL009569,CUST00644,AG024,Travel,East,2026-06-24,2027-06-24,9912.0,247800,Renewed,Libni Dhillon,Patna,Kerala,East_Travel.xlsx,365,Low,OK
POL008795,CUST02600,AG019,Home,East,2026-06-23,2027-06-23,35902.0,2179808,Cancelled,Fiyaz Taneja,Bhubaneswar,Telangana,East_Travel.xlsx,365,Medium,OK
POL001552,CUST02283,AG111,Travel,East,2026-06-22,2027-06-22,1978.0,146372,Lapsed,Qabil Iyer,Bhubaneswar,Sikkim,East_Travel.xlsx,365,Low,OK
POL005995,CUST02578,AG014,Commercial Property,East,2026-06-21,2027-06-21,470497.0,33875784,Renewed,Mohini Chacko,Patna,Kerala,East_Travel.xlsx,365,Very High,OK
POL004822,CUST00616,AG061,Marine,East,2026-06-21,2027-06-21,104345.0,8138910,Active,Januja Saini,Hyderabad,Punjab,East_Travel.xlsx,365,Very High,OK
POL007576,CUST00321,AG104,Motor,East,2026-06-21,2027-06-21,31838.0,1018816,Cancelled,Ekalinga Nazareth,Patna,Assam,East_Travel.xlsx,365,Medium,OK
POL003717,CUST00393,AG009,Marine,East,2026-06-21,2027-06-21,94960.0,6077440,Cancelled,Gabriel Agate,Ahmedabad,Telangana,East_Travel.xlsx,365,High,OK
POL009744,CUST01225,AG092,Home,East,2026-06-19,2027-06-19,57988.0,2145556,Lapsed,Jeet Varughese,Ahmedabad,Uttar Pradesh,East_Travel.xlsx,365,High,OK
POL005449,CUST02974,AG096,Marine,East,2026-06-19,2027-06-19,118100.0,5786900,Renewed,Ekbal Bava,Delhi,Punjab,East_Travel.xlsx,365,Very High,OK
POL008410,CUST02389,AG114,Home,East,2026-06-19,2027-06-19,28035.0,2579220,Lapsed,Lekha Ahuja,Chandigarh,Karnataka,East_Travel.xlsx,365,Medium,OK
POL008619,CUST01769,AG074,Marine,East,2026-06-19,2027-06-19,154617.0,11905509,Cancelled,Bahadurjit Uppal,Bangalore,Mizoram,East_Travel.xlsx,365,Very High,OK
POL000868,CUST02100,AG096,Marine,East,2026-06-18,2027-06-18,91186.0,5015230,Expired,Upma Gill,Bhubaneswar,Punjab,East_Travel.xlsx,365,High,OK
POL008349,CUST01352,AG065,Commercial Property,East,2026-06-18,2027-06-18,56052.0,4484160,Lapsed,Nathan Bahl,Bhubaneswar,Uttar Pradesh,East_Travel.xlsx,365,High,OK
POL004289,CUST02965,AG074,Home,East,2026-06-18,2027-06-18,35523.0,3268116,Expired,Noah Sant,Bangalore,Manipur,East_Travel.xlsx,365,Medium,OK
POL003616,CUST01912,AG085,Marine,East,2026-06-17,2027-06-17,128416.0,2953568,Renewed,Chameli Wagle,Pune,Telangana,East_Travel.xlsx,365,Very High,OK
POL004065,CUST00715,AG067,Home,East,2026-06-17,2027-06-17,38512.0,3042448,Expired,Azad Vyas,Pune,Telangana,East_Travel.xlsx,365,Medium,OK
POL004413,CUST00672,AG102,Motor,East,2026-06-16,2027-06-16,11310.0,859560,Renewed,Mekhala Sathe,Mumbai,Uttarakhand,East_Travel.xlsx,365,Medium,OK
POL002026,CUST00284,AG077,Marine,East,2026-06-16,2027-06-16,35902.0,8927604,Renewed,Tarak Sahni,Hyderabad,Meghalaya,East_Travel.xlsx,365,Medium,OK
POL005067,CUST01098,AG109,Marine,East,2026-06-15,2027-06-15,32603.0,2249607,Cancelled,Maanas Balakrishnan,Bangalore,Telangana,East_Travel.xlsx,365,Medium,OK
POL003293,CUST02308,AG007,Home,East,2026-06-15,2027-06-15,35189.0,1689072,Renewed,Avi Kaul,Kolkata,Madhya Pradesh,East_Travel.xlsx,365,Medium,OK
POL002261,CUST02064,AG052,Motor,East,2026-06-15,2027-06-15,18490.0,739600,Expired,Frado Randhawa,Patna,Manipur,East_Travel.xlsx,365,Medium,OK
POL000841,CUST01095,AG010,Home,East,2026-06-14,2027-06-14,37182.0,3086106,Expired,Ekalinga Shankar,Mumbai,Chhattisgarh,East_Travel.xlsx,365,Medium,OK
POL007471,CUST02606,AG004,Marine,East,2026-06-14,2027-06-14,77425.0,2787300,Renewed,Fiyaz Mukherjee,Bangalore,Punjab,East_Travel.xlsx,365,High,OK
POL008142,CUST00032,AG019,Travel,East,2026-06-13,2027-06-13,4904.0,402128,Expired,Krish Batra,Jaipur,Manipur,East_Travel.xlsx,365,Low,OK
POL009905,CUST00573,AG076,Motor,East,2026-06-13,2027-06-13,36908.0,1107240,Expired,Ishwar Krishnan,Jaipur,Meghalaya,East_Travel.xlsx,365,Medium,OK
POL009557,CUST01642,AG066,Home,East,2026-06-13,2027-06-13,60097.0,1201940,Active,Upkaar Sachdeva,Patna,Andhra Pradesh,East_Travel.xlsx,365,High,OK
POL008226,CUST01894,AG097,Travel,East,2026-06-12,2027-06-12,7434.0,505512,Expired,Samarth Mallick,Kolkata,West Bengal,East_Travel.xlsx,365,Low,OK
POL004975,CUST01918,AG101,Travel,East,2026-06-12,2027-06-12,18962.0,1422150,Lapsed,Om Mahajan,Hyderabad,Haryana,East_Travel.xlsx,365,Medium,OK
POL005434,CUST01204,AG007,Motor,East,2026-06-12,2027-06-12,32307.0,1356894,Lapsed,Vrinda Patel,Delhi,Jharkhand,East_Travel.xlsx,365,Medium,OK
POL005224,CUST02775,AG009,Home,East,2026-06-12,2027-06-12,59252.0,5095672,Lapsed,Wyatt Bajwa,Mumbai,Gujarat,East_Travel.xlsx,365,High,OK
POL008911,CUST01061,AG069,Commercial Property,East,2026-06-12,2027-06-12,238395.0,20978760,Expired,Victor Golla,Hyderabad,Arunachal Pradesh,East_Travel.xlsx,365,Very High,OK
POL002591,CUST01968,AG107,Marine,East,2026-06-12,2027-06-12,87115.0,6272280,Renewed,Dalaja Khare,Jaipur,Arunachal Pradesh,East_Travel.xlsx,365,High,OK
POL007945,CUST02027,AG021,Commercial Property,East,2026-06-11,2027-06-11,986500.0,46365500,Active,Veer Khanna,Chennai,Uttarakhand,East_Travel.xlsx,365,Ultra High,OK
POL008322,CUST02307,AG029,Travel,East,2026-06-11,2027-06-11,13285.0,1262075,Cancelled,Shravya Nadig,Jaipur,Uttarakhand,East_Travel.xlsx,365,Medium,OK
POL007061,CUST02340,AG118,Commercial Property,East,2026-06-11,2027-06-11,881969.0,46744357,Renewed,Girindra Karnik,Jaipur,Tamil Nadu,East_Travel.xlsx,365,Ultra High,OK
POL003560,CUST01308,AG108,Home,East,2026-06-10,2027-06-10,11656.0,967448,Active,Megha Rattan,Mumbai,Assam,East_Travel.xlsx,365,Medium,OK
POL000124,CUST01361,AG071,Motor,East,2026-06-10,2027-06-10,39411.0,1458207,Expired,Aradhana Rege,Delhi,Telangana,East_Travel.xlsx,365,Medium,OK
POL003297,CUST01048,AG099,Travel,East,2026-06-08,2027-06-08,8377.0,561259,Cancelled,Harshil Varma,Delhi,Chhattisgarh,East_Travel.xlsx,365,Low,OK
POL005666,CUST00835,AG067,Motor,East,2026-06-07,2027-06-07,35902.0,799634,Renewed,Charan Boase,Chandigarh,Punjab,East_Travel.xlsx,365,Medium,OK
POL000326,CUST01642,AG060,Home,East,2026-06-06,2027-06-06,43828.0,3944520,Expired,Upkaar Sachdeva,Patna,Andhra Pradesh,East_Travel.xlsx,365,Medium,OK
POL007926,CUST02672,AG020,Motor,East,2026-06-06,2027-06-06,31866.0,1465836,Renewed,Chasmum Gill,Patna,Nagaland,East_Travel.xlsx,365,Medium,OK
POL007290,CUST00627,AG019,Commercial Property,East,2026-06-05,2027-06-05,600988.0,52285956,Active,Meghana Ramesh,Pune,Bihar,East_Travel.xlsx,365,Ultra High,OK
POL003758,CUST00599,AG042,Home,East,2026-06-05,2027-06-05,65939.0,4351974,Renewed,Maanas Chandra,Chandigarh,Kerala,East_Travel.xlsx,365,High,OK
POL000407,CUST00844,AG073,Commercial Property,East,2026-06-04,2027-06-04,217201.0,9339643,Active,Balendra Lata,Jaipur,Himachal Pradesh,East_Travel.xlsx,365,Very High,OK
POL002513,CUST01790,AG028,Commercial Property,East,2026-06-03,2027-06-03,781412.0,64075784,Lapsed,Darsh Saran,Pune,Tamil Nadu,East_Travel.xlsx,365,Ultra High,OK
POL004982,CUST00204,AG098,Marine,East,2026-06-02,2027-06-02,23766.0,1330896,Renewed,Ekta Shan,Jaipur,Tamil Nadu,East_Travel.xlsx,365,Medium,OK
POL008385,CUST01384,AG028,Marine,East,2026-06-02,2027-06-02,182748.0,8040912,Expired,Patrick Mahal,Pune,Madhya Pradesh,East_Travel.xlsx,365,Very High,OK
POL001878,CUST02190,AG100,Home,East,2026-06-02,2027-06-02,63337.0,5193634,Cancelled,Yashvi Chopra,Kolkata,Assam,East_Travel.xlsx,365,High,OK
POL007221,CUST00236,AG118,Home,East,2026-06-01,2027-06-01,34859.0,2684143,Cancelled,Tarak Gola,Patna,Maharashtra,East_Travel.xlsx,365,Medium,OK
POL005128,CUST02444,AG001,Commercial Property,East,2026-06-01,2027-06-01,741808.0,64537296,Renewed,Faras Batta,Patna,Himachal Pradesh,East_Travel.xlsx,365,Ultra High,OK
POL006422,CUST00228,AG091,Motor,East,2026-06-01,2027-06-01,25582.0,1867486,Lapsed,Ikshita Chowdhury,Hyderabad,Andhra Pradesh,East_Travel.xlsx,365,Medium,OK
POL005710,CUST00703,AG048,Motor,East,2026-05-30,2027-05-30,25318.0,2152030,Expired,Nilima Deo,Patna,Odisha,East_Travel.xlsx,365,Medium,OK
POL009571,CUST02845,AG020,Motor,East,2026-05-30,2027-05-30,18110.0,1340140,Expired,Darpan Vala,Jaipur,Goa,East_Travel.xlsx,365,Medium,OK
POL006958,CUST00684,AG111,Motor,East,2026-05-30,2027-05-30,38200.0,1146000,Cancelled,Anita Bakshi,Ahmedabad,Tripura,East_Travel.xlsx,365,Medium,OK
POL009932,CUST02041,AG114,Commercial Property,East,2026-05-30,2027-05-30,317649.0,7305927,Lapsed,Guneet Prabhu,Mumbai,Madhya Pradesh,East_Travel.xlsx,365,Very High,OK
POL009193,CUST02260,AG006,Home,East,2026-05-29,2027-05-29,29259.0,2282202,Expired,Harish Nori,Delhi,Telangana,East_Travel.xlsx,365,Medium,OK
POL009775,CUST02621,AG070,Travel,East,2026-05-29,2027-05-29,4831.0,294691,Active,Benjamin Narayanan,Patna,Rajasthan,East_Travel.xlsx,365,Low,OK
POL006767,CUST00458,AG006,Home,East,2026-05-28,2027-05-28,56779.0,3122845,Active,Unknown,Hyderabad,Odisha,East_Travel.xlsx,365,High,Review
POL006577,CUST00839,AG115,Travel,East,2026-05-28,2027-05-28,18318.0,1703574,Lapsed,Ekta Sanghvi,Jaipur,Assam,East_Travel.xlsx,365,Medium,OK
POL005605,CUST00162,AG081,Home,East,2026-05-28,2027-05-28,52656.0,3633264,Active,Aahana Nagi,Chandigarh,Telangana,East_Travel.xlsx,365,High,OK
POL004059,CUST02004,AG071,Travel,East,2026-05-27,2027-05-27,35902.0,143388,Renewed,Nitesh Kale,Patna,Tripura,East_Travel.xlsx,365,Medium,OK
POL009607,CUST01448,AG034,Commercial Property,East,2026-05-27,2027-05-27,926287.0,91702413,Lapsed,Chandani Dubey,Hyderabad,Assam,East_Travel.xlsx,365,Ultra High,OK
POL007657,CUST00495,AG023,Home,East,2026-05-27,2027-05-27,56393.0,2142934,Expired,Ethan Parmer,Ahmedabad,Uttarakhand,East_Travel.xlsx,365,High,OK
POL004321,CUST01858,AG037,Motor,East,2026-05-27,2027-05-27,13289.0,1328900,Cancelled,Sudiksha Patel,Ahmedabad,Chhattisgarh,East_Travel.xlsx,365,Medium,OK
POL009604,CUST00747,AG028,Marine,East,2026-05-26,2027-05-26,60094.0,1862914,Cancelled,Janani Dhar,Bhubaneswar,Bihar,East_Travel.xlsx,365,High,OK
POL008663,CUST02103,AG010,Commercial Property,East,2026-05-25,2027-05-25,700245.0,66523275,Lapsed,Tristan Sidhu,Hyderabad,Rajasthan,East_Travel.xlsx,365,Ultra High,OK
POL002316,CUST01627,AG018,Home,East,2026-05-25,2027-05-25,10036.0,662376,Active,Unknown,Mumbai,Gujarat,East_Travel.xlsx,365,Medium,Review
POL008606,CUST01082,AG099,Motor,East,2026-05-24,2027-05-24,14968.0,359232,Expired,Ayush Nagarajan,Pune,Goa,East_Travel.xlsx,365,Medium,OK
POL006197,CUST02536,AG032,Marine,East,2026-05-24,2027-05-24,89230.0,1784600,Lapsed,Ekiya Choudhury,Delhi,Odisha,East_Travel.xlsx,365,High,OK
POL003691,CUST02849,AG058,Travel,East,2026-05-23,2027-05-23,18284.0,1206744,Renewed,Anthony Gopal,Patna,Telangana,East_Travel.xlsx,365,Medium,OK
POL000572,CUST01636,AG096,Marine,East,2026-05-23,2027-05-23,125310.0,7393290,Active,Unknown,Mumbai,Telangana,East_Travel.xlsx,365,Very High,Review
POL003833,CUST01861,AG023,Travel,East,2026-05-22,2027-05-22,6615.0,621810,Active,George Chaudhari,Bhubaneswar,Madhya Pradesh,East_Travel.xlsx,365,Low,OK
POL001899,CUST00064,AG089,Marine,East,2026-05-22,2027-05-22,144219.0,10527987,Expired,Qushi Basu,Delhi,Tamil Nadu,East_Travel.xlsx,365,Very High,OK
POL003027,CUST02674,AG056,Travel,East,2026-05-22,2027-05-22,13280.0,624160,Lapsed,Jagat Sheth,Bangalore,Punjab,East_Travel.xlsx,365,Medium,OK
POL003557,CUST02113,AG012,Commercial Property,East,2026-05-21,2027-05-21,485956.0,23811844,Active,Pavani Chaudhary,Chandigarh,Maharashtra,East_Travel.xlsx,365,Very High,OK
POL002201,CUST00466,AG024,Commercial Property,East,2026-05-21,2027-05-21,179908.0,16371628,Expired,Azaan Gulati,Bhubaneswar,Karnataka,East_Travel.xlsx,365,Very High,OK
POL001701,CUST00424,AG021,Home,East,2026-05-21,2027-05-21,50790.0,3352140,Lapsed,Aadi Kalita,Pune,Tripura,East_Travel.xlsx,365,High,OK
POL008597,CUST00805,AG054,Home,East,2026-05-20,2027-05-20,57843.0,1214703,Lapsed,Raghav Sehgal,Chennai,Uttarakhand,East_Travel.xlsx,365,High,OK
POL005477,CUST00828,AG117,Motor,East,2026-05-20,2027-05-20,23379.0,2010594,Lapsed,Ekavir Bose,Hyderabad,Arunachal Pradesh,East_Travel.xlsx,365,Medium,OK
POL008013,CUST02576,AG060,Commercial Property,East,2026-05-20,2027-05-20,237683.0,16637810,Cancelled,Anusha Balan,Pune,Madhya Pradesh,East_Travel.xlsx,365,Very High,OK
POL007682,CUST01329,AG061,Motor,East,2026-05-20,2027-05-20,39114.0,2190384,Lapsed,Joshua Zacharia,Kolkata,Telangana,East_Travel.xlsx,365,Medium,OK
POL008024,CUST00893,AG024,Home,East,2026-05-20,2027-05-20,48109.0,1635706,Cancelled,Gaurika Gaba,Bhubaneswar,Uttarakhand,East_Travel.xlsx,365,Medium,OK
POL006641,CUST02305,AG013,Travel,East,2026-05-20,2027-05-20,4795.0,326060,Cancelled,Aarnav Saran,Kolkata,Uttar Pradesh,East_Travel.xlsx,365,Low,OK
POL002511,CUST02629,AG061,Motor,East,2026-05-19,2027-05-19,22674.0,1088352,Renewed,Bhavya Majumdar,Chennai,Manipur,East_Travel.xlsx,365,Medium,OK
POL005928,CUST01600,AG101,Marine,East,2026-05-19,2027-05-19,21410.0,1348830,Renewed,Pranav Subramanian,Bhubaneswar,Uttar Pradesh,East_Travel.xlsx,365,Medium,OK
POL001463,CUST02400,AG020,Marine,East,2026-05-19,2027-05-19,24134.0,1689380,Active,Jai Tak,Ahmedabad,Tamil Nadu,East_Travel.xlsx,365,Medium,OK
POL003699,CUST01839,AG047,Home,East,2026-05-18,2027-05-18,57544.0,5696856,Cancelled,Ayaan Comar,Bhubaneswar,Odisha,East_Travel.xlsx,365,High,OK
POL006237,CUST01233,AG018,Motor,East,2026-05-18,2027-05-18,27426.0,1179318,Renewed,Mohini Pandey,Bangalore,Tamil Nadu,East_Travel.xlsx,365,Medium,OK
POL001486,CUST02935,AG013,Motor,East,2026-05-18,2027-05-18,31243.0,1624636,Renewed,Vanya Tank,Bhubaneswar,Jharkhand,East_Travel.xlsx,365,Medium,OK
POL008243,CUST02387,AG061,Motor,East,2026-05-17,2027-05-17,28185.0,1493805,Expired,Qasim Chada,Ahmedabad,Arunachal Pradesh,East_Travel.xlsx,365,Medium,OK
POL008277,CUST01043,AG043,Travel,East,2026-05-17,2027-05-17,4116.0,230496,Renewed,Lohit Seth,Hyderabad,Odisha,East_Travel.xlsx,365,Low,OK
POL001708,CUST00331,AG005,Marine,East,2026-05-17,2027-05-17,25107.0,2134095,Active,Falan Sehgal,Chandigarh,Maharashtra,East_Travel.xlsx,365,Medium,OK
POL008881,CUST02179,AG036,Motor,East,2026-05-16,2027-05-16,36482.0,2407812,Cancelled,Wazir Baral,Patna,Tamil Nadu,East_Travel.xlsx,365,Medium,OK
POL001808,CUST01753,AG080,Marine,East,2026-05-16,2027-05-16,67429.0,5664036,Lapsed,Eiravati Tripathi,Patna,Himachal Pradesh,East_Travel.xlsx,365,High,OK
POL009236,CUST01530,AG090,Travel,East,2026-05-16,2027-05-16,3054.0,256536,Cancelled,Rachita Naidu,Hyderabad,Nagaland,East_Travel.xlsx,365,Low,OK
POL001699,CUST02949,AG058,Travel,East,2026-05-16,2027-05-16,5785.0,312390,Active,Unknown,Bhubaneswar,Tripura,East_Travel.xlsx,365,Low,Review
POL008139,CUST00652,AG115,Marine,East,2026-05-15,2027-05-15,137280.0,6864000,Lapsed,Vincent Doctor,Bangalore,Uttarakhand,East_Travel.xlsx,365,Very High,OK
POL008427,CUST01977,AG100,Travel,East,2026-05-15,2027-05-15,5403.0,140478,Cancelled,Ekaja Chauhan,Kolkata,Jharkhand,East_Travel.xlsx,365,Low,OK
POL003227,CUST00886,AG050,Travel,East,2026-05-15,2027-05-15,7370.0,567490,Expired,Liam Saini,Ahmedabad,Jharkhand,East_Travel.xlsx,365,Low,OK
POL003357,CUST00636,AG102,Commercial Property,East,2026-05-15,2027-05-15,986127.0,42403461,Renewed,Siddharth Comar,Pune,Andhra Pradesh,East_Travel.xlsx,365,Ultra High,OK
POL000335,CUST01202,AG118,Home,East,2026-05-14,2027-05-14,46034.0,3130312,Renewed,Praneel Rajagopalan,Ahmedabad,Karnataka,East_Travel.xlsx,365,Medium,OK
POL005817,CUST02529,AG021,Motor,East,2026-05-13,2027-05-13,27097.0,2140663,Renewed,Champak Parekh,Ahmedabad,Nagaland,East_Travel.xlsx,365,Medium,OK
POL009276,CUST01223,AG023,Marine,East,2026-05-13,2027-05-13,35902.0,14370288,Cancelled,Jyoti Jha,Delhi,Jharkhand,East_Travel.xlsx,365,Medium,OK
POL007709,CUST00888,AG114,Travel,East,2026-05-12,2027-05-12,12174.0,365220,Renewed,Noah Kari,Chennai,Maharashtra,East_Travel.xlsx,365,Medium,OK
POL006852,CUST01089,AG087,Commercial Property,East,2026-05-12,2027-05-12,726296.0,72629600,Expired,Deepa Brar,Delhi,Madhya Pradesh,East_Travel.xlsx,365,Ultra High,OK
POL003509,CUST00975,AG071,Travel,East,2026-05-12,2027-05-12,1467.0,101223,Cancelled,Tripti Chopra,Mumbai,Goa,East_Travel.xlsx,365,Low,OK
POL007513,CUST01069,AG097,Motor,East,2026-05-12,2027-05-12,34768.0,1355952,Lapsed,Radha Comar,Bangalore,Sikkim,East_Travel.xlsx,365,Medium,OK
POL007326,CUST01767,AG032,Home,East,2026-05-12,2027-05-12,12055.0,397815,Lapsed,Jason Hans,Delhi,Assam,East_Travel.xlsx,365,Medium,OK
POL001052,CUST01259,AG018,Travel,East,2026-05-12,2027-05-12,15230.0,1035640,Active,Kalpit Sehgal,Hyderabad,Uttar Pradesh,East_Travel.xlsx,365,Medium,OK
POL005698,CUST02791,AG034,Commercial Property,East,2026-05-10,2027-05-10,891566.0,61518054,Renewed,Arya Reddy,Kolkata,Chhattisgarh,East_Travel.xlsx,365,Ultra High,OK
POL009476,CUST00754,AG118,Home,East,2026-05-09,2027-05-09,37398.0,3178830,Lapsed,Gabriel Bobal,Hyderabad,Andhra Pradesh,East_Travel.xlsx,365,Medium,OK
POL005841,CUST00654,AG108,Commercial Property,East,2026-05-09,2027-05-09,611623.0,44648479,Cancelled,Anvi Rattan,Delhi,Tamil Nadu,East_Travel.xlsx,365,Ultra High,OK
POL001060,CUST01806,AG064,Motor,East,2026-05-07,2027-05-07,5915.0,443625,Renewed,Nisha Bhakta,Chennai,Kerala,East_Travel.xlsx,365,Low,OK
POL008461,CUST02421,AG048,Motor,East,2026-05-07,2027-05-07,11068.0,819032,Active,Devansh Mane,Bhubaneswar,Kerala,East_Travel.xlsx,365,Medium,OK
POL009568,CUST01269,AG048,Motor,East,2026-05-07,2027-05-07,27045.0,2082465,Active,Abeer Samra,Kolkata,Karnataka,East_Travel.xlsx,365,Medium,OK
POL004506,CUST00432,AG086,Marine,East,2026-05-07,2027-05-07,187301.0,8428545,Lapsed,Hiral Sengupta,Delhi,Punjab,East_Travel.xlsx,365,Very High,OK
POL005513,CUST02969,AG085,Marine,East,2026-05-06,2027-05-06,76551.0,5282019,Cancelled,Gunbir Rastogi,Pune,Gujarat,East_Travel.xlsx,365,High,OK
POL005012,CUST00457,AG034,Travel,East,2026-05-06,2027-05-06,17137.0,1713700,Active,Kala Kannan,Delhi,Punjab,East_Travel.xlsx,365,Medium,OK
POL000147,CUST02856,AG008,Home,East,2026-05-05,2027-05-05,55546.0,3499398,Active,Watika Chopra,Bangalore,Sikkim,East_Travel.xlsx,365,High,OK
POL006079,CUST00624,AG066,Commercial Property,East,2026-05-05,2027-05-05,792428.0,71318520,Cancelled,Oliver More,Bhubaneswar,Tamil Nadu,East_Travel.xlsx,365,Ultra High,OK
POL007407,CUST02788,AG102,Travel,East,2026-05-05,2027-05-05,1101.0,83676,Active,Nihal Pandya,Delhi,Tamil Nadu,East_Travel.xlsx,365,Low,OK
POL001994,CUST02786,AG104,Marine,East,2026-05-04,2027-05-04,125890.0,7805180,Lapsed,Chavvi Swaminathan,Chandigarh,Haryana,East_Travel.xlsx,365,Very High,OK
POL002008,CUST00488,AG066,Home,East,2026-05-04,2027-05-04,58301.0,3148254,Cancelled,Gaurangi Sidhu,Mumbai,Punjab,East_Travel.xlsx,365,High,OK
POL009363,CUST02051,AG018,Travel,East,2026-05-03,2027-05-03,19267.0,1194554,Lapsed,Madhav Chowdhury,Hyderabad,Uttar Pradesh,East_Travel.xlsx,365,Medium,OK
POL004219,CUST01313,AG050,Motor,East,2026-05-02,2027-05-02,14470.0,376220,Lapsed,Varenya Lad,Bhubaneswar,Karnataka,East_Travel.xlsx,365,Medium,OK
POL005469,CUST00712,AG088,Travel,East,2026-05-02,2027-05-02,3352.0,204472,Expired,Janani Borah,Bhubaneswar,Punjab,East_Travel.xlsx,365,Low,OK
POL001531,CUST02602,AG086,Home,East,2026-05-01,2027-05-01,69718.0,3416182,Active,Wridesh Madan,Bangalore,Maharashtra,East_Travel.xlsx,365,High,OK
POL006220,CUST01757,AG061,Home,East,2026-05-01,2027-05-01,37769.0,2001757,Cancelled,Kai Rattan,Chandigarh,Andhra Pradesh,East_Travel.xlsx,365,Medium,OK
POL003074,CUST00736,AG040,Home,East,2026-05-01,2027-05-01,30933.0,2196243,Cancelled,Pushti Kant,Patna,Jharkhand,East_Travel.xlsx,365,Medium,OK
POL008714,CUST00005,AG078,Travel,East,2026-05-01,2027-05-01,9065.0,625485,Renewed,Arya Warrior,Mumbai,Goa,East_Travel.xlsx,365,Low,OK
POL007382,CUST01328,AG083,Home,East,2026-05-01,2027-05-01,10208.0,714560,Cancelled,Zarna Misra,Delhi,Jharkhand,East_Travel.xlsx,365,Medium,OK
POL004478,CUST00876,AG091,Commercial Property,East,2026-05-01,2027-05-01,588495.0,18831840,Active,Darika Rajagopalan,Jaipur,Madhya Pradesh,East_Travel.xlsx,365,Ultra High,OK
POL000466,CUST01635,AG077,Marine,East,2026-04-30,2027-04-30,109572.0,4163736,Cancelled,Aishani Minhas,Pune,Jharkhand,East_Travel.xlsx,365,Very High,OK
POL005998,CUST00782,AG034,Commercial Property,East,2026-04-30,2027-04-30,94909.0,2657452,Expired,Tanmayi Srinivasan,Ahmedabad,Uttar Pradesh,East_Travel.xlsx,365,High,OK
POL004699,CUST01422,AG048,Commercial Property,East,2026-04-29,2027-04-29,69723.0,4183380,Expired,Ishanvi Som,Pune,Karnataka,East_Travel.xlsx,365,High,OK
POL003945,CUST02238,AG041,Commercial Property,East,2026-04-29,2027-04-29,815593.0,39148464,Expired,Unknown,Bangalore,Jharkhand,East_Travel.xlsx,365,Ultra High,Review
POL001123,CUST00032,AG061,Motor,East,2026-04-29,2027-04-29,11572.0,833184,Expired,Krish Batra,Jaipur,Manipur,East_Travel.xlsx,365,Medium,OK
POL000945,CUST01673,AG014,Motor,East,2026-04-28,2027-04-28,31699.0,2314027,Expired,Advika Narang,Chandigarh,Uttarakhand,East_Travel.xlsx,365,Medium,OK
POL009534,CUST02112,AG022,Home,East,2026-04-27,2027-04-27,48865.0,4788770,Cancelled,Harinakshi Bera,Kolkata,Haryana,East_Travel.xlsx,365,Medium,OK
POL008367,CUST01709,AG111,Commercial Property,East,2026-04-27,2027-04-27,78451.0,7609747,Cancelled,Darsh Wali,Chandigarh,Tripura,East_Travel.xlsx,365,High,OK
POL002136,CUST02331,AG079,Marine,East,2026-04-27,2027-04-27,179871.0,11152002,Expired,Caleb Sachar,Bangalore,Assam,East_Travel.xlsx,365,Very High,OK
POL005132,CUST02568,AG093,Home,East,2026-04-26,2027-04-26,48909.0,2885631,Renewed,Manan Barman,Patna,Telangana,East_Travel.xlsx,365,Medium,OK
POL005156,CUST00161,AG008,Commercial Property,East,2026-04-26,2027-04-26,406035.0,22331925,Cancelled,Samaksh Sen,Ahmedabad,Kerala,East_Travel.xlsx,365,Very High,OK
POL002566,CUST02153,AG062,Travel,East,2026-04-25,2027-04-25,19135.0,1779555,Lapsed,Rajeshri Rana,Bangalore,Gujarat,East_Travel.xlsx,365,Medium,OK
POL001268,CUST01643,AG060,Motor,East,2026-04-25,2027-04-25,7089.0,290649,Active,Manbir Rattan,Mumbai,Assam,East_Travel.xlsx,365,Low,OK
POL006529,CUST00600,AG112,Travel,East,2026-04-25,2027-04-25,4100.0,86100,Expired,Utkarsh Walla,Pune,Tamil Nadu,East_Travel.xlsx,365,Low,OK
POL006996,CUST00033,AG064,Motor,East,2026-04-25,2027-04-25,8671.0,832416,Lapsed,Turvi Iyer,Chennai,Chhattisgarh,East_Travel.xlsx,365,Low,OK
POL000278,CUST01139,AG008,Motor,East,2026-04-25,2027-04-25,15613.0,640133,Lapsed,Mitesh Ray,Bangalore,Meghalaya,East_Travel.xlsx,365,Medium,OK
POL007370,CUST00790,AG115,Motor,East,2026-04-24,2027-04-24,16708.0,651612,Cancelled,Mohammed Nadkarni,Chandigarh,Rajasthan,East_Travel.xlsx,365,Medium,OK
POL002752,CUST00892,AG086,Travel,East,2026-04-24,2027-04-24,14540.0,1337680,Cancelled,Nidhi Prabhakar,Kolkata,Uttar Pradesh,East_Travel.xlsx,365,Medium,OK
POL009265,CUST01703,AG079,Motor,East,2026-04-24,2027-04-24,9250.0,407000,Cancelled,Vanya Pal,Ahmedabad,Nagaland,East_Travel.xlsx,365,Low,OK
POL002610,CUST01303,AG074,Commercial Property,East,2026-04-23,2027-04-23,35902.0,41271172,Renewed,Naveen Chauhan,Bangalore,Telangana,East_Travel.xlsx,365,Medium,OK
POL003038,CUST01975,AG078,Commercial Property,East,2026-04-23,2027-04-23,109383.0,7656810,Active,Rajeshri Saini,Kolkata,Uttar Pradesh,East_Travel.xlsx,365,Very High,OK
POL001080,CUST01598,AG021,Travel,East,2026-04-22,2027-04-22,9765.0,654255,Expired,Ayushman Rattan,Kolkata,Goa,East_Travel.xlsx,365,Low,OK
POL001275,CUST01888,AG105,Motor,East,2026-04-22,2027-04-22,15935.0,844555,Expired,Zinal Mani,Delhi,Assam,East_Travel.xlsx,365,Medium,OK
POL007421,CUST02467,AG058,Home,East,2026-04-22,2027-04-22,58947.0,4951548,Cancelled,Kiaan Bhat,Kolkata,Tamil Nadu,East_Travel.xlsx,365,High,OK
POL004888,CUST02835,AG050,Motor,East,2026-04-21,2027-04-21,30893.0,2409654,Active,Gautam Chada,Bangalore,Punjab,East_Travel.xlsx,365,Medium,OK
POL003673,CUST02968,AG085,Travel,East,2026-04-20,2027-04-20,10679.0,320370,Cancelled,Gaurav Chowdhury,Mumbai,Andhra Pradesh,East_Travel.xlsx,365,Medium,OK
POL006507,CUST02479,AG082,Marine,East,2026-04-20,2027-04-20,191564.0,16282940,Active,Yashoda Wable,Mumbai,Sikkim,East_Travel.xlsx,365,Very High,OK
POL002388,CUST02677,AG069,Commercial Property,East,2026-04-20,2027-04-20,536513.0,20387494,Cancelled,Nirja Borah,Kolkata,Odisha,East_Travel.xlsx,365,Ultra High,OK
POL008530,CUST00908,AG025,Marine,East,2026-04-20,2027-04-20,93297.0,4011771,Renewed,Hema Wason,Patna,Goa,East_Travel.xlsx,365,High,OK
POL002361,CUST02042,AG103,Commercial Property,East,2026-04-20,2027-04-20,35902.0,20553400,Renewed,Unknown,Chennai,Uttar Pradesh,East_Travel.xlsx,365,Medium,Review
POL009024,CUST00349,AG050,Commercial Property,East,2026-04-19,2027-04-19,447004.0,28608256,Cancelled,Hredhaan Jain,Hyderabad,Bihar,East_Travel.xlsx,365,Very High,OK
POL003264,CUST01584,AG016,Travel,East,2026-04-19,2027-04-19,19539.0,898794,Lapsed,Qadim Shroff,Ahmedabad,Manipur,East_Travel.xlsx,365,Medium,OK
POL007742,CUST01338,AG055,Motor,East,2026-04-18,2027-04-18,12635.0,657020,Expired,Zayyan Chaudhary,Pune,Meghalaya,East_Travel.xlsx,365,Medium,OK
POL004645,CUST00023,AG011,Home,East,2026-04-18,2027-04-18,69456.0,6251040,Expired,Upasna Bhargava,Hyderabad,Gujarat,East_Travel.xlsx,365,High,OK
POL008571,CUST02475,AG005,Home,East,2026-04-16,2027-04-16,8479.0,186538,Cancelled,Chaman Mani,Chennai,West Bengal,East_Travel.xlsx,365,Low,OK
POL004465,CUST02202,AG111,Travel,East,2026-04-15,2027-04-15,1257.0,96789,Renewed,Indira Dyal,Jaipur,Manipur,East_Travel.xlsx,365,Low,OK
POL002986,CUST02080,AG067,Motor,East,2026-04-15,2027-04-15,20246.0,728856,Expired,Guneet Pathak,Bangalore,Bihar,East_Travel.xlsx,365,Medium,OK
POL005053,CUST00959,AG110,Travel,East,2026-04-15,2027-04-15,6363.0,451773,Active,Omisha Bera,Bangalore,Meghalaya,East_Travel.xlsx,365,Low,OK
POL008548,CUST00392,AG006,Commercial Property,East,2026-04-14,2027-04-14,361622.0,15188124,Cancelled,Advay Krishna,Hyderabad,Bihar,East_Travel.xlsx,365,Very High,OK
POL003569,CUST01309,AG119,Marine,East,2026-04-13,2027-04-13,64160.0,4234560,Expired,Omaja Sarkar,Hyderabad,Assam,East_Travel.xlsx,365,High,OK
POL000359,CUST02192,AG113,Marine,East,2026-04-12,2027-04-12,34021.0,2245386,Active,Kiaan Ravel,Chennai,Haryana,East_Travel.xlsx,365,Medium,OK
POL000327,CUST00429,AG101,Motor,East,2026-04-12,2027-04-12,10217.0,490416,Cancelled,Pranav Konda,Hyderabad,Rajasthan,East_Travel.xlsx,365,Medium,OK
POL009789,CUST02144,AG033,Commercial Property,East,2026-04-12,2027-04-12,691802.0,53960556,Lapsed,Gabriel Dugar,Jaipur,Nagaland,East_Travel.xlsx,365,Ultra High,OK
POL006705,CUST00260,AG001,Commercial Property,East,2026-04-12,2027-04-12,558383.0,31269448,Cancelled,Charvi Kade,Chennai,Manipur,East_Travel.xlsx,365,Ultra High,OK
POL000302,CUST02915,AG106,Commercial Property,East,2026-04-10,2027-04-10,120249.0,6373197,Expired,Girindra Tara,Hyderabad,Rajasthan,East_Travel.xlsx,365,Very High,OK
POL008028,CUST02725,AG042,Motor,East,2026-04-10,2027-04-10,16386.0,737370,Cancelled,Rachit Vyas,Patna,Sikkim,East_Travel.xlsx,365,Medium,OK
POL005183,CUST00518,AG114,Home,East,2026-04-10,2027-04-10,35552.0,888800,Active,Ubika Virk,Jaipur,Himachal Pradesh,East_Travel.xlsx,365,Medium,OK
POL008658,CUST00019,AG068,Travel,East,2026-04-08,2027-04-08,10806.0,345792,Active,Indrajit Chana,Pune,Rajasthan,East_Travel.xlsx,365,Medium,OK
POL009833,CUST00281,AG006,Home,East,2026-04-07,2027-04-07,39445.0,2524480,Expired,Eshana Dasgupta,Chandigarh,Karnataka,East_Travel.xlsx,365,Medium,OK
POL002235,CUST00966,AG038,Motor,East,2026-04-07,2027-04-07,31387.0,1349641,Lapsed,Jyoti Lall,Chennai,Odisha,East_Travel.xlsx,365,Medium,OK
POL001109,CUST02589,AG039,Motor,East,2026-04-07,2027-04-07,11030.0,661800,Expired,Mugdha Chakrabarti,Chennai,Bihar,East_Travel.xlsx,365,Medium,OK
POL002472,CUST01290,AG009,Motor,East,2026-04-07,2027-04-07,6931.0,194068,Renewed,Ranveer Sachar,Chandigarh,Manipur,East_Travel.xlsx,365,Low,OK
POL000602,CUST02190,AG107,Travel,East,2026-04-07,2027-04-07,6870.0,357240,Cancelled,Unknown,Kolkata,Assam,East_Travel.xlsx,365,Low,Review
POL003270,CUST02241,AG068,Travel,East,2026-04-06,2027-04-06,11456.0,1019584,Lapsed,Oscar Varkey,Jaipur,Manipur,East_Travel.xlsx,365,Medium,OK
POL002813,CUST01985,AG021,Motor,East,2026-04-05,2027-04-05,17706.0,1274832,Lapsed,Arya Anand,Kolkata,Maharashtra,East_Travel.xlsx,365,Medium,OK
POL005018,CUST00588,AG117,Motor,East,2026-04-05,2027-04-05,38777.0,3179714,Active,Urishilla Tailor,Delhi,Uttar Pradesh,East_Travel.xlsx,365,Medium,OK
POL001784,CUST02245,AG075,Travel,East,2026-04-04,2027-04-04,8370.0,560790,Renewed,Chaitaly Divan,Ahmedabad,Andhra Pradesh,East_Travel.xlsx,365,Low,OK
POL005278,CUST01115,AG077,Commercial Property,East,2026-04-03,2027-04-03,752888.0,45173280,Renewed,Pahal Shanker,Delhi,Andhra Pradesh,East_Travel.xlsx,365,Ultra High,OK
POL002004,CUST02037,AG017,Travel,East,2026-04-03,2027-04-03,12925.0,594550,Active,Michael Varty,Chandigarh,Himachal Pradesh,East_Travel.xlsx,365,Medium,OK
POL009192,CUST01002,AG039,Travel,East,2026-04-03,2027-04-03,12365.0,1137580,Expired,Rayaan Luthra,Bhubaneswar,West Bengal,East_Travel.xlsx,365,Medium,OK
POL000149,CUST00419,AG012,Commercial Property,East,2026-04-02,2027-04-02,895097.0,28643104,Lapsed,Rayaan Mutti,Bhubaneswar,Bihar,East_Travel.xlsx,365,Ultra High,OK
POL003007,CUST02998,AG069,Marine,East,2026-04-01,2027-04-01,35902.0,12047672,Cancelled,Yug Zacharia,Ahmedabad,Odisha,East_Travel.xlsx,365,Medium,OK
POL004466,CUST00721,AG021,Travel,East,2026-04-01,2027-04-01,2515.0,188625,Active,Ekta Balasubramanian,Mumbai,Sikkim,East_Travel.xlsx,365,Low,OK
POL001948,CUST02391,AG046,Motor,East,2026-04-01,2027-04-01,39858.0,3906084,Active,Anita Bahl,Chandigarh,Punjab,East_Travel.xlsx,365,Medium,OK
POL006642,CUST00552,AG008,Marine,East,2026-03-31,2027-03-31,161552.0,15024336,Cancelled,Elijah Tripathi,Patna,Tamil Nadu,East_Travel.xlsx,365,Very High,OK
POL007312,CUST01023,AG088,Commercial Property,East,2026-03-30,2027-03-30,212073.0,4877679,Lapsed,Damyanti Nanda,Bhubaneswar,Rajasthan,East_Travel.xlsx,365,Very High,OK
POL002938,CUST00836,AG057,Marine,East,2026-03-30,2027-03-30,76841.0,2228389,Renewed,Rehaan Sastry,Ahmedabad,Chhattisgarh,East_Travel.xlsx,365,High,OK
POL004032,CUST02171,AG001,Home,East,2026-03-30,2027-03-30,11717.0,1042813,Renewed,Yochana Kapur,Mumbai,Goa,East_Travel.xlsx,365,Medium,OK
POL002171,CUST01166,AG051,Motor,East,2026-03-29,2027-03-29,11457.0,756162,Expired,Unknown,Pune,Telangana,East_Travel.xlsx,365,Medium,Review
POL000177,CUST02693,AG115,Home,East,2026-03-29,2027-03-29,50610.0,4605510,Active,Yamini Chadha,Patna,Arunachal Pradesh,East_Travel.xlsx,365,High,OK
POL001705,CUST00011,AG061,Travel,East,2026-03-29,2027-03-29,5893.0,218041,Active,Gagan Nigam,Hyderabad,Haryana,East_Travel.xlsx,365,Low,OK
POL003313,CUST02237,AG004,Home,East,2026-03-28,2027-03-28,35902.0,3487314,Cancelled,Oeshi Ben,Hyderabad,Mizoram,East_Travel.xlsx,365,Medium,OK
POL001065,CUST02245,AG084,Home,East,2026-03-27,2027-03-27,62981.0,1259620,Expired,Chaitaly Divan,Ahmedabad,Andhra Pradesh,East_Travel.xlsx,365,High,OK
POL008272,CUST01073,AG092,Commercial Property,East,2026-03-27,2027-03-27,362222.0,22457764,Expired,Zaid Gera,Kolkata,Gujarat,East_Travel.xlsx,365,Very High,OK
POL001583,CUST01912,AG031,Motor,East,2026-03-27,2027-03-27,8843.0,291819,Active,Chameli Wagle,Pune,Telangana,East_Travel.xlsx,365,Low,OK
POL007568,CUST02745,AG035,Motor,East,2026-03-27,2027-03-27,35062.0,1192108,Cancelled,Priya Talwar,Bangalore,Rajasthan,East_Travel.xlsx,365,Medium,OK
POL005814,CUST00971,AG098,Travel,East,2026-03-27,2027-03-27,10802.0,1026190,Cancelled,Akshay Nadkarni,Kolkata,Mizoram,East_Travel.xlsx,365,Medium,OK
POL008682,CUST00569,AG035,Marine,East,2026-03-26,2027-03-26,72725.0,2036300,Renewed,Sai Tiwari,Patna,Himachal Pradesh,East_Travel.xlsx,365,High,OK
POL006492,CUST00351,AG052,Travel,East,2026-03-26,2027-03-26,1837.0,117568,Cancelled,Simon Banik,Delhi,Andhra Pradesh,East_Travel.xlsx,365,Low,OK
POL009046,CUST02354,AG024,Travel,East,2026-03-24,2027-03-24,19495.0,1130710,Expired,Pallavi Panchal,Pune,West Bengal,East_Travel.xlsx,365,Medium,OK
POL005552,CUST01933,AG004,Travel,East,2026-03-24,2027-03-24,7087.0,269306,Lapsed,Dakshesh Mital,Patna,Mizoram,East_Travel.xlsx,365,Low,OK
POL005979,CUST00269,AG040,Commercial Property,East,2026-03-23,2027-03-23,177537.0,7634091,Expired,Zilmil Dhar,Delhi,Haryana,East_Travel.xlsx,365,Very High,OK
POL004108,CUST01451,AG052,Commercial Property,East,2026-03-23,2027-03-23,498308.0,15447548,Expired,Aarnav Basu,Kolkata,Mizoram,East_Travel.xlsx,365,Very High,OK
POL007156,CUST00682,AG053,Marine,East,2026-03-23,2027-03-23,35902.0,4769530,Expired,Unknown,Mumbai,Uttarakhand,East_Travel.xlsx,365,Medium,Review
POL007240,CUST02986,AG120,Travel,East,2026-03-22,2027-03-22,16877.0,1113882,Renewed,Madhavi Tank,Mumbai,Uttar Pradesh,East_Travel.xlsx,365,Medium,OK
POL009942,CUST02695,AG017,Motor,East,2026-03-22,2027-03-22,20510.0,1251110,Renewed,Omisha Kaur,Hyderabad,Madhya Pradesh,East_Travel.xlsx,365,Medium,OK
POL002531,CUST01780,AG096,Commercial Property,East,2026-03-22,2027-03-22,808137.0,33133617,Active,Dominic Kothari,Bhubaneswar,Rajasthan,East_Travel.xlsx,365,Ultra High,OK
POL007140,CUST00469,AG001,Home,East,2026-03-21,2027-03-21,23453.0,961573,Expired,Damyanti Chada,Delhi,Mizoram,East_Travel.xlsx,365,Medium,OK
POL006257,CUST02193,AG028,Marine,East,2026-03-20,2027-03-20,102321.0,6753186,Cancelled,Advika Zachariah,Pune,Uttar Pradesh,East_Travel.xlsx,365,Very High,OK
POL002607,CUST00289,AG118,Motor,East,2026-03-19,2027-03-19,35595.0,3345930,Active,Geetika Chauhan,Patna,Arunachal Pradesh,East_Travel.xlsx,365,Medium,OK
POL006564,CUST02376,AG037,Commercial Property,East,2026-03-19,2027-03-19,346409.0,13509951,Lapsed,Nicholas Batra,Chennai,Chhattisgarh,East_Travel.xlsx,365,Very High,OK
POL001570,CUST01844,AG108,Commercial Property,East,2026-03-19,2027-03-19,642552.0,12851040,Cancelled,Shaurya Chacko,Pune,Telangana,East_Travel.xlsx,365,Ultra High,OK
POL007749,CUST02132,AG030,Travel,East,2026-03-18,2027-03-18,5349.0,310242,Lapsed,Yashoda Dewan,Kolkata,Punjab,East_Travel.xlsx,365,Low,OK
POL004437,CUST01581,AG069,Home,East,2026-03-18,2027-03-18,37389.0,1346004,Lapsed,Kevin Uppal,Delhi,Tamil Nadu,East_Travel.xlsx,365,Medium,OK
POL000890,CUST00680,AG053,Motor,East,2026-03-18,2027-03-18,17189.0,1581388,Lapsed,Harini Chakrabarti,Kolkata,West Bengal,East_Travel.xlsx,365,Medium,OK
POL005658,CUST01540,AG113,Travel,East,2026-03-17,2027-03-17,7675.0,345375,Expired,Unnati Hegde,Jaipur,Uttar Pradesh,East_Travel.xlsx,365,Low,OK
POL003088,CUST01753,AG118,Marine,East,2026-03-16,2027-03-16,46908.0,3799548,Renewed,Unknown,Patna,Himachal Pradesh,East_Travel.xlsx,365,Medium,Review
POL005719,CUST01426,AG009,Commercial Property,East,2026-03-16,2027-03-16,761338.0,73088448,Lapsed,Luke Bhavsar,Kolkata,Andhra Pradesh,East_Travel.xlsx,365,Ultra High,OK
POL000492,CUST02532,AG044,Home,East,2026-03-15,2027-03-15,11746.0,552062,Cancelled,Upasna Sanghvi,Bangalore,Manipur,East_Travel.xlsx,365,Medium,OK
POL002119,CUST01389,AG037,Home,East,2026-03-15,2027-03-15,40534.0,2675244,Cancelled,Krishna Rattan,Ahmedabad,Telangana,East_Travel.xlsx,365,Medium,OK
POL003544,CUST02864,AG040,Marine,East,2026-03-14,2027-03-14,95142.0,6374514,Active,Ekiya Khanna,Ahmedabad,Bihar,East_Travel.xlsx,365,High,OK
POL009125,CUST01954,AG113,Home,East,2026-03-14,2027-03-14,68245.0,4981885,Expired,Ansh Nagar,Hyderabad,Assam,East_Travel.xlsx,365,High,OK
POL003892,CUST01080,AG069,Travel,East,2026-03-13,2027-03-13,5209.0,375048,Expired,Aarush Gera,Delhi,West Bengal,East_Travel.xlsx,365,Low,OK
POL005218,CUST01964,AG108,Home,East,2026-03-13,2027-03-13,9686.0,900798,Expired,Girindra Srinivas,Jaipur,Andhra Pradesh,East_Travel.xlsx,365,Low,OK
POL005621,CUST00090,AG045,Commercial Property,East,2026-03-12,2027-03-12,289369.0,26911317,Renewed,Mahika Memon,Chennai,Telangana,East_Travel.xlsx,365,Very High,OK
POL008889,CUST01607,AG043,Commercial Property,East,2026-03-11,2027-03-11,665990.0,50615240,Lapsed,Meghana Kota,Patna,Mizoram,East_Travel.xlsx,365,Ultra High,OK
POL001011,CUST00626,AG031,Marine,East,2026-03-10,2027-03-10,163853.0,6062561,Renewed,Fariq Sarin,Kolkata,Rajasthan,East_Travel.xlsx,365,Very High,OK
POL008793,CUST00023,AG114,Home,East,2026-03-10,2027-03-10,65108.0,2408996,Lapsed,Upasna Bhargava,Hyderabad,Gujarat,East_Travel.xlsx,365,High,OK
POL007388,CUST01767,AG092,Commercial Property,East,2026-03-10,2027-03-10,339558.0,13582320,Active,Jason Hans,Delhi,Assam,East_Travel.xlsx,365,Very High,OK
POL001695,CUST02989,AG035,Home,East,2026-03-09,2027-03-09,53095.0,3663555,Expired,Gautami Taneja,Chennai,Chhattisgarh,East_Travel.xlsx,365,High,OK
POL004636,CUST01244,AG120,Motor,East,2026-03-08,2027-03-08,6838.0,396604,Cancelled,Neha Samra,Chennai,Meghalaya,East_Travel.xlsx,365,Low,OK
POL009799,CUST02534,AG109,Commercial Property,East,2026-03-08,2027-03-08,372057.0,10417596,Lapsed,Veer Puri,Ahmedabad,Sikkim,East_Travel.xlsx,365,Very High,OK
POL000119,CUST02324,AG028,Commercial Property,East,2026-03-07,2027-03-07,742601.0,57180277,Renewed,Wridesh Shenoy,Kolkata,Odisha,East_Travel.xlsx,365,Ultra High,OK
POL002876,CUST01431,AG029,Home,East,2026-03-07,2027-03-07,23180.0,1692140,Active,Jack Iyer,Bangalore,Bihar,East_Travel.xlsx,365,Medium,OK
POL002168,CUST00132,AG019,Travel,East,2026-03-07,2027-03-07,18301.0,988254,Expired,Nimrat Modi,Bhubaneswar,Jharkhand,East_Travel.xlsx,365,Medium,OK
POL005118,CUST01436,AG002,Marine,East,2026-03-06,2027-03-06,189607.0,7205066,Cancelled,Chavvi Behl,Jaipur,Haryana,East_Travel.xlsx,365,Very High,OK
POL002278,CUST00435,AG099,Travel,East,2026-03-06,2027-03-06,7314.0,650946,Cancelled,Frado Hegde,Ahmedabad,Telangana,East_Travel.xlsx,365,Low,OK
POL009850,CUST00761,AG011,Commercial Property,East,2026-03-06,2027-03-06,821472.0,55038624,Cancelled,Madhav Rama,Jaipur,Bihar,East_Travel.xlsx,365,Ultra High,OK
POL006574,CUST01268,AG078,Commercial Property,East,2026-03-06,2027-03-06,909947.0,37307827,Lapsed,Gavin Madan,Bangalore,Telangana,East_Travel.xlsx,365,Ultra High,OK
POL009706,CUST01295,AG075,Motor,East,2026-03-04,2027-03-04,21689.0,1062761,Renewed,Unnati Gola,Chandigarh,Nagaland,East_Travel.xlsx,365,Medium,OK
POL009673,CUST02033,AG052,Commercial Property,East,2026-03-04,2027-03-04,986959.0,60204499,Renewed,Yuvraj Ramanathan,Pune,Karnataka,East_Travel.xlsx,365,Ultra High,OK
POL006724,CUST00676,AG084,Marine,East,2026-03-04,2027-03-04,49990.0,1199760,Active,Vedika Sandhu,Kolkata,Tripura,East_Travel.xlsx,365,Medium,OK
POL007139,CUST02286,AG015,Home,East,2026-03-04,2027-03-04,68662.0,4806340,Active,Garima Chad,Chandigarh,Uttar Pradesh,East_Travel.xlsx,365,High,OK
POL004799,CUST00571,AG111,Travel,East,2026-03-03,2027-03-03,16526.0,1041138,Renewed,Vaishnavi Varghese,Delhi,Andhra Pradesh,East_Travel.xlsx,365,Medium,OK
POL001892,CUST00112,AG026,Commercial Property,East,2026-03-03,2027-03-03,329883.0,18803331,Cancelled,Chandani Gara,Delhi,Chhattisgarh,East_Travel.xlsx,365,Very High,OK
POL001716,CUST02986,AG084,Marine,East,2026-03-03,2027-03-03,27200.0,870400,Renewed,Madhavi Tank,Mumbai,Uttar Pradesh,East_Travel.xlsx,365,Medium,OK
POL006978,CUST01667,AG115,Travel,East,2026-03-03,2027-03-03,35902.0,337610,Renewed,Ekaja Nagy,Kolkata,Odisha,East_Travel.xlsx,365,Medium,OK
POL001939,CUST02146,AG103,Motor,East,2026-03-03,2027-03-03,35457.0,3545700,Cancelled,Urvashi Chowdhury,Ahmedabad,Sikkim,East_Travel.xlsx,365,Medium,OK
POL005435,CUST01150,AG070,Travel,East,2026-03-02,2027-03-02,1610.0,48300,Expired,Lajita Soman,Patna,Arunachal Pradesh,East_Travel.xlsx,365,Low,OK
POL001458,CUST01151,AG019,Motor,East,2026-03-02,2027-03-02,36155.0,1301580,Lapsed,Jasmit Nagi,Bangalore,Gujarat,East_Travel.xlsx,365,Medium,OK
POL006611,CUST02421,AG046,Travel,East,2026-03-01,2027-03-01,6996.0,699600,Active,Devansh Mane,Bhubaneswar,Kerala,East_Travel.xlsx,365,Low,OK
POL007189,CUST00764,AG042,Marine,East,2026-03-01,2027-03-01,132059.0,11225015,Renewed,Jonathan Pillai,Delhi,Odisha,East_Travel.xlsx,365,Very High,OK
POL009021,CUST02869,AG033,Travel,East,2026-03-01,2027-03-01,18623.0,1340856,Lapsed,Garima Grewal,Patna,Nagaland,East_Travel.xlsx,365,Medium,OK
POL002349,CUST00353,AG007,Marine,East,2026-03-01,2027-03-01,182685.0,12787950,Renewed,Zilmil Nayak,Bangalore,Jharkhand,East_Travel.xlsx,365,Very High,OK
POL001128,CUST02635,AG068,Home,East,2026-03-01,2027-03-01,68794.0,6535430,Expired,Bhavani Loke,Kolkata,Arunachal Pradesh,East_Travel.xlsx,365,High,OK
POL002335,CUST02828,AG059,Motor,East,2026-03-01,2027-03-01,38894.0,2605898,Lapsed,Lavanya Dyal,Mumbai,Manipur,East_Travel.xlsx,365,Medium,OK
POL004195,CUST00575,AG050,Travel,East,2026-02-28,2027-02-28,35902.0,215985,Active,Madhav Subramaniam,Jaipur,Himachal Pradesh,East_Travel.xlsx,365,Medium,OK
POL008712,CUST01897,AG089,Commercial Property,East,2026-02-28,2027-02-28,599220.0,20373480,Expired,Yagnesh Hans,Kolkata,Mizoram,East_Travel.xlsx,365,Ultra High,OK
POL009270,CUST02362,AG091,Home,East,2026-02-28,2027-02-28,35084.0,2982140,Active,Lila Basu,Jaipur,Chhattisgarh,East_Travel.xlsx,365,Medium,OK
POL007192,CUST00455,AG012,Motor,East,2026-02-28,2027-02-28,7721.0,200746,Lapsed,Abdul Seshadri,Pune,Haryana,East_Travel.xlsx,365,Low,OK
POL003670,CUST00950,AG049,Marine,East,2026-02-27,2027-02-27,78875.0,1893000,Lapsed,Bhavika Chauhan,Chennai,Mizoram,East_Travel.xlsx,365,High,OK
POL006169,CUST00499,AG114,Commercial Property,East,2026-02-27,2027-02-27,663854.0,36511970,Expired,Jagdish Upadhyay,Bhubaneswar,Tripura,East_Travel.xlsx,365,Ultra High,OK
POL008533,CUST00177,AG097,Home,East,2026-02-26,2027-02-26,38776.0,2714320,Lapsed,Zaitra Bhagat,Patna,Himachal Pradesh,East_Travel.xlsx,365,Medium,OK
POL005869,CUST01211,AG088,Commercial Property,East,2026-02-26,2027-02-26,916091.0,31147094,Active,Hemal Mohan,Delhi,West Bengal,East_Travel.xlsx,365,Ultra High,OK
POL007134,CUST00525,AG058,Marine,East,2026-02-26,2027-02-26,197472.0,10860960,Expired,Unknown,Ahmedabad,Goa,East_Travel.xlsx,365,Very High,Review
POL009598,CUST00685,AG003,Marine,East,2026-02-25,2027-02-25,150760.0,5276600,Lapsed,Gaurav Wason,Delhi,Nagaland,East_Travel.xlsx,365,Very High,OK
POL002248,CUST00029,AG105,Home,East,2026-02-25,2027-02-25,28477.0,2278160,Active,Ojas Prashad,Kolkata,Andhra Pradesh,East_Travel.xlsx,365,Medium,OK
POL001234,CUST00945,AG043,Motor,East,2026-02-25,2027-02-25,39845.0,2191475,Active,Theodore Kashyap,Mumbai,Assam,East_Travel.xlsx,365,Medium,OK
POL007635,CUST00169,AG081,Motor,East,2026-02-24,2027-02-24,32453.0,2596240,Cancelled,Bhavya Sehgal,Chandigarh,Bihar,East_Travel.xlsx,365,Medium,OK
POL001319,CUST02462,AG051,Motor,East,2026-02-24,2027-02-24,17161.0,1510168,Renewed,Advik Shenoy,Kolkata,Rajasthan,East_Travel.xlsx,365,Medium,OK
POL008147,CUST01759,AG064,Travel,East,2026-02-24,2027-02-24,35902.0,1427426,Expired,Yashasvi Bassi,Kolkata,Karnataka,East_Travel.xlsx,365,Medium,OK
POL002516,CUST01297,AG001,Motor,East,2026-02-23,2027-02-23,19314.0,1062270,Expired,Rudra Bhagat,Patna,Punjab,East_Travel.xlsx,365,Medium,OK
POL008771,CUST02004,AG032,Marine,East,2026-02-22,2027-02-22,25532.0,1710644,Active,Nitesh Kale,Patna,Tripura,East_Travel.xlsx,365,Medium,OK
POL009447,CUST00760,AG030,Travel,East,2026-02-22,2027-02-22,10351.0,1035100,Cancelled,Harrison Nagy,Kolkata,Arunachal Pradesh,East_Travel.xlsx,365,Medium,OK
POL004705,CUST00866,AG096,Marine,East,2026-02-21,2027-02-21,102316.0,7571384,Active,Nakul Deo,Patna,Arunachal Pradesh,East_Travel.xlsx,365,Very High,OK
POL009750,CUST00684,AG087,Home,East,2026-02-21,2027-02-21,47481.0,2374050,Expired,Anita Bakshi,Ahmedabad,Tripura,East_Travel.xlsx,365,Medium,OK
POL004213,CUST02457,AG026,Commercial Property,East,2026-02-20,2027-02-20,641406.0,29504676,Active,Charles Modi,Mumbai,Rajasthan,East_Travel.xlsx,365,Ultra High,OK
POL000420,CUST00137,AG008,Commercial Property,East,2026-02-20,2027-02-20,124094.0,8934768,Renewed,Warjas Sampath,Bhubaneswar,Uttar Pradesh,East_Travel.xlsx,365,Very High,OK
POL004336,CUST02617,AG018,Motor,East,2026-02-20,2027-02-20,26287.0,1235489,Expired,Priya Swamy,Mumbai,Odisha,East_Travel.xlsx,365,Medium,OK
POL006430,CUST00656,AG035,Commercial Property,East,2026-02-20,2027-02-20,543270.0,20100990,Renewed,Onkar Puri,Chandigarh,Karnataka,East_Travel.xlsx,365,Ultra High,OK
POL004607,CUST02751,AG112,Commercial Property,East,2026-02-20,2027-02-20,510657.0,42384531,Active,Bhavini Gera,Chennai,Manipur,East_Travel.xlsx,365,Ultra High,OK
POL007955,CUST02806,AG020,Travel,East,2026-02-20,2027-02-20,17780.0,1013460,Active,Vamakshi Sura,Chennai,Nagaland,East_Travel.xlsx,365,Medium,OK
POL004816,CUST01937,AG076,Marine,East,2026-02-20,2027-02-20,103893.0,9973728,Renewed,Advay Borde,Bhubaneswar,Arunachal Pradesh,East_Travel.xlsx,365,Very High,OK
POL002398,CUST01163,AG009,Travel,East,2026-02-19,2027-02-19,18270.0,1004850,Expired,Kritika Iyer,Jaipur,Assam,East_Travel.xlsx,365,Medium,OK
POL003072,CUST02460,AG100,Motor,East,2026-02-19,2027-02-19,31636.0,1391984,Cancelled,Harshil Kanda,Patna,West Bengal,East_Travel.xlsx,365,Medium,OK
POL005767,CUST00681,AG116,Travel,East,2026-02-19,2027-02-19,35902.0,1113070,Lapsed,Noah Pai,Ahmedabad,Bihar,East_Travel.xlsx,365,Medium,OK
POL001527,CUST02348,AG039,Motor,East,2026-02-19,2027-02-19,31922.0,925738,Expired,Jairaj Ramesh,Chennai,Sikkim,East_Travel.xlsx,365,Medium,OK
POL001891,CUST01632,AG065,Marine,East,2026-02-19,2027-02-19,87686.0,4471986,Renewed,Daksha Chaudry,Chandigarh,Nagaland,East_Travel.xlsx,365,High,OK
POL003003,CUST01055,AG111,Travel,East,2026-02-18,2027-02-18,3344.0,334400,Active,Atharv Dhar,Chandigarh,Tamil Nadu,East_Travel.xlsx,365,Low,OK
POL006191,CUST00102,AG088,Travel,East,2026-02-17,2027-02-17,7103.0,660579,Cancelled,Hemal Balakrishnan,Mumbai,Maharashtra,East_Travel.xlsx,365,Low,OK
POL002841,CUST01491,AG085,Commercial Property,East,2026-02-17,2027-02-17,340918.0,8522950,Renewed,Maanav Barad,Chennai,Odisha,East_Travel.xlsx,365,Very High,OK
POL007655,CUST00409,AG063,Home,East,2026-02-17,2027-02-17,20285.0,750545,Active,Urvashi Pathak,Bangalore,Goa,East_Travel.xlsx,365,Medium,OK
POL006319,CUST00577,AG059,Motor,East,2026-02-16,2027-02-16,29451.0,2680041,Active,Avni Saxena,Bangalore,Jharkhand,East_Travel.xlsx,365,Medium,OK
POL006570,CUST02356,AG035,Commercial Property,East,2026-02-16,2027-02-16,724234.0,32590530,Active,Darsh Rana,Bhubaneswar,Nagaland,East_Travel.xlsx,365,Ultra High,OK
POL006549,CUST02935,AG023,Marine,East,2026-02-15,2027-02-15,37852.0,1438376,Lapsed,Vanya Tank,Bhubaneswar,Jharkhand,East_Travel.xlsx,365,Medium,OK
POL000614,CUST02217,AG037,Motor,East,2026-02-14,2027-02-14,37696.0,2299456,Cancelled,Daksh Lata,Kolkata,Telangana,East_Travel.xlsx,365,Medium,OK
POL003952,CUST00068,AG092,Marine,East,2026-02-13,2027-02-13,91447.0,5303926,Expired,Rohan Chanda,Chandigarh,Manipur,East_Travel.xlsx,365,High,OK
POL007371,CUST00918,AG003,Motor,East,2026-02-13,2027-02-13,20611.0,1834379,Active,Advika Raghavan,Hyderabad,Haryana,East_Travel.xlsx,365,Medium,OK
POL009576,CUST00025,AG093,Marine,East,2026-02-12,2027-02-12,198383.0,18846385,Expired,Kiaan Saxena,Jaipur,West Bengal,East_Travel.xlsx,365,Very High,OK
POL001777,CUST00803,AG111,Travel,East,2026-02-12,2027-02-12,1042.0,86486,Active,Gayathri Misra,Jaipur,Uttarakhand,East_Travel.xlsx,365,Low,OK
POL007271,CUST02068,AG097,Marine,East,2026-02-12,2027-02-12,73977.0,3772827,Expired,Udant Oak,Bangalore,Nagaland,East_Travel.xlsx,365,High,OK
POL000822,CUST01250,AG119,Motor,East,2026-02-11,2027-02-11,31076.0,1460572,Cancelled,George Dua,Jaipur,Arunachal Pradesh,East_Travel.xlsx,365,Medium,OK
POL004959,CUST02966,AG120,Travel,East,2026-02-11,2027-02-11,11546.0,923680,Cancelled,Priya Dua,Jaipur,Odisha,East_Travel.xlsx,365,Medium,OK
POL008912,CUST02814,AG117,Motor,East,2026-02-11,2027-02-11,22971.0,620217,Cancelled,Omya Kunda,Ahmedabad,Telangana,East_Travel.xlsx,365,Medium,OK
POL000394,CUST00448,AG105,Motor,East,2026-02-10,2027-02-10,5067.0,157077,Cancelled,Ati Manne,Mumbai,Rajasthan,East_Travel.xlsx,365,Low,OK
POL009020,CUST01799,AG081,Home,East,2026-02-10,2027-02-10,59661.0,4951863,Cancelled,Urvashi Natt,Jaipur,Chhattisgarh,East_Travel.xlsx,365,High,OK
POL008397,CUST02179,AG021,Home,East,2026-02-10,2027-02-10,60564.0,5147940,Cancelled,Wazir Baral,Patna,Tamil Nadu,East_Travel.xlsx,365,High,OK
POL003622,CUST00039,AG028,Motor,East,2026-02-10,2027-02-10,18562.0,575422,Cancelled,Chaitaly Badal,Jaipur,Odisha,East_Travel.xlsx,365,Medium,OK
POL002328,CUST02996,AG101,Home,East,2026-02-08,2027-02-08,22222.0,822214,Renewed,Onveer Bawa,Mumbai,Maharashtra,East_Travel.xlsx,365,Medium,OK
POL004606,CUST02999,AG106,Motor,East,2026-02-07,2027-02-07,25462.0,2342504,Cancelled,Nathan Menon,Patna,Haryana,East_Travel.xlsx,365,Medium,OK
POL008709,CUST01202,AG048,Home,East,2026-02-07,2027-02-07,28904.0,2572456,Expired,Praneel Rajagopalan,Ahmedabad,Karnataka,East_Travel.xlsx,365,Medium,OK
POL001627,CUST01212,AG076,Marine,East,2026-02-07,2027-02-07,192539.0,4620936,Lapsed,Jatin Bhatnagar,Hyderabad,Uttar Pradesh,East_Travel.xlsx,365,Very High,OK
POL002782,CUST01038,AG111,Motor,East,2026-02-06,2027-02-06,37010.0,3478940,Active,Saanvi Mangal,Delhi,Haryana,East_Travel.xlsx,365,Medium,OK
POL002122,CUST02060,AG054,Commercial Property,East,2026-02-06,2027-02-06,81425.0,2117050,Cancelled,Ronith Memon,Jaipur,Arunachal Pradesh,East_Travel.xlsx,365,High,OK
POL004313,CUST02136,AG039,Commercial Property,East,2026-02-06,2027-02-06,397855.0,18301330,Cancelled,Unknown,Hyderabad,Haryana,East_Travel.xlsx,365,Very High,Review
POL002489,CUST01534,AG051,Home,East,2026-02-05,2027-02-05,15647.0,704115,Cancelled,Vaishnavi Palla,Mumbai,Madhya Pradesh,East_Travel.xlsx,365,Medium,OK
POL005973,CUST02487,AG036,Commercial Property,East,2026-02-04,2027-02-04,127249.0,11325161,Active,Finn Sunder,Chandigarh,Assam,East_Travel.xlsx,365,Very High,OK
POL004492,CUST01614,AG106,Home,East,2026-02-03,2027-02-03,18074.0,813330,Expired,Baljiwan Jain,Bhubaneswar,Gujarat,East_Travel.xlsx,365,Medium,OK
POL008860,CUST01156,AG102,Motor,East,2026-02-03,2027-02-03,8645.0,821275,Expired,Yash Borra,Chandigarh,Uttarakhand,East_Travel.xlsx,365,Low,OK
POL002913,CUST02144,AG092,Travel,East,2026-02-02,2027-02-02,15709.0,1382392,Lapsed,Gabriel Dugar,Jaipur,Nagaland,East_Travel.xlsx,365,Medium,OK
POL008357,CUST00392,AG096,Marine,East,2026-02-02,2027-02-02,54706.0,1477062,Cancelled,Advay Krishna,Hyderabad,Bihar,East_Travel.xlsx,365,High,OK
POL005074,CUST01650,AG043,Motor,East,2026-02-02,2027-02-02,11940.0,632820,Cancelled,Amaira Balakrishnan,Pune,West Bengal,East_Travel.xlsx,365,Medium,OK
POL001286,CUST00158,AG040,Home,East,2026-02-01,2027-02-01,62249.0,5228916,Cancelled,Netra Goyal,Hyderabad,Rajasthan,East_Travel.xlsx,365,High,OK
POL001040,CUST02590,AG074,Travel,East,2026-01-31,2027-01-31,12317.0,800605,Lapsed,Anay Vasa,Ahmedabad,Jharkhand,East_Travel.xlsx,365,Medium,OK
POL008183,CUST02609,AG113,Travel,East,2026-01-31,2027-01-31,19782.0,1978200,Cancelled,Dhruv Ramakrishnan,Ahmedabad,Gujarat,East_Travel.xlsx,365,Medium,OK
POL004814,CUST01028,AG058,Marine,East,2026-01-31,2027-01-31,35902.0,17963075,Renewed,Alka Lall,Ahmedabad,Telangana,East_Travel.xlsx,365,Medium,OK
POL006364,CUST00988,AG099,Marine,East,2026-01-31,2027-01-31,35902.0,3591882,Cancelled,Ekbal Shroff,Kolkata,Karnataka,East_Travel.xlsx,365,Medium,OK
POL007318,CUST02344,AG103,Home,East,2026-01-30,2027-01-30,16187.0,501797,Expired,Nitara Bawa,Bangalore,Punjab,East_Travel.xlsx,365,Medium,OK
POL001875,CUST02812,AG078,Commercial Property,East,2026-01-30,2027-01-30,466508.0,23791908,Expired,Ekantika Basu,Bangalore,Jharkhand,East_Travel.xlsx,365,Very High,OK
POL006912,CUST01342,AG050,Commercial Property,East,2026-01-29,2027-01-29,564480.0,20885760,Lapsed,Amol Agrawal,Chandigarh,Assam,East_Travel.xlsx,365,Ultra High,OK
POL005372,CUST00182,AG119,Home,East,2026-01-29,2027-01-29,25529.0,919044,Lapsed,Nakul Balay,Ahmedabad,Punjab,East_Travel.xlsx,365,Medium,OK
POL001593,CUST00947,AG088,Travel,East,2026-01-28,2027-01-28,7437.0,691641,Renewed,Nitesh Sule,Pune,Arunachal Pradesh,East_Travel.xlsx,365,Low,OK
POL004774,CUST01234,AG051,Commercial Property,East,2026-01-28,2027-01-28,35902.0,48767774,Renewed,Maanav Narula,Jaipur,Mizoram,East_Travel.xlsx,365,Medium,OK
POL005344,CUST02766,AG017,Motor,East,2026-01-26,2027-01-26,36700.0,3559900,Cancelled,Raksha Bakshi,Patna,Jharkhand,East_Travel.xlsx,365,Medium,OK
POL005694,CUST01684,AG077,Commercial Property,East,2026-01-26,2027-01-26,140548.0,3513700,Expired,Dalaja Chad,Pune,Jharkhand,East_Travel.xlsx,365,Very High,OK
POL001834,CUST00669,AG101,Commercial Property,East,2026-01-25,2027-01-25,793635.0,41269020,Active,Wyatt Sankaran,Pune,Assam,East_Travel.xlsx,365,Ultra High,OK
POL009015,CUST02354,AG002,Commercial Property,East,2026-01-24,2027-01-24,619669.0,39658816,Active,Pallavi Panchal,Pune,West Bengal,East_Travel.xlsx,365,Ultra High,OK
POL001469,CUST01182,AG096,Home,East,2026-01-24,2027-01-24,39306.0,2751420,Active,Bhavika Wadhwa,Kolkata,Andhra Pradesh,East_Travel.xlsx,365,Medium,OK
POL002307,CUST00230,AG089,Home,East,2026-01-24,2027-01-24,46873.0,2156158,Cancelled,Sneha Panchal,Kolkata,Mizoram,East_Travel.xlsx,365,Medium,OK
POL002504,CUST02012,AG077,Travel,East,2026-01-24,2027-01-24,3092.0,309200,Active,Mason Din,Delhi,Tripura,East_Travel.xlsx,365,Low,OK
POL002801,CUST02679,AG047,Motor,East,2026-01-23,2027-01-23,37861.0,1703745,Renewed,Indrajit Singhal,Delhi,Punjab,East_Travel.xlsx,365,Medium,OK
POL009882,CUST02722,AG117,Home,East,2026-01-23,2027-01-23,48291.0,2704296,Active,Vedika Goswami,Pune,Assam,East_Travel.xlsx,365,Medium,OK
POL004717,CUST01548,AG038,Travel,East,2026-01-23,2027-01-23,15525.0,776250,Renewed,Varsha Chakrabarti,Patna,Andhra Pradesh,East_Travel.xlsx,365,Medium,OK
POL006665,CUST02932,AG043,Commercial Property,East,2026-01-22,2027-01-22,305556.0,10388904,Cancelled,Aarush Loyal,Pune,Gujarat,East_Travel.xlsx,365,Very High,OK
POL009157,CUST02854,AG092,Motor,East,2026-01-22,2027-01-22,20657.0,950222,Cancelled,Chaitaly Dass,Delhi,Nagaland,East_Travel.xlsx,365,Medium,OK
POL002540,CUST02066,AG015,Marine,East,2026-01-21,2027-01-21,35249.0,3454402,Cancelled,Atharv Raja,Mumbai,Sikkim,East_Travel.xlsx,365,Medium,OK
POL000428,CUST01696,AG066,Motor,East,2026-01-21,2027-01-21,21009.0,1092468,Expired,Baghyawati Amble,Patna,Andhra Pradesh,East_Travel.xlsx,365,Medium,OK
POL002786,CUST01360,AG009,Motor,East,2026-01-21,2027-01-21,12534.0,538962,Expired,Vanya De,Hyderabad,Madhya Pradesh,East_Travel.xlsx,365,Medium,OK
POL000066,CUST02807,AG055,Travel,East,2026-01-21,2027-01-21,7562.0,226860,Cancelled,Unknown,Bangalore,Tripura,East_Travel.xlsx,365,Low,Review
POL006307,CUST01582,AG097,Home,East,2026-01-21,2027-01-21,46670.0,4386980,Expired,Neha Garg,Ahmedabad,Sikkim,East_Travel.xlsx,365,Medium,OK
POL008878,CUST00845,AG031,Home,East,2026-01-20,2027-01-20,63082.0,1955542,Active,Kamya Swaminathan,Chandigarh,Jharkhand,East_Travel.xlsx,365,High,OK
POL003778,CUST01156,AG032,Motor,East,2026-01-20,2027-01-20,32806.0,2591674,Renewed,Yash Borra,Chandigarh,Uttarakhand,East_Travel.xlsx,365,Medium,OK
POL004458,CUST01425,AG073,Home,East,2026-01-19,2027-01-19,33714.0,3000546,Lapsed,Nathaniel Wagle,Delhi,Andhra Pradesh,East_Travel.xlsx,365,Medium,OK
POL006657,CUST01299,AG024,Motor,East,2026-01-19,2027-01-19,29224.0,993616,Renewed,Daniel Pai,Delhi,Madhya Pradesh,East_Travel.xlsx,365,Medium,OK
POL001281,CUST01743,AG033,Motor,East,2026-01-19,2027-01-19,36170.0,1157440,Expired,Nisha Jayaraman,Mumbai,West Bengal,East_Travel.xlsx,365,Medium,OK
POL007788,CUST01584,AG022,Home,East,2026-01-18,2027-01-18,32956.0,3097864,Active,,Ahmedabad,Manipur,East_Travel.xlsx,365,Medium,OK
POL005245,CUST02931,AG120,Marine,East,2026-01-18,2027-01-18,70009.0,5040648,Lapsed,Gautami Patla,Mumbai,Nagaland,East_Travel.xlsx,365,High,OK
POL004450,CUST00470,AG049,Home,East,2026-01-18,2027-01-18,44781.0,3985509,Expired,Harinakshi Anne,Bangalore,Uttarakhand,East_Travel.xlsx,365,Medium,OK
POL001192,CUST00444,AG116,Home,East,2026-01-17,2027-01-17,62058.0,3847596,Cancelled,Mohini Balay,Hyderabad,Rajasthan,East_Travel.xlsx,365,High,OK
POL005171,CUST01212,AG106,Marine,East,2026-01-17,2027-01-17,35902.0,9567680,Expired,Jatin Bhatnagar,Hyderabad,Uttar Pradesh,East_Travel.xlsx,365,Medium,OK
POL008151,CUST02696,AG102,Motor,East,2026-01-16,2027-01-16,14369.0,1077675,Renewed,Vamakshi Swaminathan,Pune,Bihar,East_Travel.xlsx,365,Medium,OK
POL007242,CUST02370,AG114,Home,East,2026-01-16,2027-01-16,52039.0,1613209,Expired,Hemal Chopra,Mumbai,Nagaland,East_Travel.xlsx,365,High,OK
POL005930,CUST02218,AG040,Travel,East,2026-01-15,2027-01-15,5086.0,254300,Lapsed,Hitesh Gole,Chennai,Madhya Pradesh,East_Travel.xlsx,365,Low,OK
POL009132,CUST02988,AG009,Home,East,2026-01-15,2027-01-15,46848.0,1920768,Renewed,Shaurya Joshi,Hyderabad,Tamil Nadu,East_Travel.xlsx,365,Medium,OK
POL005885,CUST00104,AG080,Home,East,2026-01-14,2027-01-14,52004.0,4368336,Active,Divya Rana,Chennai,Uttar Pradesh,East_Travel.xlsx,365,High,OK
POL000101,CUST00258,AG073,Motor,East,2026-01-14,2027-01-14,38848.0,1281984,Expired,Elijah Kapoor,Hyderabad,Assam,East_Travel.xlsx,365,Medium,OK
POL003958,CUST01985,AG060,Travel,East,2026-01-14,2027-01-14,18632.0,503064,Renewed,Arya Anand,Kolkata,Maharashtra,East_Travel.xlsx,365,Medium,OK
POL002067,CUST00097,AG100,Travel,East,2026-01-13,2027-01-13,5250.0,346500,Expired,Unknown,Mumbai,Goa,East_Travel.xlsx,365,Low,Review
POL009672,CUST02773,AG077,Marine,East,2026-01-13,2027-01-13,105052.0,9874888,Expired,Laban Setty,Delhi,Punjab,East_Travel.xlsx,365,Very High,OK
POL002988,CUST02016,AG062,Home,East,2026-01-12,2027-01-12,60820.0,5777900,Lapsed,Dalbir Sule,Bhubaneswar,Tamil Nadu,East_Travel.xlsx,365,High,OK
POL004138,CUST01262,AG012,Travel,East,2026-01-12,2027-01-12,3562.0,146042,Cancelled,Rachana Das,Bangalore,Gujarat,East_Travel.xlsx,365,Low,OK
POL005586,CUST00278,AG104,Commercial Property,East,2026-01-11,2027-01-11,207233.0,4144660,Lapsed,Gopal Bansal,Chandigarh,Maharashtra,East_Travel.xlsx,365,Very High,OK
POL002167,CUST01715,AG043,Marine,East,2026-01-11,2027-01-11,172767.0,13821360,Active,Janya Hari,Bangalore,Kerala,East_Travel.xlsx,365,Very High,OK
POL004768,CUST00718,AG042,Motor,East,2026-01-11,2027-01-11,22217.0,1377454,Renewed,Urvi Bawa,Ahmedabad,Goa,East_Travel.xlsx,365,Medium,OK
POL003041,CUST00712,AG044,Commercial Property,East,2026-01-11,2027-01-11,891814.0,86505958,Expired,Janani Borah,Bhubaneswar,Punjab,East_Travel.xlsx,365,Ultra High,OK
POL000022,CUST01227,AG048,Marine,East,2026-01-10,2027-01-10,128111.0,2946553,Cancelled,Gaurang Tara,Bhubaneswar,Rajasthan,East_Travel.xlsx,365,Very High,OK
POL001496,CUST00929,AG056,Travel,East,2026-01-10,2027-01-10,11150.0,791650,Expired,Laksh Swaminathan,Ahmedabad,Tamil Nadu,East_Travel.xlsx,365,Medium,OK
POL007232,CUST00231,AG051,Marine,East,2026-01-10,2027-01-10,35902.0,2176272,Lapsed,Warhi Dubey,Hyderabad,Uttar Pradesh,East_Travel.xlsx,365,Medium,OK
POL007893,CUST01722,AG062,Home,East,2026-01-09,2027-01-09,52243.0,5119814,Renewed,Jacob Walia,Patna,Uttar Pradesh,East_Travel.xlsx,365,High,OK
POL001354,CUST02544,AG070,Motor,East,2026-01-09,2027-01-09,11753.0,1163547,Active,Ekapad Munshi,Delhi,Karnataka,East_Travel.xlsx,365,Medium,OK
POL003828,CUST02005,AG060,Marine,East,2026-01-08,2027-01-08,31665.0,759960,Expired,Finn Thakkar,Kolkata,Manipur,East_Travel.xlsx,365,Medium,OK
POL003208,CUST02761,AG015,Commercial Property,East,2026-01-08,2027-01-08,386062.0,34359518,Expired,Daksha Nadig,Pune,Goa,East_Travel.xlsx,365,Very High,OK
POL002505,CUST00343,AG045,Travel,East,2026-01-08,2027-01-08,9724.0,914056,Active,Widisha Chad,Patna,Haryana,East_Travel.xlsx,365,Low,OK
POL000102,CUST02514,AG074,Marine,East,2026-01-07,2027-01-07,35902.0,16984923,Expired,Tanmayi Chana,Hyderabad,Himachal Pradesh,East_Travel.xlsx,365,Medium,OK
POL005045,CUST00731,AG004,Commercial Property,East,2026-01-07,2027-01-07,552418.0,30382990,Cancelled,Falak Bahl,Ahmedabad,Manipur,East_Travel.xlsx,365,Ultra High,OK
POL001291,CUST02676,AG110,Travel,East,2026-01-07,2027-01-07,2249.0,89960,Lapsed,Samaksh Magar,Bhubaneswar,Gujarat,East_Travel.xlsx,365,Low,OK
POL005640,CUST01168,AG009,Motor,East,2026-01-07,2027-01-07,33932.0,2544900,Expired,Zarna Deep,Bhubaneswar,Telangana,East_Travel.xlsx,365,Medium,OK
POL005217,CUST02330,AG099,Motor,East,2026-01-06,2027-01-06,35426.0,2373542,Lapsed,Upma Babu,Bhubaneswar,Nagaland,East_Travel.xlsx,365,Medium,OK
POL001648,CUST01278,AG058,Home,East,2026-01-06,2027-01-06,37159.0,891816,Lapsed,Niharika Ratta,Chandigarh,Punjab,East_Travel.xlsx,365,Medium,OK
POL009553,CUST00533,AG075,Motor,East,2026-01-06,2027-01-06,9014.0,351546,Expired,Jagrati Rama,Chennai,Jharkhand,East_Travel.xlsx,365,Low,OK
POL006189,CUST02779,AG018,Motor,East,2026-01-05,2027-01-05,12909.0,361452,Cancelled,Samarth Kibe,Ahmedabad,Haryana,East_Travel.xlsx,365,Medium,OK
POL004404,CUST02917,AG031,Travel,East,2026-01-05,2027-01-05,1109.0,53232,Lapsed,Aarnav Dube,Chandigarh,Manipur,East_Travel.xlsx,365,Low,OK
POL005598,CUST01718,AG041,Commercial Property,East,2026-01-04,2027-01-04,686405.0,56285210,Expired,Varenya Buch,Patna,Meghalaya,East_Travel.xlsx,365,Ultra High,OK
POL005483,CUST00212,AG078,Marine,East,2026-01-04,2027-01-04,184977.0,8693919,Active,Ishanvi Khare,Kolkata,West Bengal,East_Travel.xlsx,365,Very High,OK
POL005569,CUST00550,AG088,Home,East,2026-01-03,2027-01-03,56911.0,4666702,Cancelled,Alka Sharma,Chandigarh,West Bengal,East_Travel.xlsx,365,High,OK
POL006438,CUST02596,AG111,Marine,East,2026-01-02,2027-01-02,162618.0,14147766,Active,Waida Tata,Delhi,Tripura,East_Travel.xlsx,365,Very High,OK
POL005551,CUST02688,AG045,Marine,East,2026-01-02,2027-01-02,91664.0,8524752,Lapsed,Unknown,Chandigarh,Assam,East_Travel.xlsx,365,High,Review
POL000212,CUST01600,AG062,Motor,East,2026-01-01,2027-01-01,16733.0,752985,Lapsed,Pranav Subramanian,Bhubaneswar,Uttar Pradesh,East_Travel.xlsx,365,Medium,OK
POL008072,CUST01062,AG074,Commercial Property,East,2026-01-01,2027-01-01,737772.0,38364144,Lapsed,Inaya Kapoor,Pune,Haryana,East_Travel.xlsx,365,Ultra High,OK
POL005704,CUST00492,AG067,Travel,East,2025-12-31,2026-12-31,35902.0,637436,Active,Chakrika Bhalla,Kolkata,Jharkhand,East_Travel.xlsx,365,Medium,OK
POL001120,CUST02718,AG006,Motor,East,2025-12-29,2026-12-29,30085.0,902550,Cancelled,Nirja Borah,Mumbai,Arunachal Pradesh,East_Travel.xlsx,365,Medium,OK
POL000314,CUST01886,AG075,Travel,East,2025-12-28,2026-12-28,12601.0,882070,Expired,Yauvani Goyal,Chandigarh,Chhattisgarh,East_Travel.xlsx,365,Medium,OK
POL002563,CUST00294,AG029,Motor,East,2025-12-28,2026-12-28,29280.0,1346880,Lapsed,Mitali Ganguly,Chandigarh,Chhattisgarh,East_Travel.xlsx,365,Medium,OK
POL005312,CUST00748,AG108,Commercial Property,East,2025-12-28,2026-12-28,264403.0,12691344,Active,Darpan Dasgupta,Mumbai,Bihar,East_Travel.xlsx,365,Very High,OK
POL009804,CUST01836,AG028,Marine,East,2025-12-26,2026-12-26,66863.0,5750218,Cancelled,Nidhi Keer,Chennai,Andhra Pradesh,East_Travel.xlsx,365,High,OK
POL005284,CUST01183,AG015,Commercial Property,East,2025-12-25,2026-12-25,271255.0,13562750,Renewed,Triya Wali,Jaipur,Kerala,East_Travel.xlsx,365,Very High,OK
POL006634,CUST02306,AG101,Travel,East,2025-12-25,2026-12-25,7527.0,361296,Renewed,Noah Mohanty,Chennai,Odisha,East_Travel.xlsx,365,Low,OK
POL003746,CUST03000,AG027,Marine,East,2025-12-25,2026-12-25,199084.0,7963360,Cancelled,George Pradhan,Chandigarh,Odisha,East_Travel.xlsx,365,Very High,OK
POL003107,CUST02170,AG074,Motor,East,2025-12-24,2026-12-24,35794.0,823262,Expired,Neel Narain,Mumbai,Haryana,East_Travel.xlsx,365,Medium,OK
POL001961,CUST01805,AG099,Marine,East,2025-12-24,2026-12-24,75943.0,6834870,Active,Indrajit Om,Ahmedabad,Mizoram,East_Travel.xlsx,365,High,OK
POL001195,CUST02815,AG028,Motor,East,2025-12-24,2026-12-24,31585.0,1958270,Expired,Dhriti Verma,Chennai,Sikkim,East_Travel.xlsx,365,Medium,OK
POL002961,CUST00277,AG068,Motor,East,2025-12-23,2026-12-23,36659.0,1979586,Renewed,Ishanvi Loyal,Pune,Tripura,East_Travel.xlsx,365,Medium,OK
POL005378,CUST02260,AG088,Travel,East,2025-12-23,2026-12-23,10179.0,590382,Renewed,Harish Nori,Delhi,Telangana,East_Travel.xlsx,365,Medium,OK
POL003581,CUST01630,AG014,Motor,East,2025-12-22,2026-12-22,14632.0,541384,Expired,Oscar Parmer,Hyderabad,Tamil Nadu,East_Travel.xlsx,365,Medium,OK
POL004306,CUST01339,AG067,Home,East,2025-12-22,2026-12-22,31742.0,2221940,Expired,Ojasvi Balay,Pune,Karnataka,East_Travel.xlsx,365,Medium,OK
POL009845,CUST01511,AG111,Commercial Property,East,2025-12-22,2026-12-22,819235.0,39323280,Renewed,Gagan Mani,Patna,Goa,East_Travel.xlsx,365,Ultra High,OK
POL006397,CUST00789,AG050,Motor,East,2025-12-20,2026-12-20,21781.0,762335,Cancelled,Hemang Varughese,Delhi,Arunachal Pradesh,East_Travel.xlsx,365,Medium,OK
POL007329,CUST01826,AG079,Travel,East,2025-12-19,2026-12-19,5052.0,444576,Lapsed,Anita Sekhon,Kolkata,Haryana,East_Travel.xlsx,365,Low,OK
POL004894,CUST00093,AG105,Commercial Property,East,2025-12-19,2026-12-19,868983.0,66042708,Lapsed,Bimala Grewal,Kolkata,Uttar Pradesh,East_Travel.xlsx,365,Ultra High,OK
POL006063,CUST00538,AG037,Motor,East,2025-12-19,2026-12-19,39390.0,866580,Lapsed,Dipta Edwin,Chennai,Kerala,East_Travel.xlsx,365,Medium,OK
POL009536,CUST02089,AG024,Home,East,2025-12-19,2026-12-19,39284.0,3574844,Renewed,Rachana Minhas,Ahmedabad,Telangana,East_Travel.xlsx,365,Medium,OK
POL007887,CUST01029,AG077,Marine,East,2025-12-18,2026-12-18,133013.0,4921481,Lapsed,Banjeet Dave,Patna,Mizoram,East_Travel.xlsx,365,Very High,OK
POL004273,CUST01409,AG111,Travel,East,2025-12-16,2026-12-16,2717.0,124982,Lapsed,Chaitanya Nayar,Jaipur,Tripura,East_Travel.xlsx,365,Low,OK
POL003935,CUST01711,AG075,Commercial Property,East,2025-12-16,2026-12-16,508194.0,33032610,Cancelled,Gautami Bhagat,Mumbai,Manipur,East_Travel.xlsx,365,Ultra High,OK
POL004025,CUST02619,AG094,Home,East,2025-12-15,2026-12-15,68750.0,4125000,Cancelled,Hemani Balan,Mumbai,Odisha,East_Travel.xlsx,365,High,OK
POL002457,CUST01435,AG024,Home,East,2025-12-15,2026-12-15,43807.0,3373139,Renewed,Jeevika Mitter,Bhubaneswar,Jharkhand,East_Travel.xlsx,365,Medium,OK
POL007414,CUST01212,AG011,Motor,East,2025-12-14,2026-12-14,35885.0,2224870,Lapsed,Jatin Bhatnagar,Hyderabad,Uttar Pradesh,East_Travel.xlsx,365,Medium,OK
POL001813,CUST02945,AG101,Commercial Property,East,2025-12-13,2026-12-13,492428.0,31515392,Renewed,Falak Andra,Pune,Manipur,East_Travel.xlsx,365,Very High,OK
POL008314,CUST02567,AG083,Marine,East,2025-12-13,2026-12-13,35902.0,12088760,Expired,Shivansh Srinivasan,Hyderabad,Arunachal Pradesh,East_Travel.xlsx,365,Medium,OK
POL000401,CUST02502,AG052,Marine,East,2025-12-12,2026-12-12,112220.0,5386560,Expired,Jagat Acharya,Delhi,Punjab,East_Travel.xlsx,365,Very High,OK
POL008531,CUST01340,AG002,Commercial Property,East,2025-12-11,2026-12-11,76347.0,5726025,Lapsed,Libni Mukhopadhyay,Chandigarh,Punjab,East_Travel.xlsx,365,High,OK
POL007026,CUST01833,AG044,Marine,East,2025-12-11,2026-12-11,182282.0,10936920,Cancelled,Omisha Sharma,Chandigarh,Uttarakhand,East_Travel.xlsx,365,Very High,OK
POL009583,CUST01496,AG075,Home,East,2025-12-11,2026-12-11,68548.0,5620936,Expired,Darpan Kannan,Patna,Meghalaya,East_Travel.xlsx,365,High,OK
POL003082,CUST00258,AG053,Commercial Property,East,2025-12-11,2026-12-11,317163.0,29178996,Lapsed,Elijah Kapoor,Hyderabad,Assam,East_Travel.xlsx,365,Very High,OK
POL009963,CUST02513,AG012,Motor,East,2025-12-10,2026-12-10,26517.0,2227428,Renewed,Shivani Pai,Mumbai,Assam,East_Travel.xlsx,365,Medium,OK
POL004782,CUST00657,AG057,Marine,East,2025-12-10,2026-12-10,94342.0,8113412,Renewed,Faqid Divan,Hyderabad,Jharkhand,East_Travel.xlsx,365,High,OK
POL007489,CUST02781,AG038,Travel,East,2025-12-10,2026-12-10,7472.0,306352,Expired,Urvashi Ravi,Delhi,Manipur,East_Travel.xlsx,365,Low,OK
POL001483,CUST02449,AG039,Marine,East,2025-12-10,2026-12-10,24627.0,2019414,Cancelled,Lakshit Vala,Chennai,Meghalaya,East_Travel.xlsx,365,Medium,OK
POL003533,CUST01473,AG104,Home,East,2025-12-10,2026-12-10,59190.0,4735200,Renewed,Divya Dasgupta,Patna,Andhra Pradesh,East_Travel.xlsx,365,High,OK
POL000763,CUST00313,AG116,Commercial Property,East,2025-12-09,2026-12-09,622531.0,47934887,Renewed,Priya Rattan,Chennai,Goa,East_Travel.xlsx,365,Ultra High,OK
POL002674,CUST00514,AG117,Motor,East,2025-12-09,2026-12-09,35902.0,320399,Renewed,Dominic Andra,Hyderabad,Jharkhand,East_Travel.xlsx,365,Medium,OK
POL002097,CUST02447,AG083,Travel,East,2025-12-09,2026-12-09,1961.0,186295,Active,Wridesh Tripathi,Mumbai,Mizoram,East_Travel.xlsx,365,Low,OK
POL005283,CUST01217,AG111,Home,East,2025-12-07,2026-12-07,20283.0,608490,Lapsed,Karan Pandit,Ahmedabad,Haryana,East_Travel.xlsx,365,Medium,OK
POL009141,CUST02601,AG056,Marine,East,2025-12-06,2026-12-06,148164.0,7111872,Lapsed,Michael Hegde,Hyderabad,Bihar,East_Travel.xlsx,365,Very High,OK
POL008323,CUST00422,AG116,Home,East,2025-12-06,2026-12-06,19983.0,599490,Active,Upasna Pradhan,Bhubaneswar,Manipur,East_Travel.xlsx,365,Medium,OK
POL006353,CUST02347,AG079,Commercial Property,East,2025-12-06,2026-12-06,729533.0,36476650,Expired,William Saraf,Hyderabad,Punjab,East_Travel.xlsx,365,Ultra High,OK
POL007125,CUST01767,AG117,Travel,East,2025-12-05,2026-12-05,10537.0,653294,Active,Jason Hans,Delhi,Assam,East_Travel.xlsx,365,Medium,OK
POL005964,CUST00068,AG086,Travel,East,2025-12-05,2026-12-05,1956.0,174084,Active,Rohan Chanda,Chandigarh,Manipur,East_Travel.xlsx,365,Low,OK
POL000262,CUST02346,AG110,Motor,East,2025-12-05,2026-12-05,24798.0,2306214,Cancelled,Aachal Boase,Chandigarh,Uttar Pradesh,East_Travel.xlsx,365,Medium,OK
POL000154,CUST02447,AG068,Motor,East,2025-12-04,2026-12-04,32198.0,676158,Expired,Wridesh Tripathi,Mumbai,Mizoram,East_Travel.xlsx,365,Medium,OK
POL005302,CUST01069,AG046,Marine,East,2025-12-03,2026-12-03,69853.0,4400739,Cancelled,Radha Comar,Bangalore,Sikkim,East_Travel.xlsx,365,High,OK
POL001224,CUST01306,AG037,Travel,East,2025-12-03,2026-12-03,7661.0,643524,Lapsed,Sarthak Reddy,Chennai,Andhra Pradesh,East_Travel.xlsx,365,Low,OK
POL001547,CUST01409,AG084,Commercial Property,East,2025-12-03,2026-12-03,691699.0,24901164,Expired,Chaitanya Nayar,Jaipur,Tripura,East_Travel.xlsx,365,Ultra High,OK
POL008510,CUST00662,AG023,Commercial Property,East,2025-12-02,2026-12-02,450749.0,32003179,Lapsed,Robert Agrawal,Chandigarh,Arunachal Pradesh,East_Travel.xlsx,365,Very High,OK
POL000762,CUST00501,AG041,Travel,East,2025-12-02,2026-12-02,14909.0,1192720,Expired,Ladli Chatterjee,Chennai,Rajasthan,East_Travel.xlsx,365,Medium,OK
POL006891,CUST01206,AG069,Motor,East,2025-12-02,2026-12-02,13566.0,1193808,Renewed,Ethan Thakkar,Patna,Chhattisgarh,East_Travel.xlsx,365,Medium,OK
POL000430,CUST02305,AG072,Motor,East,2025-12-01,2026-12-01,26922.0,2396058,Renewed,Aarnav Saran,Kolkata,Uttar Pradesh,East_Travel.xlsx,365,Medium,OK
POL009194,CUST02234,AG069,Commercial Property,East,2025-12-01,2026-12-01,279748.0,27695052,Cancelled,Raghav Purohit,Bangalore,Karnataka,East_Travel.xlsx,365,Very High,OK
POL007575,CUST02583,AG072,Motor,East,2025-12-01,2026-12-01,23048.0,1705552,Expired,Reyansh Sama,Delhi,Haryana,East_Travel.xlsx,365,Medium,OK
POL006084,CUST00448,AG095,Marine,East,2025-12-01,2026-12-01,27255.0,2289420,Cancelled,Ati Manne,Mumbai,Rajasthan,East_Travel.xlsx,365,Medium,OK
POL003618,CUST00430,AG015,Motor,East,2025-11-30,2026-11-30,30672.0,2607120,Renewed,Vincent Kakar,Jaipur,Punjab,East_Travel.xlsx,365,Medium,OK
POL000454,CUST02806,AG040,Marine,East,2025-11-29,2026-11-29,133111.0,12911767,Expired,Vamakshi Sura,Chennai,Nagaland,East_Travel.xlsx,365,Very High,OK
POL005626,CUST02673,AG017,Marine,East,2025-11-29,2026-11-29,103693.0,4251413,Cancelled,Ayaan Boase,Patna,Telangana,East_Travel.xlsx,365,Very High,OK
POL008713,CUST01098,AG028,Commercial Property,East,2025-11-29,2026-11-29,433899.0,19525455,Renewed,Maanas Balakrishnan,Bangalore,Telangana,East_Travel.xlsx,365,Very High,OK
POL008848,CUST01298,AG022,Motor,East,2025-11-28,2026-11-28,35902.0,1011693,Lapsed,Chandresh Dhingra,Delhi,Uttarakhand,East_Travel.xlsx,365,Medium,OK
POL009560,CUST02671,AG096,Travel,East,2025-11-28,2026-11-28,17254.0,1518352,Expired,Jasmit Raja,Bangalore,Punjab,East_Travel.xlsx,365,Medium,OK
POL007368,CUST00414,AG092,Commercial Property,East,2025-11-28,2026-11-28,900633.0,36925953,Expired,Maya Kumer,Bangalore,Rajasthan,East_Travel.xlsx,365,Ultra High,OK
POL001938,CUST01475,AG083,Commercial Property,East,2025-11-27,2026-11-27,184094.0,15095708,Lapsed,Hemang Bahri,Mumbai,Rajasthan,East_Travel.xlsx,365,Very High,OK
POL009034,CUST02492,AG061,Motor,East,2025-11-27,2026-11-27,36270.0,834210,Lapsed,Benjamin Dara,Kolkata,Tripura,East_Travel.xlsx,365,Medium,OK
POL006346,CUST02622,AG081,Travel,East,2025-11-25,2026-11-25,8153.0,472874,Lapsed,Harshil Padmanabhan,Chennai,Nagaland,East_Travel.xlsx,365,Low,OK
POL005485,CUST00892,AG001,Commercial Property,East,2025-11-25,2026-11-25,696752.0,55043408,Lapsed,Nidhi Prabhakar,Kolkata,Uttar Pradesh,East_Travel.xlsx,365,Ultra High,OK
POL006096,CUST01282,AG077,Motor,East,2025-11-23,2026-11-23,12870.0,1274130,Active,Unknown,Bhubaneswar,Goa,East_Travel.xlsx,365,Medium,Review
POL005234,CUST02762,AG106,Commercial Property,East,2025-11-23,2026-11-23,351379.0,24596530,Active,Unknown,Chennai,Haryana,East_Travel.xlsx,365,Very High,Review
POL009067,CUST02417,AG006,Motor,East,2025-11-22,2026-11-22,11465.0,366880,Lapsed,Hamsini Banik,Pune,Gujarat,East_Travel.xlsx,365,Medium,OK
POL005165,CUST00265,AG014,Travel,East,2025-11-22,2026-11-22,15229.0,944198,Cancelled,Urvashi Malhotra,Chandigarh,Meghalaya,East_Travel.xlsx,365,Medium,OK
POL003434,CUST02756,AG003,Marine,East,2025-11-20,2026-11-20,24305.0,656235,Lapsed,Ryan Bobal,Hyderabad,Meghalaya,East_Travel.xlsx,365,Medium,OK
POL009389,CUST01158,AG032,Marine,East,2025-11-20,2026-11-20,173122.0,11945418,Expired,Bina Kumer,Hyderabad,Himachal Pradesh,East_Travel.xlsx,365,Very High,OK
POL007549,CUST01825,AG005,Travel,East,2025-11-20,2026-11-20,35902.0,959556,Cancelled,Devika Dugal,Chandigarh,Goa,East_Travel.xlsx,365,Medium,OK
POL004377,CUST00993,AG044,Motor,East,2025-11-20,2026-11-20,8152.0,603248,Expired,Raghav Sawhney,Patna,Haryana,East_Travel.xlsx,365,Low,OK
POL003834,CUST02486,AG019,Travel,East,2025-11-19,2026-11-19,5284.0,338176,Expired,Pushti Dixit,Chennai,Goa,East_Travel.xlsx,365,Low,OK
POL005337,CUST01924,AG052,Commercial Property,East,2025-11-19,2026-11-19,133852.0,11912828,Active,Michael Bobal,Ahmedabad,Arunachal Pradesh,East_Travel.xlsx,365,Very High,OK
POL009815,CUST02820,AG082,Travel,East,2025-11-18,2026-11-18,15271.0,1114783,Cancelled,Jagvi Modi,Bangalore,Himachal Pradesh,East_Travel.xlsx,365,Medium,OK
POL007997,CUST00639,AG007,Travel,East,2025-11-17,2026-11-17,11677.0,373664,Expired,Ekansh Sule,Pune,West Bengal,East_Travel.xlsx,365,Medium,OK
POL009301,CUST00112,AG099,Motor,East,2025-11-16,2026-11-16,19410.0,1261650,Lapsed,Chandani Gara,Delhi,Chhattisgarh,East_Travel.xlsx,365,Medium,OK
POL004823,CUST02556,AG073,Motor,East,2025-11-16,2026-11-16,35902.0,2647744,Active,Gayathri Prasad,Chandigarh,Rajasthan,East_Travel.xlsx,365,Medium,OK
POL009902,CUST02772,AG029,Travel,East,2025-11-15,2026-11-15,10958.0,887598,Renewed,Nicholas Deo,Jaipur,Assam,East_Travel.xlsx,365,Medium,OK
POL000223,CUST02911,AG051,Commercial Property,East,2025-11-14,2026-11-14,637132.0,42687844,Cancelled,Odika Baria,Pune,Punjab,East_Travel.xlsx,365,Ultra High,OK
POL006266,CUST02333,AG029,Motor,East,2025-11-14,2026-11-14,34013.0,1360520,Renewed,Laksh Rattan,Chandigarh,Telangana,East_Travel.xlsx,365,Medium,OK
POL000392,CUST00297,AG050,Home,East,2025-11-13,2026-11-13,23752.0,2113928,Cancelled,Udyati Mane,Ahmedabad,Kerala,East_Travel.xlsx,365,Medium,OK
POL002509,CUST01619,AG098,Commercial Property,East,2025-11-12,2026-11-12,698520.0,47499360,Lapsed,Harshil Sharma,Ahmedabad,Sikkim,East_Travel.xlsx,365,Ultra High,OK
POL004661,CUST00655,AG118,Home,East,2025-11-10,2026-11-10,61155.0,1712340,Active,Unknown,Kolkata,Himachal Pradesh,East_Travel.xlsx,365,High,Review
POL001870,CUST02020,AG010,Home,East,2025-11-10,2026-11-10,46825.0,2434900,Lapsed,Adya Aggarwal,Hyderabad,West Bengal,East_Travel.xlsx,365,Medium,OK
POL009633,CUST01350,AG063,Home,East,2025-11-09,2026-11-09,38422.0,1498458,Cancelled,Madhav Mohan,Bangalore,Madhya Pradesh,East_Travel.xlsx,365,Medium,OK
POL004009,CUST01597,AG008,Marine,East,2025-11-09,2026-11-09,57729.0,1962786,Expired,Vritti Balay,Pune,Manipur,East_Travel.xlsx,365,High,OK
POL006681,CUST00865,AG009,Motor,East,2025-11-09,2026-11-09,28319.0,1189398,Lapsed,Aarnav Aggarwal,Jaipur,Maharashtra,East_Travel.xlsx,365,Medium,OK
POL001621,CUST02489,AG102,Travel,East,2025-11-09,2026-11-09,12504.0,825264,Renewed,Siya Mallick,Delhi,Bihar,East_Travel.xlsx,365,Medium,OK
POL006348,CUST00020,AG021,Commercial Property,East,2025-11-09,2026-11-09,179674.0,6827612,Active,Naveen Mukherjee,Bangalore,Andhra Pradesh,East_Travel.xlsx,365,Very High,OK
POL004402,CUST02113,AG054,Home,East,2025-11-08,2026-11-08,50310.0,1408680,Lapsed,Pavani Chaudhary,Chandigarh,Maharashtra,East_Travel.xlsx,365,High,OK
POL009066,CUST00492,AG073,Motor,East,2025-11-08,2026-11-08,27522.0,2256804,Lapsed,Chakrika Bhalla,Kolkata,Jharkhand,East_Travel.xlsx,365,Medium,OK
POL007094,CUST01312,AG120,Home,East,2025-11-08,2026-11-08,35902.0,559680,Cancelled,Qushi Vaidya,Jaipur,Manipur,East_Travel.xlsx,365,Medium,OK
POL009473,CUST02697,AG106,Motor,East,2025-11-07,2026-11-07,33683.0,2492542,Active,Ayaan Kade,Pune,Tamil Nadu,East_Travel.xlsx,365,Medium,OK
POL008933,CUST02922,AG120,Commercial Property,East,2025-11-06,2026-11-06,121690.0,4989290,Cancelled,Henry Savant,Delhi,Rajasthan,East_Travel.xlsx,365,Very High,OK
POL002713,CUST00638,AG113,Travel,East,2025-11-04,2026-11-04,15346.0,1181642,Lapsed,Anita Chad,Bangalore,Chhattisgarh,East_Travel.xlsx,365,Medium,OK
POL009515,CUST02972,AG064,Marine,East,2025-11-03,2026-11-03,80813.0,7596422,Lapsed,Pavani Parekh,Chandigarh,West Bengal,East_Travel.xlsx,365,High,OK
POL000920,CUST00051,AG020,Travel,East,2025-11-03,2026-11-03,18503.0,1295210,Cancelled,Frado Agate,Mumbai,Himachal Pradesh,East_Travel.xlsx,365,Medium,OK
POL005436,CUST01164,AG119,Home,East,2025-11-03,2026-11-03,42243.0,1520748,Expired,Lopa Goel,Pune,Rajasthan,East_Travel.xlsx,365,Medium,OK
POL007505,CUST01033,AG071,Home,East,2025-11-02,2026-11-02,13717.0,1056209,Lapsed,Amruta Ahluwalia,Mumbai,Goa,East_Travel.xlsx,365,Medium,OK
POL007452,CUST00639,AG001,Travel,East,2025-11-02,2026-11-02,9192.0,569904,Lapsed,Ekansh Sule,Pune,West Bengal,East_Travel.xlsx,365,Low,OK
POL008836,CUST01521,AG067,Marine,East,2025-11-01,2026-11-01,180297.0,14423760,Renewed,Gaurangi Saini,Chandigarh,Uttar Pradesh,East_Travel.xlsx,365,Very High,OK
POL003641,CUST00739,AG086,Motor,East,2025-11-01,2026-11-01,34779.0,1773729,Renewed,Ucchal Keer,Hyderabad,Gujarat,East_Travel.xlsx,365,Medium,OK
POL003199,CUST00021,AG045,Travel,East,2025-10-31,2026-10-31,16206.0,567210,Expired,Maanav Mody,Ahmedabad,Meghalaya,East_Travel.xlsx,365,Medium,OK
POL000792,CUST02477,AG029,Commercial Property,East,2025-10-31,2026-10-31,824016.0,29664576,Renewed,Logan Prabhu,Chennai,Haryana,East_Travel.xlsx,365,Ultra High,OK
POL006404,CUST02462,AG042,Home,East,2025-10-31,2026-10-31,56959.0,4727597,Cancelled,Advik Shenoy,Kolkata,Rajasthan,East_Travel.xlsx,365,High,OK
POL003962,CUST01923,AG027,Commercial Property,East,2025-10-31,2026-10-31,400568.0,21230104,Lapsed,Siddharth Kapur,Jaipur,Uttarakhand,East_Travel.xlsx,365,Very High,OK
POL003572,CUST01370,AG047,Motor,East,2025-10-31,2026-10-31,32448.0,2109120,Renewed,Bahadurjit Pal,Mumbai,Uttar Pradesh,East_Travel.xlsx,365,Medium,OK
POL004737,CUST00020,AG079,Home,East,2025-10-30,2026-10-30,28582.0,1086116,Expired,Naveen Mukherjee,Bangalore,Andhra Pradesh,East_Travel.xlsx,365,Medium,OK
POL000910,CUST02495,AG001,Home,East,2025-10-28,2026-10-28,26026.0,1405404,Renewed,Akshay Sarin,Mumbai,Sikkim,East_Travel.xlsx,365,Medium,OK
POL003611,CUST02597,AG009,Travel,East,2025-10-28,2026-10-28,5595.0,318915,Expired,Leena Barman,Mumbai,Haryana,East_Travel.xlsx,365,Low,OK
POL000936,CUST00887,AG076,Travel,East,2025-10-27,2026-10-27,4954.0,123850,Lapsed,Sathvik Sha,Ahmedabad,Mizoram,East_Travel.xlsx,365,Low,OK
POL000462,CUST02309,AG087,Motor,East,2025-10-26,2026-10-26,22503.0,1215162,Renewed,Bishakha Wason,Pune,Madhya Pradesh,East_Travel.xlsx,365,Medium,OK
POL004677,CUST01652,AG101,Motor,East,2025-10-26,2026-10-26,20355.0,1139880,Renewed,Baghyawati Ghose,Hyderabad,Tripura,East_Travel.xlsx,365,Medium,OK
POL009855,CUST02770,AG012,Motor,East,2025-10-25,2026-10-25,35513.0,3515787,Lapsed,Bhavika Deo,Hyderabad,Tamil Nadu,East_Travel.xlsx,365,Medium,OK
POL003032,CUST02741,AG084,Marine,East,2025-10-25,2026-10-25,108246.0,8659680,Renewed,Zashil Grewal,Chandigarh,Himachal Pradesh,East_Travel.xlsx,365,Very High,OK
POL001774,CUST01303,AG062,Travel,East,2025-10-24,2026-10-24,9932.0,784628,Renewed,Naveen Chauhan,Bangalore,Telangana,East_Travel.xlsx,365,Low,OK
POL009008,CUST01721,AG028,Marine,East,2025-10-24,2026-10-24,166914.0,9514098,Lapsed,Adya Munshi,Ahmedabad,Meghalaya,East_Travel.xlsx,365,Very High,OK
POL005293,CUST01314,AG115,Commercial Property,East,2025-10-24,2026-10-24,707920.0,30440560,Lapsed,Faris Manda,Chandigarh,Sikkim,East_Travel.xlsx,365,Ultra High,OK
POL003447,CUST00611,AG039,Marine,East,2025-10-23,2026-10-23,69844.0,6984400,Cancelled,Owen Bajaj,Bangalore,Kerala,East_Travel.xlsx,365,High,OK
POL004916,CUST00744,AG119,Travel,East,2025-10-23,2026-10-23,12579.0,930846,Renewed,Zaid Khanna,Bhubaneswar,Tamil Nadu,East_Travel.xlsx,365,Medium,OK
POL008316,CUST01183,AG025,Home,East,2025-10-23,2026-10-23,11303.0,474726,Active,Triya Wali,Jaipur,Kerala,East_Travel.xlsx,365,Medium,OK
POL003944,CUST00376,AG041,Motor,East,2025-10-22,2026-10-22,38521.0,1232672,Expired,Manthan Dhingra,Jaipur,Nagaland,East_Travel.xlsx,365,Medium,OK
POL009993,CUST02660,AG046,Motor,East,2025-10-22,2026-10-22,23245.0,1208740,Active,Unknown,Delhi,Uttar Pradesh,East_Travel.xlsx,365,Medium,Review
POL008617,CUST01381,AG048,Marine,East,2025-10-22,2026-10-22,59888.0,5689360,Expired,Hiral Verma,Delhi,Arunachal Pradesh,East_Travel.xlsx,365,High,OK
POL002022,CUST01598,AG072,Travel,East,2025-10-21,2026-10-21,8049.0,531234,Lapsed,Ayushman Rattan,Kolkata,Goa,East_Travel.xlsx,365,Low,OK
POL009293,CUST00585,AG022,Motor,East,2025-10-21,2026-10-21,39982.0,3798290,Cancelled,Vedhika Sampath,Chennai,Nagaland,East_Travel.xlsx,365,Medium,OK
POL006652,CUST02716,AG073,Commercial Property,East,2025-10-20,2026-10-20,170211.0,3574431,Cancelled,Frado Gokhale,Bhubaneswar,Bihar,East_Travel.xlsx,365,Very High,OK
POL008338,CUST01495,AG117,Motor,East,2025-10-20,2026-10-20,39888.0,1954512,Expired,Unknown,Chennai,Andhra Pradesh,East_Travel.xlsx,365,Medium,Review
POL004952,CUST02828,AG050,Marine,East,2025-10-19,2026-10-19,133797.0,6154662,Renewed,Lavanya Dyal,Mumbai,Manipur,East_Travel.xlsx,365,Very High,OK
POL007260,CUST01542,AG090,Motor,East,2025-10-19,2026-10-19,17264.0,880464,Cancelled,Banjeet Parmar,Delhi,Maharashtra,East_Travel.xlsx,365,Medium,OK
POL003508,CUST01724,AG033,Marine,East,2025-10-18,2026-10-18,168123.0,10255503,Expired,Pratyush Raval,Hyderabad,Tripura,East_Travel.xlsx,365,Very High,OK
POL001709,CUST00709,AG027,Commercial Property,East,2025-10-16,2026-10-16,500126.0,13003276,Active,Warinder Gola,Chennai,Manipur,East_Travel.xlsx,365,Ultra High,OK
POL005090,CUST02902,AG081,Travel,East,2025-10-16,2026-10-16,11377.0,591604,Active,Rachana Saran,Ahmedabad,Madhya Pradesh,East_Travel.xlsx,365,Medium,OK
POL009412,CUST01912,AG057,Motor,East,2025-10-15,2026-10-15,35902.0,976950,Active,Chameli Wagle,Pune,Telangana,East_Travel.xlsx,365,Medium,OK
POL004156,CUST01632,AG009,Marine,East,2025-10-14,2026-10-14,131190.0,4985220,Lapsed,Daksha Chaudry,Chandigarh,Nagaland,East_Travel.xlsx,365,Very High,OK
POL001985,CUST00383,AG022,Commercial Property,East,2025-10-14,2026-10-14,756503.0,25721102,Active,Jagvi Trivedi,Kolkata,Kerala,East_Travel.xlsx,365,Ultra High,OK
POL006565,CUST01828,AG062,Home,East,2025-10-14,2026-10-14,37001.0,1073029,Cancelled,Rajeshri Mandal,Ahmedabad,Sikkim,East_Travel.xlsx,365,Medium,OK
POL004903,CUST00943,AG067,Travel,East,2025-10-13,2026-10-13,1240.0,64480,Renewed,Jackson Thakur,Chandigarh,Meghalaya,East_Travel.xlsx,365,Low,OK
POL001132,CUST01861,AG037,Motor,East,2025-10-13,2026-10-13,23868.0,2386800,Expired,George Chaudhari,Bhubaneswar,Madhya Pradesh,East_Travel.xlsx,365,Medium,OK
POL007369,CUST00419,AG034,Commercial Property,East,2025-10-13,2026-10-13,907968.0,46306368,Active,Rayaan Mutti,Bhubaneswar,Bihar,East_Travel.xlsx,365,Ultra High,OK
POL003149,CUST01812,AG058,Commercial Property,East,2025-10-12,2026-10-12,398182.0,22696374,Renewed,Jyoti Dube,Kolkata,Nagaland,East_Travel.xlsx,365,Very High,OK
POL002095,CUST01482,AG021,Motor,East,2025-10-12,2026-10-12,15126.0,695796,Active,Rishi Wagle,Jaipur,Gujarat,East_Travel.xlsx,365,Medium,OK
POL009417,CUST01809,AG106,Home,East,2025-10-11,2026-10-11,35566.0,2951978,Cancelled,Vrishti Sant,Jaipur,Punjab,East_Travel.xlsx,365,Medium,OK
POL008392,CUST01112,AG087,Commercial Property,East,2025-10-10,2026-10-10,610088.0,23793432,Cancelled,Mohini Vora,Bhubaneswar,Chhattisgarh,East_Travel.xlsx,365,Ultra High,OK
POL002165,CUST02859,AG067,Motor,East,2025-10-10,2026-10-10,35301.0,1094331,Renewed,Hredhaan Jain,Chandigarh,Goa,East_Travel.xlsx,365,Medium,OK
POL006215,CUST00193,AG093,Motor,East,2025-10-09,2026-10-09,29527.0,1801147,Expired,Deepa Shukla,Kolkata,Madhya Pradesh,East_Travel.xlsx,365,Medium,OK
POL004576,CUST01758,AG071,Commercial Property,East,2025-10-09,2026-10-09,35902.0,5921712,Lapsed,Maanas Nagar,Delhi,Goa,East_Travel.xlsx,365,Medium,OK
POL001433,CUST02938,AG104,Home,East,2025-10-09,2026-10-09,27348.0,683700,Cancelled,Mitesh Loyal,Kolkata,Uttarakhand,East_Travel.xlsx,365,Medium,OK
POL000906,CUST02706,AG080,Home,East,2025-10-09,2026-10-09,12754.0,765240,Renewed,Banjeet Deo,Hyderabad,Madhya Pradesh,East_Travel.xlsx,365,Medium,OK
POL009739,CUST01761,AG093,Commercial Property,East,2025-10-08,2026-10-08,146034.0,11974788,Expired,Hamsini Oza,Bhubaneswar,West Bengal,East_Travel.xlsx,365,Very High,OK
POL004475,CUST02468,AG057,Marine,East,2025-10-08,2026-10-08,142918.0,4001704,Active,Hemani Keer,Chandigarh,Meghalaya,East_Travel.xlsx,365,Very High,OK
POL009608,CUST00263,AG073,Motor,East,2025-10-08,2026-10-08,35911.0,2190571,Renewed,Chameli Soman,Bangalore,Chhattisgarh,East_Travel.xlsx,365,Medium,OK
POL000469,CUST00477,AG039,Motor,East,2025-10-06,2026-10-06,17806.0,1068360,Cancelled,Aarav Nazareth,Pune,Goa,East_Travel.xlsx,365,Medium,OK
POL004372,CUST01159,AG101,Home,East,2025-10-06,2026-10-06,41883.0,2303565,Renewed,Manbir Mitra,Chandigarh,Nagaland,East_Travel.xlsx,365,Medium,OK
POL007553,CUST00867,AG028,Marine,East,2025-10-05,2026-10-05,198955.0,14921625,Active,Dayita Deep,Ahmedabad,Manipur,East_Travel.xlsx,365,Very High,OK
POL009033,CUST00790,AG112,Marine,East,2025-10-05,2026-10-05,160539.0,8829645,Lapsed,Unknown,Chandigarh,Rajasthan,East_Travel.xlsx,365,Very High,Review
POL002700,CUST02922,AG030,Motor,East,2025-10-05,2026-10-05,26937.0,727299,Cancelled,Henry Savant,Delhi,Rajasthan,East_Travel.xlsx,365,Medium,OK
POL009657,CUST02938,AG050,Home,East,2025-10-05,2026-10-05,19825.0,1050725,Renewed,Mitesh Loyal,Kolkata,Uttarakhand,East_Travel.xlsx,365,Medium,OK
POL008419,CUST00956,AG087,Travel,East,2025-10-04,2026-10-04,19396.0,872820,Cancelled,Veer Khare,Pune,Arunachal Pradesh,East_Travel.xlsx,365,Medium,OK
POL002671,CUST02149,AG003,Home,East,2025-10-04,2026-10-04,63245.0,2782780,Expired,Neel Deol,Ahmedabad,Bihar,East_Travel.xlsx,365,High,OK
POL001451,CUST01372,AG019,Travel,East,2025-10-03,2026-10-03,19836.0,595080,Expired,Udyati Dey,Ahmedabad,Kerala,East_Travel.xlsx,365,Medium,OK
POL007307,CUST02100,AG078,Marine,East,2025-10-03,2026-10-03,77686.0,6137194,Expired,Upma Gill,Bhubaneswar,Punjab,East_Travel.xlsx,365,High,OK
POL006615,CUST00347,AG102,Home,East,2025-10-02,2026-10-02,9492.0,503076,Lapsed,Daksha Sandhu,Bangalore,Tamil Nadu,East_Travel.xlsx,365,Low,OK
POL002499,CUST00961,AG007,Home,East,2025-10-02,2026-10-02,35902.0,4151511,Renewed,Unknown,Patna,Himachal Pradesh,East_Travel.xlsx,365,Medium,Review
POL000220,CUST02346,AG120,Commercial Property,East,2025-10-02,2026-10-02,622713.0,20549529,Cancelled,Aachal Boase,Chandigarh,Uttar Pradesh,East_Travel.xlsx,365,Ultra High,OK
POL007828,CUST02315,AG066,Home,East,2025-10-01,2026-10-01,29198.0,729950,Active,Unknown,Patna,Maharashtra,East_Travel.xlsx,365,Medium,Review
POL001727,CUST01445,AG073,Marine,East,2025-10-01,2026-10-01,67460.0,4857120,Renewed,Omkaar Ramachandran,Hyderabad,Karnataka,East_Travel.xlsx,365,High,OK
POL007303,CUST01089,AG052,Commercial Property,East,2025-10-01,2026-10-01,843062.0,16861240,Cancelled,Deepa Brar,Delhi,Madhya Pradesh,East_Travel.xlsx,365,Ultra High,OK
POL007293,CUST02195,AG006,Home,East,2025-10-01,2026-10-01,41694.0,2918580,Expired,Sneha Nigam,Mumbai,Madhya Pradesh,East_Travel.xlsx,365,Medium,OK
POL000414,CUST01795,AG037,Commercial Property,East,2025-09-30,2026-09-30,83544.0,2088600,Renewed,Ridhi Gole,Bangalore,West Bengal,East_Travel.xlsx,365,High,OK
POL006835,CUST00397,AG114,Motor,East,2025-09-29,2026-09-29,35902.0,457569,Renewed,Brinda Venkataraman,Ahmedabad,Tamil Nadu,East_Travel.xlsx,365,Medium,OK
POL006401,CUST00211,AG044,Travel,East,2025-09-29,2026-09-29,10435.0,939150,Cancelled,Ekantika Toor,Mumbai,Chhattisgarh,East_Travel.xlsx,365,Medium,OK
POL004809,CUST01344,AG092,Motor,East,2025-09-29,2026-09-29,16770.0,1190670,Active,Kamala Ravel,Jaipur,Assam,East_Travel.xlsx,365,Medium,OK
POL008946,CUST00142,AG001,Home,East,2025-09-28,2026-09-28,13337.0,413447,Expired,Abha Sethi,Kolkata,Telangana,East_Travel.xlsx,365,Medium,OK
POL005678,CUST02423,AG096,Motor,East,2025-09-27,2026-09-27,33682.0,3233472,Cancelled,Michael Acharya,Ahmedabad,Uttar Pradesh,East_Travel.xlsx,365,Medium,OK
POL004298,CUST02788,AG006,Home,East,2025-09-27,2026-09-27,59976.0,2758896,Expired,Nihal Pandya,Delhi,Tamil Nadu,East_Travel.xlsx,365,High,OK
POL002732,CUST00811,AG035,Marine,East,2025-09-27,2026-09-27,65261.0,3393572,Cancelled,George Batra,Patna,Assam,East_Travel.xlsx,365,High,OK
POL007236,CUST02951,AG092,Motor,East,2025-09-27,2026-09-27,35902.0,2079522,Expired,Upma Johal,Delhi,Uttarakhand,East_Travel.xlsx,365,Medium,OK
POL001284,CUST01375,AG005,Commercial Property,East,2025-09-26,2026-09-26,375860.0,23303320,Lapsed,Sanya Varghese,Delhi,Haryana,East_Travel.xlsx,365,Very High,OK
POL000610,CUST02439,AG006,Home,East,2025-09-25,2026-09-25,27858.0,1950060,Renewed,Jagat Pandit,Hyderabad,Karnataka,East_Travel.xlsx,365,Medium,OK
POL001180,CUST02358,AG015,Home,East,2025-09-24,2026-09-24,64785.0,3757530,Renewed,Mohini Chanda,Bhubaneswar,Jharkhand,East_Travel.xlsx,365,High,OK
POL007019,CUST00563,AG112,Marine,East,2025-09-24,2026-09-24,85439.0,5638974,Expired,Udarsh Taneja,Chennai,Madhya Pradesh,East_Travel.xlsx,365,High,OK
POL009947,CUST02329,AG100,Travel,East,2025-09-24,2026-09-24,16194.0,453432,Expired,Frederick Wali,Bhubaneswar,Meghalaya,East_Travel.xlsx,365,Medium,OK
POL006298,CUST02447,AG063,Travel,East,2025-09-23,2026-09-23,18291.0,695058,Lapsed,Wridesh Tripathi,Mumbai,Mizoram,East_Travel.xlsx,365,Medium,OK
POL000958,CUST01320,AG031,Travel,East,2025-09-21,2026-09-21,19372.0,774880,Renewed,Ronith Goel,Jaipur,Nagaland,East_Travel.xlsx,365,Medium,OK
POL009853,CUST01398,AG105,Marine,East,2025-09-20,2026-09-20,188066.0,9403300,Lapsed,Jalsa Parekh,Kolkata,Rajasthan,East_Travel.xlsx,365,Very High,OK
POL004859,CUST00864,AG059,Home,East,2025-09-20,2026-09-20,35893.0,1794650,Expired,Gagan Choudhry,Bhubaneswar,Goa,East_Travel.xlsx,365,Medium,OK
POL005703,CUST02228,AG006,Travel,East,2025-09-20,2026-09-20,9732.0,622848,Cancelled,Banjeet Jaggi,Ahmedabad,Uttarakhand,East_Travel.xlsx,365,Low,OK
POL005363,CUST00023,AG093,Commercial Property,East,2025-09-19,2026-09-19,174547.0,16058324,Lapsed,Upasna Bhargava,Hyderabad,Gujarat,East_Travel.xlsx,365,Very High,OK
POL003488,CUST01601,AG068,Travel,East,2025-09-19,2026-09-19,7587.0,379350,Cancelled,Dayamai Seth,Bangalore,Punjab,East_Travel.xlsx,365,Low,OK
POL005111,CUST02318,AG068,Motor,East,2025-09-19,2026-09-19,25150.0,2338950,Lapsed,Pavani Deshmukh,Chennai,Tripura,East_Travel.xlsx,365,Medium,OK
POL007520,CUST00095,AG090,Commercial Property,East,2025-09-19,2026-09-19,670612.0,22130196,Renewed,Anmol Krish,Pune,Andhra Pradesh,East_Travel.xlsx,365,Ultra High,OK
POL001287,CUST00993,AG052,Motor,East,2025-09-19,2026-09-19,14978.0,868724,Cancelled,Raghav Sawhney,Patna,Haryana,East_Travel.xlsx,365,Medium,OK
POL001338,CUST00961,AG088,Commercial Property,East,2025-09-18,2026-09-18,997708.0,95779968,Lapsed,Girish Garde,Patna,Himachal Pradesh,East_Travel.xlsx,365,Ultra High,OK
POL000452,CUST00167,AG050,Travel,East,2025-09-18,2026-09-18,16089.0,788361,Renewed,Gayathri Samra,Delhi,Uttar Pradesh,East_Travel.xlsx,365,Medium,OK
POL001841,CUST01690,AG004,Marine,East,2025-09-18,2026-09-18,91981.0,8370271,Lapsed,Maanas Vala,Ahmedabad,West Bengal,East_Travel.xlsx,365,High,OK
POL007197,CUST00252,AG051,Motor,East,2025-09-18,2026-09-18,22884.0,2128212,Cancelled,Gaurang Madan,Hyderabad,Manipur,East_Travel.xlsx,365,Medium,OK
POL009749,CUST02839,AG077,Travel,East,2025-09-18,2026-09-18,13559.0,1233869,Cancelled,Niharika Acharya,Patna,Madhya Pradesh,East_Travel.xlsx,365,Medium,OK
POL000155,CUST01162,AG106,Travel,East,2025-09-17,2026-09-17,9647.0,926112,Active,Yachana Tak,Chandigarh,Assam,East_Travel.xlsx,365,Low,OK
POL008551,CUST01082,AG023,Travel,East,2025-09-17,2026-09-17,3692.0,147680,Lapsed,Ayush Nagarajan,Pune,Goa,East_Travel.xlsx,365,Low,OK
POL009620,CUST02088,AG073,Commercial Property,East,2025-09-16,2026-09-16,190592.0,7242496,Lapsed,Siya Prasad,Bhubaneswar,Punjab,East_Travel.xlsx,365,Very High,OK
POL006012,CUST01433,AG017,Motor,East,2025-09-15,2026-09-15,39300.0,3890700,Active,Vrishti Hora,Patna,Odisha,East_Travel.xlsx,365,Medium,OK
POL004922,CUST02999,AG095,Motor,East,2025-09-15,2026-09-15,30027.0,1381242,Lapsed,Nathan Menon,Patna,Haryana,East_Travel.xlsx,365,Medium,OK
POL006436,CUST02861,AG062,Commercial Property,East,2025-09-14,2026-09-14,646308.0,50412024,Cancelled,Ekiya Cheema,Hyderabad,Haryana,East_Travel.xlsx,365,Ultra High,OK
POL006377,CUST02601,AG118,Commercial Property,East,2025-09-13,2026-09-13,762899.0,17546677,Cancelled,Michael Hegde,Hyderabad,Bihar,East_Travel.xlsx,365,Ultra High,OK
POL003213,CUST01718,AG109,Marine,East,2025-09-12,2026-09-12,99717.0,6980190,Cancelled,Varenya Buch,Patna,Meghalaya,East_Travel.xlsx,365,High,OK
POL005593,CUST00792,AG094,Travel,East,2025-09-11,2026-09-11,14473.0,607866,Expired,Damyanti Deshmukh,Chandigarh,Odisha,East_Travel.xlsx,365,Medium,OK
POL002548,CUST01480,AG065,Home,East,2025-09-11,2026-09-11,51692.0,5117508,Expired,Unknown,Chandigarh,Sikkim,East_Travel.xlsx,365,High,Review
POL003851,CUST00395,AG051,Marine,East,2025-09-11,2026-09-11,103908.0,10286892,Lapsed,Jasmit Chaudhuri,Mumbai,Odisha,East_Travel.xlsx,365,Very High,OK
POL002065,CUST01821,AG084,Travel,East,2025-09-10,2026-09-10,11970.0,825930,Renewed,Meghana Ahluwalia,Hyderabad,Goa,East_Travel.xlsx,365,Medium,OK
POL008002,CUST00733,AG063,Travel,East,2025-09-10,2026-09-10,9186.0,688950,Renewed,Unknown,Chandigarh,Sikkim,East_Travel.xlsx,365,Low,Review
POL009261,CUST00899,AG006,Travel,East,2025-09-10,2026-09-10,15346.0,966798,Renewed,Harshil Barman,Delhi,Haryana,East_Travel.xlsx,365,Medium,OK
POL006458,CUST02127,AG093,Travel,East,2025-09-09,2026-09-09,4261.0,247138,Renewed,Faqid Bhatt,Mumbai,Andhra Pradesh,East_Travel.xlsx,365,Low,OK
POL008310,CUST00548,AG067,Travel,East,2025-09-08,2026-09-08,12763.0,701965,Expired,Harita Bajaj,Chandigarh,Uttar Pradesh,East_Travel.xlsx,365,Medium,OK
POL001945,CUST02089,AG048,Motor,East,2025-09-06,2026-09-06,6497.0,610718,Renewed,Unknown,Ahmedabad,Telangana,East_Travel.xlsx,365,Low,Review
POL003757,CUST02971,AG075,Home,East,2025-09-05,2026-09-05,68636.0,3843616,Cancelled,Chaman Sangha,Mumbai,Bihar,East_Travel.xlsx,365,High,OK
POL000676,CUST01187,AG002,Home,East,2025-09-04,2026-09-04,40506.0,2146818,Expired,Nidra Pau,Pune,Himachal Pradesh,East_Travel.xlsx,365,Medium,OK
POL002271,CUST00349,AG063,Home,East,2025-09-04,2026-09-04,57481.0,3908708,Active,Hredhaan Jain,Hyderabad,Bihar,East_Travel.xlsx,365,High,OK
POL008480,CUST01108,AG070,Travel,East,2025-09-04,2026-09-04,10760.0,613320,Renewed,Viraj Nagar,Bhubaneswar,Tripura,East_Travel.xlsx,365,Medium,OK
POL002969,CUST00415,AG087,Home,East,2025-09-03,2026-09-03,23238.0,1371042,Expired,Dhriti Srivastava,Bangalore,Uttar Pradesh,East_Travel.xlsx,365,Medium,OK
POL009619,CUST01896,AG020,Commercial Property,East,2025-09-02,2026-09-02,301641.0,19003383,Lapsed,Siya Das,Chandigarh,Nagaland,East_Travel.xlsx,365,Very High,OK
POL000128,CUST02818,AG025,Motor,East,2025-09-01,2026-09-01,15808.0,1280448,Active,Pranit Ramanathan,Mumbai,Goa,East_Travel.xlsx,365,Medium,OK
POL000054,CUST00201,AG005,Motor,East,2025-08-31,2026-08-31,15258.0,793416,Renewed,Lavanya Gole,Kolkata,Punjab,East_Travel.xlsx,365,Medium,OK
POL002311,CUST00036,AG050,Motor,East,2025-08-31,2026-08-31,32992.0,3035264,Lapsed,Gaurangi Kara,Bangalore,Himachal Pradesh,East_Travel.xlsx,365,Medium,OK
POL006967,CUST01588,AG060,Travel,East,2025-08-30,2026-08-30,10973.0,702272,Lapsed,Pallavi Varghese,Jaipur,Manipur,East_Travel.xlsx,365,Medium,OK
POL009023,CUST01797,AG006,Home,East,2025-08-30,2026-08-30,37518.0,2551224,Cancelled,Xavier Khatri,Bangalore,Assam,East_Travel.xlsx,365,Medium,OK
POL008835,CUST01196,AG075,Commercial Property,East,2025-08-29,2026-08-29,537588.0,26341812,Cancelled,Max Bhagat,Chandigarh,Tripura,East_Travel.xlsx,365,Ultra High,OK
POL006260,CUST01988,AG091,Commercial Property,East,2025-08-29,2026-08-29,220598.0,21839202,Active,Aachal Bhargava,Pune,Punjab,East_Travel.xlsx,365,Very High,OK
POL003333,CUST02671,AG110,Home,East,2025-08-29,2026-08-29,9380.0,459620,Expired,Jasmit Raja,Bangalore,Punjab,East_Travel.xlsx,365,Low,OK
POL009305,CUST01580,AG082,Home,East,2025-08-29,2026-08-29,68006.0,2312204,Expired,Devika Jha,Bhubaneswar,Kerala,East_Travel.xlsx,365,High,OK
POL000435,CUST02003,AG093,Motor,East,2025-08-29,2026-08-29,39369.0,787380,Cancelled,Edhitha Bakshi,Ahmedabad,Manipur,East_Travel.xlsx,365,Medium,OK
POL008944,CUST01590,AG010,Commercial Property,East,2025-08-29,2026-08-29,745895.0,23868640,Active,Aarav Shukla,Delhi,Goa,East_Travel.xlsx,365,Ultra High,OK
POL004537,CUST02834,AG086,Travel,East,2025-08-29,2026-08-29,16807.0,1680700,Lapsed,Chaaya Upadhyay,Bhubaneswar,Jharkhand,East_Travel.xlsx,365,Medium,OK
POL007422,CUST01383,AG010,Travel,East,2025-08-29,2026-08-29,3086.0,185160,Renewed,Farhan Wali,Delhi,Andhra Pradesh,East_Travel.xlsx,365,Low,OK
POL008260,CUST01950,AG080,Commercial Property,East,2025-08-28,2026-08-28,943930.0,67962960,Expired,Ati Apte,Chennai,Assam,East_Travel.xlsx,365,Ultra High,OK
POL001562,CUST02664,AG095,Motor,East,2025-08-28,2026-08-28,31593.0,695046,Active,Vedant Sharaf,Patna,Bihar,East_Travel.xlsx,365,Medium,OK
POL008120,CUST00689,AG012,Motor,East,2025-08-28,2026-08-28,35673.0,1890669,Renewed,Siddharth Rama,Bangalore,Himachal Pradesh,East_Travel.xlsx,365,Medium,OK
POL001640,CUST00656,AG103,Commercial Property,East,2025-08-27,2026-08-27,201778.0,10694234,Lapsed,Onkar Puri,Chandigarh,Karnataka,East_Travel.xlsx,365,Very High,OK
POL004282,CUST02110,AG109,Travel,East,2025-08-27,2026-08-27,4346.0,369410,Lapsed,Caleb Nagi,Delhi,Tamil Nadu,East_Travel.xlsx,365,Low,OK
POL005843,CUST02094,AG059,Commercial Property,East,2025-08-26,2026-08-26,109208.0,8409016,Active,Chaitanya Tak,Bhubaneswar,Tamil Nadu,East_Travel.xlsx,365,Very High,OK
POL008677,CUST02813,AG078,Commercial Property,East,2025-08-26,2026-08-26,934687.0,25236549,Renewed,Oeshi Sarma,Hyderabad,Nagaland,East_Travel.xlsx,365,Ultra High,OK
POL004393,CUST00794,AG009,Motor,East,2025-08-26,2026-08-26,24303.0,2405997,Active,Vivaan Dubey,Jaipur,Bihar,East_Travel.xlsx,365,Medium,OK
POL007251,CUST00800,AG053,Motor,East,2025-08-26,2026-08-26,16355.0,621490,Expired,Anmol Ramaswamy,Hyderabad,Odisha,East_Travel.xlsx,365,Medium,OK
POL002268,CUST00272,AG112,Marine,East,2025-08-25,2026-08-25,31373.0,784325,Active,Unknown,Chennai,West Bengal,East_Travel.xlsx,365,Medium,Review
POL003266,CUST02168,AG026,Home,East,2025-08-25,2026-08-25,12865.0,1106390,Expired,Dalaja Dora,Patna,Telangana,East_Travel.xlsx,365,Medium,OK
POL001757,CUST01364,AG007,Motor,East,2025-08-25,2026-08-25,29312.0,1055232,Renewed,Siddharth Char,Kolkata,Jharkhand,East_Travel.xlsx,365,Medium,OK
POL000558,CUST00681,AG002,Travel,East,2025-08-24,2026-08-24,1681.0,112627,Lapsed,Noah Pai,Ahmedabad,Bihar,East_Travel.xlsx,365,Low,OK
POL008799,CUST00508,AG049,Commercial Property,East,2025-08-24,2026-08-24,338491.0,18955496,Lapsed,Deepa Sridhar,Chennai,Himachal Pradesh,East_Travel.xlsx,365,Very High,OK
POL001424,CUST02421,AG013,Marine,East,2025-08-23,2026-08-23,166371.0,6322098,Renewed,Devansh Mane,Bhubaneswar,Kerala,East_Travel.xlsx,365,Very High,OK
POL007525,CUST01730,AG037,Commercial Property,East,2025-08-23,2026-08-23,344621.0,16197187,Lapsed,Anmol Joshi,Delhi,Rajasthan,East_Travel.xlsx,365,Very High,OK
POL006432,CUST00195,AG048,Motor,East,2025-08-23,2026-08-23,19049.0,1866802,Cancelled,Odika Mukherjee,Hyderabad,Uttarakhand,East_Travel.xlsx,365,Medium,OK
POL002574,CUST02908,AG005,Home,East,2025-08-22,2026-08-22,8122.0,381734,Expired,David Borra,Chennai,Arunachal Pradesh,East_Travel.xlsx,365,Low,OK
POL005612,CUST01347,AG079,Commercial Property,East,2025-08-22,2026-08-22,50068.0,4055508,Lapsed,Aahana Issac,Kolkata,Himachal Pradesh,East_Travel.xlsx,365,High,OK
POL000921,CUST01792,AG091,Home,East,2025-08-22,2026-08-22,67067.0,6438432,Expired,Yashasvi Shah,Hyderabad,Maharashtra,East_Travel.xlsx,365,High,OK
POL004945,CUST02960,AG006,Travel,East,2025-08-21,2026-08-21,12549.0,439215,Renewed,Chasmum Mitra,Ahmedabad,Nagaland,East_Travel.xlsx,365,Medium,OK
POL009401,CUST02476,AG023,Travel,East,2025-08-21,2026-08-21,14218.0,1023696,Lapsed,Vansha Solanki,Bhubaneswar,Bihar,East_Travel.xlsx,365,Medium,OK
POL002600,CUST01176,AG108,Motor,East,2025-08-21,2026-08-21,31583.0,1389652,Lapsed,Andrew Lad,Delhi,Gujarat,East_Travel.xlsx,365,Medium,OK
POL001154,CUST00620,AG006,Motor,East,2025-08-19,2026-08-19,39841.0,2908393,Active,Abhimanyu Kanda,Bhubaneswar,Sikkim,East_Travel.xlsx,365,Medium,OK
POL006823,CUST00635,AG008,Marine,East,2025-08-19,2026-08-19,115740.0,11342520,Expired,Ekiya Din,Pune,West Bengal,East_Travel.xlsx,365,Very High,OK
POL008336,CUST02344,AG006,Home,East,2025-08-19,2026-08-19,47755.0,2292240,Expired,Nitara Bawa,Bangalore,Punjab,East_Travel.xlsx,365,Medium,OK
POL000094,CUST01127,AG057,Marine,East,2025-08-19,2026-08-19,192889.0,8680005,Expired,Advika Gaba,Hyderabad,Kerala,East_Travel.xlsx,365,Very High,OK
POL005108,CUST02590,AG100,Marine,East,2025-08-18,2026-08-18,108055.0,2701375,Renewed,Anay Vasa,Ahmedabad,Jharkhand,East_Travel.xlsx,365,Very High,OK
POL009373,CUST02829,AG079,Travel,East,2025-08-18,2026-08-18,16704.0,785088,Expired,Unnati Roy,Pune,Kerala,East_Travel.xlsx,365,Medium,OK
POL005635,CUST02886,AG090,Home,East,2025-08-18,2026-08-18,24455.0,2249860,Expired,Keya Swamy,Patna,Bihar,East_Travel.xlsx,365,Medium,OK
POL009516,CUST02753,AG012,Motor,East,2025-08-18,2026-08-18,21148.0,1586100,Lapsed,Tanish Chacko,Chennai,Tamil Nadu,East_Travel.xlsx,365,Medium,OK
POL006309,CUST00288,AG077,Marine,East,2025-08-17,2026-08-17,158881.0,7626288,Renewed,Chakradhar Srinivas,Chennai,Assam,East_Travel.xlsx,365,Very High,OK
POL000709,CUST00075,AG025,Marine,East,2025-08-17,2026-08-17,170295.0,9025635,Active,Ekaja Sunder,Bhubaneswar,Uttarakhand,East_Travel.xlsx,365,Very High,OK
POL003268,CUST01727,AG084,Travel,East,2025-08-16,2026-08-16,2875.0,126500,Active,Samarth Narasimhan,Chennai,Karnataka,East_Travel.xlsx,365,Low,OK
POL003233,CUST01251,AG037,Motor,East,2025-08-15,2026-08-15,33842.0,3248832,Cancelled,William Bahri,Bangalore,Jharkhand,East_Travel.xlsx,365,Medium,OK
POL007276,CUST01882,AG006,Home,East,2025-08-15,2026-08-15,63036.0,3908232,Cancelled,Kai Mody,Chennai,Chhattisgarh,East_Travel.xlsx,365,High,OK
POL002530,CUST02890,AG032,Commercial Property,East,2025-08-15,2026-08-15,443337.0,27486894,Expired,Qarin Bhargava,Patna,Jharkhand,East_Travel.xlsx,365,Very High,OK
POL007774,CUST02333,AG120,Marine,East,2025-08-14,2026-08-14,137857.0,8822848,Renewed,Laksh Rattan,Chandigarh,Telangana,East_Travel.xlsx,365,Very High,OK
POL000210,CUST02498,AG066,Commercial Property,East,2025-08-14,2026-08-14,937237.0,84351330,Active,Radhika Nadkarni,Mumbai,Telangana,East_Travel.xlsx,365,Ultra High,OK
POL002525,CUST02703,AG063,Commercial Property,East,2025-08-12,2026-08-12,136288.0,8313568,Expired,Amaira Shanker,Mumbai,Odisha,East_Travel.xlsx,365,Very High,OK
POL003762,CUST00313,AG017,Travel,East,2025-08-12,2026-08-12,14478.0,506730,Renewed,Priya Rattan,Chennai,Goa,East_Travel.xlsx,365,Medium,OK
POL002638,CUST02847,AG024,Home,East,2025-08-11,2026-08-11,38774.0,2791728,Lapsed,Charles Din,Chennai,Assam,East_Travel.xlsx,365,Medium,OK
POL008195,CUST02920,AG118,Commercial Property,East,2025-08-11,2026-08-11,518318.0,35763942,Lapsed,Brinda Pandey,Kolkata,Arunachal Pradesh,East_Travel.xlsx,365,Ultra High,OK
POL000579,CUST00395,AG001,Commercial Property,East,2025-08-10,2026-08-10,965373.0,58887753,Active,Jasmit Chaudhuri,Mumbai,Odisha,East_Travel.xlsx,365,Ultra High,OK
POL007109,CUST00261,AG025,Motor,East,2025-08-10,2026-08-10,39122.0,1995222,Renewed,Ekalinga Gandhi,Kolkata,Manipur,East_Travel.xlsx,365,Medium,OK
POL007184,CUST01257,AG074,Commercial Property,East,2025-08-09,2026-08-09,111301.0,7791070,Expired,Anvi Choudhry,Chennai,Tamil Nadu,East_Travel.xlsx,365,Very High,OK
POL005520,CUST01331,AG092,Marine,East,2025-08-08,2026-08-08,134377.0,3225048,Active,Naveen Chandran,Pune,Odisha,East_Travel.xlsx,365,Very High,OK
POL004766,CUST01556,AG090,Motor,East,2025-08-08,2026-08-08,30750.0,3013500,Lapsed,Bakhshi Bajwa,Chandigarh,Sikkim,East_Travel.xlsx,365,Medium,OK
POL001946,CUST01359,AG002,Marine,East,2025-08-07,2026-08-07,199555.0,13968850,Renewed,Divya Sheth,Chandigarh,Uttar Pradesh,East_Travel.xlsx,365,Very High,OK
POL007462,CUST00006,AG111,Motor,East,2025-08-07,2026-08-07,19235.0,1634975,Cancelled,Raksha Bhattacharyya,Hyderabad,Punjab,East_Travel.xlsx,365,Medium,OK
POL003953,CUST02569,AG119,Motor,East,2025-08-07,2026-08-07,10885.0,783720,Cancelled,Bhavani Sarkar,Delhi,Uttar Pradesh,East_Travel.xlsx,365,Medium,OK
POL008327,CUST02627,AG063,Commercial Property,East,2025-08-06,2026-08-06,181534.0,16156526,Active,Ekaja Nayak,Mumbai,Himachal Pradesh,East_Travel.xlsx,365,Very High,OK
POL002951,CUST01108,AG075,Travel,East,2025-08-05,2026-08-05,4229.0,253740,Active,Viraj Nagar,Bhubaneswar,Tripura,East_Travel.xlsx,365,Low,OK
POL008582,CUST00937,AG004,Travel,East,2025-08-04,2026-08-04,9413.0,367107,Renewed,Aadhya Prabhakar,Bangalore,Uttar Pradesh,East_Travel.xlsx,365,Low,OK
POL007172,CUST00129,AG065,Home,East,2025-08-04,2026-08-04,67346.0,1414266,Cancelled,Rachit Zacharia,Chandigarh,Sikkim,East_Travel.xlsx,365,High,OK
POL008176,CUST02301,AG089,Travel,East,2025-08-03,2026-08-03,3446.0,223990,Expired,Vihaan Purohit,Chennai,Tamil Nadu,East_Travel.xlsx,365,Low,OK
POL009484,CUST00150,AG003,Marine,East,2025-08-03,2026-08-03,106780.0,8222060,Active,Aradhana Pillay,Pune,Sikkim,East_Travel.xlsx,365,Very High,OK
POL006702,CUST00973,AG014,Travel,East,2025-08-02,2026-08-02,14814.0,933282,Cancelled,Harita Kala,Delhi,Arunachal Pradesh,East_Travel.xlsx,365,Medium,OK
POL000076,CUST00031,AG041,Motor,East,2025-08-01,2026-08-01,6122.0,483638,Active,Kevin Baria,Delhi,Gujarat,East_Travel.xlsx,365,Low,OK
POL009013,CUST02975,AG060,Home,East,2025-08-01,2026-08-01,28381.0,2270480,Expired,Krishna Goyal,Kolkata,Tamil Nadu,East_Travel.xlsx,365,Medium,OK
POL008627,CUST02911,AG004,Travel,East,2025-08-01,2026-08-01,5971.0,274666,Active,Odika Baria,Pune,Punjab,East_Travel.xlsx,365,Low,OK
POL005484,CUST02316,AG014,Commercial Property,East,2025-07-31,2026-07-31,396449.0,17047307,Expired,Advay Butala,Chandigarh,Odisha,East_Travel.xlsx,365,Very High,OK
POL001018,CUST00094,AG111,Commercial Property,East,2025-07-31,2026-07-31,600632.0,23424648,Active,Devika Buch,Delhi,Andhra Pradesh,East_Travel.xlsx,365,Ultra High,OK
POL009955,CUST01050,AG109,Travel,East,2025-07-31,2026-07-31,11801.0,837871,Renewed,Nihal Oza,Chennai,Jharkhand,East_Travel.xlsx,365,Medium,OK
POL008487,CUST01892,AG060,Motor,East,2025-07-30,2026-07-30,31191.0,686202,Active,Ira Kanda,Jaipur,Rajasthan,East_Travel.xlsx,365,Medium,OK
POL002221,CUST00678,AG038,Motor,East,2025-07-29,2026-07-29,10597.0,349701,Renewed,Warinder Khalsa,Mumbai,Tripura,East_Travel.xlsx,365,Medium,OK
POL008104,CUST01800,AG028,Home,East,2025-07-29,2026-07-29,40331.0,2016550,Cancelled,Yatin Dua,Chandigarh,Chhattisgarh,East_Travel.xlsx,365,Medium,OK
POL006909,CUST02082,AG021,Motor,East,2025-07-29,2026-07-29,13590.0,611550,Expired,Aarini Arora,Jaipur,Jharkhand,East_Travel.xlsx,365,Medium,OK
POL008207,CUST02488,AG098,Commercial Property,East,2025-07-28,2026-07-28,809644.0,79345112,Cancelled,Prisha Karnik,Ahmedabad,Uttar Pradesh,East_Travel.xlsx,365,Ultra High,OK
POL001654,CUST00291,AG001,Commercial Property,East,2025-07-28,2026-07-28,365054.0,25188726,Active,Hardik Mahal,Jaipur,Uttar Pradesh,East_Travel.xlsx,365,Very High,OK
POL006094,CUST02801,AG037,Marine,East,2025-07-28,2026-07-28,56242.0,4668086,Renewed,Janya Gade,Pune,Sikkim,East_Travel.xlsx,365,High,OK
POL003943,CUST02018,AG049,Commercial Property,East,2025-07-27,2026-07-27,991651.0,50574201,Cancelled,Lucky Barman,Bhubaneswar,Nagaland,East_Travel.xlsx,365,Ultra High,OK
POL003298,CUST00401,AG065,Commercial Property,East,2025-07-26,2026-07-26,111503.0,3679599,Lapsed,Unknown,Bangalore,Mizoram,East_Travel.xlsx,365,Very High,Review
POL003366,CUST02248,AG033,Travel,East,2025-07-24,2026-07-24,14529.0,697392,Renewed,Banjeet Gaba,Mumbai,Jharkhand,East_Travel.xlsx,365,Medium,OK
POL005398,CUST00894,AG078,Home,East,2025-07-22,2026-07-22,36110.0,2924910,Active,Wakeeta Prabhakar,Patna,Arunachal Pradesh,East_Travel.xlsx,365,Medium,OK
POL002989,CUST00288,AG048,Home,East,2025-07-22,2026-07-22,39871.0,2950454,Cancelled,Chakradhar Srinivas,Chennai,Assam,East_Travel.xlsx,365,Medium,OK
POL001054,CUST02808,AG057,Travel,East,2025-07-21,2026-07-21,6986.0,475048,Cancelled,Yachana Sant,Chennai,Sikkim,East_Travel.xlsx,365,Low,OK
POL005460,CUST02439,AG114,Marine,East,2025-07-20,2026-07-20,35902.0,8895322,Active,Jagat Pandit,Hyderabad,Karnataka,East_Travel.xlsx,365,Medium,OK
POL007570,CUST02156,AG066,Marine,East,2025-07-19,2026-07-19,166127.0,6478953,Expired,Lohit Uppal,Mumbai,West Bengal,East_Travel.xlsx,365,Very High,OK
POL003635,CUST01355,AG106,Home,East,2025-07-19,2026-07-19,49675.0,1241875,Expired,Priya Bhakta,Bangalore,Arunachal Pradesh,East_Travel.xlsx,365,Medium,OK
POL005114,CUST01448,AG030,Motor,East,2025-07-18,2026-07-18,14246.0,1267894,Cancelled,Chandani Dubey,Hyderabad,Assam,East_Travel.xlsx,365,Medium,OK
POL007040,CUST01654,AG081,Marine,East,2025-07-18,2026-07-18,152143.0,4868576,Renewed,Rachana Goswami,Bangalore,Tripura,East_Travel.xlsx,365,Very High,OK
POL006334,CUST01468,AG044,Home,East,2025-07-18,2026-07-18,18124.0,1069316,Renewed,Advika Shenoy,Jaipur,Uttar Pradesh,East_Travel.xlsx,365,Medium,OK
POL006312,CUST01243,AG061,Travel,East,2025-07-17,2026-07-17,6635.0,245495,Expired,Yatin Manda,Ahmedabad,Jharkhand,East_Travel.xlsx,365,Low,OK
POL006274,CUST00028,AG015,Travel,East,2025-07-17,2026-07-17,14674.0,616308,Active,Amaira Ratta,Jaipur,Rajasthan,East_Travel.xlsx,365,Medium,OK
POL007732,CUST00235,AG097,Home,East,2025-07-17,2026-07-17,63389.0,2725727,Renewed,Indali Raval,Chandigarh,Telangana,East_Travel.xlsx,365,High,OK
POL002135,CUST01590,AG068,Travel,East,2025-07-16,2026-07-16,6530.0,502810,Active,Aarav Shukla,Delhi,Goa,East_Travel.xlsx,365,Low,OK
POL004322,CUST02668,AG044,Home,East,2025-07-16,2026-07-16,35902.0,6888900,Expired,Neel Bedi,Chennai,Tripura,East_Travel.xlsx,365,Medium,OK
POL004339,CUST02800,AG050,Home,East,2025-07-14,2026-07-14,15817.0,901569,Active,Jeevika Chowdhury,Delhi,Goa,East_Travel.xlsx,365,Medium,OK
POL004471,CUST00609,AG018,Travel,East,2025-07-14,2026-07-14,14748.0,796392,Expired,Balhaar Naidu,Kolkata,Kerala,East_Travel.xlsx,365,Medium,OK
POL008925,CUST01856,AG055,Home,East,2025-07-13,2026-07-13,56870.0,4037770,Cancelled,Amrita Gole,Mumbai,Andhra Pradesh,East_Travel.xlsx,365,High,OK
POL009564,CUST00275,AG084,Home,East,2025-07-13,2026-07-13,34590.0,2109990,Renewed,Mekhala Aggarwal,Ahmedabad,Chhattisgarh,East_Travel.xlsx,365,Medium,OK
POL006761,CUST02221,AG094,Home,East,2025-07-12,2026-07-12,66177.0,1455894,Lapsed,Harini Bhandari,Patna,Tamil Nadu,East_Travel.xlsx,365,High,OK
POL006783,CUST01508,AG079,Motor,East,2025-07-12,2026-07-12,17855.0,357100,Expired,Jonathan Ray,Pune,West Bengal,East_Travel.xlsx,365,Medium,OK
POL008967,CUST00812,AG079,Motor,East,2025-07-12,2026-07-12,33426.0,2473524,Lapsed,Yashodhara Handa,Mumbai,Tamil Nadu,East_Travel.xlsx,365,Medium,OK
POL000457,CUST02782,AG066,Home,East,2025-07-12,2026-07-12,25468.0,2164780,Active,Riya Badal,Hyderabad,West Bengal,East_Travel.xlsx,365,Medium,OK
POL007087,CUST01216,AG069,Motor,East,2025-07-10,2026-07-10,16278.0,1123182,Lapsed,Ekantika Agate,Bangalore,Punjab,East_Travel.xlsx,365,Medium,OK
POL006452,CUST00747,AG088,Travel,East,2025-07-10,2026-07-10,14712.0,765024,Cancelled,Janani Dhar,Bhubaneswar,Bihar,East_Travel.xlsx,365,Medium,OK
POL004878,CUST01447,AG047,Motor,East,2025-07-09,2026-07-09,30941.0,990112,Active,Advik Kulkarni,Delhi,Tripura,East_Travel.xlsx,365,Medium,OK
POL006447,CUST00425,AG016,Commercial Property,East,2025-07-09,2026-07-09,762234.0,67076592,Cancelled,Henry Ganesh,Jaipur,Chhattisgarh,East_Travel.xlsx,365,Ultra High,OK
POL007857,CUST02236,AG044,Home,East,2025-07-08,2026-07-08,13621.0,1171406,Lapsed,Nirja Golla,Chandigarh,Himachal Pradesh,East_Travel.xlsx,365,Medium,OK
POL002979,CUST00049,AG068,Commercial Property,East,2025-07-06,2026-07-06,553356.0,35968140,Lapsed,Naveen Parikh,Mumbai,Assam,East_Travel.xlsx,365,Ultra High,OK
POL004614,CUST01081,AG003,Motor,East,2025-07-06,2026-07-06,35902.0,392320,Active,Arin Saha,Mumbai,Nagaland,East_Travel.xlsx,365,Medium,OK
POL006092,CUST01718,AG119,Travel,East,2025-07-06,2026-07-06,1294.0,126812,Lapsed,Varenya Buch,Patna,Meghalaya,East_Travel.xlsx,365,Low,OK
POL007531,CUST02006,AG116,Motor,East,2025-07-06,2026-07-06,25512.0,1122528,Lapsed,Ekapad Nazareth,Pune,Gujarat,East_Travel.xlsx,365,Medium,OK
POL008995,CUST02015,AG064,Commercial Property,East,2025-07-05,2026-07-05,415962.0,16222518,Active,Krish Prasad,Chandigarh,Rajasthan,East_Travel.xlsx,365,Very High,OK
POL005204,CUST02147,AG069,Motor,East,2025-07-04,2026-07-04,9960.0,468120,Active,Max Bath,Chandigarh,West Bengal,East_Travel.xlsx,365,Low,OK
POL000689,CUST02528,AG003,Marine,East,2025-07-03,2026-07-03,144376.0,6641296,Expired,Chaitaly Tank,Bhubaneswar,Himachal Pradesh,East_Travel.xlsx,365,Very High,OK
POL003224,CUST02068,AG020,Travel,East,2025-07-02,2026-07-02,18667.0,970684,Expired,Udant Oak,Bangalore,Nagaland,East_Travel.xlsx,365,Medium,OK
POL003461,CUST00088,AG114,Commercial Property,East,2025-07-01,2026-07-01,671350.0,32224800,Expired,Gaurang Bora,Pune,Telangana,East_Travel.xlsx,365,Ultra High,OK
POL005277,CUST01646,AG043,Commercial Property,East,2025-07-01,2026-07-01,684847.0,51363525,Active,Chaman Sarraf,Mumbai,Arunachal Pradesh,East_Travel.xlsx,365,Ultra High,OK
POL007291,CUST00700,AG031,Commercial Property,East,2025-06-30,2026-06-30,453583.0,42183219,Active,Nachiket Sachdeva,Jaipur,Andhra Pradesh,East_Travel.xlsx,365,Very High,OK
POL004003,CUST00117,AG119,Marine,East,2025-06-30,2026-06-30,82683.0,6780006,Active,Xavier Mani,Jaipur,West Bengal,East_Travel.xlsx,365,High,OK
POL005713,CUST00340,AG050,Commercial Property,East,2025-06-29,2026-06-29,936683.0,57137663,Renewed,Mahika Chanda,Kolkata,Nagaland,East_Travel.xlsx,365,Ultra High,OK
POL008044,CUST01066,AG114,Marine,East,2025-06-29,2026-06-29,124171.0,8071115,Cancelled,Ikshita Chaudhuri,Bangalore,Assam,East_Travel.xlsx,365,Very High,OK
POL009817,CUST01234,AG115,Home,East,2025-06-28,2026-06-28,66478.0,4254592,Active,Maanav Narula,Jaipur,Mizoram,East_Travel.xlsx,365,High,OK
POL008993,CUST00733,AG113,Home,East,2025-06-26,2026-06-26,37026.0,3406392,Lapsed,Zarna Mitra,Chandigarh,Sikkim,East_Travel.xlsx,365,Medium,OK
POL005200,CUST01512,AG049,Marine,East,2025-06-25,2026-06-25,49596.0,3670104,Renewed,Aadi Solanki,Delhi,West Bengal,East_Travel.xlsx,365,Medium,OK
POL000012,CUST01201,AG019,Motor,East,2025-06-24,2026-06-24,10194.0,764550,Cancelled,Unknown,Pune,West Bengal,East_Travel.xlsx,365,Medium,Review
POL001475,CUST01770,AG069,Commercial Property,East,2025-06-23,2026-06-23,853036.0,68242880,Renewed,Onkar Doctor,Chennai,Jharkhand,East_Travel.xlsx,365,Ultra High,OK
POL005379,CUST02201,AG052,Travel,East,2025-06-23,2026-06-23,6602.0,343304,Expired,Gautam Srinivas,Pune,Arunachal Pradesh,East_Travel.xlsx,365,Low,OK
POL005580,CUST01865,AG077,Motor,East,2025-06-23,2026-06-23,34304.0,1543680,Active,Michael Sehgal,Bangalore,Manipur,East_Travel.xlsx,365,Medium,OK
POL000525,CUST02399,AG017,Home,East,2025-06-22,2026-06-22,32283.0,1162188,Active,Ekanta Malhotra,Chandigarh,Haryana,East_Travel.xlsx,365,Medium,OK
POL006671,CUST02713,AG052,Marine,East,2025-06-21,2026-06-21,117644.0,11646756,Lapsed,Ikshita Dyal,Patna,West Bengal,East_Travel.xlsx,365,Very High,OK
POL000324,CUST02664,AG005,Home,East,2025-06-21,2026-06-21,48388.0,2129072,Cancelled,Vedant Sharaf,Patna,Bihar,East_Travel.xlsx,365,Medium,OK
POL005354,CUST00374,AG011,Travel,East,2025-06-19,2026-06-19,19124.0,1300432,Renewed,Isaac Bajaj,Delhi,Madhya Pradesh,East_Travel.xlsx,365,Medium,OK
POL004569,CUST02489,AG022,Travel,East,2025-06-17,2026-06-17,4641.0,264537,Lapsed,Siya Mallick,Delhi,Bihar,East_Travel.xlsx,365,Low,OK
POL008862,CUST02229,AG094,Marine,East,2025-06-17,2026-06-17,59997.0,1619919,Renewed,Amara Venkataraman,Kolkata,Tripura,East_Travel.xlsx,365,High,OK
POL006840,CUST01930,AG104,Home,East,2025-06-16,2026-06-16,61254.0,1286334,Cancelled,Mohini Dhar,Ahmedabad,Mizoram,East_Travel.xlsx,365,High,OK
POL002970,CUST01971,AG034,Motor,East,2025-06-16,2026-06-16,17133.0,582522,Cancelled,Samarth Desai,Patna,Goa,East_Travel.xlsx,365,Medium,OK
POL003737,CUST00442,AG016,Motor,East,2025-06-15,2026-06-15,37348.0,2390272,Cancelled,David Buch,Delhi,Haryana,East_Travel.xlsx,365,Medium,OK
POL004526,CUST00063,AG113,Motor,East,2025-06-15,2026-06-15,39633.0,1228623,Expired,Maya Mani,Patna,Maharashtra,East_Travel.xlsx,365,Medium,OK
POL005110,CUST00159,AG019,Commercial Property,East,2025-06-14,2026-06-14,464823.0,32072787,Lapsed,Jackson Yadav,Delhi,Assam,East_Travel.xlsx,365,Very High,OK
POL009864,CUST02879,AG081,Commercial Property,East,2025-06-14,2026-06-14,120995.0,3024875,Cancelled,Omya Agarwal,Kolkata,Gujarat,East_Travel.xlsx,365,Very High,OK
POL007571,CUST00302,AG066,Commercial Property,East,2025-06-11,2026-06-11,158893.0,7309078,Active,Eshana Hayer,Jaipur,Haryana,East_Travel.xlsx,365,Very High,OK
POL002917,CUST01646,AG101,Marine,East,2025-06-11,2026-06-11,42365.0,2499535,Cancelled,Chaman Sarraf,Mumbai,Arunachal Pradesh,East_Travel.xlsx,365,Medium,OK
POL008317,CUST01955,AG022,Marine,East,2025-06-11,2026-06-11,21229.0,700557,Renewed,Vamakshi Balasubramanian,Jaipur,Uttarakhand,East_Travel.xlsx,365,Medium,OK
POL008035,CUST02281,AG030,Motor,East,2025-06-11,2026-06-11,17209.0,1325093,Expired,Arya Taneja,Patna,Madhya Pradesh,East_Travel.xlsx,365,Medium,OK
POL005208,CUST00441,AG021,Travel,East,2025-06-10,2026-06-10,7087.0,602395,Renewed,Balhaar Varkey,Pune,Uttar Pradesh,East_Travel.xlsx,365,Low,OK
POL004416,CUST02364,AG026,Travel,East,2025-06-09,2026-06-09,19808.0,1723296,Renewed,Wriddhish Oommen,Bangalore,Kerala,East_Travel.xlsx,365,Medium,OK
POL004517,CUST01300,AG085,Travel,East,2025-06-09,2026-06-09,35902.0,447755,Lapsed,Yashoda Bhavsar,Chennai,Bihar,East_Travel.xlsx,365,Medium,OK
POL006659,CUST00400,AG103,Travel,East,2025-06-08,2026-06-08,17780.0,1066800,Cancelled,Wriddhish Lad,Chandigarh,Odisha,East_Travel.xlsx,365,Medium,OK
POL000561,CUST00699,AG021,Home,East,2025-06-07,2026-06-07,37645.0,2446925,Lapsed,Jack Acharya,Mumbai,Uttar Pradesh,East_Travel.xlsx,365,Medium,OK
POL006735,CUST01392,AG074,Commercial Property,East,2025-06-07,2026-06-07,378283.0,18535867,Expired,Orinder Dass,Jaipur,Arunachal Pradesh,East_Travel.xlsx,365,Very High,OK
POL003008,CUST02479,AG019,Home,East,2025-06-07,2026-06-07,35902.0,517440,Renewed,Yashoda Wable,Mumbai,Sikkim,East_Travel.xlsx,365,Medium,OK
POL003429,CUST02756,AG035,Travel,East,2025-06-07,2026-06-07,2421.0,239679,Active,Ryan Bobal,Hyderabad,Meghalaya,East_Travel.xlsx,365,Low,OK
POL006543,CUST01843,AG029,Motor,East,2025-06-07,2026-06-07,22394.0,1343640,Expired,Vedika Nagi,Chandigarh,Telangana,East_Travel.xlsx,365,Medium,OK
POL004919,CUST02888,AG114,Travel,East,2025-06-07,2026-06-07,6030.0,283410,Active,Tejas Kakar,Chennai,Nagaland,East_Travel.xlsx,365,Low,OK
POL009118,CUST01093,AG093,Travel,East,2025-06-05,2026-06-05,3667.0,308028,Active,Daniel Ghose,Pune,Meghalaya,East_Travel.xlsx,365,Low,OK
POL002052,CUST00752,AG096,Motor,East,2025-06-05,2026-06-05,25181.0,1133145,Renewed,Anita Gupta,Delhi,Haryana,East_Travel.xlsx,365,Medium,OK
POL007220,CUST02120,AG027,Marine,East,2025-06-03,2026-06-03,154478.0,5097774,Active,Ubika Malhotra,Kolkata,Kerala,East_Travel.xlsx,365,Very High,OK
POL005745,CUST02415,AG101,Travel,East,2025-06-02,2026-06-02,12777.0,447195,Lapsed,Abha Chaudhary,Patna,Kerala,East_Travel.xlsx,365,Medium,OK
POL009952,CUST01800,AG076,Marine,East,2025-06-02,2026-06-02,75375.0,4221000,Renewed,Yatin Dua,Chandigarh,Chhattisgarh,East_Travel.xlsx,365,High,OK
POL000866,CUST02317,AG079,Marine,East,2025-06-01,2026-06-01,93997.0,6861781,Renewed,Lavanya Chandra,Hyderabad,Chhattisgarh,East_Travel.xlsx,365,High,OK
POL004547,CUST01802,AG097,Commercial Property,East,2025-06-01,2026-06-01,787422.0,31496880,Cancelled,Karan Bumb,Delhi,Sikkim,East_Travel.xlsx,365,Ultra High,OK
POL009719,CUST01423,AG051,Commercial Property,East,2025-06-01,2026-06-01,562402.0,48928974,Expired,Dipta Dewan,Bangalore,Madhya Pradesh,East_Travel.xlsx,365,Ultra High,OK
POL000717,CUST02574,AG023,Commercial Property,East,2025-05-30,2026-05-30,122816.0,12281600,Cancelled,Upadhriti Muni,Jaipur,Uttar Pradesh,East_Travel.xlsx,365,Very High,OK
POL002493,CUST01184,AG022,Marine,East,2025-05-30,2026-05-30,107149.0,3214470,Lapsed,Elijah Karnik,Bhubaneswar,Tamil Nadu,East_Travel.xlsx,365,Very High,OK
POL008447,CUST01639,AG028,Travel,East,2025-05-30,2026-05-30,35902.0,428376,Renewed,Chaitanya Sahota,Jaipur,Himachal Pradesh,East_Travel.xlsx,365,Medium,OK
POL003827,CUST00610,AG079,Motor,East,2025-05-29,2026-05-29,36036.0,2666664,Cancelled,Yuvraj Kumer,Chennai,Punjab,East_Travel.xlsx,365,Medium,OK
POL008938,CUST00664,AG095,Travel,East,2025-05-29,2026-05-29,1993.0,53811,Lapsed,Geetika Upadhyay,Jaipur,Punjab,East_Travel.xlsx,365,Low,OK
POL008637,CUST01509,AG015,Motor,East,2025-05-29,2026-05-29,39071.0,1680053,Renewed,Vedant Saini,Pune,Andhra Pradesh,East_Travel.xlsx,365,Medium,OK
POL000865,CUST02724,AG031,Travel,East,2025-05-29,2026-05-29,18549.0,575019,Expired,Urvi Narang,Bhubaneswar,Uttar Pradesh,East_Travel.xlsx,365,Medium,OK
POL000274,CUST00880,AG092,Marine,East,2025-05-27,2026-05-27,37306.0,3432152,Lapsed,Yuvraj Dayal,Hyderabad,Uttarakhand,East_Travel.xlsx,365,Medium,OK
POL006296,CUST01932,AG084,Travel,East,2025-05-27,2026-05-27,5125.0,133250,Expired,Jyoti Buch,Delhi,Punjab,East_Travel.xlsx,365,Low,OK
POL007783,CUST00425,AG039,Travel,East,2025-05-27,2026-05-27,10337.0,506513,Lapsed,Henry Ganesh,Jaipur,Chhattisgarh,East_Travel.xlsx,365,Medium,OK
POL009086,CUST00393,AG119,Motor,East,2025-05-27,2026-05-27,18964.0,1441264,Active,Gabriel Agate,Ahmedabad,Telangana,East_Travel.xlsx,365,Medium,OK
POL002393,CUST02706,AG059,Motor,East,2025-05-27,2026-05-27,13336.0,533440,Active,Banjeet Deo,Hyderabad,Madhya Pradesh,East_Travel.xlsx,365,Medium,OK
POL005231,CUST01152,AG022,Marine,East,2025-05-26,2026-05-26,172677.0,8288496,Expired,Veer Nath,Hyderabad,Gujarat,East_Travel.xlsx,365,Very High,OK
POL006805,CUST01614,AG061,Home,East,2025-05-26,2026-05-26,39461.0,1933589,Expired,Baljiwan Jain,Bhubaneswar,Gujarat,East_Travel.xlsx,365,Medium,OK
POL006503,CUST02720,AG034,Home,East,2025-05-25,2026-05-25,22737.0,1023165,Expired,Krisha Tella,Chennai,Punjab,East_Travel.xlsx,365,Medium,OK
POL006318,CUST00349,AG096,Marine,East,2025-05-25,2026-05-25,188454.0,18280038,Active,Hredhaan Jain,Hyderabad,Bihar,East_Travel.xlsx,365,Very High,OK
POL008829,CUST00310,AG062,Marine,East,2025-05-25,2026-05-25,142206.0,12229716,Renewed,Vivaan Swamy,Pune,Meghalaya,East_Travel.xlsx,365,Very High,OK
POL005675,CUST01230,AG098,Travel,East,2025-05-25,2026-05-25,35902.0,261440,Expired,Bakhshi Badami,Chandigarh,Haryana,East_Travel.xlsx,365,Medium,OK
POL005528,CUST01557,AG022,Motor,East,2025-05-24,2026-05-24,35902.0,574616,Active,Hiral Grover,Hyderabad,Rajasthan,East_Travel.xlsx,365,Medium,OK
POL006898,CUST00008,AG055,Commercial Property,East,2025-05-24,2026-05-24,35902.0,21790384,Expired,Falguni Bhargava,Mumbai,Mizoram,East_Travel.xlsx,365,Medium,OK
POL006965,CUST02286,AG060,Travel,East,2025-05-24,2026-05-24,11679.0,268617,Active,Garima Chad,Chandigarh,Uttar Pradesh,East_Travel.xlsx,365,Medium,OK
POL000893,CUST01901,AG091,Home,East,2025-05-24,2026-05-24,64699.0,5370017,Renewed,Abeer Desai,Chandigarh,Tripura,East_Travel.xlsx,365,High,OK
POL006946,CUST02713,AG077,Motor,East,2025-05-23,2026-05-23,6946.0,375084,Active,Ikshita Dyal,Patna,West Bengal,East_Travel.xlsx,365,Low,OK
POL008629,CUST01931,AG120,Home,East,2025-05-23,2026-05-23,47297.0,3405384,Expired,David Desai,Bhubaneswar,Mizoram,East_Travel.xlsx,365,Medium,OK
POL000046,CUST02517,AG001,Marine,East,2025-05-22,2026-05-22,172794.0,7602936,Expired,Idika Chauhan,Bhubaneswar,Uttar Pradesh,East_Travel.xlsx,365,Very High,OK
POL006367,CUST00343,AG043,Travel,East,2025-05-22,2026-05-22,1327.0,65023,Expired,Widisha Chad,Patna,Haryana,East_Travel.xlsx,365,Low,OK
POL007442,CUST00036,AG096,Motor,East,2025-05-22,2026-05-22,27927.0,1312569,Cancelled,Gaurangi Kara,Bangalore,Himachal Pradesh,East_Travel.xlsx,365,Medium,OK
POL003587,CUST01540,AG037,Home,East,2025-05-22,2026-05-22,26009.0,702243,Lapsed,Unnati Hegde,Jaipur,Uttar Pradesh,East_Travel.xlsx,365,Medium,OK
POL001366,CUST02332,AG055,Commercial Property,East,2025-05-21,2026-05-21,310821.0,30149637,Renewed,Jacob Padmanabhan,Jaipur,Odisha,East_Travel.xlsx,365,Very High,OK
POL001362,CUST01055,AG027,Home,East,2025-05-21,2026-05-21,43310.0,3464800,Cancelled,Atharv Dhar,Chandigarh,Tamil Nadu,East_Travel.xlsx,365,Medium,OK
POL003174,CUST02044,AG089,Commercial Property,East,2025-05-21,2026-05-21,499406.0,27966736,Active,Chakrika Dixit,Ahmedabad,Tamil Nadu,East_Travel.xlsx,365,Very High,OK
POL009909,CUST00921,AG005,Home,East,2025-05-21,2026-05-21,15359.0,691155,Cancelled,Pahal Gandhi,Chennai,Andhra Pradesh,East_Travel.xlsx,365,Medium,OK
POL008383,CUST00878,AG067,Home,East,2025-05-20,2026-05-20,35902.0,2662884,Lapsed,Hardik Lala,Delhi,Chhattisgarh,East_Travel.xlsx,365,Medium,OK
POL000073,CUST02099,AG100,Travel,East,2025-05-19,2026-05-19,15168.0,1076928,Expired,Samesh Sandhu,Mumbai,Uttar Pradesh,East_Travel.xlsx,365,Medium,OK
POL005168,CUST02217,AG093,Motor,East,2025-05-18,2026-05-18,35872.0,825056,Expired,Daksh Lata,Kolkata,Telangana,East_Travel.xlsx,365,Medium,OK
POL005743,CUST02651,AG099,Travel,East,2025-05-18,2026-05-18,4369.0,126701,Lapsed,Bahadurjit Kannan,Ahmedabad,Kerala,East_Travel.xlsx,365,Low,OK
POL005252,CUST00774,AG051,Commercial Property,East,2025-05-17,2026-05-17,590228.0,55481432,Expired,Deepa Shankar,Chandigarh,Chhattisgarh,East_Travel.xlsx,365,Ultra High,OK
POL009455,CUST01786,AG055,Home,East,2025-05-17,2026-05-17,22104.0,552600,Active,Anmol Chander,Pune,Karnataka,East_Travel.xlsx,365,Medium,OK
POL009642,CUST02412,AG003,Commercial Property,East,2025-05-16,2026-05-16,287263.0,24991881,Renewed,Wazir Kapur,Delhi,Uttarakhand,East_Travel.xlsx,365,Very High,OK
POL009110,CUST00215,AG120,Motor,East,2025-05-16,2026-05-16,17219.0,1033140,Renewed,Charita Tata,Mumbai,Kerala,East_Travel.xlsx,365,Medium,OK
POL002105,CUST01913,AG088,Commercial Property,East,2025-05-16,2026-05-16,727926.0,53138598,Lapsed,Manan Sarin,Mumbai,Himachal Pradesh,East_Travel.xlsx,365,Ultra High,OK
POL002045,CUST01057,AG022,Marine,East,2025-05-16,2026-05-16,164830.0,4780070,Lapsed,Zayan Aurora,Patna,Odisha,East_Travel.xlsx,365,Very High,OK
POL006144,CUST02785,AG040,Travel,East,2025-05-16,2026-05-16,9765.0,732375,Cancelled,Gagan Sastry,Jaipur,Gujarat,East_Travel.xlsx,365,Low,OK
POL005943,CUST01387,AG002,Home,East,2025-05-16,2026-05-16,64087.0,4742438,Expired,Vasatika Jaggi,Patna,Tripura,East_Travel.xlsx,365,High,OK
POL000916,CUST00193,AG083,Travel,East,2025-05-15,2026-05-15,4832.0,396224,Renewed,Deepa Shukla,Kolkata,Madhya Pradesh,East_Travel.xlsx,365,Low,OK
POL009298,CUST00794,AG038,Commercial Property,East,2025-05-15,2026-05-15,236400.0,9456000,Cancelled,Vivaan Dubey,Jaipur,Bihar,East_Travel.xlsx,365,Very High,OK
POL008642,CUST02292,AG095,Marine,East,2025-05-14,2026-05-14,158305.0,15038975,Active,Nathan Shetty,Bangalore,Chhattisgarh,East_Travel.xlsx,365,Very High,OK
POL005478,CUST00600,AG111,Home,East,2025-05-14,2026-05-14,14635.0,834195,Renewed,Utkarsh Walla,Pune,Tamil Nadu,East_Travel.xlsx,365,Medium,OK
POL008329,CUST01447,AG087,Commercial Property,East,2025-05-14,2026-05-14,35902.0,10604451,Cancelled,Advik Kulkarni,Delhi,Tripura,East_Travel.xlsx,365,Medium,OK
POL008077,CUST01548,AG051,Marine,East,2025-05-12,2026-05-12,35902.0,9984968,Cancelled,Varsha Chakrabarti,Patna,Andhra Pradesh,East_Travel.xlsx,365,Medium,OK
POL008354,CUST02763,AG003,Motor,East,2025-05-11,2026-05-11,38161.0,2365982,Cancelled,Nidra Ramaswamy,Ahmedabad,Tripura,East_Travel.xlsx,365,Medium,OK
POL003390,CUST00809,AG036,Motor,East,2025-05-11,2026-05-11,24287.0,1481507,Cancelled,Samar Contractor,Pune,Tripura,East_Travel.xlsx,365,Medium,OK
POL009368,CUST01085,AG064,Commercial Property,East,2025-05-11,2026-05-11,958034.0,51733836,Renewed,Aahana Natt,Pune,Maharashtra,East_Travel.xlsx,365,Ultra High,OK
POL004828,CUST00033,AG120,Marine,East,2025-05-10,2026-05-10,35902.0,12963790,Renewed,Turvi Iyer,Chennai,Chhattisgarh,East_Travel.xlsx,365,Medium,OK
POL002304,CUST02875,AG011,Commercial Property,East,2025-05-10,2026-05-10,880583.0,77491304,Cancelled,Irya Lanka,Delhi,Kerala,East_Travel.xlsx,365,Ultra High,OK
POL009646,CUST01964,AG025,Home,East,2025-05-09,2026-05-09,33622.0,2891492,Renewed,Girindra Srinivas,Jaipur,Andhra Pradesh,East_Travel.xlsx,365,Medium,OK
POL000397,CUST01280,AG072,Travel,East,2025-05-08,2026-05-08,19808.0,1208288,Cancelled,Parth Sampath,Ahmedabad,Uttarakhand,East_Travel.xlsx,365,Medium,OK
POL005976,CUST02390,AG026,Motor,East,2025-05-08,2026-05-08,39212.0,2744840,Expired,Kashish Bandi,Delhi,Nagaland,East_Travel.xlsx,365,Medium,OK
POL005250,CUST01069,AG003,Marine,East,2025-05-08,2026-05-08,77137.0,3548302,Cancelled,Radha Comar,Bangalore,Sikkim,East_Travel.xlsx,365,High,OK
POL000045,CUST02343,AG012,Home,East,2025-05-08,2026-05-08,52481.0,1312025,Expired,Thomas Tara,Chennai,Goa,East_Travel.xlsx,365,High,OK
POL009923,CUST01176,AG017,Motor,East,2025-05-07,2026-05-07,27555.0,1983960,Active,Andrew Lad,Delhi,Gujarat,East_Travel.xlsx,365,Medium,OK
POL008239,CUST02244,AG117,Marine,East,2025-05-07,2026-05-07,107301.0,9227886,Renewed,Brinda Ray,Bhubaneswar,Uttar Pradesh,East_Travel.xlsx,365,Very High,OK
POL008364,CUST02669,AG117,Commercial Property,East,2025-05-07,2026-05-07,981732.0,33378888,Active,Jagdish Srinivasan,Kolkata,Jharkhand,East_Travel.xlsx,365,Ultra High,OK
POL001076,CUST00021,AG023,Travel,East,2025-05-06,2026-05-06,15031.0,796643,Lapsed,Maanav Mody,Ahmedabad,Meghalaya,East_Travel.xlsx,365,Medium,OK
POL000886,CUST02090,AG070,Marine,East,2025-05-06,2026-05-06,124885.0,4745630,Active,Manbir Rattan,Mumbai,Uttar Pradesh,East_Travel.xlsx,365,Very High,OK
POL006500,CUST02511,AG027,Motor,East,2025-05-06,2026-05-06,18047.0,1118914,Lapsed,Unknown,Patna,Assam,East_Travel.xlsx,365,Medium,Review
POL005198,CUST02241,AG010,Commercial Property,East,2025-05-06,2026-05-06,605395.0,32691330,Renewed,Oscar Varkey,Jaipur,Manipur,East_Travel.xlsx,365,Ultra High,OK
POL006468,CUST01874,AG021,Home,East,2025-05-05,2026-05-05,66752.0,5273408,Expired,Sai Iyengar,Patna,Uttarakhand,East_Travel.xlsx,365,High,OK
POL006445,CUST01049,AG094,Motor,East,2025-05-05,2026-05-05,24608.0,2337760,Active,Hiral Natarajan,Delhi,Madhya Pradesh,East_Travel.xlsx,365,Medium,OK
POL008772,CUST02387,AG101,Motor,East,2025-05-05,2026-05-05,19321.0,1758211,Active,Qasim Chada,Ahmedabad,Arunachal Pradesh,East_Travel.xlsx,365,Medium,OK
POL004551,CUST02773,AG111,Motor,East,2025-05-05,2026-05-05,31092.0,3078108,Active,Laban Setty,Delhi,Punjab,East_Travel.xlsx,365,Medium,OK
POL007880,CUST02940,AG045,Motor,East,2025-05-04,2026-05-04,35768.0,2432224,Expired,Faraj Narasimhan,Patna,Haryana,East_Travel.xlsx,365,Medium,OK
POL007563,CUST00128,AG108,Commercial Property,East,2025-05-03,2026-05-03,375709.0,27426757,Lapsed,Aarnav Nori,Pune,Karnataka,East_Travel.xlsx,365,Very High,OK
POL009063,CUST01287,AG078,Motor,East,2025-05-03,2026-05-03,14034.0,1305162,Expired,Unknown,Ahmedabad,Mizoram,East_Travel.xlsx,365,Medium,Review
POL008040,CUST00315,AG052,Travel,East,2025-05-02,2026-05-02,5780.0,312120,Expired,Isaac Andra,Bhubaneswar,Andhra Pradesh,East_Travel.xlsx,365,Low,OK
POL007920,CUST01548,AG065,Travel,East,2025-05-02,2026-05-02,2543.0,172924,Renewed,Varsha Chakrabarti,Patna,Andhra Pradesh,East_Travel.xlsx,365,Low,OK
POL000337,CUST01815,AG044,Marine,East,2025-05-01,2026-05-01,115469.0,10161272,Active,Mekhala Sampath,Hyderabad,Uttar Pradesh,East_Travel.xlsx,365,Very High,OK
POL001810,CUST02501,AG119,Travel,East,2025-04-30,2026-04-30,1139.0,42143,Lapsed,Tanish Din,Delhi,Haryana,East_Travel.xlsx,365,Low,OK
POL006963,CUST02535,AG034,Travel,East,2025-04-30,2026-04-30,10720.0,1039840,Lapsed,Yamini Kale,Chennai,Uttar Pradesh,East_Travel.xlsx,365,Medium,OK
POL004182,CUST02276,AG020,Home,East,2025-04-30,2026-04-30,36730.0,3085320,Active,Pranav Naik,Kolkata,Himachal Pradesh,East_Travel.xlsx,365,Medium,OK
POL000657,CUST01548,AG104,Motor,East,2025-04-29,2026-04-29,21342.0,1109784,Cancelled,Varsha Chakrabarti,Patna,Andhra Pradesh,East_Travel.xlsx,365,Medium,OK
POL000913,CUST02205,AG076,Commercial Property,East,2025-04-29,2026-04-29,955841.0,61173824,Active,Priya Iyer,Bangalore,Manipur,East_Travel.xlsx,365,Ultra High,OK
POL005682,CUST02340,AG098,Home,East,2025-04-28,2026-04-28,44104.0,2734448,Renewed,Girindra Karnik,Jaipur,Tamil Nadu,East_Travel.xlsx,365,Medium,OK
POL002425,CUST00754,AG114,Commercial Property,East,2025-04-27,2026-04-27,217516.0,7830576,Cancelled,Gabriel Bobal,Hyderabad,Andhra Pradesh,East_Travel.xlsx,365,Very High,OK
POL005307,CUST01313,AG005,Commercial Property,East,2025-04-27,2026-04-27,504601.0,48441696,Lapsed,Varenya Lad,Bhubaneswar,Karnataka,East_Travel.xlsx,365,Ultra High,OK
POL000892,CUST02471,AG102,Home,East,2025-04-26,2026-04-26,47994.0,4319460,Expired,Eshana Pau,Patna,Odisha,East_Travel.xlsx,365,Medium,OK
POL001529,CUST01061,AG015,Commercial Property,East,2025-04-24,2026-04-24,635750.0,57853250,Renewed,Victor Golla,Hyderabad,Arunachal Pradesh,East_Travel.xlsx,365,Ultra High,OK
POL006635,CUST02581,AG003,Motor,East,2025-04-23,2026-04-23,23384.0,1707032,Renewed,Rachit Deol,Bangalore,Nagaland,East_Travel.xlsx,365,Medium,OK
POL005747,CUST00725,AG098,Motor,East,2025-04-23,2026-04-23,36248.0,1196184,Active,Ojasvi Rau,Ahmedabad,Himachal Pradesh,East_Travel.xlsx,365,Medium,OK
POL005567,CUST01219,AG120,Travel,East,2025-04-23,2026-04-23,8046.0,160920,Lapsed,Siddharth Taneja,Mumbai,Uttarakhand,East_Travel.xlsx,365,Low,OK
POL000330,CUST00509,AG079,Marine,East,2025-04-22,2026-04-22,192990.0,7140630,Lapsed,Tamanna Nori,Bhubaneswar,Jharkhand,East_Travel.xlsx,365,Very High,OK
POL008290,CUST00819,AG037,Commercial Property,East,2025-04-22,2026-04-22,471888.0,21234960,Active,Ekanta Deol,Mumbai,Manipur,East_Travel.xlsx,365,Very High,OK
POL001367,CUST01927,AG052,Marine,East,2025-04-22,2026-04-22,177532.0,11006984,Active,Deepa Batta,Bhubaneswar,Manipur,East_Travel.xlsx,365,Very High,OK
POL007036,CUST01801,AG096,Motor,East,2025-04-21,2026-04-21,16666.0,499980,Active,Luke Bahri,Kolkata,West Bengal,East_Travel.xlsx,365,Medium,OK
nan,CUST01883,AG079,Motor,North,2025-04-21,2026-04-21,35902.0,866494,Expired,Unknown,Patna,Karnataka,North_Motor.xlsx,365,Medium,Review
POL007138,CUST01956,AG089,Travel,East,2025-04-20,2026-04-20,17808.0,373968,Active,Sarthak Apte,Chennai,West Bengal,East_Travel.xlsx,365,Medium,OK
POL007250,CUST02317,AG016,Commercial Property,East,2025-04-20,2026-04-20,185822.0,11520964,Cancelled,Lavanya Chandra,Hyderabad,Chhattisgarh,East_Travel.xlsx,365,Very High,OK
POL008752,CUST02609,AG066,Commercial Property,East,2025-04-19,2026-04-19,834544.0,83454400,Renewed,Dhruv Ramakrishnan,Ahmedabad,Gujarat,East_Travel.xlsx,365,Ultra High,OK
POL009635,CUST02396,AG011,Commercial Property,East,2025-04-19,2026-04-19,660546.0,54825318,Renewed,Vihaan Din,Bhubaneswar,Meghalaya,East_Travel.xlsx,365,Ultra High,OK
POL000750,CUST01442,AG060,Home,East,2025-04-18,2026-04-18,52153.0,4380852,Active,Jason Kata,Ahmedabad,Andhra Pradesh,East_Travel.xlsx,365,High,OK
POL001105,CUST00306,AG055,Marine,East,2025-04-18,2026-04-18,74926.0,2023002,Renewed,Aarini Varty,Mumbai,Himachal Pradesh,East_Travel.xlsx,365,High,OK
POL004310,CUST02514,AG120,Motor,East,2025-04-17,2026-04-17,21584.0,1532464,Cancelled,Tanmayi Chana,Hyderabad,Himachal Pradesh,East_Travel.xlsx,365,Medium,OK
POL006061,CUST00591,AG028,Marine,East,2025-04-17,2026-04-17,146699.0,3227378,Renewed,Ekansh Bhavsar,Kolkata,Andhra Pradesh,East_Travel.xlsx,365,Very High,OK
POL005239,CUST02518,AG003,Motor,East,2025-04-16,2026-04-16,9802.0,813566,Active,Abdul Sidhu,Hyderabad,Meghalaya,East_Travel.xlsx,365,Low,OK
POL003517,CUST01600,AG026,Home,East,2025-04-16,2026-04-16,28077.0,2555007,Lapsed,Pranav Subramanian,Bhubaneswar,Uttar Pradesh,East_Travel.xlsx,365,Medium,OK
POL008757,CUST00605,AG100,Commercial Property,East,2025-04-16,2026-04-16,175758.0,14763672,Expired,Aarush Anne,Chennai,Arunachal Pradesh,East_Travel.xlsx,365,Very High,OK
POL007423,CUST02463,AG041,Home,East,2025-04-16,2026-04-16,56471.0,2089427,Active,Jhalak Parsa,Bhubaneswar,Rajasthan,East_Travel.xlsx,365,High,OK
POL006710,CUST01277,AG060,Travel,East,2025-04-16,2026-04-16,12369.0,420546,Expired,Ethan Arya,Bhubaneswar,Meghalaya,East_Travel.xlsx,365,Medium,OK
POL008849,CUST00835,AG058,Motor,East,2025-04-15,2026-04-15,24159.0,748929,Cancelled,Charan Boase,Chandigarh,Punjab,East_Travel.xlsx,365,Medium,OK
POL006940,CUST02019,AG014,Home,East,2025-04-15,2026-04-15,12878.0,605266,Active,Pranit Murty,Ahmedabad,Chhattisgarh,East_Travel.xlsx,365,Medium,OK
POL002846,CUST02747,AG005,Marine,East,2025-04-14,2026-04-14,174746.0,14678664,Lapsed,Bhavani Joshi,Jaipur,Tripura,East_Travel.xlsx,365,Very High,OK
POL003482,CUST00071,AG056,Home,East,2025-04-14,2026-04-14,33791.0,1453013,Lapsed,Lekha Oak,Chennai,Meghalaya,East_Travel.xlsx,365,Medium,OK
POL009210,CUST02761,AG004,Home,East,2025-04-14,2026-04-14,34194.0,3419400,Lapsed,Daksha Nadig,Pune,Goa,East_Travel.xlsx,365,Medium,OK
POL003887,CUST02799,AG086,Home,East,2025-04-14,2026-04-14,69176.0,4565616,Lapsed,Qadim Gopal,Mumbai,Arunachal Pradesh,East_Travel.xlsx,365,High,OK
POL001259,CUST02602,AG037,Home,East,2025-04-14,2026-04-14,31821.0,731883,Cancelled,Wridesh Madan,Bangalore,Maharashtra,East_Travel.xlsx,365,Medium,OK
POL005904,CUST01816,AG048,Home,East,2025-04-13,2026-04-13,35902.0,2703624,Expired,Advik Majumdar,Mumbai,Tamil Nadu,East_Travel.xlsx,365,Medium,OK
POL001565,CUST02275,AG028,Motor,East,2025-04-13,2026-04-13,38271.0,2678970,Lapsed,Abha Raghavan,Jaipur,Gujarat,East_Travel.xlsx,365,Medium,OK
POL005455,CUST01798,AG062,Commercial Property,East,2025-04-12,2026-04-12,691088.0,16586112,Expired,Wakeeta Kata,Chennai,West Bengal,East_Travel.xlsx,365,Ultra High,OK
POL000495,CUST00056,AG114,Home,East,2025-04-12,2026-04-12,50808.0,1473432,Expired,Ekavir Pradhan,Chandigarh,Kerala,East_Travel.xlsx,365,High,OK
POL000669,CUST00462,AG045,Motor,East,2025-04-11,2026-04-11,35902.0,491876,Lapsed,Tristan Sheth,Chennai,West Bengal,East_Travel.xlsx,365,Medium,OK
POL002066,CUST02574,AG104,Commercial Property,East,2025-04-11,2026-04-11,420758.0,21037900,Cancelled,Upadhriti Muni,Jaipur,Uttar Pradesh,East_Travel.xlsx,365,Very High,OK
POL007558,CUST00877,AG005,Marine,East,2025-04-09,2026-04-09,98136.0,4416120,Cancelled,Tarak Reddy,Kolkata,Maharashtra,East_Travel.xlsx,365,High,OK
POL006402,CUST00702,AG062,Marine,East,2025-04-06,2026-04-06,55208.0,2042696,Lapsed,Eiravati Dayal,Pune,Chhattisgarh,East_Travel.xlsx,365,High,OK
POL008903,CUST00241,AG027,Home,East,2025-04-06,2026-04-06,50582.0,3136084,Expired,Darpan Rajan,Bhubaneswar,Assam,East_Travel.xlsx,365,High,OK
POL003709,CUST02003,AG028,Motor,East,2025-04-05,2026-04-05,31649.0,2152132,Renewed,Edhitha Bakshi,Ahmedabad,Manipur,East_Travel.xlsx,365,Medium,OK
POL008475,CUST02487,AG054,Commercial Property,East,2025-04-05,2026-04-05,800852.0,58462196,Lapsed,Finn Sunder,Chandigarh,Assam,East_Travel.xlsx,365,Ultra High,OK
POL008697,CUST01960,AG009,Marine,East,2025-04-05,2026-04-05,183681.0,10102455,Renewed,Henry Kunda,Bangalore,Maharashtra,East_Travel.xlsx,365,Very High,OK
POL003628,CUST01301,AG045,Travel,East,2025-04-05,2026-04-05,17348.0,815356,Active,Chakrika Kala,Chandigarh,Tamil Nadu,East_Travel.xlsx,365,Medium,OK
POL008216,CUST01411,AG072,Marine,East,2025-04-05,2026-04-05,145595.0,11356410,Lapsed,Nitesh Bahri,Kolkata,Uttarakhand,East_Travel.xlsx,365,Very High,OK
POL003526,CUST00714,AG054,Commercial Property,East,2025-04-03,2026-04-03,960950.0,41320850,Lapsed,Girish Kunda,Bangalore,Andhra Pradesh,East_Travel.xlsx,365,Ultra High,OK
POL007991,CUST01987,AG030,Travel,East,2025-04-03,2026-04-03,8902.0,347178,Lapsed,Saanvi Murty,Kolkata,Mizoram,East_Travel.xlsx,365,Low,OK
POL000217,CUST00512,AG022,Commercial Property,East,2025-04-03,2026-04-03,755703.0,41563665,Lapsed,Warda Aggarwal,Chennai,Assam,East_Travel.xlsx,365,Ultra High,OK
POL003090,CUST02425,AG102,Home,East,2025-04-03,2026-04-03,24970.0,973830,Active,Gunbir Jaggi,Ahmedabad,Karnataka,East_Travel.xlsx,365,Medium,OK
POL003515,CUST00244,AG058,Marine,East,2025-04-03,2026-04-03,37763.0,755260,Expired,Utkarsh Kamdar,Hyderabad,Telangana,East_Travel.xlsx,365,Medium,OK
POL002348,CUST02847,AG054,Travel,East,2025-04-01,2026-04-01,19341.0,1779372,Lapsed,Charles Din,Chennai,Assam,East_Travel.xlsx,365,Medium,OK
POL000376,CUST02301,AG098,Travel,East,2025-04-01,2026-04-01,1492.0,65648,Renewed,Vihaan Purohit,Chennai,Tamil Nadu,East_Travel.xlsx,365,Low,OK
POL007541,CUST00789,AG076,Motor,East,2025-04-01,2026-04-01,25148.0,905328,Renewed,Hemang Varughese,Delhi,Arunachal Pradesh,East_Travel.xlsx,365,Medium,OK
POL004436,CUST01226,AG047,Marine,East,2025-04-01,2026-04-01,117443.0,3640733,Lapsed,Harrison Shan,Pune,Assam,East_Travel.xlsx,365,Very High,OK
POL009449,CUST02276,AG062,Motor,East,2025-03-31,2026-03-31,23768.0,1259704,Active,Pranav Naik,Kolkata,Himachal Pradesh,East_Travel.xlsx,365,Medium,OK
POL009562,CUST02218,AG039,Home,East,2025-03-31,2026-03-31,27328.0,847168,Expired,Hitesh Gole,Chennai,Madhya Pradesh,East_Travel.xlsx,365,Medium,OK
POL009831,CUST01688,AG016,Marine,East,2025-03-30,2026-03-30,67366.0,2559908,Lapsed,Ubika Ray,Bhubaneswar,Nagaland,East_Travel.xlsx,365,High,OK
POL003501,CUST00423,AG083,Travel,East,2025-03-30,2026-03-30,9586.0,901084,Active,Aarna Garde,Mumbai,Assam,East_Travel.xlsx,365,Low,OK
POL002015,CUST00890,AG087,Travel,East,2025-03-29,2026-03-29,15261.0,946182,Cancelled,Samaksh Gade,Jaipur,Kerala,East_Travel.xlsx,365,Medium,OK
POL003840,CUST00203,AG024,Travel,East,2025-03-29,2026-03-29,2666.0,101308,Renewed,Unnati Chad,Jaipur,Rajasthan,East_Travel.xlsx,365,Low,OK
POL004235,CUST01653,AG116,Travel,East,2025-03-28,2026-03-28,14659.0,1319310,Renewed,Akshay Lad,Pune,Maharashtra,East_Travel.xlsx,365,Medium,OK
POL000980,CUST01629,AG092,Home,East,2025-03-28,2026-03-28,27672.0,2186088,Lapsed,Samesh Saha,Hyderabad,Meghalaya,East_Travel.xlsx,365,Medium,OK
POL008516,CUST02919,AG042,Motor,East,2025-03-27,2026-03-27,13828.0,622260,Expired,Ishanvi Randhawa,Delhi,Himachal Pradesh,East_Travel.xlsx,365,Medium,OK
POL009798,CUST02208,AG049,Commercial Property,East,2025-03-26,2026-03-26,790452.0,22923108,Cancelled,Faraj Suri,Delhi,Sikkim,East_Travel.xlsx,365,Ultra High,OK
POL001168,CUST00165,AG004,Motor,East,2025-03-25,2026-03-25,14976.0,763776,Renewed,Ayaan Chaudhry,Hyderabad,Punjab,East_Travel.xlsx,365,Medium,OK
POL005158,CUST02621,AG084,Commercial Property,East,2025-03-25,2026-03-25,657320.0,55214880,Active,Benjamin Narayanan,Patna,Rajasthan,East_Travel.xlsx,365,Ultra High,OK
POL007226,CUST00082,AG084,Travel,East,2025-03-25,2026-03-25,10457.0,951587,Active,Tanmayi Som,Ahmedabad,Sikkim,East_Travel.xlsx,365,Medium,OK
POL001137,CUST00003,AG107,Commercial Property,East,2025-03-24,2026-03-24,653888.0,47733824,Lapsed,Unknown,Mumbai,Uttar Pradesh,East_Travel.xlsx,365,Ultra High,Review
POL007700,CUST02423,AG062,Motor,East,2025-03-24,2026-03-24,36327.0,2433909,Renewed,Michael Acharya,Ahmedabad,Uttar Pradesh,East_Travel.xlsx,365,Medium,OK
POL001860,CUST02809,AG080,Commercial Property,East,2025-03-24,2026-03-24,680012.0,51000900,Expired,David Banik,Ahmedabad,Jharkhand,East_Travel.xlsx,365,Ultra High,OK
POL001573,CUST01883,AG039,Motor,East,2025-03-23,2026-03-23,15805.0,537370,Cancelled,Jackson Majumdar,Patna,Karnataka,East_Travel.xlsx,365,Medium,OK
POL009602,CUST01133,AG108,Motor,East,2025-03-23,2026-03-23,28839.0,1903374,Renewed,Dipta Bhagat,Bangalore,Uttar Pradesh,East_Travel.xlsx,365,Medium,OK
POL004791,CUST00763,AG006,Home,East,2025-03-23,2026-03-23,11825.0,1087900,Active,Teerth Varkey,Ahmedabad,Gujarat,East_Travel.xlsx,365,Medium,OK
POL006311,CUST00429,AG059,Marine,East,2025-03-22,2026-03-22,52603.0,4471255,Active,Pranav Konda,Hyderabad,Rajasthan,East_Travel.xlsx,365,High,OK
POL009385,CUST02255,AG112,Commercial Property,East,2025-03-22,2026-03-22,672114.0,50408550,Expired,Lila Agarwal,Pune,Meghalaya,East_Travel.xlsx,365,Ultra High,OK
POL001357,CUST02598,AG023,Marine,East,2025-03-21,2026-03-21,171494.0,8574700,Renewed,Dayita Rout,Patna,Karnataka,East_Travel.xlsx,365,Very High,OK
POL008523,CUST00036,AG100,Motor,East,2025-03-21,2026-03-21,12481.0,961037,Cancelled,Gaurangi Kara,Bangalore,Himachal Pradesh,East_Travel.xlsx,365,Medium,OK
POL007255,CUST02136,AG074,Commercial Property,East,2025-03-21,2026-03-21,698170.0,29323140,Renewed,Pranav Patla,Hyderabad,Haryana,East_Travel.xlsx,365,Ultra High,OK
POL002972,CUST02354,AG047,Home,East,2025-03-21,2026-03-21,65009.0,4225585,Lapsed,Unknown,Pune,West Bengal,East_Travel.xlsx,365,High,Review
POL004199,CUST02866,AG067,Home,East,2025-03-21,2026-03-21,58166.0,3548126,Active,Manya Nadkarni,Delhi,Uttarakhand,East_Travel.xlsx,365,High,OK
POL008060,CUST01632,AG019,Commercial Property,East,2025-03-21,2026-03-21,429220.0,26611640,Cancelled,Daksha Chaudry,Chandigarh,Nagaland,East_Travel.xlsx,365,Very High,OK
POL002907,CUST00073,AG051,Motor,East,2025-03-20,2026-03-20,36461.0,1349057,Lapsed,Vamakshi Bhalla,Chandigarh,Jharkhand,East_Travel.xlsx,365,Medium,OK
POL004715,CUST01914,AG113,Motor,East,2025-03-20,2026-03-20,17187.0,1168716,Renewed,Ekiya Sur,Bangalore,Meghalaya,East_Travel.xlsx,365,Medium,OK
POL005527,CUST02636,AG094,Home,East,2025-03-19,2026-03-19,45166.0,4381102,Expired,Nicholas Shenoy,Jaipur,Jharkhand,East_Travel.xlsx,365,Medium,OK
POL004548,CUST01531,AG107,Commercial Property,East,2025-03-19,2026-03-19,493016.0,12818416,Lapsed,Hardik Lal,Patna,Manipur,East_Travel.xlsx,365,Very High,OK
POL003110,CUST00656,AG066,Motor,East,2025-03-18,2026-03-18,16793.0,688513,Lapsed,Onkar Puri,Chandigarh,Karnataka,East_Travel.xlsx,365,Medium,OK
POL002904,CUST01681,AG117,Travel,East,2025-03-17,2026-03-17,2241.0,94122,Expired,Eiravati Borde,Delhi,Uttarakhand,East_Travel.xlsx,365,Low,OK
POL000637,CUST02427,AG007,Marine,East,2025-03-17,2026-03-17,155872.0,6546624,Expired,Lila Amble,Hyderabad,Arunachal Pradesh,East_Travel.xlsx,365,Very High,OK
POL006578,CUST00164,AG094,Motor,East,2025-03-17,2026-03-17,36057.0,1658622,Expired,Benjamin Rajagopalan,Delhi,Assam,East_Travel.xlsx,365,Medium,OK
POL002771,CUST01357,AG116,Travel,East,2025-03-17,2026-03-17,10350.0,1035000,Lapsed,Advika Rao,Delhi,Odisha,East_Travel.xlsx,365,Medium,OK
POL007617,CUST02142,AG004,Motor,East,2025-03-17,2026-03-17,35449.0,2410532,Active,Varenya Patla,Bangalore,Karnataka,East_Travel.xlsx,365,Medium,OK
POL002296,CUST01505,AG077,Travel,East,2025-03-17,2026-03-17,6441.0,193230,Renewed,Jhalak Brahmbhatt,Pune,Himachal Pradesh,East_Travel.xlsx,365,Low,OK
POL001398,CUST00246,AG095,Motor,East,2025-03-16,2026-03-16,35566.0,1813866,Cancelled,Hiral Choudhry,Bhubaneswar,West Bengal,East_Travel.xlsx,365,Medium,OK
POL005492,CUST01117,AG047,Motor,East,2025-03-15,2026-03-15,9971.0,358956,Renewed,Rachana Menon,Chandigarh,Tripura,East_Travel.xlsx,365,Low,OK
POL007888,CUST00333,AG085,Travel,East,2025-03-15,2026-03-15,35902.0,149363,Lapsed,Frado Ravel,Jaipur,Andhra Pradesh,East_Travel.xlsx,365,Medium,OK
POL003568,CUST00211,AG082,Motor,East,2025-03-15,2026-03-15,25446.0,966948,Expired,Ekantika Toor,Mumbai,Chhattisgarh,East_Travel.xlsx,365,Medium,OK
POL003870,CUST00577,AG089,Marine,East,2025-03-15,2026-03-15,127522.0,4845836,Active,Avni Saxena,Bangalore,Jharkhand,East_Travel.xlsx,365,Very High,OK
POL003276,CUST02000,AG043,Commercial Property,East,2025-03-15,2026-03-15,647682.0,44042376,Lapsed,Ekaja Ramesh,Bhubaneswar,Arunachal Pradesh,East_Travel.xlsx,365,Ultra High,OK
POL004425,CUST01439,AG052,Commercial Property,East,2025-03-15,2026-03-15,799471.0,31978840,Cancelled,Hamsini Bali,Bhubaneswar,West Bengal,East_Travel.xlsx,365,Ultra High,OK
POL003964,CUST02895,AG068,Commercial Property,East,2025-03-14,2026-03-14,983861.0,81660463,Active,Abha Saha,Ahmedabad,Sikkim,East_Travel.xlsx,365,Ultra High,OK
POL009822,CUST02803,AG070,Travel,East,2025-03-14,2026-03-14,19177.0,1016381,Expired,Krisha Sandhu,Bhubaneswar,Uttar Pradesh,East_Travel.xlsx,365,Medium,OK
POL001753,CUST01926,AG103,Travel,East,2025-03-14,2026-03-14,19468.0,1362760,Active,Ria Edwin,Pune,Meghalaya,East_Travel.xlsx,365,Medium,OK
POL004427,CUST01052,AG039,Commercial Property,East,2025-03-13,2026-03-13,852327.0,46877985,Active,Jacob Dayal,Hyderabad,Maharashtra,East_Travel.xlsx,365,Ultra High,OK
POL008182,CUST01621,AG053,Travel,East,2025-03-12,2026-03-12,35902.0,422025,Lapsed,Unni Rout,Pune,Mizoram,East_Travel.xlsx,365,Medium,OK
POL006043,CUST02664,AG015,Commercial Property,East,2025-03-12,2026-03-12,415516.0,14958576,Active,Vedant Sharaf,Patna,Bihar,East_Travel.xlsx,365,Very High,OK
POL004856,CUST00096,AG006,Travel,East,2025-03-12,2026-03-12,16225.0,957275,Lapsed,Gautam Sampath,Mumbai,Telangana,East_Travel.xlsx,365,Medium,OK
POL004772,CUST00958,AG070,Home,East,2025-03-11,2026-03-11,55725.0,2229000,Renewed,Bhavya Buch,Hyderabad,Goa,East_Travel.xlsx,365,High,OK
POL002346,CUST00599,AG014,Home,East,2025-03-11,2026-03-11,67854.0,5564028,Renewed,Maanas Chandra,Chandigarh,Kerala,East_Travel.xlsx,365,High,OK
POL004253,CUST01953,AG020,Travel,East,2025-03-11,2026-03-11,7399.0,688107,Renewed,Ekanta Balan,Bhubaneswar,Telangana,East_Travel.xlsx,365,Low,OK
POL005135,CUST00613,AG117,Commercial Property,East,2025-03-11,2026-03-11,667075.0,51364775,Cancelled,Madhavi Choudhry,Jaipur,Andhra Pradesh,East_Travel.xlsx,365,Ultra High,OK
POL002357,CUST02405,AG015,Motor,East,2025-03-11,2026-03-11,35004.0,2345268,Expired,Jalsa Bansal,Bangalore,Kerala,East_Travel.xlsx,365,Medium,OK
POL007816,CUST01209,AG078,Motor,East,2025-03-10,2026-03-10,30842.0,1572942,Expired,Rushil Vasa,Mumbai,Haryana,East_Travel.xlsx,365,Medium,OK
POL006545,CUST00123,AG020,Travel,East,2025-03-09,2026-03-09,6140.0,515760,Renewed,Anirudh Desai,Bangalore,Himachal Pradesh,East_Travel.xlsx,365,Low,OK
POL007467,CUST00508,AG096,Commercial Property,East,2025-03-08,2026-03-08,324436.0,24332700,Expired,Deepa Sridhar,Chennai,Himachal Pradesh,East_Travel.xlsx,365,Very High,OK
POL004154,CUST02583,AG097,Commercial Property,East,2025-03-07,2026-03-07,796583.0,73285636,Renewed,Reyansh Sama,Delhi,Haryana,East_Travel.xlsx,365,Ultra High,OK
POL004237,CUST01526,AG111,Commercial Property,East,2025-03-07,2026-03-07,541907.0,14089582,Active,Yatin Sekhon,Patna,Himachal Pradesh,East_Travel.xlsx,365,Ultra High,OK
POL009213,CUST00332,AG027,Commercial Property,East,2025-03-06,2026-03-06,435892.0,20922816,Lapsed,Darpan Kapadia,Mumbai,Kerala,East_Travel.xlsx,365,Very High,OK
POL006986,CUST00285,AG061,Motor,East,2025-03-06,2026-03-06,23917.0,1793775,Expired,Ati Karnik,Chennai,Meghalaya,East_Travel.xlsx,365,Medium,OK
POL004198,CUST00748,AG034,Commercial Property,East,2025-03-06,2026-03-06,545507.0,43095053,Renewed,Darpan Dasgupta,Mumbai,Bihar,East_Travel.xlsx,365,Ultra High,OK
POL009486,CUST02964,AG027,Home,East,2025-03-06,2026-03-06,35902.0,2254600,Cancelled,Isha Sarin,Hyderabad,Uttar Pradesh,East_Travel.xlsx,365,Medium,OK
POL009384,CUST01207,AG083,Travel,East,2025-03-05,2026-03-05,15468.0,1175568,Renewed,Upma Sachdeva,Hyderabad,Maharashtra,East_Travel.xlsx,365,Medium,OK
POL002049,CUST02275,AG004,Travel,East,2025-03-05,2026-03-05,8210.0,738900,Lapsed,Abha Raghavan,Jaipur,Gujarat,East_Travel.xlsx,365,Low,OK
POL006109,CUST02286,AG023,Travel,East,2025-03-04,2026-03-04,5614.0,437892,Expired,Garima Chad,Chandigarh,Uttar Pradesh,East_Travel.xlsx,365,Low,OK
POL004907,CUST00135,AG102,Home,East,2025-03-04,2026-03-04,68248.0,1774448,Expired,Barkha Dara,Delhi,Haryana,East_Travel.xlsx,365,High,OK
POL002934,CUST00620,AG017,Motor,East,2025-03-04,2026-03-04,35855.0,2975965,Lapsed,Abhimanyu Kanda,Bhubaneswar,Sikkim,East_Travel.xlsx,365,Medium,OK
POL002320,CUST02553,AG046,Travel,East,2025-03-04,2026-03-04,12611.0,983658,Lapsed,Zansi Raghavan,Bhubaneswar,Rajasthan,East_Travel.xlsx,365,Medium,OK
POL002777,CUST00212,AG012,Commercial Property,East,2025-03-02,2026-03-02,710985.0,70387515,Cancelled,Ishanvi Khare,Kolkata,West Bengal,East_Travel.xlsx,365,Ultra High,OK
POL001663,CUST01204,AG012,Motor,East,2025-03-01,2026-03-01,6548.0,425620,Cancelled,Vrinda Patel,Delhi,Jharkhand,East_Travel.xlsx,365,Low,OK
POL005186,CUST00112,AG063,Marine,East,2025-03-01,2026-03-01,120102.0,3963366,Cancelled,Chandani Gara,Delhi,Chhattisgarh,East_Travel.xlsx,365,Very High,OK
POL004690,CUST01466,AG113,Commercial Property,East,2025-03-01,2026-03-01,106274.0,10308578,Expired,Kala Kulkarni,Patna,Karnataka,East_Travel.xlsx,365,Very High,OK
POL001641,CUST01891,AG031,Home,East,2025-03-01,2026-03-01,20543.0,1622897,Active,Nicholas Sethi,Pune,Assam,East_Travel.xlsx,365,Medium,OK
POL006133,CUST01597,AG006,Marine,East,2025-02-28,2026-02-28,196422.0,11981742,Cancelled,Vritti Balay,Pune,Manipur,East_Travel.xlsx,365,Very High,OK
POL008454,CUST01524,AG096,Commercial Property,East,2025-02-28,2026-02-28,571351.0,39423219,Lapsed,Harini Sahota,Ahmedabad,Uttarakhand,East_Travel.xlsx,365,Ultra High,OK
POL008428,CUST00909,AG113,Commercial Property,East,2025-02-28,2026-02-28,920503.0,80083761,Cancelled,Shivansh Bansal,Hyderabad,Punjab,East_Travel.xlsx,365,Ultra High,OK
POL001377,CUST00729,AG102,Travel,East,2025-02-28,2026-02-28,9660.0,879060,Renewed,Xavier Amble,Mumbai,Kerala,East_Travel.xlsx,365,Low,OK
POL001437,CUST00385,AG116,Motor,East,2025-02-27,2026-02-27,33550.0,2314950,Cancelled,Vaishnavi Gade,Chandigarh,Maharashtra,East_Travel.xlsx,365,Medium,OK
POL007168,CUST00744,AG034,Travel,East,2025-02-27,2026-02-27,14277.0,556803,Cancelled,Unknown,Bhubaneswar,Tamil Nadu,East_Travel.xlsx,365,Medium,Review
POL008897,CUST01536,AG049,Home,East,2025-02-27,2026-02-27,48587.0,3109568,Active,Ishanvi Balay,Bhubaneswar,Odisha,East_Travel.xlsx,365,Medium,OK
POL008932,CUST02319,AG078,Marine,East,2025-02-27,2026-02-27,131344.0,10770208,Lapsed,Unknown,Bhubaneswar,Manipur,East_Travel.xlsx,365,Very High,Review
POL004055,CUST01032,AG084,Commercial Property,East,2025-02-27,2026-02-27,198531.0,7345647,Renewed,Widisha Choudhary,Jaipur,West Bengal,East_Travel.xlsx,365,Very High,OK
POL007090,CUST00803,AG016,Marine,East,2025-02-27,2026-02-27,79357.0,3094923,Cancelled,Gayathri Misra,Jaipur,Uttarakhand,East_Travel.xlsx,365,High,OK
POL004584,CUST00526,AG035,Home,East,2025-02-27,2026-02-27,19573.0,1135234,Cancelled,Abdul Salvi,Delhi,Manipur,East_Travel.xlsx,365,Medium,OK
POL006794,CUST00513,AG017,Marine,East,2025-02-26,2026-02-26,69209.0,3114405,Active,Advaith Pradhan,Mumbai,Tripura,East_Travel.xlsx,365,High,OK
POL003997,CUST02912,AG072,Motor,East,2025-02-26,2026-02-26,16884.0,844200,Cancelled,Yuvraj Manda,Patna,Odisha,East_Travel.xlsx,365,Medium,OK
POL004927,CUST01614,AG097,Commercial Property,East,2025-02-25,2026-02-25,200031.0,19403007,Renewed,Baljiwan Jain,Bhubaneswar,Gujarat,East_Travel.xlsx,365,Very High,OK
POL005992,CUST02570,AG081,Commercial Property,East,2025-02-25,2026-02-25,782535.0,57907590,Active,Oeshi Khanna,Bangalore,Punjab,East_Travel.xlsx,365,Ultra High,OK
POL006102,CUST00831,AG034,Marine,East,2025-02-25,2026-02-25,185546.0,8349570,Cancelled,Gaurang Saraf,Jaipur,Telangana,East_Travel.xlsx,365,Very High,OK
POL004711,CUST01999,AG105,Motor,East,2025-02-25,2026-02-25,5415.0,503595,Cancelled,Samarth Sant,Mumbai,Jharkhand,East_Travel.xlsx,365,Low,OK
POL006838,CUST01491,AG090,Travel,East,2025-02-25,2026-02-25,14716.0,1398020,Cancelled,Maanav Barad,Chennai,Odisha,East_Travel.xlsx,365,Medium,OK
POL002480,CUST00665,AG057,Motor,East,2025-02-24,2026-02-24,27938.0,2179164,Expired,Pranit Mannan,Kolkata,Madhya Pradesh,East_Travel.xlsx,365,Medium,OK
POL008942,CUST00891,AG111,Travel,East,2025-02-24,2026-02-24,16068.0,1205100,Renewed,Vedika Rastogi,Chandigarh,Tamil Nadu,East_Travel.xlsx,365,Medium,OK
POL006640,CUST01302,AG092,Motor,East,2025-02-24,2026-02-24,36123.0,903075,Expired,Peter Chaudry,Bhubaneswar,Meghalaya,East_Travel.xlsx,365,Medium,OK
POL002376,CUST01490,AG008,Marine,East,2025-02-23,2026-02-23,68508.0,3836448,Lapsed,Jason Nagarajan,Mumbai,Kerala,East_Travel.xlsx,365,High,OK
POL000011,CUST00651,AG012,Travel,East,2025-02-23,2026-02-23,3948.0,386904,Lapsed,Nidhi Cheema,Delhi,Manipur,East_Travel.xlsx,365,Low,OK
POL001642,CUST00130,AG090,Marine,East,2025-02-22,2026-02-22,39313.0,1533207,Renewed,Zashil Hans,Ahmedabad,Punjab,East_Travel.xlsx,365,Medium,OK
POL005468,CUST00084,AG078,Motor,East,2025-02-22,2026-02-22,34157.0,2766717,Active,Yahvi Narayan,Mumbai,Gujarat,East_Travel.xlsx,365,Medium,OK
POL000036,CUST01143,AG104,Marine,East,2025-02-22,2026-02-22,35902.0,5835744,Expired,Krish Vaidya,Hyderabad,Uttar Pradesh,East_Travel.xlsx,365,Medium,OK
POL007740,CUST02591,AG006,Travel,East,2025-02-22,2026-02-22,6428.0,629944,Lapsed,Hardik Sachdev,Chandigarh,Telangana,East_Travel.xlsx,365,Low,OK
POL003030,CUST02622,AG107,Marine,East,2025-02-22,2026-02-22,181926.0,18010674,Lapsed,Unknown,Chennai,Nagaland,East_Travel.xlsx,365,Very High,Review
POL000933,CUST02276,AG117,Commercial Property,East,2025-02-21,2026-02-21,902444.0,69488188,Active,Pranav Naik,Kolkata,Himachal Pradesh,East_Travel.xlsx,365,Ultra High,OK
POL008990,CUST01382,AG113,Marine,East,2025-02-20,2026-02-20,100488.0,5024400,Cancelled,Charles Sastry,Hyderabad,Maharashtra,East_Travel.xlsx,365,Very High,OK
POL008861,CUST02903,AG011,Motor,East,2025-02-19,2026-02-19,11042.0,1071074,Active,Eesha Rajan,Bangalore,Nagaland,East_Travel.xlsx,365,Medium,OK
POL008959,CUST00740,AG085,Home,East,2025-02-19,2026-02-19,58511.0,2340440,Cancelled,Dalaja Mall,Hyderabad,Rajasthan,East_Travel.xlsx,365,High,OK
POL008492,CUST02101,AG107,Commercial Property,East,2025-02-19,2026-02-19,817761.0,71962968,Cancelled,Priya Patla,Mumbai,Karnataka,East_Travel.xlsx,365,Ultra High,OK
POL007973,CUST01347,AG091,Marine,East,2025-02-19,2026-02-19,33438.0,1738776,Cancelled,Aahana Issac,Kolkata,Himachal Pradesh,East_Travel.xlsx,365,Medium,OK
POL001143,CUST00038,AG069,Marine,East,2025-02-18,2026-02-18,150782.0,8443792,Expired,Zarna Singhal,Delhi,Jharkhand,East_Travel.xlsx,365,Very High,OK
POL000080,CUST00094,AG004,Commercial Property,East,2025-02-18,2026-02-18,476635.0,26691560,Cancelled,Unknown,Delhi,Andhra Pradesh,East_Travel.xlsx,365,Very High,Review
POL004510,CUST00754,AG061,Motor,East,2025-02-18,2026-02-18,24301.0,2259993,Expired,Gabriel Bobal,Hyderabad,Andhra Pradesh,East_Travel.xlsx,365,Medium,OK
POL001666,CUST02529,AG089,Home,East,2025-02-18,2026-02-18,67432.0,6338608,Lapsed,Unknown,Ahmedabad,Nagaland,East_Travel.xlsx,365,High,Review
POL007968,CUST01467,AG001,Travel,East,2025-02-17,2026-02-17,9852.0,522156,Renewed,Hardik Krishna,Ahmedabad,Kerala,East_Travel.xlsx,365,Low,OK
POL004908,CUST01547,AG054,Motor,East,2025-02-17,2026-02-17,31959.0,2940228,Cancelled,Jeremiah Jaggi,Patna,Kerala,East_Travel.xlsx,365,Medium,OK
POL004087,CUST02082,AG076,Home,East,2025-02-16,2026-02-16,65483.0,5304123,Expired,Aarini Arora,Jaipur,Jharkhand,East_Travel.xlsx,365,High,OK
POL000399,CUST00361,AG080,Home,East,2025-02-16,2026-02-16,38947.0,3310495,Expired,Guneet Prashad,Patna,Arunachal Pradesh,East_Travel.xlsx,365,Medium,OK
POL004656,CUST01790,AG095,Marine,East,2025-02-16,2026-02-16,115867.0,7994823,Lapsed,Darsh Saran,Pune,Tamil Nadu,East_Travel.xlsx,365,Very High,OK
POL009433,CUST02535,AG067,Home,East,2025-02-16,2026-02-16,49971.0,4747245,Renewed,Yamini Kale,Chennai,Uttar Pradesh,East_Travel.xlsx,365,Medium,OK
POL000873,CUST02102,AG081,Travel,East,2025-02-16,2026-02-16,7671.0,682719,Active,Vedika Morar,Bhubaneswar,Arunachal Pradesh,East_Travel.xlsx,365,Low,OK
POL005634,CUST02392,AG105,Marine,East,2025-02-14,2026-02-14,181508.0,14520640,Cancelled,Daksha Talwar,Mumbai,Arunachal Pradesh,East_Travel.xlsx,365,Very High,OK
POL005656,CUST02777,AG051,Travel,East,2025-02-13,2026-02-13,2814.0,92862,Lapsed,Dakshesh Din,Kolkata,Arunachal Pradesh,East_Travel.xlsx,365,Low,OK
POL002358,CUST00029,AG075,Home,East,2025-02-12,2026-02-12,30309.0,2697501,Active,Ojas Prashad,Kolkata,Andhra Pradesh,East_Travel.xlsx,365,Medium,OK
POL003251,CUST01791,AG022,Commercial Property,East,2025-02-12,2026-02-12,391726.0,35255340,Active,Amrita Panchal,Jaipur,Uttar Pradesh,East_Travel.xlsx,365,Very High,OK
POL007519,CUST00408,AG077,Marine,East,2025-02-11,2026-02-11,155114.0,8065928,Active,Benjamin Narain,Hyderabad,Gujarat,East_Travel.xlsx,365,Very High,OK
POL000498,CUST02703,AG009,Marine,East,2025-02-11,2026-02-11,39063.0,2617221,Active,Amaira Shanker,Mumbai,Odisha,East_Travel.xlsx,365,Medium,OK
POL007785,CUST00258,AG029,Home,East,2025-02-11,2026-02-11,37508.0,1837892,Expired,Elijah Kapoor,Hyderabad,Assam,East_Travel.xlsx,365,Medium,OK
POL001146,CUST02396,AG119,Motor,East,2025-02-10,2026-02-10,27153.0,624519,Renewed,Vihaan Din,Bhubaneswar,Meghalaya,East_Travel.xlsx,365,Medium,OK
POL007433,CUST02869,AG039,Marine,East,2025-02-09,2026-02-09,25800.0,954600,Expired,Garima Grewal,Patna,Nagaland,East_Travel.xlsx,365,Medium,OK
POL001414,CUST02365,AG067,Travel,East,2025-02-08,2026-02-08,2896.0,167968,Active,Mohammed Sen,Chennai,Punjab,East_Travel.xlsx,365,Low,OK
POL002888,CUST01441,AG035,Motor,East,2025-02-08,2026-02-08,27588.0,993168,Cancelled,Jai Kar,Chandigarh,Haryana,East_Travel.xlsx,365,Medium,OK
POL004946,CUST01364,AG030,Travel,East,2025-02-08,2026-02-08,18259.0,675583,Cancelled,Siddharth Char,Kolkata,Jharkhand,East_Travel.xlsx,365,Medium,OK
POL007628,CUST02016,AG030,Commercial Property,East,2025-02-08,2026-02-08,196719.0,10819545,Cancelled,Dalbir Sule,Bhubaneswar,Tamil Nadu,East_Travel.xlsx,365,Very High,OK
POL005653,CUST02047,AG095,Travel,East,2025-02-08,2026-02-08,10492.0,493124,Expired,Faraj Sama,Mumbai,Odisha,East_Travel.xlsx,365,Medium,OK
POL003499,CUST00520,AG037,Marine,East,2025-02-07,2026-02-07,53435.0,4755715,Lapsed,Unknown,Chennai,Goa,East_Travel.xlsx,365,High,Review
POL009260,CUST01745,AG039,Home,East,2025-02-07,2026-02-07,59246.0,5035910,Active,Falguni Atwal,Chandigarh,Karnataka,East_Travel.xlsx,365,High,OK
POL000803,CUST00665,AG038,Travel,East,2025-02-06,2026-02-06,9047.0,461397,Renewed,Pranit Mannan,Kolkata,Madhya Pradesh,East_Travel.xlsx,365,Low,OK
POL004744,CUST01830,AG017,Motor,East,2025-02-06,2026-02-06,27592.0,1076088,Renewed,Yahvi Saraf,Ahmedabad,Tripura,East_Travel.xlsx,365,Medium,OK
POL000852,CUST00084,AG038,Commercial Property,East,2025-02-05,2026-02-05,453763.0,22688150,Cancelled,Yahvi Narayan,Mumbai,Gujarat,East_Travel.xlsx,365,Very High,OK
POL006016,CUST02136,AG095,Home,East,2025-02-05,2026-02-05,61295.0,5761730,Active,Pranav Patla,Hyderabad,Haryana,East_Travel.xlsx,365,High,OK
POL002655,CUST02995,AG100,Commercial Property,East,2025-02-05,2026-02-05,451237.0,32940301,Active,George Samra,Kolkata,Sikkim,East_Travel.xlsx,365,Very High,OK
POL005423,CUST02536,AG026,Marine,East,2025-02-05,2026-02-05,138423.0,10243302,Active,Ekiya Choudhury,Delhi,Odisha,East_Travel.xlsx,365,Very High,OK
POL003917,CUST00182,AG077,Travel,East,2025-02-04,2026-02-04,1328.0,30544,Expired,Nakul Balay,Ahmedabad,Punjab,East_Travel.xlsx,365,Low,OK
POL009097,CUST02108,AG012,Commercial Property,East,2025-02-04,2026-02-04,115741.0,10532431,Renewed,Dhruv Goda,Bhubaneswar,Madhya Pradesh,East_Travel.xlsx,365,Very High,OK
POL005778,CUST00430,AG120,Motor,East,2025-02-04,2026-02-04,7594.0,751806,Cancelled,Vincent Kakar,Jaipur,Punjab,East_Travel.xlsx,365,Low,OK
POL004789,CUST01718,AG017,Home,East,2025-02-03,2026-02-03,47835.0,4018140,Cancelled,Varenya Buch,Patna,Meghalaya,East_Travel.xlsx,365,Medium,OK
POL005622,CUST02581,AG075,Home,East,2025-02-03,2026-02-03,24257.0,1892046,Active,Rachit Deol,Bangalore,Nagaland,East_Travel.xlsx,365,Medium,OK
POL007630,CUST01301,AG103,Motor,East,2025-02-03,2026-02-03,39354.0,2439948,Active,Chakrika Kala,Chandigarh,Tamil Nadu,East_Travel.xlsx,365,Medium,OK
POL003932,CUST00262,AG075,Commercial Property,East,2025-02-02,2026-02-02,217372.0,8912252,Lapsed,Arunima Chander,Kolkata,Goa,East_Travel.xlsx,365,Very High,OK
POL005606,CUST00497,AG075,Motor,East,2025-02-01,2026-02-01,25824.0,1136256,Renewed,Advay Ghosh,Mumbai,Tripura,East_Travel.xlsx,365,Medium,OK
POL004602,CUST02387,AG115,Commercial Property,East,2025-02-01,2026-02-01,441412.0,11918124,Expired,Qasim Chada,Ahmedabad,Arunachal Pradesh,East_Travel.xlsx,365,Very High,OK
POL004880,CUST00295,AG094,Motor,East,2025-02-01,2026-02-01,39587.0,3325308,Renewed,Advik Atwal,Hyderabad,Nagaland,East_Travel.xlsx,365,Medium,OK
POL007614,CUST02648,AG059,Home,East,2025-02-01,2026-02-01,34489.0,3414411,Renewed,Tanmayi Dhillon,Chandigarh,Bihar,East_Travel.xlsx,365,Medium,OK
POL009379,CUST01054,AG047,Commercial Property,East,2025-01-31,2026-01-31,349840.0,9095840,Active,Daniel Bhatt,Pune,Odisha,East_Travel.xlsx,365,Very High,OK
POL005299,CUST02573,AG081,Motor,East,2025-01-31,2026-01-31,27664.0,2766400,Cancelled,Abeer Keer,Jaipur,Rajasthan,East_Travel.xlsx,365,Medium,OK
POL002746,CUST02371,AG020,Marine,East,2025-01-30,2026-01-30,65131.0,1302620,Expired,Yochana Amble,Jaipur,Madhya Pradesh,East_Travel.xlsx,365,High,OK
POL008081,CUST02301,AG075,Home,East,2025-01-30,2026-01-30,35902.0,1666810,Lapsed,Vihaan Purohit,Chennai,Tamil Nadu,East_Travel.xlsx,365,Medium,OK
POL002130,CUST01855,AG056,Marine,East,2025-01-30,2026-01-30,46041.0,3268911,Expired,Ridhi Gokhale,Chennai,Punjab,East_Travel.xlsx,365,Medium,OK
POL008137,CUST00735,AG055,Home,East,2025-01-30,2026-01-30,37515.0,2626050,Expired,Ishanvi Edwin,Chennai,Telangana,East_Travel.xlsx,365,Medium,OK
POL000951,CUST01916,AG075,Travel,East,2025-01-30,2026-01-30,11481.0,298506,Cancelled,Zehaan Wadhwa,Chandigarh,Jharkhand,East_Travel.xlsx,365,Medium,OK
POL004879,CUST02482,AG112,Travel,East,2025-01-29,2026-01-29,14153.0,962404,Active,Sai Hayer,Pune,Uttarakhand,East_Travel.xlsx,365,Medium,OK
POL005443,CUST02964,AG030,Commercial Property,East,2025-01-29,2026-01-29,166029.0,11788059,Cancelled,Isha Sarin,Hyderabad,Uttar Pradesh,East_Travel.xlsx,365,Very High,OK
POL006995,CUST00175,AG007,Home,East,2025-01-28,2026-01-28,25034.0,1451972,Cancelled,Harini Karnik,Jaipur,Uttar Pradesh,East_Travel.xlsx,365,Medium,OK
POL007449,CUST00461,AG053,Home,East,2025-01-28,2026-01-28,62176.0,5471488,Expired,Upkaar Bandi,Ahmedabad,Mizoram,East_Travel.xlsx,365,High,OK
POL009150,CUST00515,AG050,Marine,East,2025-01-28,2026-01-28,35902.0,1629828,Cancelled,Lila Kunda,Pune,Punjab,East_Travel.xlsx,365,Medium,OK
POL005170,CUST01947,AG038,Travel,East,2025-01-28,2026-01-28,5997.0,401799,Renewed,Advika Shah,Bhubaneswar,Kerala,East_Travel.xlsx,365,Low,OK
POL001748,CUST00567,AG120,Commercial Property,East,2025-01-28,2026-01-28,141224.0,9885680,Cancelled,Vanya Ravi,Mumbai,Punjab,East_Travel.xlsx,365,Very High,OK
POL009286,CUST02701,AG012,Motor,East,2025-01-28,2026-01-28,16272.0,553248,Cancelled,Sanaya Kakar,Chandigarh,Tripura,East_Travel.xlsx,365,Medium,OK
POL009056,CUST00759,AG007,Marine,East,2025-01-27,2026-01-27,40171.0,3976929,Active,Hitesh Kalita,Jaipur,Karnataka,East_Travel.xlsx,365,Medium,OK
POL005266,CUST01651,AG108,Marine,East,2025-01-27,2026-01-27,180036.0,8281656,Renewed,Zayyan Aggarwal,Delhi,Himachal Pradesh,East_Travel.xlsx,365,Very High,OK
POL008251,CUST02259,AG115,Commercial Property,East,2025-01-27,2026-01-27,673152.0,22214016,Expired,Xiti Vasa,Delhi,Bihar,East_Travel.xlsx,365,Ultra High,OK
POL003034,CUST01927,AG119,Commercial Property,East,2025-01-27,2026-01-27,218347.0,17467760,Expired,Deepa Batta,Bhubaneswar,Manipur,East_Travel.xlsx,365,Very High,OK
POL000182,CUST01273,AG109,Home,East,2025-01-26,2026-01-26,43485.0,3696225,Cancelled,Harini Ganesh,Kolkata,Odisha,East_Travel.xlsx,365,Medium,OK
POL004530,CUST02298,AG074,Marine,East,2025-01-26,2026-01-26,155714.0,4982848,Cancelled,Nakul Brahmbhatt,Bhubaneswar,Mizoram,East_Travel.xlsx,365,Very High,OK
POL002708,CUST01891,AG108,Marine,East,2025-01-25,2026-01-25,116003.0,10556273,Expired,Nicholas Sethi,Pune,Assam,East_Travel.xlsx,365,Very High,OK
POL009001,CUST02138,AG044,Marine,East,2025-01-25,2026-01-25,53905.0,3503825,Renewed,Darika Wadhwa,Ahmedabad,Rajasthan,East_Travel.xlsx,365,High,OK
POL002227,CUST00029,AG097,Commercial Property,East,2025-01-25,2026-01-25,348051.0,10441530,Expired,Ojas Prashad,Kolkata,Andhra Pradesh,East_Travel.xlsx,365,Very High,OK
POL002011,CUST01989,AG066,Motor,East,2025-01-24,2026-01-24,9922.0,476256,Cancelled,Yachana Shan,Jaipur,Punjab,East_Travel.xlsx,365,Low,OK
POL005924,CUST00488,AG057,Marine,East,2025-01-24,2026-01-24,125605.0,3014520,Active,Gaurangi Sidhu,Mumbai,Punjab,East_Travel.xlsx,365,Very High,OK
POL008154,CUST01889,AG058,Travel,East,2025-01-23,2026-01-23,17521.0,1208949,Renewed,Dipta Bhakta,Pune,Uttar Pradesh,East_Travel.xlsx,365,Medium,OK
POL008536,CUST02110,AG108,Motor,East,2025-01-23,2026-01-23,12234.0,831912,Active,Caleb Nagi,Delhi,Tamil Nadu,East_Travel.xlsx,365,Medium,OK
POL004930,CUST00691,AG050,Marine,East,2025-01-21,2026-01-21,35902.0,1560660,Cancelled,Om Chacko,Jaipur,Nagaland,East_Travel.xlsx,365,Medium,OK
POL003322,CUST02755,AG112,Home,East,2025-01-21,2026-01-21,17237.0,1534093,Renewed,Ucchal Singhal,Hyderabad,Tamil Nadu,East_Travel.xlsx,365,Medium,OK
POL000632,CUST00216,AG079,Commercial Property,East,2025-01-21,2026-01-21,408041.0,38763895,Lapsed,Nisha Keer,Pune,Karnataka,East_Travel.xlsx,365,Very High,OK
POL008023,CUST00232,AG094,Commercial Property,East,2025-01-21,2026-01-21,623635.0,14343605,Active,Xiti Goda,Ahmedabad,Madhya Pradesh,East_Travel.xlsx,365,Ultra High,OK
POL007814,CUST01188,AG073,Home,East,2025-01-19,2026-01-19,16075.0,1607500,Active,Qasim Kohli,Bhubaneswar,Tripura,East_Travel.xlsx,365,Medium,OK
POL000591,CUST02998,AG020,Marine,East,2025-01-19,2026-01-19,197093.0,13796510,Renewed,Yug Zacharia,Ahmedabad,Odisha,East_Travel.xlsx,365,Very High,OK
POL006859,CUST00904,AG090,Motor,East,2025-01-19,2026-01-19,22885.0,2013880,Renewed,Vasatika Mangal,Ahmedabad,Haryana,East_Travel.xlsx,365,Medium,OK
POL008852,CUST01648,AG049,Travel,East,2025-01-19,2026-01-19,8773.0,552699,Expired,Harsh Gopal,Mumbai,Tamil Nadu,East_Travel.xlsx,365,Low,OK
POL005004,CUST02184,AG030,Home,East,2025-01-19,2026-01-19,40375.0,2543625,Active,Keya Samra,Patna,Sikkim,East_Travel.xlsx,365,Medium,OK
POL004051,CUST02586,AG050,Travel,East,2025-01-18,2026-01-18,11792.0,412720,Renewed,Om Ravi,Chennai,Himachal Pradesh,East_Travel.xlsx,365,Medium,OK
POL000668,CUST01164,AG098,Travel,East,2025-01-17,2026-01-17,8027.0,642160,Renewed,Lopa Goel,Pune,Rajasthan,East_Travel.xlsx,365,Low,OK
POL008388,CUST02934,AG029,Marine,East,2025-01-16,2026-01-16,156966.0,12871212,Active,Rachana Patil,Hyderabad,Karnataka,East_Travel.xlsx,365,Very High,OK
POL007984,CUST01553,AG052,Travel,East,2025-01-15,2026-01-15,13707.0,863541,Cancelled,Jackson Nagi,Chennai,Maharashtra,East_Travel.xlsx,365,Medium,OK
POL000938,CUST01520,AG073,Marine,East,2025-01-15,2026-01-15,72436.0,5722444,Lapsed,Vasana Narayanan,Hyderabad,Goa,East_Travel.xlsx,365,High,OK
POL003405,CUST00077,AG072,Home,East,2025-01-14,2026-01-14,42288.0,2833296,Lapsed,Henry Kibe,Chennai,Himachal Pradesh,East_Travel.xlsx,365,Medium,OK
POL008199,CUST02705,AG003,Commercial Property,East,2025-01-13,2026-01-13,736900.0,71479300,Active,Amaira Pillay,Chandigarh,Goa,East_Travel.xlsx,365,Ultra High,OK
POL002378,CUST02814,AG090,Marine,East,2025-01-12,2026-01-12,21296.0,1916640,Cancelled,Omya Kunda,Ahmedabad,Telangana,East_Travel.xlsx,365,Medium,OK
POL006921,CUST02527,AG023,Travel,East,2025-01-12,2026-01-12,3806.0,323510,Lapsed,Qushi Palla,Bangalore,Goa,East_Travel.xlsx,365,Low,OK
POL005836,CUST02592,AG045,Commercial Property,East,2025-01-11,2026-01-11,175245.0,5783085,Active,Tarak Jani,Chennai,Nagaland,East_Travel.xlsx,365,Very High,OK
POL003567,CUST01562,AG119,Home,East,2025-01-11,2026-01-11,39119.0,3285996,Cancelled,Unknown,Patna,Manipur,East_Travel.xlsx,365,Medium,Review
POL003374,CUST00877,AG063,Home,East,2025-01-11,2026-01-11,22600.0,1175200,Active,Tarak Reddy,Kolkata,Maharashtra,East_Travel.xlsx,365,Medium,OK
POL001900,CUST00743,AG077,Travel,East,2025-01-11,2026-01-11,10990.0,714350,Cancelled,Aarini Khare,Bangalore,Tamil Nadu,East_Travel.xlsx,365,Medium,OK
POL000225,CUST02553,AG016,Marine,East,2025-01-11,2026-01-11,70897.0,6026245,Lapsed,Zansi Raghavan,Bhubaneswar,Rajasthan,East_Travel.xlsx,365,High,OK
POL009742,CUST01561,AG089,Home,East,2025-01-10,2026-01-10,33192.0,962568,Expired,Nidra Anand,Bangalore,Odisha,East_Travel.xlsx,365,Medium,OK
POL009662,CUST01101,AG096,Marine,East,2025-01-09,2026-01-09,101245.0,9618275,Active,Girindra Kara,Ahmedabad,Rajasthan,East_Travel.xlsx,365,Very High,OK
POL008297,CUST01123,AG090,Home,East,2025-01-09,2026-01-09,29706.0,2911188,Renewed,Qushi Rao,Pune,Kerala,East_Travel.xlsx,365,Medium,OK
POL006796,CUST01512,AG040,Travel,East,2025-01-09,2026-01-09,2168.0,127912,Renewed,Aadi Solanki,Delhi,West Bengal,East_Travel.xlsx,365,Low,OK
POL002794,CUST00848,AG041,Home,East,2025-01-08,2026-01-08,42866.0,900186,Renewed,Nidra Comar,Ahmedabad,Bihar,East_Travel.xlsx,365,Medium,OK
POL001029,CUST00313,AG040,Motor,East,2025-01-06,2026-01-06,29093.0,814604,Cancelled,Priya Rattan,Chennai,Goa,East_Travel.xlsx,365,Medium,OK
POL007079,CUST01960,AG062,Home,East,2025-01-06,2026-01-06,51557.0,3918332,Expired,Henry Kunda,Bangalore,Maharashtra,East_Travel.xlsx,365,High,OK
POL004021,CUST02966,AG097,Marine,East,2025-01-06,2026-01-06,63548.0,2605468,Active,Priya Dua,Jaipur,Odisha,East_Travel.xlsx,365,High,OK
POL004635,CUST02350,AG110,Commercial Property,East,2025-01-05,2026-01-05,316617.0,31028466,Active,Qushi Shetty,Ahmedabad,Tripura,East_Travel.xlsx,365,Very High,OK
POL000925,CUST00595,AG104,Motor,East,2025-01-05,2026-01-05,19572.0,1350468,Renewed,Jagvi Borah,Delhi,Nagaland,East_Travel.xlsx,365,Medium,OK
POL001045,CUST02599,AG045,Travel,East,2025-01-04,2026-01-04,5966.0,137218,Lapsed,Harsh Bajaj,Jaipur,Manipur,East_Travel.xlsx,365,Low,OK
POL000236,CUST00487,AG011,Commercial Property,East,2025-01-03,2026-01-03,694226.0,51372724,Cancelled,Ikbal Pingle,Jaipur,Punjab,East_Travel.xlsx,365,Ultra High,OK
POL004127,CUST00747,AG101,Home,East,2025-01-01,2026-01-01,54739.0,3503296,Cancelled,Janani Dhar,Bhubaneswar,Bihar,East_Travel.xlsx,365,High,OK
POL007412,CUST01223,AG010,Commercial Property,East,2025-01-01,2026-01-01,705119.0,64165829,Cancelled,Jyoti Jha,Delhi,Jharkhand,East_Travel.xlsx,365,Ultra High,OK
POL003955,CUST01876,AG048,Motor,East,2024-12-31,2025-12-31,12916.0,994532,Renewed,Nisha Uppal,Chandigarh,West Bengal,East_Travel.xlsx,365,Medium,OK
POL007951,CUST02809,AG087,Motor,East,2024-12-29,2025-12-29,38207.0,3629665,Cancelled,David Banik,Ahmedabad,Jharkhand,East_Travel.xlsx,365,Medium,OK
POL008087,CUST02709,AG013,Home,East,2024-12-29,2025-12-29,8621.0,275872,Lapsed,Ijaya Din,Ahmedabad,Mizoram,East_Travel.xlsx,365,Low,OK
POL004798,CUST01033,AG007,Travel,East,2024-12-28,2025-12-28,8015.0,256480,Active,Amruta Ahluwalia,Mumbai,Goa,East_Travel.xlsx,365,Low,OK
POL009613,CUST02458,AG080,Commercial Property,East,2024-12-28,2025-12-28,900808.0,89179992,Active,Theodore Kari,Bhubaneswar,Kerala,East_Travel.xlsx,365,Ultra High,OK
POL001857,CUST02388,AG073,Motor,East,2024-12-28,2025-12-28,15798.0,426546,Active,Jeet Bir,Pune,Rajasthan,East_Travel.xlsx,365,Medium,OK
POL008624,CUST00239,AG120,Marine,East,2024-12-25,2025-12-25,131568.0,3683904,Lapsed,Advika Mukherjee,Chennai,Assam,East_Travel.xlsx,365,Very High,OK
POL001572,CUST00865,AG103,Commercial Property,East,2024-12-25,2025-12-25,500212.0,48520564,Renewed,Aarnav Aggarwal,Jaipur,Maharashtra,East_Travel.xlsx,365,Ultra High,OK
POL002029,CUST02915,AG070,Home,East,2024-12-25,2025-12-25,47305.0,3074825,Lapsed,Girindra Tara,Hyderabad,Rajasthan,East_Travel.xlsx,365,Medium,OK
POL004457,CUST02654,AG025,Commercial Property,East,2024-12-24,2025-12-24,162227.0,12815933,Active,Ronith Sankar,Hyderabad,Odisha,East_Travel.xlsx,365,Very High,OK
POL003193,CUST00679,AG052,Home,East,2024-12-24,2025-12-24,55068.0,2092584,Lapsed,Nidra Garg,Delhi,Andhra Pradesh,East_Travel.xlsx,365,High,OK
POL007409,CUST01320,AG109,Home,East,2024-12-24,2025-12-24,62774.0,4456954,Renewed,Ronith Goel,Jaipur,Nagaland,East_Travel.xlsx,365,High,OK
POL004741,CUST00785,AG017,Marine,East,2024-12-23,2025-12-23,63012.0,2646504,Lapsed,Chaaya Dhillon,Bhubaneswar,Goa,East_Travel.xlsx,365,High,OK
POL000423,CUST00012,AG051,Home,East,2024-12-23,2025-12-23,46079.0,3778478,Renewed,Ronith Shanker,Kolkata,Haryana,East_Travel.xlsx,365,Medium,OK
POL005486,CUST02442,AG084,Marine,East,2024-12-22,2025-12-22,151653.0,4094631,Expired,Charles Borra,Hyderabad,Goa,East_Travel.xlsx,365,Very High,OK
POL009823,CUST00276,AG040,Home,East,2024-12-21,2025-12-21,60936.0,2924928,Cancelled,Anamika Srinivasan,Kolkata,Haryana,East_Travel.xlsx,365,High,OK
POL006134,CUST02342,AG076,Home,East,2024-12-21,2025-12-21,30924.0,989568,Lapsed,Matthew Karpe,Mumbai,Maharashtra,East_Travel.xlsx,365,Medium,OK
POL002089,CUST02120,AG108,Commercial Property,East,2024-12-21,2025-12-21,316658.0,20266112,Renewed,Ubika Malhotra,Kolkata,Kerala,East_Travel.xlsx,365,Very High,OK
POL006413,CUST02426,AG110,Travel,East,2024-12-20,2025-12-20,10345.0,527595,Expired,Brijesh Handa,Delhi,Haryana,East_Travel.xlsx,365,Medium,OK
POL004599,CUST02090,AG115,Travel,East,2024-12-20,2025-12-20,1442.0,131222,Lapsed,Manbir Rattan,Mumbai,Uttar Pradesh,East_Travel.xlsx,365,Low,OK
POL003245,CUST02074,AG023,Motor,East,2024-12-19,2025-12-19,25050.0,1252500,Lapsed,Kashvi Wason,Bhubaneswar,Assam,East_Travel.xlsx,365,Medium,OK
POL007724,CUST01157,AG118,Motor,East,2024-12-19,2025-12-19,25729.0,1492282,Cancelled,Ekapad Banerjee,Ahmedabad,Gujarat,East_Travel.xlsx,365,Medium,OK
POL001492,CUST01646,AG087,Motor,East,2024-12-19,2025-12-19,20489.0,1044939,Cancelled,Chaman Sarraf,Mumbai,Arunachal Pradesh,East_Travel.xlsx,365,Medium,OK
POL009477,CUST02983,AG018,Travel,East,2024-12-17,2025-12-17,11875.0,475000,Cancelled,Shivani Mahajan,Mumbai,Bihar,East_Travel.xlsx,365,Medium,OK
POL005457,CUST02367,AG015,Marine,East,2024-12-16,2025-12-16,138535.0,5957005,Lapsed,Ekiya Parikh,Jaipur,Odisha,East_Travel.xlsx,365,Very High,OK
POL005749,CUST00226,AG025,Travel,East,2024-12-16,2025-12-16,2259.0,171684,Active,Maya Hari,Hyderabad,Andhra Pradesh,East_Travel.xlsx,365,Low,OK
POL005879,CUST00588,AG050,Travel,East,2024-12-16,2025-12-16,9258.0,379578,Lapsed,Urishilla Tailor,Delhi,Uttar Pradesh,East_Travel.xlsx,365,Low,OK
POL007398,CUST02325,AG088,Marine,East,2024-12-16,2025-12-16,139020.0,6951000,Cancelled,Tripti Hari,Kolkata,Uttar Pradesh,East_Travel.xlsx,365,Very High,OK
POL008618,CUST02491,AG066,Home,East,2024-12-15,2025-12-15,45963.0,2941632,Active,Ira Zachariah,Patna,Kerala,East_Travel.xlsx,365,Medium,OK
POL008443,CUST01267,AG082,Commercial Property,East,2024-12-15,2025-12-15,944473.0,55723907,Active,Ekbal Sangha,Pune,Maharashtra,East_Travel.xlsx,365,Ultra High,OK
POL002420,CUST02916,AG037,Marine,East,2024-12-15,2025-12-15,76779.0,5220972,Cancelled,Sathvik Baral,Bhubaneswar,Karnataka,East_Travel.xlsx,365,High,OK
POL002755,CUST01776,AG079,Travel,East,2024-12-14,2025-12-14,6635.0,457815,Cancelled,Tristan Deshpande,Ahmedabad,Punjab,East_Travel.xlsx,365,Low,OK
POL006416,CUST02513,AG115,Marine,East,2024-12-12,2025-12-12,89054.0,6946212,Renewed,Shivani Pai,Mumbai,Assam,East_Travel.xlsx,365,High,OK
POL005073,CUST00095,AG022,Marine,East,2024-12-12,2025-12-12,186034.0,12278244,Cancelled,Anmol Krish,Pune,Andhra Pradesh,East_Travel.xlsx,365,Very High,OK
POL003949,CUST00105,AG073,Motor,East,2024-12-11,2025-12-11,32739.0,2913771,Lapsed,Noah Raj,Ahmedabad,Haryana,East_Travel.xlsx,365,Medium,OK
POL009321,CUST02761,AG044,Travel,East,2024-12-10,2025-12-10,6251.0,556339,Renewed,Daksha Nadig,Pune,Goa,East_Travel.xlsx,365,Low,OK
POL008730,CUST01901,AG114,Motor,East,2024-12-10,2025-12-10,34820.0,2924880,Active,Abeer Desai,Chandigarh,Tripura,East_Travel.xlsx,365,Medium,OK
POL002233,CUST01284,AG025,Travel,East,2024-12-09,2025-12-09,35902.0,775983,Active,Rudra D’Alia,Chandigarh,Andhra Pradesh,East_Travel.xlsx,365,Medium,OK
POL006019,CUST02979,AG034,Commercial Property,East,2024-12-09,2025-12-09,915814.0,90665586,Active,Tripti Korpal,Bhubaneswar,Chhattisgarh,East_Travel.xlsx,365,Ultra High,OK
POL006119,CUST01277,AG043,Marine,East,2024-12-09,2025-12-09,70288.0,3865840,Active,Ethan Arya,Bhubaneswar,Meghalaya,East_Travel.xlsx,365,High,OK
POL007809,CUST01554,AG003,Motor,East,2024-12-09,2025-12-09,24015.0,1536960,Expired,Maya Kala,Hyderabad,Manipur,East_Travel.xlsx,365,Medium,OK
POL004865,CUST00667,AG045,Travel,East,2024-12-09,2025-12-09,10934.0,470162,Renewed,Saanvi Gade,Pune,Punjab,East_Travel.xlsx,365,Medium,OK
POL008458,CUST00567,AG082,Marine,East,2024-12-08,2025-12-08,98388.0,3935520,Lapsed,Vanya Ravi,Mumbai,Punjab,East_Travel.xlsx,365,High,OK
POL006505,CUST02836,AG003,Home,East,2024-12-08,2025-12-08,51096.0,2401512,Renewed,Netra Bali,Jaipur,West Bengal,East_Travel.xlsx,365,High,OK
POL004603,CUST00516,AG090,Travel,East,2024-12-07,2025-12-07,9129.0,584256,Lapsed,Garima Pall,Pune,Tamil Nadu,East_Travel.xlsx,365,Low,OK
POL009071,CUST02416,AG068,Motor,East,2024-12-07,2025-12-07,7635.0,427560,Expired,Ansh Anand,Ahmedabad,Mizoram,East_Travel.xlsx,365,Low,OK
POL003849,CUST01473,AG078,Home,East,2024-12-05,2025-12-05,29581.0,1567793,Expired,Divya Dasgupta,Patna,Andhra Pradesh,East_Travel.xlsx,365,Medium,OK
POL005664,CUST02823,AG034,Marine,East,2024-12-05,2025-12-05,137593.0,13208928,Active,Xalak Subramaniam,Delhi,Karnataka,East_Travel.xlsx,365,Very High,OK
POL008872,CUST00937,AG087,Motor,East,2024-12-04,2025-12-04,33285.0,1697535,Active,Aadhya Prabhakar,Bangalore,Uttar Pradesh,East_Travel.xlsx,365,Medium,OK
POL003686,CUST01753,AG058,Home,East,2024-12-04,2025-12-04,50622.0,3897894,Cancelled,Eiravati Tripathi,Patna,Himachal Pradesh,East_Travel.xlsx,365,High,OK
POL001468,CUST01583,AG024,Travel,East,2024-12-04,2025-12-04,3927.0,286671,Cancelled,Ria Sant,Ahmedabad,Jharkhand,East_Travel.xlsx,365,Low,OK
POL009078,CUST01016,AG114,Motor,East,2024-12-03,2025-12-03,36843.0,1510563,Active,Raghav Sunder,Mumbai,Odisha,East_Travel.xlsx,365,Medium,OK
POL007827,CUST01671,AG044,Travel,East,2024-12-03,2025-12-03,14954.0,583206,Renewed,Lila Pal,Bangalore,Jharkhand,East_Travel.xlsx,365,Medium,OK
POL007942,CUST00061,AG019,Home,East,2024-12-03,2025-12-03,12894.0,1237824,Renewed,Lavanya Mistry,Delhi,Tamil Nadu,East_Travel.xlsx,365,Medium,OK
POL003745,CUST01085,AG053,Home,East,2024-12-02,2025-12-02,64633.0,3554815,Lapsed,Aahana Natt,Pune,Maharashtra,East_Travel.xlsx,365,High,OK
POL003398,CUST01995,AG035,Travel,East,2024-12-02,2025-12-02,13735.0,1222415,Lapsed,Dipta Bhatia,Pune,Uttarakhand,East_Travel.xlsx,365,Medium,OK
POL001598,CUST00991,AG030,Commercial Property,East,2024-12-02,2025-12-02,107634.0,6888576,Active,Bhavani Lanka,Pune,Punjab,East_Travel.xlsx,365,Very High,OK
POL004320,CUST01395,AG028,Marine,East,2024-12-01,2025-12-01,170704.0,16387584,Renewed,Gaurangi Vohra,Kolkata,Arunachal Pradesh,East_Travel.xlsx,365,Very High,OK
POL003721,CUST00914,AG047,Travel,East,2024-12-01,2025-12-01,1265.0,64515,Expired,Veer Arora,Jaipur,Andhra Pradesh,East_Travel.xlsx,365,Low,OK
POL001582,CUST02456,AG030,Marine,East,2024-12-01,2025-12-01,28664.0,745264,Lapsed,Libni Bhakta,Pune,Mizoram,East_Travel.xlsx,365,Medium,OK
POL005329,CUST01908,AG031,Motor,East,2024-12-01,2025-12-01,27964.0,1314308,Expired,Warda Nadig,Chandigarh,Manipur,East_Travel.xlsx,365,Medium,OK
POL001805,CUST01831,AG040,Motor,East,2024-11-30,2025-11-30,35833.0,2472477,Active,Samar Suri,Pune,West Bengal,East_Travel.xlsx,365,Medium,OK
POL008089,CUST01463,AG102,Home,East,2024-11-30,2025-11-30,24870.0,1268370,Renewed,Kai Chakrabarti,Patna,Uttarakhand,East_Travel.xlsx,365,Medium,OK
POL001017,CUST01659,AG106,Motor,East,2024-11-29,2025-11-29,29221.0,2629890,Expired,Ekaja Lalla,Kolkata,Telangana,East_Travel.xlsx,365,Medium,OK
POL005342,CUST02606,AG087,Motor,East,2024-11-29,2025-11-29,9820.0,304420,Renewed,Fiyaz Mukherjee,Bangalore,Punjab,East_Travel.xlsx,365,Low,OK
POL003529,CUST01409,AG105,Travel,East,2024-11-28,2025-11-28,5222.0,349874,Renewed,Chaitanya Nayar,Jaipur,Tripura,East_Travel.xlsx,365,Low,OK
POL007537,CUST01549,AG028,Travel,East,2024-11-28,2025-11-28,6604.0,389636,Lapsed,Amara Talwar,Bangalore,Telangana,East_Travel.xlsx,365,Low,OK
POL006945,CUST00245,AG060,Home,East,2024-11-28,2025-11-28,54412.0,4625020,Active,Mugdha Wable,Ahmedabad,Meghalaya,East_Travel.xlsx,365,High,OK
POL001919,CUST01479,AG059,Travel,East,2024-11-27,2025-11-27,19713.0,551964,Renewed,Dayita Bhatti,Ahmedabad,Arunachal Pradesh,East_Travel.xlsx,365,Medium,OK
POL000756,CUST01057,AG115,Home,East,2024-11-26,2025-11-26,69670.0,2786800,Cancelled,Zayan Aurora,Patna,Odisha,East_Travel.xlsx,365,High,OK
POL009885,CUST00938,AG104,Commercial Property,East,2024-11-26,2025-11-26,650368.0,20811776,Renewed,Pooja Cherian,Ahmedabad,Andhra Pradesh,East_Travel.xlsx,365,Ultra High,OK
POL002485,CUST01864,AG032,Travel,East,2024-11-26,2025-11-26,5434.0,510796,Lapsed,Omisha Nagar,Patna,Sikkim,East_Travel.xlsx,365,Low,OK
POL005281,CUST02942,AG104,Motor,East,2024-11-26,2025-11-26,6679.0,360666,Expired,Arya Pingle,Kolkata,Tamil Nadu,East_Travel.xlsx,365,Low,OK
POL008595,CUST00546,AG055,Travel,East,2024-11-25,2025-11-25,2673.0,61479,Renewed,Unknown,Chandigarh,Goa,East_Travel.xlsx,365,Low,Review
POL005701,CUST02755,AG058,Home,East,2024-11-24,2025-11-24,42394.0,975062,Cancelled,Ucchal Singhal,Hyderabad,Tamil Nadu,East_Travel.xlsx,365,Medium,OK
POL002103,CUST00347,AG069,Marine,East,2024-11-24,2025-11-24,157957.0,6318280,Renewed,Daksha Sandhu,Bangalore,Tamil Nadu,East_Travel.xlsx,365,Very High,OK
POL009986,CUST00169,AG051,Commercial Property,East,2024-11-24,2025-11-24,763486.0,35120356,Expired,Bhavya Sehgal,Chandigarh,Bihar,East_Travel.xlsx,365,Ultra High,OK
POL007738,CUST00545,AG076,Commercial Property,East,2024-11-23,2025-11-23,996685.0,30897235,Renewed,Shivani Srinivas,Jaipur,Meghalaya,East_Travel.xlsx,365,Ultra High,OK
POL003079,CUST00563,AG080,Marine,East,2024-11-23,2025-11-23,98380.0,5214140,Expired,Udarsh Taneja,Chennai,Madhya Pradesh,East_Travel.xlsx,365,High,OK
POL009847,CUST00274,AG109,Home,East,2024-11-22,2025-11-22,50954.0,4432998,Active,Aarnav Choudhary,Hyderabad,Nagaland,East_Travel.xlsx,365,High,OK
POL005473,CUST00225,AG107,Motor,East,2024-11-21,2025-11-21,13350.0,1201500,Lapsed,Urvi Ahluwalia,Kolkata,Rajasthan,East_Travel.xlsx,365,Medium,OK
POL007910,CUST00373,AG010,Marine,East,2024-11-20,2025-11-20,79904.0,2317216,Lapsed,Chaaya Golla,Chandigarh,Arunachal Pradesh,East_Travel.xlsx,365,High,OK
POL002371,CUST01489,AG107,Marine,East,2024-11-19,2025-11-19,138850.0,7497900,Active,Om Sane,Bhubaneswar,Arunachal Pradesh,East_Travel.xlsx,365,Very High,OK
POL001950,CUST01810,AG038,Motor,East,2024-11-19,2025-11-19,28099.0,1292554,Lapsed,Veda Gandhi,Pune,Meghalaya,East_Travel.xlsx,365,Medium,OK
POL008952,CUST02579,AG083,Motor,East,2024-11-19,2025-11-19,21371.0,512904,Active,Bhavya Kadakia,Patna,Maharashtra,East_Travel.xlsx,365,Medium,OK
POL005895,CUST01962,AG012,Travel,East,2024-11-18,2025-11-18,16652.0,1099032,Lapsed,Unknown,Pune,Chhattisgarh,East_Travel.xlsx,365,Medium,Review
POL009202,CUST01137,AG085,Marine,East,2024-11-18,2025-11-18,70300.0,3725900,Active,Anjali Raja,Chandigarh,Bihar,East_Travel.xlsx,365,High,OK
POL003019,CUST01268,AG050,Commercial Property,East,2024-11-17,2025-11-17,742636.0,46786068,Lapsed,Gavin Madan,Bangalore,Telangana,East_Travel.xlsx,365,Ultra High,OK
POL003738,CUST00442,AG077,Commercial Property,East,2024-11-16,2025-11-16,674149.0,45842132,Lapsed,David Buch,Delhi,Haryana,East_Travel.xlsx,365,Ultra High,OK
POL007703,CUST01434,AG004,Motor,East,2024-11-16,2025-11-16,18973.0,1726543,Cancelled,Gaurang Sha,Ahmedabad,Assam,East_Travel.xlsx,365,Medium,OK
POL003234,CUST01045,AG117,Motor,East,2024-11-16,2025-11-16,9253.0,360867,Renewed,Kamala Dewan,Ahmedabad,Karnataka,East_Travel.xlsx,365,Low,OK
POL000202,CUST01842,AG095,Home,East,2024-11-16,2025-11-16,9910.0,218020,Renewed,Urvashi Bhagat,Kolkata,Mizoram,East_Travel.xlsx,365,Low,OK
POL006573,CUST01586,AG001,Travel,East,2024-11-15,2025-11-15,13309.0,971557,Expired,Timothy Nanda,Ahmedabad,Chhattisgarh,East_Travel.xlsx,365,Medium,OK
POL005310,CUST01155,AG032,Commercial Property,East,2024-11-15,2025-11-15,35902.0,91982705,Cancelled,Madhav Mistry,Patna,Uttar Pradesh,East_Travel.xlsx,365,Medium,OK
POL007881,CUST01498,AG083,Home,East,2024-11-14,2025-11-14,32497.0,2762245,Expired,Madhav Nayak,Mumbai,Jharkhand,East_Travel.xlsx,365,Medium,OK
POL002911,CUST00042,AG078,Motor,East,2024-11-12,2025-11-12,35902.0,700245,Active,Abhiram Tailor,Ahmedabad,Andhra Pradesh,East_Travel.xlsx,365,Medium,OK
POL004080,CUST00773,AG071,Travel,East,2024-11-12,2025-11-12,14535.0,305235,Lapsed,Champak Kala,Mumbai,Goa,East_Travel.xlsx,365,Medium,OK
POL005232,CUST02074,AG047,Marine,East,2024-11-11,2025-11-11,117781.0,7302422,Active,Kashvi Wason,Bhubaneswar,Assam,East_Travel.xlsx,365,Very High,OK
POL006064,CUST00070,AG059,Travel,East,2024-11-11,2025-11-11,13117.0,813254,Renewed,Bhavna Mohan,Jaipur,Jharkhand,East_Travel.xlsx,365,Medium,OK
POL004961,CUST00919,AG012,Travel,East,2024-11-10,2025-11-10,15176.0,758800,Lapsed,Vritti Bava,Patna,Andhra Pradesh,East_Travel.xlsx,365,Medium,OK
POL004146,CUST02632,AG080,Commercial Property,East,2024-11-09,2025-11-09,800932.0,63273628,Lapsed,Faraj Kaur,Bangalore,Rajasthan,East_Travel.xlsx,365,Ultra High,OK
POL008716,CUST01448,AG001,Commercial Property,East,2024-11-09,2025-11-09,637082.0,57337380,Active,,Hyderabad,Assam,East_Travel.xlsx,365,Ultra High,OK
POL008491,CUST01495,AG058,Travel,East,2024-11-09,2025-11-09,11855.0,521620,Expired,Vedika Ranganathan,Chennai,Andhra Pradesh,East_Travel.xlsx,365,Medium,OK
POL002901,CUST02737,AG115,Home,East,2024-11-08,2025-11-08,12716.0,635800,Lapsed,Kevin Rajagopal,Jaipur,Gujarat,East_Travel.xlsx,365,Medium,OK
POL004075,CUST00301,AG015,Motor,East,2024-11-08,2025-11-08,20948.0,1361620,Lapsed,Devansh Peri,Mumbai,Goa,East_Travel.xlsx,365,Medium,OK
POL002568,CUST01424,AG105,Motor,East,2024-11-08,2025-11-08,18426.0,1695192,Active,Madhavi Chander,Bhubaneswar,Manipur,East_Travel.xlsx,365,Medium,OK
POL006654,CUST01586,AG103,Home,East,2024-11-08,2025-11-08,50950.0,3770300,Renewed,Timothy Nanda,Ahmedabad,Chhattisgarh,East_Travel.xlsx,365,High,OK
POL009554,CUST02835,AG060,Motor,East,2024-11-08,2025-11-08,15798.0,1153254,Cancelled,Gautam Chada,Bangalore,Punjab,East_Travel.xlsx,365,Medium,OK
POL000130,CUST00606,AG077,Motor,East,2024-11-07,2025-11-07,24145.0,2245485,Lapsed,Gopal Butala,Kolkata,Arunachal Pradesh,East_Travel.xlsx,365,Medium,OK
POL003052,CUST02995,AG023,Marine,East,2024-11-07,2025-11-07,83868.0,6457836,Renewed,George Samra,Kolkata,Sikkim,East_Travel.xlsx,365,High,OK
POL007731,CUST01157,AG067,Travel,East,2024-11-06,2025-11-06,13214.0,1136404,Lapsed,Ekapad Banerjee,Ahmedabad,Gujarat,East_Travel.xlsx,365,Medium,OK
POL001847,CUST02027,AG044,Commercial Property,East,2024-11-06,2025-11-06,420622.0,38697224,Cancelled,Veer Khanna,Chennai,Uttarakhand,East_Travel.xlsx,365,Very High,OK
POL000261,CUST00250,AG103,Marine,East,2024-11-05,2025-11-05,187097.0,4677425,Expired,Yasti Merchant,Patna,Gujarat,East_Travel.xlsx,365,Very High,OK
POL008444,CUST00152,AG019,Commercial Property,East,2024-11-05,2025-11-05,68595.0,5213220,Cancelled,Siya Shukla,Jaipur,Odisha,East_Travel.xlsx,365,High,OK
POL005340,CUST00950,AG097,Marine,East,2024-11-03,2025-11-03,190430.0,8378920,Active,Bhavika Chauhan,Chennai,Mizoram,East_Travel.xlsx,365,Very High,OK
POL005974,CUST00175,AG096,Marine,East,2024-11-03,2025-11-03,108246.0,4005102,Renewed,Harini Karnik,Jaipur,Uttar Pradesh,East_Travel.xlsx,365,Very High,OK
POL007720,CUST02978,AG114,Commercial Property,East,2024-11-03,2025-11-03,402925.0,12490675,Lapsed,Vritti Subramanian,Bhubaneswar,Himachal Pradesh,East_Travel.xlsx,365,Very High,OK
POL008352,CUST00381,AG069,Travel,East,2024-11-03,2025-11-03,15018.0,1306566,Renewed,Urvi Agarwal,Delhi,Madhya Pradesh,East_Travel.xlsx,365,Medium,OK
POL002366,CUST00612,AG038,Marine,East,2024-11-02,2025-11-02,132481.0,11790809,Renewed,Bishakha Khatri,Hyderabad,Jharkhand,East_Travel.xlsx,365,Very High,OK
POL008800,CUST02286,AG008,Travel,East,2024-11-02,2025-11-02,1932.0,156492,Renewed,Garima Chad,Chandigarh,Uttar Pradesh,East_Travel.xlsx,365,Low,OK
POL009358,CUST00455,AG066,Commercial Property,East,2024-11-02,2025-11-02,876490.0,46453970,Lapsed,Abdul Seshadri,Pune,Haryana,East_Travel.xlsx,365,Ultra High,OK
POL008165,CUST00030,AG016,Commercial Property,East,2024-11-01,2025-11-01,258905.0,25113785,Expired,Sudiksha Munshi,Delhi,Madhya Pradesh,East_Travel.xlsx,365,Very High,OK
POL007416,CUST02303,AG077,Commercial Property,East,2024-11-01,2025-11-01,744366.0,56571816,Renewed,Luke Sachdeva,Delhi,Madhya Pradesh,East_Travel.xlsx,365,Ultra High,OK
POL006676,CUST01843,AG037,Marine,East,2024-10-31,2025-10-31,110580.0,5197260,Renewed,Vedika Nagi,Chandigarh,Telangana,East_Travel.xlsx,365,Very High,OK
POL006864,CUST00587,AG052,Home,East,2024-10-31,2025-10-31,14622.0,643368,Cancelled,Gaurika Reddy,Chennai,Punjab,East_Travel.xlsx,365,Medium,OK
POL000373,CUST00306,AG043,Motor,East,2024-10-31,2025-10-31,23281.0,512182,Active,Aarini Varty,Mumbai,Himachal Pradesh,East_Travel.xlsx,365,Medium,OK
POL004295,CUST02531,AG051,Motor,East,2024-10-31,2025-10-31,7382.0,605324,Lapsed,Yoshita Peri,Jaipur,Manipur,East_Travel.xlsx,365,Low,OK
POL004440,CUST01823,AG053,Marine,East,2024-10-31,2025-10-31,147197.0,6623865,Lapsed,Henry Acharya,Pune,Karnataka,East_Travel.xlsx,365,Very High,OK
POL003763,CUST00316,AG009,Travel,East,2024-10-30,2025-10-30,2977.0,122057,Expired,Radhika Bhasin,Mumbai,Andhra Pradesh,East_Travel.xlsx,365,Low,OK
POL000537,CUST01149,AG055,Commercial Property,East,2024-10-30,2025-10-30,689109.0,48237630,Cancelled,Nidra Sodhi,Bangalore,Bihar,East_Travel.xlsx,365,Ultra High,OK
POL002559,CUST00515,AG098,Marine,East,2024-10-30,2025-10-30,151815.0,13815165,Renewed,Lila Kunda,Pune,Punjab,East_Travel.xlsx,365,Very High,OK
POL008368,CUST02628,AG120,Travel,East,2024-10-30,2025-10-30,10997.0,373898,Cancelled,Harini Jha,Chandigarh,Maharashtra,East_Travel.xlsx,365,Medium,OK
POL000427,CUST00131,AG074,Home,East,2024-10-29,2025-10-29,64099.0,1602475,Renewed,Ronith Solanki,Chennai,Karnataka,East_Travel.xlsx,365,High,OK
POL001888,CUST00462,AG091,Marine,East,2024-10-29,2025-10-29,135189.0,7976151,Expired,Tristan Sheth,Chennai,West Bengal,East_Travel.xlsx,365,Very High,OK
POL006421,CUST02906,AG076,Commercial Property,East,2024-10-29,2025-10-29,518731.0,16599392,Lapsed,Krishna Bail,Ahmedabad,Chhattisgarh,East_Travel.xlsx,365,Ultra High,OK
POL001116,CUST02477,AG037,Commercial Property,East,2024-10-29,2025-10-29,459392.0,38588928,Lapsed,Logan Prabhu,Chennai,Haryana,East_Travel.xlsx,365,Very High,OK
POL005008,CUST01170,AG063,Commercial Property,East,2024-10-28,2025-10-28,967847.0,76459913,Lapsed,Rishi Zachariah,Chandigarh,Bihar,East_Travel.xlsx,365,Ultra High,OK
POL004151,CUST01579,AG104,Commercial Property,East,2024-10-28,2025-10-28,246382.0,15275684,Active,Luke Choudhury,Delhi,West Bengal,East_Travel.xlsx,365,Very High,OK
POL005512,CUST01699,AG022,Travel,East,2024-10-28,2025-10-28,10280.0,544840,Active,Anusha Keer,Chandigarh,Madhya Pradesh,East_Travel.xlsx,365,Medium,OK
POL009346,CUST00691,AG113,Commercial Property,East,2024-10-27,2025-10-27,714116.0,37848148,Expired,Om Chacko,Jaipur,Nagaland,East_Travel.xlsx,365,Ultra High,OK
POL000960,CUST00747,AG003,Commercial Property,East,2024-10-26,2025-10-26,769334.0,71548062,Active,Janani Dhar,Bhubaneswar,Bihar,East_Travel.xlsx,365,Ultra High,OK
POL008798,CUST00752,AG084,Commercial Property,East,2024-10-26,2025-10-26,824786.0,52786304,Lapsed,Anita Gupta,Delhi,Haryana,East_Travel.xlsx,365,Ultra High,OK
POL003112,CUST00773,AG043,Commercial Property,East,2024-10-25,2025-10-25,172752.0,6910080,Cancelled,Champak Kala,Mumbai,Goa,East_Travel.xlsx,365,Very High,OK
POL006181,CUST02001,AG079,Commercial Property,East,2024-10-25,2025-10-25,727593.0,64028184,Active,Mugdha Nayar,Chandigarh,Kerala,East_Travel.xlsx,365,Ultra High,OK
POL002069,CUST00111,AG031,Travel,East,2024-10-24,2025-10-24,9477.0,720252,Cancelled,Nitara Mannan,Chennai,Nagaland,East_Travel.xlsx,365,Low,OK
POL000876,CUST01129,AG012,Home,East,2024-10-24,2025-10-24,50046.0,1451334,Renewed,Vrishti Mitter,Mumbai,Rajasthan,East_Travel.xlsx,365,High,OK
POL009778,CUST00088,AG013,Motor,East,2024-10-23,2025-10-23,34574.0,691480,Expired,Gaurang Bora,Pune,Telangana,East_Travel.xlsx,365,Medium,OK
POL001290,CUST02897,AG026,Motor,East,2024-10-23,2025-10-23,21958.0,1273564,Expired,Unknown,Chandigarh,Goa,East_Travel.xlsx,365,Medium,Review
POL006885,CUST01930,AG005,Home,East,2024-10-22,2025-10-22,8123.0,625471,Renewed,Mohini Dhar,Ahmedabad,Mizoram,East_Travel.xlsx,365,Low,OK
POL008005,CUST00581,AG057,Travel,East,2024-10-22,2025-10-22,1632.0,140352,Active,Bhanumati Guha,Kolkata,Maharashtra,East_Travel.xlsx,365,Low,OK
POL002126,CUST00321,AG012,Motor,East,2024-10-21,2025-10-21,29366.0,969078,Cancelled,Ekalinga Nazareth,Patna,Assam,East_Travel.xlsx,365,Medium,OK
POL001738,CUST02802,AG116,Commercial Property,East,2024-10-21,2025-10-21,535023.0,27821196,Cancelled,Hitesh Sagar,Ahmedabad,Jharkhand,East_Travel.xlsx,365,Ultra High,OK
POL002670,CUST02632,AG051,Home,East,2024-10-21,2025-10-21,11098.0,721370,Cancelled,Faraj Kaur,Bangalore,Rajasthan,East_Travel.xlsx,365,Medium,OK
POL000296,CUST02929,AG073,Motor,East,2024-10-20,2025-10-20,20463.0,2046300,Cancelled,Chaitanya More,Patna,Punjab,East_Travel.xlsx,365,Medium,OK
POL000426,CUST02346,AG090,Travel,East,2024-10-20,2025-10-20,7120.0,277680,Expired,Aachal Boase,Chandigarh,Uttar Pradesh,East_Travel.xlsx,365,Low,OK
POL001185,CUST02990,AG057,Commercial Property,East,2024-10-20,2025-10-20,469641.0,9862461,Renewed,Noah Savant,Chandigarh,Bihar,East_Travel.xlsx,365,Very High,OK
POL006675,CUST00634,AG011,Commercial Property,East,2024-10-19,2025-10-19,178852.0,13771604,Renewed,Kevin Banik,Chandigarh,West Bengal,East_Travel.xlsx,365,Very High,OK
POL002458,CUST00903,AG015,Home,East,2024-10-18,2025-10-18,50961.0,1630752,Renewed,Yochana Mander,Patna,Nagaland,East_Travel.xlsx,365,High,OK
POL002421,CUST00823,AG043,Travel,East,2024-10-18,2025-10-18,14461.0,506135,Renewed,Gunbir Puri,Mumbai,Sikkim,East_Travel.xlsx,365,Medium,OK
POL009169,CUST01405,AG102,Commercial Property,East,2024-10-17,2025-10-17,588554.0,17656620,Renewed,Gaurika Mitra,Pune,Sikkim,East_Travel.xlsx,365,Ultra High,OK
POL001000,CUST01029,AG087,Motor,East,2024-10-17,2025-10-17,37654.0,828388,Cancelled,Banjeet Dave,Patna,Mizoram,East_Travel.xlsx,365,Medium,OK
POL000372,CUST00070,AG059,Travel,East,2024-10-16,2025-10-16,7506.0,532926,Expired,Bhavna Mohan,Jaipur,Jharkhand,East_Travel.xlsx,365,Low,OK
POL008656,CUST02739,AG032,Travel,East,2024-10-16,2025-10-16,7777.0,419958,Active,Anamika Sibal,Hyderabad,Punjab,East_Travel.xlsx,365,Low,OK
POL001399,CUST02424,AG095,Commercial Property,East,2024-10-16,2025-10-16,645273.0,45814383,Cancelled,Raksha Kadakia,Jaipur,Odisha,East_Travel.xlsx,365,Ultra High,OK
POL008330,CUST00394,AG005,Home,East,2024-10-16,2025-10-16,45490.0,4276060,Lapsed,Saksham Golla,Patna,Odisha,East_Travel.xlsx,365,Medium,OK
POL005016,CUST01453,AG003,Motor,East,2024-10-15,2025-10-15,18977.0,1613045,Expired,Aditya Chakraborty,Mumbai,Gujarat,East_Travel.xlsx,365,Medium,OK
POL007642,CUST00887,AG005,Travel,East,2024-10-15,2025-10-15,3939.0,334815,Active,Sathvik Sha,Ahmedabad,Mizoram,East_Travel.xlsx,365,Low,OK
POL004808,CUST02141,AG036,Motor,East,2024-10-14,2025-10-14,30056.0,2735096,Cancelled,Jonathan Gupta,Bhubaneswar,Tripura,East_Travel.xlsx,365,Medium,OK
POL001008,CUST02115,AG027,Commercial Property,East,2024-10-14,2025-10-14,356745.0,11415840,Renewed,Charvi Din,Pune,Bihar,East_Travel.xlsx,365,Very High,OK
POL002351,CUST00656,AG036,Commercial Property,East,2024-10-13,2025-10-13,126000.0,11718000,Expired,Unknown,Chandigarh,Karnataka,East_Travel.xlsx,365,Very High,Review
POL005558,CUST02743,AG010,Home,East,2024-10-13,2025-10-13,52720.0,1528880,Renewed,Chatura Sarraf,Bhubaneswar,Odisha,East_Travel.xlsx,365,High,OK
POL009394,CUST02505,AG032,Travel,East,2024-10-13,2025-10-13,15772.0,867460,Expired,Abha Garg,Patna,Assam,East_Travel.xlsx,365,Medium,OK
POL000351,CUST00597,AG112,Marine,East,2024-10-13,2025-10-13,190972.0,8593740,Active,Damyanti Nagi,Hyderabad,Sikkim,East_Travel.xlsx,365,Very High,OK
POL005822,CUST01699,AG024,Commercial Property,East,2024-10-12,2025-10-12,947780.0,58762360,Active,Anusha Keer,Chandigarh,Madhya Pradesh,East_Travel.xlsx,365,Ultra High,OK
POL002417,CUST00178,AG116,Commercial Property,East,2024-10-11,2025-10-11,666564.0,17997228,Renewed,Neel Vyas,Mumbai,Himachal Pradesh,East_Travel.xlsx,365,Ultra High,OK
POL007916,CUST01539,AG039,Marine,East,2024-10-09,2025-10-09,60339.0,4344408,Cancelled,Charan Narang,Bhubaneswar,Maharashtra,East_Travel.xlsx,365,High,OK
POL003547,CUST00423,AG086,Marine,East,2024-10-09,2025-10-09,66704.0,2934976,Expired,Aarna Garde,Mumbai,Assam,East_Travel.xlsx,365,High,OK
POL008047,CUST02880,AG014,Home,East,2024-10-09,2025-10-09,33774.0,878124,Lapsed,Neha Dugar,Chennai,Karnataka,East_Travel.xlsx,365,Medium,OK
POL006653,CUST02036,AG068,Marine,East,2024-10-08,2025-10-08,104459.0,3969442,Lapsed,Jagrati Mangal,Mumbai,Tamil Nadu,East_Travel.xlsx,365,Very High,OK
POL003857,CUST01683,AG120,Commercial Property,East,2024-10-06,2025-10-06,862939.0,40558133,Renewed,Aadhya Bir,Pune,Maharashtra,East_Travel.xlsx,365,Ultra High,OK
POL002569,CUST01978,AG037,Travel,East,2024-10-06,2025-10-06,4948.0,351308,Lapsed,Ekani Chandran,Delhi,Rajasthan,East_Travel.xlsx,365,Low,OK
POL005863,CUST01551,AG028,Marine,East,2024-10-05,2025-10-05,167060.0,7016520,Cancelled,Tanveer Sane,Kolkata,Sikkim,East_Travel.xlsx,365,Very High,OK
POL006222,CUST01819,AG053,Travel,East,2024-10-04,2025-10-04,15552.0,1321920,Active,Sathvik Vasa,Delhi,Tripura,East_Travel.xlsx,365,Medium,OK
POL002657,CUST02946,AG049,Marine,East,2024-10-04,2025-10-04,186252.0,6891324,Cancelled,Yuvraj Chauhan,Chandigarh,Arunachal Pradesh,East_Travel.xlsx,365,Very High,OK
POL004829,CUST00360,AG005,Travel,East,2024-10-03,2025-10-03,15695.0,1443940,Active,Aarav Mukherjee,Pune,Chhattisgarh,East_Travel.xlsx,365,Medium,OK
POL007605,CUST02359,AG094,Home,East,2024-10-03,2025-10-03,33037.0,3270663,Renewed,Jhalak Bera,Chandigarh,Kerala,East_Travel.xlsx,365,Medium,OK
POL005360,CUST01824,AG104,Home,East,2024-10-03,2025-10-03,35902.0,1708256,Lapsed,Vihaan Zachariah,Kolkata,Tamil Nadu,East_Travel.xlsx,365,Medium,OK
POL004063,CUST02057,AG109,Travel,East,2024-10-02,2025-10-02,11509.0,609977,Cancelled,Ayaan Nagarajan,Chennai,Gujarat,East_Travel.xlsx,365,Medium,OK
POL007372,CUST01328,AG079,Marine,East,2024-10-02,2025-10-02,28775.0,719375,Cancelled,Zarna Misra,Delhi,Jharkhand,East_Travel.xlsx,365,Medium,OK
POL009487,CUST00236,AG075,Commercial Property,East,2024-10-02,2025-10-02,644503.0,56716264,Renewed,Tarak Gola,Patna,Maharashtra,East_Travel.xlsx,365,Ultra High,OK
POL008496,CUST02105,AG068,Travel,East,2024-10-02,2025-10-02,8500.0,620500,Cancelled,Shivani Merchant,Jaipur,Jharkhand,East_Travel.xlsx,365,Low,OK
POL001460,CUST02596,AG112,Commercial Property,East,2024-10-02,2025-10-02,893542.0,75057528,Active,Waida Tata,Delhi,Tripura,East_Travel.xlsx,365,Ultra High,OK
POL000711,CUST01809,AG019,Travel,East,2024-09-29,2025-09-29,14252.0,370552,Active,Vrishti Sant,Jaipur,Punjab,East_Travel.xlsx,365,Medium,OK
POL004513,CUST02278,AG024,Motor,East,2024-09-28,2025-09-28,30180.0,2716200,Lapsed,Divya Sahni,Delhi,Manipur,East_Travel.xlsx,365,Medium,OK
POL009174,CUST00938,AG101,Motor,East,2024-09-28,2025-09-28,12403.0,1203091,Renewed,Pooja Cherian,Ahmedabad,Andhra Pradesh,East_Travel.xlsx,365,Medium,OK
POL009180,CUST00963,AG095,Motor,East,2024-09-27,2025-09-27,33388.0,3205248,Active,Jeevika Modi,Bhubaneswar,Chhattisgarh,East_Travel.xlsx,365,Medium,OK
POL001586,CUST01255,AG021,Home,East,2024-09-27,2025-09-27,56297.0,2251880,Lapsed,Anika Goswami,Jaipur,Himachal Pradesh,East_Travel.xlsx,365,High,OK
POL007508,CUST01712,AG025,Motor,East,2024-09-27,2025-09-27,35902.0,638418,Renewed,Harshil Goel,Ahmedabad,West Bengal,East_Travel.xlsx,365,Medium,OK
POL001579,CUST01201,AG061,Home,East,2024-09-26,2025-09-26,35902.0,4739386,Renewed,Kala Shankar,Pune,West Bengal,East_Travel.xlsx,365,Medium,OK
POL002606,CUST00372,AG100,Commercial Property,East,2024-09-26,2025-09-26,940677.0,53618589,Renewed,Atharv Bhattacharyya,Mumbai,Chhattisgarh,East_Travel.xlsx,365,Ultra High,OK
POL000440,CUST00689,AG093,Marine,East,2024-09-25,2025-09-25,35902.0,3657879,Expired,Siddharth Rama,Bangalore,Himachal Pradesh,East_Travel.xlsx,365,Medium,OK
POL006327,CUST00255,AG046,Commercial Property,East,2024-09-25,2025-09-25,128616.0,4887408,Active,Wriddhish Dar,Delhi,Tripura,East_Travel.xlsx,365,Very High,OK
POL004893,CUST00362,AG038,Home,East,2024-09-24,2025-09-24,34806.0,2157972,Expired,Girik Rout,Ahmedabad,Uttarakhand,East_Travel.xlsx,365,Medium,OK
POL004363,CUST00491,AG038,Commercial Property,East,2024-09-23,2025-09-23,663429.0,19902870,Lapsed,Daksha Baral,Hyderabad,Gujarat,East_Travel.xlsx,365,Ultra High,OK
POL007616,CUST00587,AG104,Marine,East,2024-09-23,2025-09-23,89025.0,1869525,Expired,Gaurika Reddy,Chennai,Punjab,East_Travel.xlsx,365,High,OK
POL002006,CUST01600,AG113,Motor,East,2024-09-22,2025-09-22,39241.0,1098748,Renewed,Pranav Subramanian,Bhubaneswar,Uttar Pradesh,East_Travel.xlsx,365,Medium,OK
POL004373,CUST02539,AG008,Travel,East,2024-09-21,2025-09-21,6590.0,210880,Active,Harshil Chand,Pune,Haryana,East_Travel.xlsx,365,Low,OK
POL004855,CUST02359,AG086,Home,East,2024-09-21,2025-09-21,58955.0,3655210,Active,Jhalak Bera,Chandigarh,Kerala,East_Travel.xlsx,365,High,OK
POL002395,CUST00385,AG051,Home,East,2024-09-21,2025-09-21,35333.0,2225979,Renewed,Vaishnavi Gade,Chandigarh,Maharashtra,East_Travel.xlsx,365,Medium,OK
POL007347,CUST00624,AG004,Home,East,2024-09-20,2025-09-20,32708.0,1144780,Expired,Oliver More,Bhubaneswar,Tamil Nadu,East_Travel.xlsx,365,Medium,OK
POL004263,CUST02180,AG100,Marine,East,2024-09-20,2025-09-20,172677.0,7597788,Lapsed,Yoshita Gour,Kolkata,Nagaland,East_Travel.xlsx,365,Very High,OK
POL008164,CUST00172,AG002,Home,East,2024-09-20,2025-09-20,13985.0,992935,Active,Leela Sem,Mumbai,Tripura,East_Travel.xlsx,365,Medium,OK
POL007434,CUST02853,AG095,Home,East,2024-09-19,2025-09-19,56871.0,1308033,Cancelled,Aarush Rana,Delhi,Chhattisgarh,East_Travel.xlsx,365,High,OK
POL000133,CUST01481,AG093,Motor,East,2024-09-19,2025-09-19,21096.0,1814256,Cancelled,Elijah Kota,Bangalore,Odisha,East_Travel.xlsx,365,Medium,OK
POL003452,CUST01016,AG014,Travel,East,2024-09-19,2025-09-19,1817.0,79948,Active,Raghav Sunder,Mumbai,Odisha,East_Travel.xlsx,365,Low,OK
POL000099,CUST00547,AG003,Travel,East,2024-09-18,2025-09-18,15356.0,767800,Renewed,Veda Srinivasan,Pune,Manipur,East_Travel.xlsx,365,Medium,OK
POL008503,CUST02318,AG107,Commercial Property,East,2024-09-17,2025-09-17,556001.0,20016036,Lapsed,Pavani Deshmukh,Chennai,Tripura,East_Travel.xlsx,365,Ultra High,OK
POL006479,CUST02298,AG067,Motor,East,2024-09-17,2025-09-17,9963.0,906633,Expired,Nakul Brahmbhatt,Bhubaneswar,Mizoram,East_Travel.xlsx,365,Low,OK
POL006159,CUST01553,AG066,Marine,East,2024-09-16,2025-09-16,151396.0,3027920,Lapsed,Jackson Nagi,Chennai,Maharashtra,East_Travel.xlsx,365,Very High,OK
POL004064,CUST02594,AG058,Travel,East,2024-09-16,2025-09-16,9032.0,307088,Cancelled,Mekhala Banerjee,Chandigarh,Gujarat,East_Travel.xlsx,365,Low,OK
POL008370,CUST00631,AG116,Marine,East,2024-09-15,2025-09-15,108257.0,3572481,Expired,Isaiah Bhatt,Chennai,Meghalaya,East_Travel.xlsx,365,Very High,OK
POL005521,CUST02916,AG038,Commercial Property,East,2024-09-14,2025-09-14,120681.0,8326989,Cancelled,Sathvik Baral,Bhubaneswar,Karnataka,East_Travel.xlsx,365,Very High,OK
POL005333,CUST00289,AG100,Travel,East,2024-09-14,2025-09-14,3722.0,249374,Expired,Geetika Chauhan,Patna,Arunachal Pradesh,East_Travel.xlsx,365,Low,OK
POL007275,CUST02588,AG037,Commercial Property,East,2024-09-14,2025-09-14,905349.0,20823027,Expired,Oscar Goda,Chennai,Karnataka,East_Travel.xlsx,365,Ultra High,OK
POL003315,CUST01826,AG025,Motor,East,2024-09-14,2025-09-14,22574.0,2212252,Expired,Anita Sekhon,Kolkata,Haryana,East_Travel.xlsx,365,Medium,OK
POL001996,CUST01124,AG011,Home,East,2024-09-11,2025-09-11,39923.0,2355457,Expired,Harshil Sidhu,Jaipur,Andhra Pradesh,East_Travel.xlsx,365,Medium,OK
POL009978,CUST01848,AG101,Home,East,2024-09-11,2025-09-11,18173.0,1562878,Active,Reva Lad,Ahmedabad,Uttarakhand,East_Travel.xlsx,365,Medium,OK
POL001274,CUST00979,AG085,Travel,East,2024-09-10,2025-09-10,4659.0,302835,Lapsed,Ekavir Dasgupta,Chennai,Punjab,East_Travel.xlsx,365,Low,OK
POL005688,CUST00206,AG061,Travel,East,2024-09-10,2025-09-10,4905.0,343350,Lapsed,Rohan Dua,Jaipur,Karnataka,East_Travel.xlsx,365,Low,OK
POL003206,CUST00830,AG071,Marine,East,2024-09-09,2025-09-09,185935.0,10226425,Active,Urishilla Tailor,Delhi,Kerala,East_Travel.xlsx,365,Very High,OK
POL005949,CUST02610,AG077,Motor,East,2024-09-09,2025-09-09,22766.0,1047236,Cancelled,Odika Khalsa,Jaipur,Haryana,East_Travel.xlsx,365,Medium,OK
POL006775,CUST00754,AG077,Home,East,2024-09-09,2025-09-09,13041.0,625968,Active,Gabriel Bobal,Hyderabad,Andhra Pradesh,East_Travel.xlsx,365,Medium,OK
POL007877,CUST02251,AG107,Marine,East,2024-09-08,2025-09-08,84166.0,2693312,Renewed,Ronith Nigam,Pune,Jharkhand,East_Travel.xlsx,365,High,OK
POL005260,CUST01670,AG106,Marine,East,2024-09-08,2025-09-08,78605.0,1572100,Expired,Dakshesh Kapoor,Patna,Jharkhand,East_Travel.xlsx,365,High,OK
POL002760,CUST01584,AG085,Home,East,2024-09-08,2025-09-08,64855.0,6031515,Cancelled,Unknown,Ahmedabad,Manipur,East_Travel.xlsx,365,High,Review
POL008671,CUST00026,AG015,Commercial Property,East,2024-09-08,2025-09-08,778913.0,31156520,Active,Abeer Kamdar,Kolkata,Andhra Pradesh,East_Travel.xlsx,365,Ultra High,OK
POL006088,CUST02004,AG005,Travel,East,2024-09-07,2025-09-07,12359.0,333693,Cancelled,Nitesh Kale,Patna,Tripura,East_Travel.xlsx,365,Medium,OK
POL003475,CUST02486,AG108,Travel,East,2024-09-07,2025-09-07,8707.0,513713,Renewed,Pushti Dixit,Chennai,Goa,East_Travel.xlsx,365,Low,OK
POL000499,CUST01755,AG035,Travel,East,2024-09-07,2025-09-07,12213.0,268686,Lapsed,Janani Singhal,Kolkata,Karnataka,East_Travel.xlsx,365,Medium,OK
POL009430,CUST01948,AG077,Commercial Property,East,2024-09-07,2025-09-07,649556.0,40922028,Cancelled,Vrishti Badal,Delhi,Nagaland,East_Travel.xlsx,365,Ultra High,OK
POL007885,CUST01927,AG001,Commercial Property,East,2024-09-07,2025-09-07,985666.0,29569980,Renewed,Deepa Batta,Bhubaneswar,Manipur,East_Travel.xlsx,365,Ultra High,OK
POL009221,CUST02870,AG114,Travel,East,2024-09-06,2025-09-06,10709.0,310561,Expired,Dalbir Dua,Ahmedabad,Maharashtra,East_Travel.xlsx,365,Medium,OK
POL008928,CUST01868,AG020,Motor,East,2024-09-06,2025-09-06,9738.0,584280,Lapsed,Geetika Shere,Bhubaneswar,Himachal Pradesh,East_Travel.xlsx,365,Low,OK
POL001601,CUST01611,AG040,Motor,East,2024-09-06,2025-09-06,14953.0,433637,Active,Yug Ramakrishnan,Patna,Arunachal Pradesh,East_Travel.xlsx,365,Medium,OK
POL008242,CUST00364,AG028,Commercial Property,East,2024-09-04,2025-09-04,337953.0,31767582,Lapsed,Liam Krish,Chennai,Himachal Pradesh,East_Travel.xlsx,365,Very High,OK
POL008057,CUST01819,AG022,Home,East,2024-09-04,2025-09-04,69809.0,3839495,Expired,Sathvik Vasa,Delhi,Tripura,East_Travel.xlsx,365,High,OK
POL004159,CUST00207,AG005,Marine,East,2024-09-04,2025-09-04,37402.0,3216572,Cancelled,Sachi Dayal,Jaipur,Manipur,East_Travel.xlsx,365,Medium,OK
POL001108,CUST00018,AG021,Commercial Property,East,2024-09-03,2025-09-03,751504.0,64629344,Lapsed,Mohammed Bains,Delhi,Goa,East_Travel.xlsx,365,Ultra High,OK
POL006949,CUST01413,AG037,Home,East,2024-09-03,2025-09-03,39283.0,785660,Lapsed,Owen Kumar,Pune,Kerala,East_Travel.xlsx,365,Medium,OK
POL004360,CUST00811,AG004,Marine,East,2024-09-02,2025-09-02,108816.0,7725936,Expired,George Batra,Patna,Assam,East_Travel.xlsx,365,Very High,OK
POL001467,CUST01008,AG111,Motor,East,2024-09-02,2025-09-02,26035.0,572770,Renewed,Ijaya Tak,Bangalore,Tripura,East_Travel.xlsx,365,Medium,OK
POL009100,CUST00046,AG067,Marine,East,2024-09-02,2025-09-02,84026.0,5881820,Expired,Yasti Ravel,Mumbai,Himachal Pradesh,East_Travel.xlsx,365,High,OK
POL000690,CUST01676,AG011,Travel,East,2024-09-02,2025-09-02,5277.0,416883,Lapsed,Nimrat Vaidya,Bangalore,West Bengal,East_Travel.xlsx,365,Low,OK
POL007640,CUST01111,AG076,Motor,East,2024-09-01,2025-09-01,16365.0,1227375,Expired,Jai Dalal,Delhi,Uttarakhand,East_Travel.xlsx,365,Medium,OK
POL008838,CUST01738,AG115,Home,East,2024-09-01,2025-09-01,53895.0,1940220,Lapsed,Alexander Loyal,Chennai,Tripura,East_Travel.xlsx,365,High,OK
POL006059,CUST00649,AG062,Marine,East,2024-09-01,2025-09-01,68455.0,6229405,Cancelled,Jacob Ahluwalia,Jaipur,Assam,East_Travel.xlsx,365,High,OK
POL008867,CUST00796,AG079,Travel,East,2024-09-01,2025-09-01,13963.0,1019299,Active,Matthew Nanda,Pune,West Bengal,East_Travel.xlsx,365,Medium,OK
POL005920,CUST00935,AG105,Home,East,2024-08-31,2025-08-31,39578.0,1424808,Renewed,Abhimanyu Hayre,Chennai,Madhya Pradesh,East_Travel.xlsx,365,Medium,OK
POL004238,CUST02214,AG014,Marine,East,2024-08-30,2025-08-30,162474.0,14785134,Active,Vasudha Ben,Ahmedabad,Tripura,East_Travel.xlsx,365,Very High,OK
POL003999,CUST01859,AG092,Home,East,2024-08-29,2025-08-29,20293.0,649376,Lapsed,Amruta Ganesan,Hyderabad,Gujarat,East_Travel.xlsx,365,Medium,OK
POL005491,CUST01663,AG061,Marine,East,2024-08-28,2025-08-28,80372.0,2973764,Active,Nisha Rout,Mumbai,Uttar Pradesh,East_Travel.xlsx,365,High,OK
POL006743,CUST00610,AG044,Commercial Property,East,2024-08-28,2025-08-28,209019.0,7315665,Expired,Yuvraj Kumer,Chennai,Punjab,East_Travel.xlsx,365,Very High,OK
POL000710,CUST01684,AG004,Motor,East,2024-08-28,2025-08-28,18333.0,1411641,Cancelled,Dalaja Chad,Pune,Jharkhand,East_Travel.xlsx,365,Medium,OK
POL007751,CUST00053,AG014,Home,East,2024-08-28,2025-08-28,34713.0,1666224,Lapsed,Bhanumati Viswanathan,Jaipur,Himachal Pradesh,East_Travel.xlsx,365,Medium,OK
POL006941,CUST02207,AG038,Motor,East,2024-08-27,2025-08-27,38758.0,1821626,Cancelled,Reyansh Prabhakar,Chandigarh,Rajasthan,East_Travel.xlsx,365,Medium,OK
POL005780,CUST00870,AG010,Commercial Property,East,2024-08-27,2025-08-27,738691.0,25854185,Cancelled,Omaja Bedi,Bangalore,Jharkhand,East_Travel.xlsx,365,Ultra High,OK
POL009729,CUST00733,AG078,Travel,East,2024-08-26,2025-08-26,2441.0,229454,Lapsed,Zarna Mitra,Chandigarh,Sikkim,East_Travel.xlsx,365,Low,OK
POL002776,CUST02400,AG018,Home,East,2024-08-26,2025-08-26,59135.0,1655780,Active,Jai Tak,Ahmedabad,Tamil Nadu,East_Travel.xlsx,365,High,OK
POL002390,CUST02802,AG120,Commercial Property,East,2024-08-25,2025-08-25,462440.0,40694720,Cancelled,Hitesh Sagar,Ahmedabad,Jharkhand,East_Travel.xlsx,365,Very High,OK
POL009374,CUST02932,AG103,Marine,East,2024-08-25,2025-08-25,32125.0,2859125,Cancelled,Aarush Loyal,Pune,Gujarat,East_Travel.xlsx,365,Medium,OK
POL008190,CUST00367,AG045,Travel,East,2024-08-24,2025-08-24,2239.0,192554,Active,Dipta Sampath,Bhubaneswar,Tamil Nadu,East_Travel.xlsx,365,Low,OK
POL008029,CUST01910,AG111,Commercial Property,East,2024-08-23,2025-08-23,485670.0,28654530,Cancelled,Agastya Behl,Kolkata,Haryana,East_Travel.xlsx,365,Very High,OK
POL007308,CUST01149,AG009,Commercial Property,East,2024-08-22,2025-08-22,204146.0,6532672,Active,Nidra Sodhi,Bangalore,Bihar,East_Travel.xlsx,365,Very High,OK
POL001094,CUST00569,AG096,Marine,East,2024-08-22,2025-08-22,70136.0,6592784,Lapsed,Sai Tiwari,Patna,Himachal Pradesh,East_Travel.xlsx,365,High,OK
POL007545,CUST01989,AG033,Travel,East,2024-08-22,2025-08-22,18467.0,590944,Renewed,Yachana Shan,Jaipur,Punjab,East_Travel.xlsx,365,Medium,OK
POL009111,CUST00795,AG081,Home,East,2024-08-22,2025-08-22,36079.0,2489451,Active,Jagvi Vaidya,Hyderabad,Mizoram,East_Travel.xlsx,365,Medium,OK
POL001423,CUST02900,AG056,Commercial Property,East,2024-08-21,2025-08-21,827437.0,41371850,Cancelled,Indali Gaba,Hyderabad,Sikkim,East_Travel.xlsx,365,Ultra High,OK
POL008666,CUST02171,AG010,Motor,East,2024-08-20,2025-08-20,12931.0,349137,Lapsed,Yochana Kapur,Mumbai,Goa,East_Travel.xlsx,365,Medium,OK
POL007065,CUST02480,AG059,Home,East,2024-08-20,2025-08-20,10351.0,724570,Active,Owen Parmar,Chandigarh,Madhya Pradesh,East_Travel.xlsx,365,Medium,OK
POL007702,CUST00371,AG020,Motor,East,2024-08-20,2025-08-20,20757.0,726495,Renewed,Ikbal Ganesh,Mumbai,Bihar,East_Travel.xlsx,365,Medium,OK
POL009630,CUST02245,AG013,Commercial Property,East,2024-08-20,2025-08-20,451793.0,33432682,Expired,Chaitaly Divan,Ahmedabad,Andhra Pradesh,East_Travel.xlsx,365,Very High,OK
POL008521,CUST02386,AG011,Motor,East,2024-08-19,2025-08-19,22236.0,2112420,Renewed,Vyanjana Ahuja,Patna,Punjab,East_Travel.xlsx,365,Medium,OK
POL001059,CUST01298,AG028,Motor,East,2024-08-18,2025-08-18,35014.0,980392,Expired,Chandresh Dhingra,Delhi,Uttarakhand,East_Travel.xlsx,365,Medium,OK
POL003494,CUST01953,AG048,Commercial Property,East,2024-08-18,2025-08-18,119762.0,3473098,Renewed,Ekanta Balan,Bhubaneswar,Telangana,East_Travel.xlsx,365,Very High,OK
POL008655,CUST01296,AG019,Marine,East,2024-08-18,2025-08-18,118391.0,8405761,Cancelled,Guneet Hari,Chandigarh,Madhya Pradesh,East_Travel.xlsx,365,Very High,OK
POL001020,CUST02323,AG083,Motor,East,2024-08-18,2025-08-18,10781.0,959509,Lapsed,Avni Kuruvilla,Ahmedabad,Sikkim,East_Travel.xlsx,365,Medium,OK
POL006629,CUST01184,AG052,Marine,East,2024-08-17,2025-08-17,54241.0,3308701,Cancelled,Elijah Karnik,Bhubaneswar,Tamil Nadu,East_Travel.xlsx,365,High,OK
POL003604,CUST02946,AG081,Marine,East,2024-08-17,2025-08-17,139637.0,8936768,Expired,Yuvraj Chauhan,Chandigarh,Arunachal Pradesh,East_Travel.xlsx,365,Very High,OK
POL009713,CUST00402,AG022,Motor,East,2024-08-17,2025-08-17,29455.0,1325475,Active,Jyoti Dar,Jaipur,Maharashtra,East_Travel.xlsx,365,Medium,OK
POL008958,CUST01509,AG107,Motor,East,2024-08-17,2025-08-17,39026.0,3629418,Active,Vedant Saini,Pune,Andhra Pradesh,East_Travel.xlsx,365,Medium,OK
POL001248,CUST00624,AG056,Home,East,2024-08-16,2025-08-16,35902.0,2976495,Lapsed,Oliver More,Bhubaneswar,Tamil Nadu,East_Travel.xlsx,365,Medium,OK
POL007047,CUST02390,AG107,Motor,East,2024-08-16,2025-08-16,6101.0,122020,Cancelled,Kashish Bandi,Delhi,Nagaland,East_Travel.xlsx,365,Low,OK
POL006865,CUST01190,AG064,Marine,East,2024-08-16,2025-08-16,117504.0,8577792,Lapsed,Gautam Kuruvilla,Pune,Manipur,East_Travel.xlsx,365,Very High,OK
POL008175,CUST00081,AG007,Motor,East,2024-08-15,2025-08-15,35902.0,3485272,Active,Matthew Saha,Kolkata,Jharkhand,East_Travel.xlsx,365,Medium,OK
POL000208,CUST02240,AG112,Commercial Property,East,2024-08-15,2025-08-15,352833.0,7762326,Expired,Urishilla Mann,Kolkata,Tripura,East_Travel.xlsx,365,Very High,OK
POL001835,CUST02473,AG093,Home,East,2024-08-15,2025-08-15,30134.0,1446432,Lapsed,Shaurya Jaggi,Bangalore,Assam,East_Travel.xlsx,365,Medium,OK
POL005537,CUST00565,AG005,Travel,East,2024-08-14,2025-08-14,11093.0,898533,Expired,Prisha Dayal,Delhi,Jharkhand,East_Travel.xlsx,365,Medium,OK
POL004654,CUST00731,AG014,Travel,East,2024-08-14,2025-08-14,13048.0,1161272,Lapsed,Falak Bahl,Ahmedabad,Manipur,East_Travel.xlsx,365,Medium,OK
POL001310,CUST02168,AG048,Commercial Property,East,2024-08-14,2025-08-14,56731.0,1701930,Active,Dalaja Dora,Patna,Telangana,East_Travel.xlsx,365,High,OK
POL004651,CUST01573,AG025,Travel,East,2024-08-14,2025-08-14,3068.0,300664,Expired,Joshua Khare,Mumbai,Sikkim,East_Travel.xlsx,365,Low,OK
POL006559,CUST01008,AG118,Commercial Property,East,2024-08-14,2025-08-14,721916.0,27432808,Cancelled,Ijaya Tak,Bangalore,Tripura,East_Travel.xlsx,365,Ultra High,OK
POL002464,CUST01833,AG042,Motor,East,2024-08-13,2025-08-13,9866.0,591960,Active,Omisha Sharma,Chandigarh,Uttarakhand,East_Travel.xlsx,365,Low,OK
POL003123,CUST00130,AG097,Marine,East,2024-08-11,2025-08-11,35902.0,14656787,Lapsed,Zashil Hans,Ahmedabad,Punjab,East_Travel.xlsx,365,Medium,OK
POL006791,CUST02447,AG007,Motor,East,2024-08-10,2025-08-10,35902.0,1603344,Renewed,Wridesh Tripathi,Mumbai,Mizoram,East_Travel.xlsx,365,Medium,OK
POL008483,CUST00726,AG041,Home,East,2024-08-10,2025-08-10,30042.0,1802520,Cancelled,Kalpit Cheema,Pune,Meghalaya,East_Travel.xlsx,365,Medium,OK
POL009292,CUST02566,AG065,Home,East,2024-08-09,2025-08-09,60150.0,2526300,Cancelled,Abhimanyu Gade,Bangalore,Chhattisgarh,East_Travel.xlsx,365,High,OK
POL009271,CUST02457,AG013,Motor,East,2024-08-09,2025-08-09,7790.0,747840,Renewed,Charles Modi,Mumbai,Rajasthan,East_Travel.xlsx,365,Low,OK
POL009708,CUST02999,AG042,Travel,East,2024-08-09,2025-08-09,18236.0,1258284,Lapsed,Nathan Menon,Patna,Haryana,East_Travel.xlsx,365,Medium,OK
POL001850,CUST02715,AG115,Home,East,2024-08-08,2025-08-08,53198.0,3511068,Expired,Hitesh Wason,Ahmedabad,Tripura,East_Travel.xlsx,365,High,OK
POL004675,CUST02578,AG048,Marine,East,2024-08-05,2025-08-05,88806.0,7015674,Expired,Mohini Chacko,Patna,Kerala,East_Travel.xlsx,365,High,OK
POL008623,CUST02989,AG091,Home,East,2024-08-04,2025-08-04,15971.0,1117970,Cancelled,Gautami Taneja,Chennai,Chhattisgarh,East_Travel.xlsx,365,Medium,OK
POL008141,CUST02448,AG090,Marine,East,2024-08-04,2025-08-04,136251.0,10082574,Renewed,Vyanjana Chada,Kolkata,Tamil Nadu,East_Travel.xlsx,365,Very High,OK
POL000570,CUST01267,AG040,Commercial Property,East,2024-08-03,2025-08-03,458381.0,16960097,Active,Ekbal Sangha,Pune,Maharashtra,East_Travel.xlsx,365,Very High,OK
POL006703,CUST00748,AG012,Home,East,2024-08-03,2025-08-03,14017.0,420510,Expired,Darpan Dasgupta,Mumbai,Bihar,East_Travel.xlsx,365,Medium,OK
POL000627,CUST00040,AG037,Motor,East,2024-08-03,2025-08-03,16409.0,1493219,Renewed,Gopal Narain,Hyderabad,Punjab,East_Travel.xlsx,365,Medium,OK
POL006860,CUST00921,AG082,Motor,East,2024-08-02,2025-08-02,25646.0,2333786,Expired,Pahal Gandhi,Chennai,Andhra Pradesh,East_Travel.xlsx,365,Medium,OK
POL008161,CUST01325,AG065,Home,East,2024-08-01,2025-08-01,48217.0,1301859,Active,Rohan Pant,Bhubaneswar,Goa,East_Travel.xlsx,365,Medium,OK
POL000941,CUST02281,AG078,Marine,East,2024-08-01,2025-08-01,103629.0,5803224,Cancelled,Arya Taneja,Patna,Madhya Pradesh,East_Travel.xlsx,365,Very High,OK
POL003677,CUST02700,AG039,Commercial Property,East,2024-07-31,2025-07-31,708457.0,40382049,Cancelled,Yug Raja,Patna,Odisha,East_Travel.xlsx,365,Ultra High,OK
POL000246,CUST02125,AG091,Travel,East,2024-07-31,2025-07-31,16455.0,510105,Renewed,Naksh Bhavsar,Chandigarh,Maharashtra,East_Travel.xlsx,365,Medium,OK
POL000131,CUST01184,AG065,Travel,East,2024-07-31,2025-07-31,5934.0,587466,Active,Elijah Karnik,Bhubaneswar,Tamil Nadu,East_Travel.xlsx,365,Low,OK
POL009664,CUST01892,AG055,Marine,East,2024-07-31,2025-07-31,165305.0,15208060,Expired,Ira Kanda,Jaipur,Rajasthan,East_Travel.xlsx,365,Very High,OK
POL006259,CUST02394,AG073,Marine,East,2024-07-30,2025-07-30,35850.0,2939700,Lapsed,Krisha Sharma,Patna,Odisha,East_Travel.xlsx,365,Medium,OK
POL005440,CUST00787,AG085,Marine,East,2024-07-30,2025-07-30,198224.0,6937840,Lapsed,Amaira Narula,Delhi,Uttar Pradesh,East_Travel.xlsx,365,Very High,OK
POL000729,CUST00654,AG075,Commercial Property,East,2024-07-30,2025-07-30,744567.0,20103309,Expired,Anvi Rattan,Delhi,Tamil Nadu,East_Travel.xlsx,365,Ultra High,OK
POL009724,CUST01061,AG093,Commercial Property,East,2024-07-30,2025-07-30,297062.0,19309030,Cancelled,Victor Golla,Hyderabad,Arunachal Pradesh,East_Travel.xlsx,365,Very High,OK
POL009636,CUST01513,AG069,Marine,East,2024-07-30,2025-07-30,137822.0,5099414,Expired,Jason Raval,Hyderabad,Telangana,East_Travel.xlsx,365,Very High,OK
POL006129,CUST00141,AG113,Home,East,2024-07-29,2025-07-29,59011.0,2832528,Lapsed,Faris Sunder,Kolkata,Bihar,East_Travel.xlsx,365,High,OK
POL007262,CUST00725,AG071,Home,East,2024-07-29,2025-07-29,69165.0,1590795,Expired,Ojasvi Rau,Ahmedabad,Himachal Pradesh,East_Travel.xlsx,365,High,OK
POL008934,CUST02134,AG103,Marine,East,2024-07-28,2025-07-28,68703.0,3366447,Active,Vincent Lata,Patna,Himachal Pradesh,East_Travel.xlsx,365,High,OK
POL003671,CUST01254,AG057,Motor,East,2024-07-28,2025-07-28,33728.0,2360960,Expired,Vinaya Sathe,Jaipur,Meghalaya,East_Travel.xlsx,365,Medium,OK
POL002093,CUST02700,AG074,Marine,East,2024-07-27,2025-07-27,30917.0,1855020,Lapsed,Yug Raja,Patna,Odisha,East_Travel.xlsx,365,Medium,OK
POL003093,CUST02185,AG111,Commercial Property,East,2024-07-27,2025-07-27,669600.0,59594400,Active,Matthew Halder,Hyderabad,Sikkim,East_Travel.xlsx,365,Ultra High,OK
POL008422,CUST01411,AG032,Home,East,2024-07-27,2025-07-27,15091.0,1162007,Expired,Nitesh Bahri,Kolkata,Uttarakhand,East_Travel.xlsx,365,Medium,OK
POL007597,CUST02100,AG075,Home,East,2024-07-26,2025-07-26,34506.0,1518264,Lapsed,Upma Gill,Bhubaneswar,Punjab,East_Travel.xlsx,365,Medium,OK
POL002242,CUST00749,AG056,Home,East,2024-07-25,2025-07-25,60712.0,3885568,Cancelled,Deepa Mahajan,Hyderabad,Chhattisgarh,East_Travel.xlsx,365,High,OK
POL005331,CUST01827,AG081,Commercial Property,East,2024-07-25,2025-07-25,694906.0,34050394,Cancelled,Aarna Nanda,Chandigarh,Punjab,East_Travel.xlsx,365,Ultra High,OK
POL004989,CUST02654,AG091,Home,East,2024-07-25,2025-07-25,22407.0,1882188,Lapsed,Ronith Sankar,Hyderabad,Odisha,East_Travel.xlsx,365,Medium,OK
POL001723,CUST02810,AG056,Motor,East,2024-07-24,2025-07-24,15430.0,663490,Renewed,Hemangini Mishra,Ahmedabad,Odisha,East_Travel.xlsx,365,Medium,OK
POL004750,CUST02416,AG005,Home,East,2024-07-24,2025-07-24,40868.0,1757324,Expired,Ansh Anand,Ahmedabad,Mizoram,East_Travel.xlsx,365,Medium,OK
POL002999,CUST00960,AG041,Motor,East,2024-07-23,2025-07-23,36240.0,2210640,Active,Prisha Johal,Bhubaneswar,Rajasthan,East_Travel.xlsx,365,Medium,OK
POL001324,CUST00205,AG049,Travel,East,2024-07-23,2025-07-23,2431.0,92378,Lapsed,Vasudha Dugar,Kolkata,Tripura,East_Travel.xlsx,365,Low,OK
POL000139,CUST01020,AG067,Marine,East,2024-07-23,2025-07-23,144162.0,6343128,Renewed,Ishita Brahmbhatt,Ahmedabad,Uttar Pradesh,East_Travel.xlsx,365,Very High,OK
POL009411,CUST02332,AG113,Commercial Property,East,2024-07-22,2025-07-22,782275.0,47718775,Renewed,Jacob Padmanabhan,Jaipur,Odisha,East_Travel.xlsx,365,Ultra High,OK
POL005560,CUST00504,AG007,Commercial Property,East,2024-07-22,2025-07-22,35902.0,44019693,Active,Eesha Basu,Kolkata,Rajasthan,East_Travel.xlsx,365,Medium,OK
POL007507,CUST02181,AG087,Travel,East,2024-07-22,2025-07-22,13593.0,611685,Renewed,Ethan Chaudhuri,Delhi,West Bengal,East_Travel.xlsx,365,Medium,OK
POL002687,CUST01917,AG113,Motor,East,2024-07-20,2025-07-20,17334.0,866700,Cancelled,Yashodhara Kashyap,Mumbai,Tripura,East_Travel.xlsx,365,Medium,OK
POL000358,CUST00706,AG036,Travel,East,2024-07-19,2025-07-19,14925.0,776100,Cancelled,Yahvi Patel,Bangalore,Tamil Nadu,East_Travel.xlsx,365,Medium,OK
POL000230,CUST00357,AG005,Motor,East,2024-07-19,2025-07-19,14809.0,962585,Expired,Mohammed Balakrishnan,Patna,Assam,East_Travel.xlsx,365,Medium,OK
POL006158,CUST01941,AG102,Travel,East,2024-07-19,2025-07-19,18655.0,1529710,Renewed,Chatura Ghosh,Delhi,Sikkim,East_Travel.xlsx,365,Medium,OK
POL007375,CUST00458,AG079,Home,East,2024-07-19,2025-07-19,61948.0,5947008,Expired,Fariq Chanda,Hyderabad,Odisha,East_Travel.xlsx,365,High,OK
POL009671,CUST02341,AG013,Marine,East,2024-07-19,2025-07-19,189890.0,10633840,Expired,Inaya Divan,Jaipur,Assam,East_Travel.xlsx,365,Very High,OK
POL000655,CUST00549,AG108,Travel,East,2024-07-19,2025-07-19,2395.0,203575,Expired,Gaurang Dara,Chennai,Meghalaya,East_Travel.xlsx,365,Low,OK
POL008421,CUST01805,AG014,Travel,East,2024-07-19,2025-07-19,5717.0,262982,Active,Indrajit Om,Ahmedabad,Mizoram,East_Travel.xlsx,365,Low,OK
POL002630,CUST02708,AG053,Travel,East,2024-07-19,2025-07-19,13067.0,1149896,Active,Aarav Pandya,Chennai,Nagaland,East_Travel.xlsx,365,Medium,OK
POL000929,CUST02976,AG090,Travel,East,2024-07-19,2025-07-19,10708.0,289116,Lapsed,Anvi Chakraborty,Chandigarh,Uttar Pradesh,East_Travel.xlsx,365,Medium,OK
POL008876,CUST01530,AG023,Marine,East,2024-07-18,2025-07-18,79474.0,7550030,Cancelled,Rachita Naidu,Hyderabad,Nagaland,East_Travel.xlsx,365,High,OK
POL005079,CUST02449,AG074,Commercial Property,East,2024-07-18,2025-07-18,484678.0,43621020,Active,Lakshit Vala,Chennai,Meghalaya,East_Travel.xlsx,365,Very High,OK
POL008676,CUST01353,AG053,Commercial Property,East,2024-07-17,2025-07-17,749389.0,59951120,Lapsed,Charan Chanda,Kolkata,Sikkim,East_Travel.xlsx,365,Ultra High,OK
POL009922,CUST02500,AG023,Travel,East,2024-07-17,2025-07-17,10291.0,792407,Expired,Chandani Oommen,Chandigarh,Haryana,East_Travel.xlsx,365,Medium,OK
POL009828,CUST02102,AG079,Travel,East,2024-07-16,2025-07-16,18105.0,1050090,Lapsed,Vedika Morar,Bhubaneswar,Arunachal Pradesh,East_Travel.xlsx,365,Medium,OK
POL004610,CUST01015,AG105,Motor,East,2024-07-16,2025-07-16,26006.0,884204,Cancelled,Banjeet Panchal,Hyderabad,Tripura,East_Travel.xlsx,365,Medium,OK
POL007975,CUST02545,AG085,Motor,East,2024-07-16,2025-07-16,34866.0,2998476,Lapsed,Aadi Sur,Jaipur,Tripura,East_Travel.xlsx,365,Medium,OK
POL008914,CUST01430,AG089,Marine,East,2024-07-16,2025-07-16,142948.0,11578788,Renewed,Baljiwan Nori,Pune,Maharashtra,East_Travel.xlsx,365,Very High,OK
POL004951,CUST01030,AG108,Travel,East,2024-07-15,2025-07-15,5803.0,417816,Cancelled,Madhav Lata,Kolkata,Nagaland,East_Travel.xlsx,365,Low,OK
POL007248,CUST00572,AG075,Motor,East,2024-07-15,2025-07-15,6602.0,587578,Active,Urishilla Chandra,Hyderabad,Arunachal Pradesh,East_Travel.xlsx,365,Low,OK
POL000281,CUST02524,AG047,Home,East,2024-07-15,2025-07-15,24364.0,1729844,Renewed,Tarak Mallick,Pune,Tamil Nadu,East_Travel.xlsx,365,Medium,OK
POL009500,CUST00471,AG083,Motor,East,2024-07-14,2025-07-14,33669.0,2861865,Expired,Baljiwan Divan,Ahmedabad,Punjab,East_Travel.xlsx,365,Medium,OK
POL003922,CUST00007,AG088,Commercial Property,East,2024-07-12,2025-07-12,126993.0,4317762,Cancelled,Sneha Bobal,Bangalore,Meghalaya,East_Travel.xlsx,365,Very High,OK
POL003010,CUST02735,AG115,Commercial Property,East,2024-07-12,2025-07-12,228927.0,7554591,Renewed,Yashica Chana,Ahmedabad,Telangana,East_Travel.xlsx,365,Very High,OK
POL000923,CUST00219,AG098,Travel,East,2024-07-12,2025-07-12,17486.0,1311450,Renewed,Unknown,Ahmedabad,Bihar,East_Travel.xlsx,365,Medium,Review
POL002005,CUST00621,AG044,Home,East,2024-07-11,2025-07-11,25925.0,1788825,Active,Nitara Kade,Delhi,Arunachal Pradesh,East_Travel.xlsx,365,Medium,OK
POL001476,CUST02974,AG001,Motor,East,2024-07-11,2025-07-11,31904.0,2998976,Cancelled,Ekbal Bava,Delhi,Punjab,East_Travel.xlsx,365,Medium,OK
POL004695,CUST00891,AG047,Commercial Property,East,2024-07-11,2025-07-11,145160.0,8999920,Expired,Vedika Rastogi,Chandigarh,Tamil Nadu,East_Travel.xlsx,365,Very High,OK
POL004191,CUST02948,AG020,Home,East,2024-07-11,2025-07-11,35902.0,3129552,Renewed,Suhani Samra,Delhi,Bihar,East_Travel.xlsx,365,Medium,OK
POL001972,CUST02307,AG116,Marine,East,2024-07-10,2025-07-10,151782.0,3794550,Active,Shravya Nadig,Jaipur,Uttarakhand,East_Travel.xlsx,365,Very High,OK
POL006138,CUST02781,AG013,Home,East,2024-07-10,2025-07-10,57790.0,1329170,Expired,Urvashi Ravi,Delhi,Manipur,East_Travel.xlsx,365,High,OK
POL000542,CUST02629,AG048,Commercial Property,East,2024-07-10,2025-07-10,341497.0,15708862,Active,Bhavya Majumdar,Chennai,Manipur,East_Travel.xlsx,365,Very High,OK
POL009166,CUST00005,AG070,Commercial Property,East,2024-07-09,2025-07-09,284009.0,9940315,Expired,Arya Warrior,Mumbai,Goa,East_Travel.xlsx,365,Very High,OK
POL005347,CUST00439,AG090,Motor,East,2024-07-09,2025-07-09,15453.0,1514394,Lapsed,Balveer Sharma,Mumbai,Himachal Pradesh,East_Travel.xlsx,365,Medium,OK
POL008718,CUST01621,AG042,Commercial Property,East,2024-07-09,2025-07-09,661172.0,38347976,Expired,Unni Rout,Pune,Mizoram,East_Travel.xlsx,365,Ultra High,OK
POL002195,CUST02476,AG075,Commercial Property,East,2024-07-08,2025-07-08,455409.0,43263855,Renewed,Vansha Solanki,Bhubaneswar,Bihar,East_Travel.xlsx,365,Very High,OK
POL002256,CUST00266,AG063,Travel,East,2024-07-08,2025-07-08,1997.0,99850,Renewed,Warhi Ranganathan,Pune,Himachal Pradesh,East_Travel.xlsx,365,Low,OK
POL008984,CUST01054,AG031,Home,East,2024-07-07,2025-07-07,68471.0,4176731,Lapsed,Daniel Bhatt,Pune,Odisha,East_Travel.xlsx,365,High,OK
POL002528,CUST02295,AG034,Commercial Property,East,2024-07-07,2025-07-07,111708.0,3462948,Cancelled,Chasmum Saini,Delhi,Arunachal Pradesh,East_Travel.xlsx,365,Very High,OK
POL002542,CUST02533,AG094,Home,East,2024-07-07,2025-07-07,21462.0,794094,Expired,Raksha Madan,Jaipur,Maharashtra,East_Travel.xlsx,365,Medium,OK
POL008313,CUST00759,AG107,Motor,East,2024-07-06,2025-07-06,24289.0,1797386,Expired,Hitesh Kalita,Jaipur,Karnataka,East_Travel.xlsx,365,Medium,OK
POL009983,CUST00001,AG052,Home,East,2024-07-06,2025-07-06,43251.0,2292303,Renewed,Chandani D’Alia,Delhi,Manipur,East_Travel.xlsx,365,Medium,OK
POL004240,CUST02444,AG085,Motor,East,2024-07-05,2025-07-05,22766.0,2185536,Cancelled,Faras Batta,Patna,Himachal Pradesh,East_Travel.xlsx,365,Medium,OK
POL005287,CUST02603,AG095,Home,East,2024-07-03,2025-07-03,28891.0,2860209,Lapsed,Isaac Shukla,Chandigarh,Haryana,East_Travel.xlsx,365,Medium,OK
POL001225,CUST01162,AG074,Home,East,2024-07-02,2025-07-02,35902.0,4729807,Renewed,Yachana Tak,Chandigarh,Assam,East_Travel.xlsx,365,Medium,OK
POL002494,CUST00974,AG065,Commercial Property,East,2024-07-02,2025-07-02,446954.0,15196436,Cancelled,Rishi Shanker,Pune,Jharkhand,East_Travel.xlsx,365,Very High,OK
POL005113,CUST00831,AG050,Motor,East,2024-07-02,2025-07-02,20062.0,1584898,Renewed,Gaurang Saraf,Jaipur,Telangana,East_Travel.xlsx,365,Medium,OK
POL001990,CUST00267,AG019,Motor,East,2024-07-02,2025-07-02,28547.0,742222,Expired,Hema Joshi,Chandigarh,Goa,East_Travel.xlsx,365,Medium,OK
POL009142,CUST00729,AG051,Motor,East,2024-07-01,2025-07-01,33504.0,1474176,Cancelled,Xavier Amble,Mumbai,Kerala,East_Travel.xlsx,365,Medium,OK
POL002098,CUST00670,AG004,Marine,East,2024-06-30,2025-06-30,67186.0,2351510,Expired,Charita Keer,Delhi,Rajasthan,East_Travel.xlsx,365,High,OK
POL003835,CUST01960,AG119,Commercial Property,East,2024-06-30,2025-06-30,35902.0,60654381,Active,Henry Kunda,Bangalore,Maharashtra,East_Travel.xlsx,365,Medium,OK
POL004468,CUST00898,AG010,Travel,East,2024-06-30,2025-06-30,9918.0,267786,Expired,Champak Wali,Delhi,West Bengal,East_Travel.xlsx,365,Low,OK
POL007362,CUST01168,AG113,Commercial Property,East,2024-06-28,2025-06-28,654831.0,15715944,Lapsed,Zarna Deep,Bhubaneswar,Telangana,East_Travel.xlsx,365,Ultra High,OK
POL004477,CUST02971,AG103,Home,East,2024-06-28,2025-06-28,33375.0,2469750,Expired,Unknown,Mumbai,Bihar,East_Travel.xlsx,365,Medium,Review
POL003036,CUST01652,AG003,Motor,East,2024-06-27,2025-06-27,15327.0,766350,Renewed,Baghyawati Ghose,Hyderabad,Tripura,East_Travel.xlsx,365,Medium,OK
POL001262,CUST02249,AG069,Marine,East,2024-06-27,2025-06-27,35902.0,8747444,Cancelled,Vanya Sandal,Pune,Chhattisgarh,East_Travel.xlsx,365,Medium,OK
POL006379,CUST01533,AG032,Travel,East,2024-06-26,2025-06-26,18665.0,447960,Expired,Rushil Babu,Mumbai,Himachal Pradesh,East_Travel.xlsx,365,Medium,OK
POL008389,CUST02081,AG062,Home,East,2024-06-25,2025-06-25,17504.0,1627872,Lapsed,Irya Rama,Jaipur,Andhra Pradesh,East_Travel.xlsx,365,Medium,OK
POL000597,CUST00793,AG103,Commercial Property,East,2024-06-24,2025-06-24,583786.0,56627242,Lapsed,Hemal Bath,Pune,Uttarakhand,East_Travel.xlsx,365,Ultra High,OK
POL003996,CUST02737,AG012,Commercial Property,East,2024-06-24,2025-06-24,794488.0,69120456,Active,Kevin Rajagopal,Jaipur,Gujarat,East_Travel.xlsx,365,Ultra High,OK
POL001383,CUST02901,AG063,Motor,East,2024-06-24,2025-06-24,38011.0,2964858,Cancelled,Hredhaan Sagar,Jaipur,West Bengal,East_Travel.xlsx,365,Medium,OK
POL008966,CUST00529,AG040,Motor,East,2024-06-23,2025-06-23,35902.0,1761240,Lapsed,Hitesh Nazareth,Bangalore,Maharashtra,East_Travel.xlsx,365,Medium,OK
POL009361,CUST01515,AG019,Travel,East,2024-06-23,2025-06-23,1870.0,187000,Renewed,Mekhala Parekh,Delhi,Meghalaya,East_Travel.xlsx,365,Low,OK
POL007466,CUST01878,AG071,Travel,East,2024-06-23,2025-06-23,3470.0,93690,Lapsed,Nisha Zachariah,Patna,Himachal Pradesh,East_Travel.xlsx,365,Low,OK
POL004386,CUST02534,AG047,Home,East,2024-06-22,2025-06-22,8473.0,262663,Active,Veer Puri,Ahmedabad,Sikkim,East_Travel.xlsx,365,Low,OK
POL005965,CUST00637,AG090,Home,East,2024-06-22,2025-06-22,64084.0,6280232,Lapsed,Hamsini Nagar,Bangalore,Goa,East_Travel.xlsx,365,High,OK
POL009161,CUST02265,AG078,Motor,East,2024-06-22,2025-06-22,23685.0,1515840,Cancelled,Bachittar Prabhakar,Patna,Gujarat,East_Travel.xlsx,365,Medium,OK
POL004292,CUST01711,AG077,Commercial Property,East,2024-06-22,2025-06-22,951948.0,80915580,Expired,Gautami Bhagat,Mumbai,Manipur,East_Travel.xlsx,365,Ultra High,OK
POL007860,CUST01216,AG009,Home,East,2024-06-22,2025-06-22,11492.0,804440,Renewed,Ekantika Agate,Bangalore,Punjab,East_Travel.xlsx,365,Medium,OK
POL002667,CUST00934,AG092,Home,East,2024-06-22,2025-06-22,63773.0,2359601,Cancelled,Anya Memon,Bhubaneswar,West Bengal,East_Travel.xlsx,365,High,OK
POL003640,CUST01469,AG011,Home,East,2024-06-21,2025-06-21,40985.0,1967280,Expired,Gaurav Kibe,Ahmedabad,Madhya Pradesh,East_Travel.xlsx,365,Medium,OK
POL007659,CUST01390,AG013,Marine,East,2024-06-21,2025-06-21,87566.0,3940470,Renewed,Nirja Naik,Hyderabad,Rajasthan,East_Travel.xlsx,365,High,OK
POL002895,CUST02003,AG045,Marine,East,2024-06-20,2025-06-20,35902.0,3246628,Expired,Edhitha Bakshi,Ahmedabad,Manipur,East_Travel.xlsx,365,Medium,OK
POL002375,CUST02625,AG018,Commercial Property,East,2024-06-20,2025-06-20,941151.0,89409345,Renewed,Zaid Guha,Chennai,Rajasthan,East_Travel.xlsx,365,Ultra High,OK
POL008511,CUST01596,AG029,Travel,East,2024-06-20,2025-06-20,8942.0,894200,Active,Mekhala Ganesh,Chennai,Rajasthan,East_Travel.xlsx,365,Low,OK
POL004910,CUST01292,AG093,Commercial Property,East,2024-06-18,2025-06-18,358026.0,21839586,Expired,Arya Khosla,Hyderabad,Punjab,East_Travel.xlsx,365,Very High,OK
POL007572,CUST00987,AG005,Commercial Property,East,2024-06-18,2025-06-18,735567.0,72821133,Renewed,Girik Sangha,Chandigarh,Maharashtra,East_Travel.xlsx,365,Ultra High,OK
POL002413,CUST00862,AG106,Travel,East,2024-06-18,2025-06-18,10506.0,420240,Lapsed,Ayaan Bath,Delhi,Himachal Pradesh,East_Travel.xlsx,365,Medium,OK
POL004771,CUST00283,AG111,Motor,East,2024-06-18,2025-06-18,16012.0,560420,Cancelled,Radha Seshadri,Chandigarh,Uttarakhand,East_Travel.xlsx,365,Medium,OK
POL002073,CUST02894,AG033,Motor,East,2024-06-17,2025-06-17,5085.0,116955,Cancelled,Jonathan D’Alia,Chandigarh,Himachal Pradesh,East_Travel.xlsx,365,Low,OK
POL009050,CUST02401,AG057,Commercial Property,East,2024-06-17,2025-06-17,35902.0,84047481,Lapsed,Hemangini Mukherjee,Pune,Haryana,East_Travel.xlsx,365,Medium,OK
POL007929,CUST01088,AG113,Commercial Property,East,2024-06-17,2025-06-17,876083.0,73590972,Expired,Neelima Shroff,Chennai,Chhattisgarh,East_Travel.xlsx,365,Ultra High,OK
POL001717,CUST00015,AG076,Travel,East,2024-06-17,2025-06-17,6569.0,236484,Cancelled,Avni Jhaveri,Hyderabad,Andhra Pradesh,East_Travel.xlsx,365,Low,OK
POL007015,CUST01865,AG002,Marine,East,2024-06-16,2025-06-16,42551.0,893571,Cancelled,Michael Sehgal,Bangalore,Manipur,East_Travel.xlsx,365,Medium,OK
POL005294,CUST01684,AG093,Travel,East,2024-06-16,2025-06-16,9330.0,783720,Active,Dalaja Chad,Pune,Jharkhand,East_Travel.xlsx,365,Low,OK
POL009269,CUST02480,AG045,Home,East,2024-06-15,2025-06-15,17814.0,961956,Active,Owen Parmar,Chandigarh,Madhya Pradesh,East_Travel.xlsx,365,Medium,OK
POL006067,CUST00306,AG092,Travel,East,2024-06-13,2025-06-13,3596.0,266104,Active,Aarini Varty,Mumbai,Himachal Pradesh,East_Travel.xlsx,365,Low,OK
POL007698,CUST01475,AG047,Marine,East,2024-06-13,2025-06-13,194829.0,14222517,Lapsed,Hemang Bahri,Mumbai,Rajasthan,East_Travel.xlsx,365,Very High,OK
POL005538,CUST02394,AG039,Marine,East,2024-06-12,2025-06-12,35902.0,4495020,Expired,Krisha Sharma,Patna,Odisha,East_Travel.xlsx,365,Medium,OK
POL005125,CUST02197,AG112,Motor,East,2024-06-11,2025-06-11,20651.0,1528174,Renewed,Kamya Hegde,Kolkata,Karnataka,East_Travel.xlsx,365,Medium,OK
POL006538,CUST01086,AG002,Commercial Property,East,2024-06-10,2025-06-10,697694.0,25814678,Active,Orinder D’Alia,Ahmedabad,Arunachal Pradesh,East_Travel.xlsx,365,Ultra High,OK
POL003031,CUST01596,AG081,Commercial Property,East,2024-06-10,2025-06-10,438185.0,20594695,Renewed,Mekhala Ganesh,Chennai,Rajasthan,East_Travel.xlsx,365,Very High,OK
POL005662,CUST02861,AG056,Travel,East,2024-06-10,2025-06-10,9481.0,682632,Cancelled,Ekiya Cheema,Hyderabad,Haryana,East_Travel.xlsx,365,Low,OK
POL001014,CUST01063,AG010,Motor,East,2024-06-09,2025-06-09,35540.0,3554000,Renewed,Jyoti Dash,Bhubaneswar,Himachal Pradesh,East_Travel.xlsx,365,Medium,OK
POL005271,CUST01711,AG084,Travel,East,2024-06-09,2025-06-09,12401.0,620050,Renewed,Gautami Bhagat,Mumbai,Manipur,East_Travel.xlsx,365,Medium,OK
POL001927,CUST01368,AG098,Commercial Property,East,2024-06-08,2025-06-08,372260.0,13401360,Expired,Wishi Chawla,Mumbai,Sikkim,East_Travel.xlsx,365,Very High,OK
POL005026,CUST00827,AG106,Marine,East,2024-06-08,2025-06-08,160023.0,6080874,Cancelled,Garima Malhotra,Delhi,Bihar,East_Travel.xlsx,365,Very High,OK
POL004464,CUST00132,AG042,Commercial Property,East,2024-06-07,2025-06-07,342435.0,19518795,Active,Nimrat Modi,Bhubaneswar,Jharkhand,East_Travel.xlsx,365,Very High,OK
POL009462,CUST01554,AG106,Home,East,2024-06-06,2025-06-06,40804.0,938492,Expired,Maya Kala,Hyderabad,Manipur,East_Travel.xlsx,365,Medium,OK
POL008225,CUST00355,AG052,Commercial Property,East,2024-06-06,2025-06-06,385270.0,20804580,Cancelled,Veda Malhotra,Chennai,Meghalaya,East_Travel.xlsx,365,Very High,OK
POL007620,CUST02983,AG055,Travel,East,2024-06-06,2025-06-06,13028.0,781680,Cancelled,Shivani Mahajan,Mumbai,Bihar,East_Travel.xlsx,365,Medium,OK
POL006332,CUST01513,AG062,Motor,East,2024-06-06,2025-06-06,25237.0,2321804,Lapsed,Jason Raval,Hyderabad,Telangana,East_Travel.xlsx,365,Medium,OK
POL005636,CUST00356,AG024,Motor,East,2024-06-06,2025-06-06,35902.0,2031537,Expired,Xalak Jain,Hyderabad,Odisha,East_Travel.xlsx,365,Medium,OK
POL009137,CUST01500,AG026,Travel,East,2024-06-06,2025-06-06,8544.0,580992,Lapsed,Ucchal Garde,Chandigarh,Tamil Nadu,East_Travel.xlsx,365,Low,OK
POL001574,CUST01579,AG017,Home,East,2024-06-05,2025-06-05,62180.0,3979520,Lapsed,Luke Choudhury,Delhi,West Bengal,East_Travel.xlsx,365,High,OK
POL007289,CUST00665,AG064,Commercial Property,East,2024-06-05,2025-06-05,784361.0,34511884,Cancelled,Pranit Mannan,Kolkata,Madhya Pradesh,East_Travel.xlsx,365,Ultra High,OK
POL007258,CUST00482,AG061,Home,East,2024-06-04,2025-06-04,30717.0,2119473,Active,Utkarsh Dani,Delhi,Nagaland,East_Travel.xlsx,365,Medium,OK
POL007448,CUST02090,AG098,Home,East,2024-06-04,2025-06-04,59339.0,3382323,Cancelled,Unknown,Mumbai,Uttar Pradesh,East_Travel.xlsx,365,High,Review
POL003773,CUST02745,AG022,Home,East,2024-06-04,2025-06-04,25333.0,2330636,Lapsed,Priya Talwar,Bangalore,Rajasthan,East_Travel.xlsx,365,Medium,OK
POL005052,CUST00009,AG005,Home,East,2024-06-03,2025-06-03,59168.0,5857632,Cancelled,Ikbal Nagar,Kolkata,Punjab,East_Travel.xlsx,365,High,OK
POL008620,CUST00702,AG064,Home,East,2024-06-03,2025-06-03,22334.0,1675050,Renewed,Eiravati Dayal,Pune,Chhattisgarh,East_Travel.xlsx,365,Medium,OK
POL001622,CUST02564,AG084,Home,East,2024-06-03,2025-06-03,68694.0,5220744,Expired,Mitali Chhabra,Pune,Gujarat,East_Travel.xlsx,365,High,OK
POL009027,CUST00429,AG096,Motor,East,2024-06-03,2025-06-03,36357.0,2908560,Lapsed,Pranav Konda,Hyderabad,Rajasthan,East_Travel.xlsx,365,Medium,OK
POL008665,CUST02458,AG011,Travel,East,2024-06-02,2025-06-02,1513.0,146761,Expired,Theodore Kari,Bhubaneswar,Kerala,East_Travel.xlsx,365,Low,OK
POL003466,CUST02904,AG100,Marine,East,2024-06-02,2025-06-02,35902.0,10879960,Renewed,Kiaan Varty,Mumbai,Tripura,East_Travel.xlsx,365,Medium,OK
POL006010,CUST00910,AG009,Travel,East,2024-06-02,2025-06-02,12486.0,337122,Active,Upkaar Bhavsar,Patna,Manipur,East_Travel.xlsx,365,Medium,OK
POL003972,CUST00180,AG091,Commercial Property,East,2024-06-01,2025-06-01,572781.0,20047335,Lapsed,Chandran Oak,Ahmedabad,Maharashtra,East_Travel.xlsx,365,Ultra High,OK
POL001881,CUST00469,AG115,Marine,East,2024-05-31,2025-05-31,49509.0,4604337,Renewed,Damyanti Chada,Delhi,Mizoram,East_Travel.xlsx,365,Medium,OK
POL005240,CUST02359,AG112,Marine,East,2024-05-31,2025-05-31,177098.0,7615214,Expired,Jhalak Bera,Chandigarh,Kerala,East_Travel.xlsx,365,Very High,OK
POL007145,CUST01102,AG103,Travel,East,2024-05-30,2025-05-30,1709.0,162355,Lapsed,Isaiah Shenoy,Delhi,Jharkhand,East_Travel.xlsx,365,Low,OK
POL004727,CUST00443,AG081,Home,East,2024-05-30,2025-05-30,11981.0,718860,Cancelled,Chanchal Bal,Delhi,Nagaland,East_Travel.xlsx,365,Medium,OK
POL001118,CUST02068,AG038,Travel,East,2024-05-30,2025-05-30,12929.0,491302,Expired,Udant Oak,Bangalore,Nagaland,East_Travel.xlsx,365,Medium,OK
POL003734,CUST00250,AG093,Marine,East,2024-05-29,2025-05-29,40611.0,4061100,Renewed,Yasti Merchant,Patna,Gujarat,East_Travel.xlsx,365,Medium,OK
POL005844,CUST02007,AG075,Travel,East,2024-05-29,2025-05-29,9093.0,181860,Expired,Upma Chahal,Hyderabad,Kerala,East_Travel.xlsx,365,Low,OK
POL006624,CUST00688,AG044,Motor,East,2024-05-29,2025-05-29,23967.0,1461987,Lapsed,Ekbal Ramanathan,Kolkata,Mizoram,East_Travel.xlsx,365,Medium,OK
POL003815,CUST02468,AG049,Motor,East,2024-05-29,2025-05-29,12852.0,1028160,Lapsed,Hemani Keer,Chandigarh,Meghalaya,East_Travel.xlsx,365,Medium,OK
POL004662,CUST00036,AG108,Motor,East,2024-05-28,2025-05-28,13748.0,1347304,Lapsed,Gaurangi Kara,Bangalore,Himachal Pradesh,East_Travel.xlsx,365,Medium,OK
POL007815,CUST01874,AG081,Home,East,2024-05-28,2025-05-28,20464.0,818560,Lapsed,Sai Iyengar,Patna,Uttarakhand,East_Travel.xlsx,365,Medium,OK
POL003990,CUST00863,AG036,Home,East,2024-05-28,2025-05-28,54961.0,1758752,Expired,Barkha Krishna,Bhubaneswar,Punjab,East_Travel.xlsx,365,High,OK
POL001100,CUST02308,AG070,Home,East,2024-05-27,2025-05-27,60072.0,3183816,Active,Avi Kaul,Kolkata,Madhya Pradesh,East_Travel.xlsx,365,High,OK
POL003225,CUST01765,AG023,Travel,East,2024-05-27,2025-05-27,18625.0,1434125,Cancelled,Jagat Agate,Delhi,Haryana,East_Travel.xlsx,365,Medium,OK
POL004712,CUST02423,AG015,Motor,East,2024-05-27,2025-05-27,31252.0,1406340,Renewed,Unknown,Ahmedabad,Uttar Pradesh,East_Travel.xlsx,365,Medium,Review
POL003573,CUST00860,AG079,Home,East,2024-05-27,2025-05-27,42459.0,3906228,Renewed,Tarak Toor,Hyderabad,Karnataka,East_Travel.xlsx,365,Medium,OK
POL007315,CUST00621,AG106,Commercial Property,East,2024-05-27,2025-05-27,61038.0,2990862,Active,Nitara Kade,Delhi,Arunachal Pradesh,East_Travel.xlsx,365,High,OK
POL003318,CUST01356,AG116,Travel,East,2024-05-27,2025-05-27,13530.0,351780,Lapsed,Yashoda Shere,Delhi,Tripura,East_Travel.xlsx,365,Medium,OK
POL003002,CUST00714,AG007,Marine,East,2024-05-27,2025-05-27,93559.0,3181006,Renewed,Girish Kunda,Bangalore,Andhra Pradesh,East_Travel.xlsx,365,High,OK
POL009873,CUST00998,AG030,Motor,East,2024-05-27,2025-05-27,15269.0,396994,Renewed,Chaman Natt,Patna,Andhra Pradesh,East_Travel.xlsx,365,Medium,OK
POL004355,CUST02565,AG020,Home,East,2024-05-26,2025-05-26,54021.0,1296504,Renewed,Vihaan Pal,Chandigarh,West Bengal,East_Travel.xlsx,365,High,OK
POL007670,CUST00059,AG018,Home,East,2024-05-26,2025-05-26,59362.0,2849376,Active,Naksh Halder,Pune,Sikkim,East_Travel.xlsx,365,High,OK
POL009790,CUST02761,AG110,Home,East,2024-05-26,2025-05-26,14897.0,744850,Expired,Daksha Nadig,Pune,Goa,East_Travel.xlsx,365,Medium,OK
POL005781,CUST01000,AG089,Marine,East,2024-05-26,2025-05-26,98371.0,9345245,Lapsed,Advaith Sankar,Patna,Gujarat,East_Travel.xlsx,365,High,OK
POL009898,CUST00107,AG106,Commercial Property,East,2024-05-25,2025-05-25,750796.0,49552536,Expired,Radhika Chandran,Jaipur,Jharkhand,East_Travel.xlsx,365,Ultra High,OK
POL000604,CUST00435,AG071,Travel,East,2024-05-25,2025-05-25,16523.0,1057472,Renewed,Frado Hegde,Ahmedabad,Telangana,East_Travel.xlsx,365,Medium,OK
POL002609,CUST02351,AG082,Travel,East,2024-05-25,2025-05-25,19758.0,474192,Lapsed,Widisha Mohanty,Bhubaneswar,Himachal Pradesh,East_Travel.xlsx,365,Medium,OK
POL007845,CUST01517,AG115,Marine,East,2024-05-25,2025-05-25,136135.0,6398345,Lapsed,Om Gaba,Pune,Tripura,East_Travel.xlsx,365,Very High,OK
POL008311,CUST01128,AG054,Motor,East,2024-05-24,2025-05-24,35902.0,1289861,Cancelled,Jai Hari,Chandigarh,Tripura,East_Travel.xlsx,365,Medium,OK
POL005829,CUST01018,AG100,Commercial Property,East,2024-05-24,2025-05-24,136382.0,10501414,Cancelled,Krishna Borde,Patna,Uttarakhand,East_Travel.xlsx,365,Very High,OK
POL005540,CUST01398,AG111,Marine,East,2024-05-24,2025-05-24,52838.0,1532302,Cancelled,Jalsa Parekh,Kolkata,Rajasthan,East_Travel.xlsx,365,High,OK
POL002319,CUST02046,AG076,Commercial Property,East,2024-05-24,2025-05-24,145216.0,7696448,Lapsed,Anusha Om,Bangalore,Rajasthan,East_Travel.xlsx,365,Very High,OK
POL005515,CUST02757,AG051,Travel,East,2024-05-23,2025-05-23,2281.0,50182,Cancelled,Shaurya Tata,Ahmedabad,Andhra Pradesh,East_Travel.xlsx,365,Low,OK
POL007246,CUST01190,AG043,Home,East,2024-05-23,2025-05-23,49379.0,2419571,Active,Gautam Kuruvilla,Pune,Manipur,East_Travel.xlsx,365,Medium,OK
POL004749,CUST01300,AG060,Marine,East,2024-05-22,2025-05-22,147539.0,7229411,Expired,Yashoda Bhavsar,Chennai,Bihar,East_Travel.xlsx,365,Very High,OK
POL003823,CUST00992,AG081,Marine,East,2024-05-22,2025-05-22,27857.0,1197851,Cancelled,Anay Baral,Bangalore,Andhra Pradesh,East_Travel.xlsx,365,Medium,OK
POL006969,CUST01904,AG034,Motor,East,2024-05-22,2025-05-22,35902.0,925225,Active,Vivaan Sabharwal,Mumbai,Andhra Pradesh,East_Travel.xlsx,365,Medium,OK
POL002465,CUST01692,AG119,Commercial Property,East,2024-05-21,2025-05-21,355359.0,29139438,Renewed,Hemang Bhakta,Mumbai,Sikkim,East_Travel.xlsx,365,Very High,OK
POL003873,CUST01239,AG042,Home,East,2024-05-21,2025-05-21,35902.0,2403069,Renewed,Omkaar Ravel,Chandigarh,Nagaland,East_Travel.xlsx,365,Medium,OK
POL000529,CUST00324,AG119,Marine,East,2024-05-21,2025-05-21,165588.0,15399684,Lapsed,Champak Halder,Bhubaneswar,Manipur,East_Travel.xlsx,365,Very High,OK
POL006532,CUST02108,AG119,Commercial Property,East,2024-05-20,2025-05-20,158325.0,15040875,Cancelled,Dhruv Goda,Bhubaneswar,Madhya Pradesh,East_Travel.xlsx,365,Very High,OK
POL003795,CUST01597,AG055,Marine,East,2024-05-20,2025-05-20,179234.0,4660084,Cancelled,Vritti Balay,Pune,Manipur,East_Travel.xlsx,365,Very High,OK
POL002949,CUST02448,AG104,Commercial Property,East,2024-05-20,2025-05-20,895879.0,57336256,Active,Vyanjana Chada,Kolkata,Tamil Nadu,East_Travel.xlsx,365,Ultra High,OK
POL004147,CUST01457,AG060,Commercial Property,East,2024-05-19,2025-05-19,699297.0,65733918,Renewed,Dakshesh Chaudry,Bangalore,Uttarakhand,East_Travel.xlsx,365,Ultra High,OK
POL007426,CUST02697,AG110,Marine,East,2024-05-19,2025-05-19,27906.0,1702266,Renewed,Ayaan Kade,Pune,Tamil Nadu,East_Travel.xlsx,365,Medium,OK
POL009349,CUST02764,AG075,Motor,East,2024-05-18,2025-05-18,20303.0,913635,Cancelled,Yashasvi Sheth,Mumbai,Gujarat,East_Travel.xlsx,365,Medium,OK
POL008790,CUST01583,AG017,Travel,East,2024-05-17,2025-05-17,5735.0,367040,Expired,Ria Sant,Ahmedabad,Jharkhand,East_Travel.xlsx,365,Low,OK
POL001255,CUST02563,AG005,Home,East,2024-05-17,2025-05-17,12181.0,1011023,Cancelled,Dev Buch,Hyderabad,Bihar,East_Travel.xlsx,365,Medium,OK
POL002252,CUST01519,AG075,Marine,East,2024-05-16,2025-05-16,64909.0,4024358,Cancelled,Neelima Bumb,Ahmedabad,Tripura,East_Travel.xlsx,365,High,OK
POL007923,CUST02730,AG054,Travel,East,2024-05-16,2025-05-16,13115.0,340990,Expired,Wakeeta Modi,Ahmedabad,Bihar,East_Travel.xlsx,365,Medium,OK
POL004622,CUST01422,AG001,Travel,East,2024-05-16,2025-05-16,2578.0,162414,Lapsed,Ishanvi Som,Pune,Karnataka,East_Travel.xlsx,365,Low,OK
POL009481,CUST01819,AG098,Motor,East,2024-05-16,2025-05-16,15938.0,557830,Active,Sathvik Vasa,Delhi,Tripura,East_Travel.xlsx,365,Medium,OK
POL008662,CUST01912,AG021,Marine,East,2024-05-15,2025-05-15,43737.0,2186850,Active,Chameli Wagle,Pune,Telangana,East_Travel.xlsx,365,Medium,OK
POL007552,CUST00008,AG105,Motor,East,2024-05-14,2025-05-14,19269.0,1580058,Cancelled,Falguni Bhargava,Mumbai,Mizoram,East_Travel.xlsx,365,Medium,OK
POL008615,CUST01672,AG022,Commercial Property,East,2024-05-14,2025-05-14,596035.0,25629505,Renewed,Bhavani Krishnan,Kolkata,Rajasthan,East_Travel.xlsx,365,Ultra High,OK
POL007128,CUST02853,AG080,Commercial Property,East,2024-05-14,2025-05-14,919576.0,67129048,Expired,Aarush Rana,Delhi,Chhattisgarh,East_Travel.xlsx,365,Ultra High,OK
POL007009,CUST01074,AG088,Commercial Property,East,2024-05-13,2025-05-13,995288.0,50759688,Cancelled,Warhi Boase,Bangalore,Punjab,East_Travel.xlsx,365,Ultra High,OK
POL006896,CUST02060,AG026,Motor,East,2024-05-11,2025-05-11,7441.0,476224,Active,Ronith Memon,Jaipur,Arunachal Pradesh,East_Travel.xlsx,365,Low,OK
POL001075,CUST00888,AG039,Marine,East,2024-05-11,2025-05-11,94267.0,4053481,Lapsed,Noah Kari,Chennai,Maharashtra,East_Travel.xlsx,365,High,OK
POL009088,CUST01247,AG054,Travel,East,2024-05-11,2025-05-11,16913.0,1200823,Lapsed,Ekbal Dube,Chennai,Chhattisgarh,East_Travel.xlsx,365,Medium,OK
POL004709,CUST01470,AG111,Marine,East,2024-05-10,2025-05-10,111245.0,5895985,Expired,Charan Brahmbhatt,Patna,Kerala,East_Travel.xlsx,365,Very High,OK
POL004089,CUST00501,AG003,Marine,East,2024-05-09,2025-05-09,190715.0,4005015,Active,Ladli Chatterjee,Chennai,Rajasthan,East_Travel.xlsx,365,Very High,OK
POL006118,CUST00633,AG009,Commercial Property,East,2024-05-09,2025-05-09,164802.0,16315398,Active,Jeet Choudhry,Mumbai,Uttar Pradesh,East_Travel.xlsx,365,Very High,OK
POL006121,CUST00304,AG116,Home,East,2024-05-09,2025-05-09,45234.0,4478166,Expired,Abeer Jani,Chennai,Punjab,East_Travel.xlsx,365,Medium,OK
POL000235,CUST02410,AG055,Commercial Property,East,2024-05-09,2025-05-09,818488.0,54020208,Cancelled,Nachiket Nori,Kolkata,Assam,East_Travel.xlsx,365,Ultra High,OK
POL004619,CUST01162,AG079,Marine,East,2024-05-08,2025-05-08,175839.0,9495306,Active,Yachana Tak,Chandigarh,Assam,East_Travel.xlsx,365,Very High,OK
POL006895,CUST00062,AG098,Marine,East,2024-05-08,2025-05-08,59687.0,3342472,Cancelled,Harrison Mangal,Pune,Karnataka,East_Travel.xlsx,365,High,OK
POL000870,CUST02643,AG068,Travel,East,2024-05-08,2025-05-08,12263.0,1152722,Active,Krishna Bhat,Bangalore,Mizoram,East_Travel.xlsx,365,Medium,OK
POL004142,CUST00832,AG075,Marine,East,2024-05-07,2025-05-07,199227.0,15938160,Active,Atharv Kale,Ahmedabad,Kerala,East_Travel.xlsx,365,Very High,OK
POL001768,CUST02542,AG072,Travel,East,2024-05-06,2025-05-06,11340.0,691740,Renewed,Kevin Soni,Pune,Sikkim,East_Travel.xlsx,365,Medium,OK
POL009821,CUST02746,AG058,Marine,East,2024-05-06,2025-05-06,20518.0,1087454,Renewed,Agastya Ray,Mumbai,Karnataka,East_Travel.xlsx,365,Medium,OK
POL009994,CUST01464,AG083,Home,East,2024-05-05,2025-05-05,22948.0,1124452,Expired,Vrinda Barad,Pune,Madhya Pradesh,East_Travel.xlsx,365,Medium,OK
POL001391,CUST01883,AG101,Marine,East,2024-05-05,2025-05-05,112836.0,5867472,Active,Jackson Majumdar,Patna,Karnataka,East_Travel.xlsx,365,Very High,OK
POL006617,CUST00902,AG078,Commercial Property,East,2024-05-04,2025-05-04,672855.0,55174110,Cancelled,Janani Sur,Jaipur,Telangana,East_Travel.xlsx,365,Ultra High,OK
POL004401,CUST00321,AG045,Home,East,2024-05-04,2025-05-04,16994.0,390862,Expired,Ekalinga Nazareth,Patna,Assam,East_Travel.xlsx,365,Medium,OK
POL000998,CUST01108,AG068,Home,East,2024-05-02,2025-05-02,21745.0,456645,Cancelled,Viraj Nagar,Bhubaneswar,Tripura,East_Travel.xlsx,365,Medium,OK
POL006773,CUST01719,AG094,Commercial Property,East,2024-05-02,2025-05-02,867921.0,49471497,Active,Mitesh Palla,Bangalore,Bihar,East_Travel.xlsx,365,Ultra High,OK
POL004093,CUST02699,AG024,Home,East,2024-05-01,2025-05-01,69756.0,4673652,Renewed,Elijah Dhar,Chennai,Telangana,East_Travel.xlsx,365,High,OK
POL000636,CUST02299,AG117,Commercial Property,East,2024-05-01,2025-05-01,228988.0,15342196,Renewed,Panini Sandhu,Patna,Mizoram,East_Travel.xlsx,365,Very High,OK
POL003057,CUST00342,AG007,Travel,East,2024-05-01,2025-05-01,13568.0,773376,Active,Hardik Kumer,Patna,Haryana,East_Travel.xlsx,365,Medium,OK
POL001923,CUST02848,AG089,Home,East,2024-05-01,2025-05-01,25781.0,1933575,Renewed,Omisha Arya,Bhubaneswar,Odisha,East_Travel.xlsx,365,Medium,OK
POL004317,CUST00009,AG046,Motor,East,2024-04-30,2025-04-30,13134.0,354618,Lapsed,Ikbal Nagar,Kolkata,Punjab,East_Travel.xlsx,365,Medium,OK
POL005649,CUST01465,AG044,Travel,East,2024-04-30,2025-04-30,8982.0,763470,Renewed,Shivani Shukla,Delhi,Mizoram,East_Travel.xlsx,365,Low,OK
POL007675,CUST02127,AG013,Home,East,2024-04-30,2025-04-30,35332.0,3038552,Cancelled,Faqid Bhatt,Mumbai,Andhra Pradesh,East_Travel.xlsx,365,Medium,OK
POL004851,CUST01776,AG091,Travel,East,2024-04-30,2025-04-30,11851.0,1019186,Renewed,Tristan Deshpande,Ahmedabad,Punjab,East_Travel.xlsx,365,Medium,OK
POL007733,CUST00435,AG056,Home,East,2024-04-29,2025-04-29,67347.0,5724495,Lapsed,Frado Hegde,Ahmedabad,Telangana,East_Travel.xlsx,365,High,OK
POL009600,CUST01603,AG044,Marine,East,2024-04-29,2025-04-29,123137.0,5048617,Expired,Gaurika Borra,Pune,Mizoram,East_Travel.xlsx,365,Very High,OK
POL004415,CUST02955,AG069,Home,East,2024-04-29,2025-04-29,63220.0,5563360,Renewed,Lajita Garde,Mumbai,Telangana,East_Travel.xlsx,365,High,OK
POL004340,CUST01151,AG006,Travel,East,2024-04-28,2025-04-28,3500.0,136500,Cancelled,Jasmit Nagi,Bangalore,Gujarat,East_Travel.xlsx,365,Low,OK
POL008117,CUST00651,AG100,Motor,East,2024-04-28,2025-04-28,36646.0,2491928,Cancelled,Nidhi Cheema,Delhi,Manipur,East_Travel.xlsx,365,Medium,OK
POL001676,CUST01629,AG096,Home,East,2024-04-28,2025-04-28,39158.0,3680852,Expired,Samesh Saha,Hyderabad,Meghalaya,East_Travel.xlsx,365,Medium,OK
POL000547,CUST00205,AG050,Travel,East,2024-04-28,2025-04-28,6992.0,461472,Lapsed,Vasudha Dugar,Kolkata,Tripura,East_Travel.xlsx,365,Low,OK
POL004396,CUST01500,AG089,Commercial Property,East,2024-04-28,2025-04-28,91308.0,7122024,Active,Ucchal Garde,Chandigarh,Tamil Nadu,East_Travel.xlsx,365,High,OK
POL009009,CUST00220,AG025,Travel,East,2024-04-27,2025-04-27,5330.0,122590,Lapsed,Ishwar Kalita,Chandigarh,Nagaland,East_Travel.xlsx,365,Low,OK
POL000833,CUST00061,AG074,Travel,East,2024-04-27,2025-04-27,12599.0,768539,Expired,Lavanya Mistry,Delhi,Tamil Nadu,East_Travel.xlsx,365,Medium,OK
POL006489,CUST01141,AG035,Marine,East,2024-04-27,2025-04-27,186598.0,14181448,Cancelled,Anita Muni,Chennai,Uttar Pradesh,East_Travel.xlsx,365,Very High,OK
POL001893,CUST01681,AG101,Marine,East,2024-04-26,2025-04-26,168531.0,12471294,Active,Eiravati Borde,Delhi,Uttarakhand,East_Travel.xlsx,365,Very High,OK
POL000519,CUST01251,AG079,Marine,East,2024-04-26,2025-04-26,35902.0,3061625,Renewed,William Bahri,Bangalore,Jharkhand,East_Travel.xlsx,365,Medium,OK
POL008287,CUST02693,AG117,Travel,East,2024-04-26,2025-04-26,15606.0,1154844,Lapsed,Yamini Chadha,Patna,Arunachal Pradesh,East_Travel.xlsx,365,Medium,OK
POL004688,CUST01072,AG042,Marine,East,2024-04-25,2025-04-25,75687.0,4616907,Cancelled,Manthan Soman,Bhubaneswar,Nagaland,East_Travel.xlsx,365,High,OK
POL004846,CUST02555,AG111,Travel,East,2024-04-24,2025-04-24,2903.0,165471,Cancelled,Adya Gupta,Bangalore,Uttarakhand,East_Travel.xlsx,365,Low,OK
POL000079,CUST01150,AG044,Motor,East,2024-04-24,2025-04-24,13973.0,1006056,Active,Lajita Soman,Patna,Arunachal Pradesh,East_Travel.xlsx,365,Medium,OK
POL003242,CUST01108,AG076,Commercial Property,East,2024-04-24,2025-04-24,689653.0,44137792,Lapsed,Viraj Nagar,Bhubaneswar,Tripura,East_Travel.xlsx,365,Ultra High,OK
POL001178,CUST01728,AG099,Travel,East,2024-04-23,2025-04-23,2777.0,99972,Renewed,Abdul Dugar,Delhi,Gujarat,East_Travel.xlsx,365,Low,OK
POL001204,CUST01012,AG047,Travel,East,2024-04-23,2025-04-23,18872.0,943600,Expired,Anusha Shetty,Pune,Kerala,East_Travel.xlsx,365,Medium,OK
POL001993,CUST01741,AG073,Motor,East,2024-04-21,2025-04-21,7499.0,457439,Cancelled,Turvi Kunda,Delhi,Tripura,East_Travel.xlsx,365,Low,OK
POL003425,CUST01067,AG039,Commercial Property,East,2024-04-21,2025-04-21,506752.0,13175552,Active,Omisha Oak,Hyderabad,Tamil Nadu,East_Travel.xlsx,365,Ultra High,OK
POL003421,CUST01550,AG011,Motor,East,2024-04-21,2025-04-21,21809.0,1592057,Expired,Samuel Ganguly,Ahmedabad,Gujarat,East_Travel.xlsx,365,Medium,OK
POL003831,CUST02430,AG005,Motor,East,2024-04-20,2025-04-20,28414.0,2017394,Cancelled,Ganga Wagle,Chandigarh,Uttarakhand,East_Travel.xlsx,365,Medium,OK
POL003430,CUST01067,AG007,Commercial Property,East,2024-04-20,2025-04-20,752416.0,48154624,Cancelled,Omisha Oak,Hyderabad,Tamil Nadu,East_Travel.xlsx,365,Ultra High,OK
POL007115,CUST02842,AG111,Home,East,2024-04-19,2025-04-19,52759.0,1107939,Cancelled,Arin Ratta,Pune,Gujarat,East_Travel.xlsx,365,High,OK
POL008315,CUST01611,AG064,Motor,East,2024-04-19,2025-04-19,27923.0,1982533,Active,Yug Ramakrishnan,Patna,Arunachal Pradesh,East_Travel.xlsx,365,Medium,OK
POL000813,CUST01450,AG089,Home,East,2024-04-19,2025-04-19,20520.0,1005480,Cancelled,Aarush Ramaswamy,Bhubaneswar,Mizoram,East_Travel.xlsx,365,Medium,OK
POL009272,CUST01492,AG005,Travel,East,2024-04-18,2025-04-18,4848.0,213312,Active,Unknown,Chennai,Assam,East_Travel.xlsx,365,Low,Review
POL008430,CUST00678,AG081,Commercial Property,East,2024-04-18,2025-04-18,76114.0,7306944,Renewed,Warinder Khalsa,Mumbai,Tripura,East_Travel.xlsx,365,High,OK
POL007060,CUST02054,AG019,Commercial Property,East,2024-04-18,2025-04-18,340263.0,20415780,Active,Ayaan Bhavsar,Mumbai,Kerala,East_Travel.xlsx,365,Very High,OK
POL006926,CUST00084,AG030,Motor,East,2024-04-17,2025-04-17,6420.0,372360,Renewed,Yahvi Narayan,Mumbai,Gujarat,East_Travel.xlsx,365,Low,OK
POL008145,CUST00329,AG084,Travel,East,2024-04-17,2025-04-17,2124.0,114696,Lapsed,Gunbir Chaudhari,Kolkata,Andhra Pradesh,East_Travel.xlsx,365,Low,OK
POL002019,CUST00944,AG071,Motor,East,2024-04-17,2025-04-17,35902.0,697566,Expired,Jeet Sehgal,Patna,Uttar Pradesh,East_Travel.xlsx,365,Medium,OK
POL004898,CUST01803,AG063,Marine,East,2024-04-17,2025-04-17,174337.0,10111546,Expired,Darpan Acharya,Delhi,Rajasthan,East_Travel.xlsx,365,Very High,OK
POL006631,CUST01976,AG078,Home,East,2024-04-13,2025-04-13,35902.0,1123360,Renewed,Forum Yogi,Bangalore,Karnataka,East_Travel.xlsx,365,Medium,OK
POL006271,CUST01647,AG065,Home,East,2024-04-13,2025-04-13,9080.0,898920,Active,Anvi Datta,Chandigarh,Manipur,East_Travel.xlsx,365,Low,OK
POL007940,CUST00718,AG107,Marine,East,2024-04-13,2025-04-13,128737.0,3604636,Renewed,Urvi Bawa,Ahmedabad,Goa,East_Travel.xlsx,365,Very High,OK
POL002593,CUST00581,AG027,Marine,East,2024-04-13,2025-04-13,35902.0,12538404,Cancelled,Bhanumati Guha,Kolkata,Maharashtra,East_Travel.xlsx,365,Medium,OK
POL004102,CUST00422,AG041,Commercial Property,East,2024-04-12,2025-04-12,396569.0,19035312,Renewed,Upasna Pradhan,Bhubaneswar,Manipur,East_Travel.xlsx,365,Very High,OK
POL002809,CUST02730,AG117,Commercial Property,East,2024-04-11,2025-04-11,506899.0,33455334,Cancelled,Wakeeta Modi,Ahmedabad,Bihar,East_Travel.xlsx,365,Ultra High,OK
POL005011,CUST00586,AG089,Marine,East,2024-04-11,2025-04-11,168669.0,11638161,Lapsed,Aarna Sidhu,Kolkata,Sikkim,East_Travel.xlsx,365,Very High,OK
POL001750,CUST01098,AG062,Home,East,2024-04-11,2025-04-11,20345.0,1668290,Active,Maanas Balakrishnan,Bangalore,Telangana,East_Travel.xlsx,365,Medium,OK
POL006406,CUST00849,AG071,Home,East,2024-04-11,2025-04-11,59608.0,5245504,Active,Lavanya Ramaswamy,Hyderabad,Madhya Pradesh,East_Travel.xlsx,365,High,OK
POL003923,CUST00579,AG001,Marine,East,2024-04-10,2025-04-10,101275.0,7798175,Cancelled,Bhavani Deol,Mumbai,Uttarakhand,East_Travel.xlsx,365,Very High,OK
POL006418,CUST01895,AG052,Home,East,2024-04-10,2025-04-10,47186.0,4482670,Renewed,Gopal Samra,Chennai,Telangana,East_Travel.xlsx,365,Medium,OK
POL009031,CUST02575,AG109,Marine,East,2024-04-09,2025-04-09,27786.0,2361810,Expired,Unknown,Hyderabad,Maharashtra,East_Travel.xlsx,365,Medium,Review
POL009122,CUST01133,AG047,Commercial Property,East,2024-04-09,2025-04-09,939797.0,74243963,Active,Dipta Bhagat,Bangalore,Uttar Pradesh,East_Travel.xlsx,365,Ultra High,OK
POL008090,CUST00469,AG016,Commercial Property,East,2024-04-09,2025-04-09,251832.0,13598928,Cancelled,Damyanti Chada,Delhi,Mizoram,East_Travel.xlsx,365,Very High,OK
POL003559,CUST02388,AG092,Commercial Property,East,2024-04-09,2025-04-09,393704.0,16535568,Expired,Jeet Bir,Pune,Rajasthan,East_Travel.xlsx,365,Very High,OK
POL006519,CUST00864,AG113,Marine,East,2024-04-09,2025-04-09,43969.0,1055256,Expired,Gagan Choudhry,Bhubaneswar,Goa,East_Travel.xlsx,365,Medium,OK
POL006620,CUST00060,AG061,Commercial Property,East,2024-04-08,2025-04-08,219481.0,5925987,Expired,Omya Comar,Hyderabad,Rajasthan,East_Travel.xlsx,365,Very High,OK
POL005075,CUST01703,AG092,Home,East,2024-04-07,2025-04-07,14392.0,1410416,Lapsed,Vanya Pal,Ahmedabad,Nagaland,East_Travel.xlsx,365,Medium,OK
POL004006,CUST02337,AG075,Marine,East,2024-04-07,2025-04-07,29782.0,2978200,Active,Upadhriti More,Chandigarh,Jharkhand,East_Travel.xlsx,365,Medium,OK
POL006975,CUST01719,AG043,Travel,East,2024-04-07,2025-04-07,8616.0,189552,Active,Mitesh Palla,Bangalore,Bihar,East_Travel.xlsx,365,Low,OK
POL004564,CUST00629,AG077,Motor,East,2024-04-06,2025-04-06,7574.0,393848,Renewed,Lakshit Hans,Bangalore,Telangana,East_Travel.xlsx,365,Low,OK
POL008769,CUST02894,AG034,Marine,East,2024-04-05,2025-04-05,39095.0,3596740,Renewed,Jonathan D’Alia,Chandigarh,Himachal Pradesh,East_Travel.xlsx,365,Medium,OK
POL008770,CUST01243,AG074,Marine,East,2024-04-05,2025-04-05,30817.0,2095556,Cancelled,Yatin Manda,Ahmedabad,Jharkhand,East_Travel.xlsx,365,Medium,OK
POL003294,CUST00415,AG076,Home,East,2024-04-05,2025-04-05,26215.0,1572900,Lapsed,Dhriti Srivastava,Bangalore,Uttar Pradesh,East_Travel.xlsx,365,Medium,OK
POL001238,CUST00903,AG010,Travel,East,2024-04-05,2025-04-05,12386.0,383966,Active,Yochana Mander,Patna,Nagaland,East_Travel.xlsx,365,Medium,OK
POL001439,CUST00844,AG050,Travel,East,2024-04-02,2025-04-02,8787.0,228462,Renewed,Balendra Lata,Jaipur,Himachal Pradesh,East_Travel.xlsx,365,Low,OK
POL009428,CUST00731,AG055,Marine,East,2024-04-02,2025-04-02,177843.0,10137051,Lapsed,Falak Bahl,Ahmedabad,Manipur,East_Travel.xlsx,365,Very High,OK
POL004026,CUST01070,AG028,Home,East,2024-04-02,2025-04-02,14120.0,1115480,Lapsed,Chanakya Deshmukh,Hyderabad,Gujarat,East_Travel.xlsx,365,Medium,OK
POL005142,CUST02167,AG027,Motor,East,2024-04-02,2025-04-02,19280.0,1523120,Cancelled,Max Wali,Bhubaneswar,Assam,East_Travel.xlsx,365,Medium,OK
POL008039,CUST00622,AG118,Marine,East,2024-04-01,2025-04-01,159198.0,4935138,Lapsed,Zaitra Mukhopadhyay,Delhi,Manipur,East_Travel.xlsx,365,Very High,OK
POL005259,CUST00917,AG024,Commercial Property,East,2024-04-01,2025-04-01,456657.0,18722937,Lapsed,Meghana Oommen,Chandigarh,Manipur,East_Travel.xlsx,365,Very High,OK
POL006231,CUST02513,AG095,Motor,East,2024-03-31,2025-03-31,39722.0,1231382,Lapsed,Shivani Pai,Mumbai,Assam,East_Travel.xlsx,365,Medium,OK
POL002154,CUST01095,AG045,Motor,East,2024-03-31,2025-03-31,14902.0,1162356,Cancelled,Ekalinga Shankar,Mumbai,Chhattisgarh,East_Travel.xlsx,365,Medium,OK
POL008784,CUST02388,AG051,Commercial Property,East,2024-03-30,2025-03-30,432125.0,35434250,Expired,Jeet Bir,Pune,Rajasthan,East_Travel.xlsx,365,Very High,OK
POL003178,CUST01736,AG046,Travel,East,2024-03-30,2025-03-30,17474.0,1467816,Cancelled,Anirudh Mane,Delhi,West Bengal,East_Travel.xlsx,365,Medium,OK
POL005121,CUST02022,AG023,Motor,East,2024-03-30,2025-03-30,30805.0,831735,Cancelled,Unknown,Hyderabad,Karnataka,East_Travel.xlsx,365,Medium,Review
POL002859,CUST01985,AG065,Marine,East,2024-03-30,2025-03-30,59648.0,3399936,Cancelled,Arya Anand,Kolkata,Maharashtra,East_Travel.xlsx,365,High,OK
POL003427,CUST02929,AG105,Home,East,2024-03-30,2025-03-30,62103.0,4657725,Expired,Chaitanya More,Patna,Punjab,East_Travel.xlsx,365,High,OK
POL006658,CUST01456,AG116,Home,East,2024-03-29,2025-03-29,49014.0,1127322,Renewed,Jagrati Pathak,Ahmedabad,Maharashtra,East_Travel.xlsx,365,Medium,OK
POL002099,CUST00091,AG038,Commercial Property,East,2024-03-28,2025-03-28,54591.0,1965276,Expired,Matthew Rana,Pune,Arunachal Pradesh,East_Travel.xlsx,365,High,OK
POL003310,CUST01082,AG091,Home,East,2024-03-27,2025-03-27,11715.0,878625,Cancelled,Ayush Nagarajan,Pune,Goa,East_Travel.xlsx,365,Medium,OK
POL000089,CUST01179,AG035,Commercial Property,East,2024-03-27,2025-03-27,35902.0,33477624,Lapsed,Zayyan Dhar,Pune,Goa,East_Travel.xlsx,365,Medium,OK
POL004519,CUST00812,AG103,Marine,East,2024-03-27,2025-03-27,83072.0,5316608,Lapsed,Yashodhara Handa,Mumbai,Tamil Nadu,East_Travel.xlsx,365,High,OK
POL002228,CUST00496,AG037,Commercial Property,East,2024-03-26,2025-03-26,658685.0,27006085,Renewed,Elijah Vohra,Delhi,Manipur,East_Travel.xlsx,365,Ultra High,OK
POL008309,CUST00724,AG056,Marine,East,2024-03-25,2025-03-25,161415.0,13720275,Cancelled,Unni Choudhry,Pune,Rajasthan,East_Travel.xlsx,365,Very High,OK
POL001787,CUST00197,AG020,Travel,East,2024-03-25,2025-03-25,1387.0,88768,Cancelled,Frederick Ganesh,Bangalore,Uttarakhand,East_Travel.xlsx,365,Low,OK
POL004135,CUST01145,AG106,Home,East,2024-03-24,2025-03-24,41430.0,1035750,Cancelled,Meghana Uppal,Bangalore,Himachal Pradesh,East_Travel.xlsx,365,Medium,OK
POL007728,CUST01399,AG049,Home,East,2024-03-24,2025-03-24,21142.0,1099384,Expired,Priya Wadhwa,Patna,Andhra Pradesh,East_Travel.xlsx,365,Medium,OK
POL004012,CUST01500,AG065,Home,East,2024-03-23,2025-03-23,49870.0,1446230,Renewed,Ucchal Garde,Chandigarh,Tamil Nadu,East_Travel.xlsx,365,Medium,OK
POL003981,CUST02433,AG057,Commercial Property,East,2024-03-23,2025-03-23,821003.0,31198114,Cancelled,Chandresh Natarajan,Delhi,Chhattisgarh,East_Travel.xlsx,365,Ultra High,OK
POL001537,CUST01399,AG060,Travel,East,2024-03-23,2025-03-23,12504.0,487656,Lapsed,Priya Wadhwa,Patna,Andhra Pradesh,East_Travel.xlsx,365,Medium,OK
POL003535,CUST00122,AG080,Home,East,2024-03-22,2025-03-22,16652.0,532864,Active,Unknown,Ahmedabad,Rajasthan,East_Travel.xlsx,365,Medium,Review
POL002590,CUST00537,AG073,Commercial Property,East,2024-03-21,2025-03-21,982572.0,57971748,Lapsed,Dalaja Saini,Kolkata,Manipur,East_Travel.xlsx,365,Ultra High,OK
POL008705,CUST02165,AG007,Motor,East,2024-03-20,2025-03-20,8133.0,561177,Cancelled,Ethan Bobal,Delhi,Uttar Pradesh,East_Travel.xlsx,365,Low,OK
POL008802,CUST02669,AG055,Commercial Property,East,2024-03-20,2025-03-20,177072.0,13811616,Renewed,Jagdish Srinivasan,Kolkata,Jharkhand,East_Travel.xlsx,365,Very High,OK
POL004733,CUST01876,AG077,Travel,East,2024-03-19,2025-03-19,10611.0,286497,Cancelled,Nisha Uppal,Chandigarh,West Bengal,East_Travel.xlsx,365,Medium,OK
POL005936,CUST01553,AG032,Commercial Property,East,2024-03-19,2025-03-19,540537.0,30810609,Cancelled,Jackson Nagi,Chennai,Maharashtra,East_Travel.xlsx,365,Ultra High,OK
POL004215,CUST00459,AG084,Travel,East,2024-03-18,2025-03-18,7837.0,219436,Expired,Saumya Narayanan,Bhubaneswar,Nagaland,East_Travel.xlsx,365,Low,OK
POL001975,CUST00128,AG009,Home,East,2024-03-18,2025-03-18,20649.0,887907,Cancelled,Aarnav Nori,Pune,Karnataka,East_Travel.xlsx,365,Medium,OK
POL003583,CUST01177,AG031,Marine,East,2024-03-17,2025-03-17,88484.0,1946648,Expired,Chatura Varughese,Mumbai,Andhra Pradesh,East_Travel.xlsx,365,High,OK
POL004518,CUST02326,AG115,Travel,East,2024-03-17,2025-03-17,14633.0,1360869,Expired,Varsha Soman,Ahmedabad,Assam,East_Travel.xlsx,365,Medium,OK
POL008197,CUST01226,AG018,Travel,East,2024-03-17,2025-03-17,2992.0,197472,Active,Harrison Shan,Pune,Assam,East_Travel.xlsx,365,Low,OK
POL004612,CUST02909,AG050,Commercial Property,East,2024-03-16,2025-03-16,810435.0,49436535,Lapsed,Manthan Dewan,Patna,Uttar Pradesh,East_Travel.xlsx,365,Ultra High,OK
POL006691,CUST00627,AG052,Home,East,2024-03-14,2025-03-14,35902.0,1233148,Renewed,Meghana Ramesh,Pune,Bihar,East_Travel.xlsx,365,Medium,OK
POL004716,CUST01822,AG036,Travel,East,2024-03-13,2025-03-13,8930.0,642960,Renewed,Hamsini Sarraf,Hyderabad,Himachal Pradesh,East_Travel.xlsx,365,Low,OK
POL002035,CUST01881,AG003,Travel,East,2024-03-13,2025-03-13,9383.0,450384,Renewed,Chatura D’Alia,Chennai,Arunachal Pradesh,East_Travel.xlsx,365,Low,OK
POL002216,CUST00729,AG016,Marine,East,2024-03-12,2025-03-12,35902.0,6326439,Cancelled,Xavier Amble,Mumbai,Kerala,East_Travel.xlsx,365,Medium,OK
POL006013,CUST01025,AG036,Travel,East,2024-03-12,2025-03-12,17239.0,1327403,Cancelled,Unknown,Jaipur,Arunachal Pradesh,East_Travel.xlsx,365,Medium,Review
POL002077,CUST00220,AG091,Travel,East,2024-03-11,2025-03-11,5804.0,539772,Cancelled,Ishwar Kalita,Chandigarh,Nagaland,East_Travel.xlsx,365,Low,OK
POL002894,CUST01206,AG075,Motor,East,2024-03-11,2025-03-11,30218.0,1178502,Lapsed,Unknown,Patna,Chhattisgarh,East_Travel.xlsx,365,Medium,Review
POL002781,CUST00237,AG051,Motor,East,2024-03-11,2025-03-11,16659.0,716337,Cancelled,Max Sarraf,Patna,Chhattisgarh,East_Travel.xlsx,365,Medium,OK
POL005690,CUST02401,AG099,Travel,East,2024-03-11,2025-03-11,11580.0,555840,Cancelled,Hemangini Mukherjee,Pune,Haryana,East_Travel.xlsx,365,Medium,OK
POL004326,CUST00318,AG010,Home,East,2024-03-10,2025-03-10,62461.0,4996880,Cancelled,Hema D’Alia,Ahmedabad,Assam,East_Travel.xlsx,365,High,OK
POL008900,CUST00112,AG034,Home,East,2024-03-10,2025-03-10,41229.0,1525473,Renewed,Chandani Gara,Delhi,Chhattisgarh,East_Travel.xlsx,365,Medium,OK
POL004197,CUST01612,AG011,Commercial Property,East,2024-03-09,2025-03-09,840933.0,39523851,Expired,Hiral Varty,Hyderabad,Odisha,East_Travel.xlsx,365,Ultra High,OK
POL006415,CUST01060,AG119,Motor,East,2024-03-08,2025-03-08,35041.0,3504100,Cancelled,Lipika Deshmukh,Hyderabad,Arunachal Pradesh,East_Travel.xlsx,365,Medium,OK
POL002623,CUST02784,AG108,Travel,East,2024-03-08,2025-03-08,7085.0,148785,Expired,Oscar Jayaraman,Kolkata,Mizoram,East_Travel.xlsx,365,Low,OK
POL009964,CUST00683,AG020,Marine,East,2024-03-07,2025-03-07,129129.0,4261257,Renewed,Dalbir Mannan,Chennai,Karnataka,East_Travel.xlsx,365,Very High,OK
POL004414,CUST01385,AG006,Motor,East,2024-03-07,2025-03-07,7501.0,457561,Renewed,Advaith Dalal,Delhi,Maharashtra,East_Travel.xlsx,365,Low,OK
POL001915,CUST02292,AG087,Commercial Property,East,2024-03-06,2025-03-06,356595.0,29597385,Renewed,Nathan Shetty,Bangalore,Chhattisgarh,East_Travel.xlsx,365,Very High,OK
POL007864,CUST02720,AG082,Home,East,2024-03-06,2025-03-06,23846.0,2026910,Lapsed,Krisha Tella,Chennai,Punjab,East_Travel.xlsx,365,Medium,OK
POL007559,CUST00172,AG065,Marine,East,2024-03-05,2025-03-05,192451.0,17897943,Cancelled,Leela Sem,Mumbai,Tripura,East_Travel.xlsx,365,Very High,OK
POL001503,CUST01174,AG119,Travel,East,2024-03-04,2025-03-04,11388.0,330252,Active,Umang Warrior,Mumbai,Manipur,East_Travel.xlsx,365,Medium,OK
POL005246,CUST01702,AG073,Marine,East,2024-03-04,2025-03-04,84146.0,4039008,Cancelled,Advika Sinha,Kolkata,Kerala,East_Travel.xlsx,365,High,OK
POL000889,CUST01985,AG117,Travel,East,2024-03-03,2025-03-03,11171.0,469182,Expired,Arya Anand,Kolkata,Maharashtra,East_Travel.xlsx,365,Medium,OK
POL002317,CUST00233,AG028,Travel,East,2024-03-03,2025-03-03,13918.0,501048,Cancelled,Xiti Nori,Hyderabad,Kerala,East_Travel.xlsx,365,Medium,OK
POL005292,CUST01754,AG026,Marine,East,2024-03-02,2025-03-02,163077.0,15166161,Cancelled,Raksha Choudhary,Hyderabad,Karnataka,East_Travel.xlsx,365,Very High,OK
POL003803,CUST02566,AG071,Home,East,2024-03-02,2025-03-02,15106.0,981890,Renewed,Abhimanyu Gade,Bangalore,Chhattisgarh,East_Travel.xlsx,365,Medium,OK
POL008390,CUST01780,AG064,Travel,East,2024-03-02,2025-03-02,13784.0,468656,Cancelled,Dominic Kothari,Bhubaneswar,Rajasthan,East_Travel.xlsx,365,Medium,OK
POL001219,CUST01880,AG080,Home,East,2024-03-01,2025-03-01,52201.0,2349045,Expired,Dhriti Majumdar,Chennai,Punjab,East_Travel.xlsx,365,High,OK
POL007618,CUST01617,AG101,Travel,East,2024-02-29,2025-02-28,8826.0,653124,Lapsed,Jonathan Master,Kolkata,West Bengal,East_Travel.xlsx,365,Low,OK
POL009203,CUST01867,AG042,Marine,East,2024-02-29,2025-02-28,35902.0,6659850,Expired,Lajita Bumb,Hyderabad,Kerala,East_Travel.xlsx,365,Medium,OK
POL007969,CUST00933,AG112,Marine,East,2024-02-28,2025-02-27,35902.0,6793184,Expired,Champak Arya,Kolkata,Telangana,East_Travel.xlsx,365,Medium,OK
POL001472,CUST01129,AG080,Motor,East,2024-02-28,2025-02-27,15827.0,1408603,Expired,Vrishti Mitter,Mumbai,Rajasthan,East_Travel.xlsx,365,Medium,OK
POL002620,CUST00481,AG029,Motor,East,2024-02-27,2025-02-26,25245.0,1211760,Active,Chandresh Sheth,Pune,Kerala,East_Travel.xlsx,365,Medium,OK
POL009275,CUST00135,AG089,Commercial Property,East,2024-02-27,2025-02-26,958071.0,66106899,Expired,Barkha Dara,Delhi,Haryana,East_Travel.xlsx,365,Ultra High,OK
POL001523,CUST00892,AG099,Travel,East,2024-02-27,2025-02-26,13366.0,855424,Active,Nidhi Prabhakar,Kolkata,Uttar Pradesh,East_Travel.xlsx,365,Medium,OK
POL001798,CUST01789,AG027,Marine,East,2024-02-26,2025-02-25,168094.0,7228042,Cancelled,Faraj Merchant,Chennai,Arunachal Pradesh,East_Travel.xlsx,365,Very High,OK
POL002223,CUST00808,AG056,Motor,East,2024-02-25,2025-02-24,22682.0,1587740,Cancelled,Victor Sawhney,Patna,Rajasthan,East_Travel.xlsx,365,Medium,OK
POL006412,CUST02456,AG076,Home,East,2024-02-25,2025-02-24,29133.0,2738502,Lapsed,Libni Bhakta,Pune,Mizoram,East_Travel.xlsx,365,Medium,OK
POL003370,CUST02538,AG114,Travel,East,2024-02-25,2025-02-24,6445.0,438260,Active,Unni Shenoy,Jaipur,Jharkhand,East_Travel.xlsx,365,Low,OK
POL002692,CUST02988,AG075,Motor,East,2024-02-25,2025-02-24,35811.0,1145952,Active,Shaurya Joshi,Hyderabad,Tamil Nadu,East_Travel.xlsx,365,Medium,OK
POL003189,CUST02152,AG007,Travel,East,2024-02-24,2025-02-23,17253.0,897156,Renewed,Sai Mani,Pune,Telangana,East_Travel.xlsx,365,Medium,OK
POL000050,CUST00964,AG102,Marine,East,2024-02-24,2025-02-23,125144.0,7383496,Cancelled,Harish Vaidya,Ahmedabad,Bihar,East_Travel.xlsx,365,Very High,OK
POL002584,CUST02997,AG032,Travel,East,2024-02-24,2025-02-23,12216.0,317616,Cancelled,Abha Dugar,Bangalore,Madhya Pradesh,East_Travel.xlsx,365,Medium,OK
POL005729,CUST02086,AG102,Travel,East,2024-02-24,2025-02-23,11006.0,660360,Lapsed,Ekiya Savant,Hyderabad,Kerala,East_Travel.xlsx,365,Medium,OK
POL004407,CUST02449,AG006,Home,East,2024-02-24,2025-02-23,43931.0,4305238,Cancelled,Lakshit Vala,Chennai,Meghalaya,East_Travel.xlsx,365,Medium,OK
POL007524,CUST01983,AG113,Travel,East,2024-02-24,2025-02-23,3192.0,121296,Cancelled,Faras Bera,Ahmedabad,Sikkim,East_Travel.xlsx,365,Low,OK
POL006387,CUST02843,AG112,Commercial Property,East,2024-02-23,2025-02-22,160214.0,13297762,Expired,Ethan Shetty,Delhi,Tripura,East_Travel.xlsx,365,Very High,OK
POL007186,CUST01459,AG109,Home,East,2024-02-22,2025-02-21,12244.0,440784,Active,Jasmit Sharaf,Chennai,Chhattisgarh,East_Travel.xlsx,365,Medium,OK
POL005955,CUST02373,AG036,Motor,East,2024-02-22,2025-02-21,26970.0,2508210,Expired,Nandini Sule,Bhubaneswar,Kerala,East_Travel.xlsx,365,Medium,OK
POL009643,CUST01031,AG006,Commercial Property,East,2024-02-20,2025-02-19,560967.0,22438680,Cancelled,Omaja Chakraborty,Bhubaneswar,Bihar,East_Travel.xlsx,365,Ultra High,OK
POL001006,CUST01133,AG014,Commercial Property,East,2024-02-20,2025-02-19,895132.0,83247276,Renewed,Dipta Bhagat,Bangalore,Uttar Pradesh,East_Travel.xlsx,365,Ultra High,OK
POL005956,CUST01491,AG080,Marine,East,2024-02-20,2025-02-19,190620.0,4765500,Expired,Maanav Barad,Chennai,Odisha,East_Travel.xlsx,365,Very High,OK
POL002112,CUST02901,AG016,Travel,East,2024-02-19,2025-02-18,13122.0,472392,Expired,Hredhaan Sagar,Jaipur,West Bengal,East_Travel.xlsx,365,Medium,OK
POL001782,CUST00486,AG061,Commercial Property,East,2024-02-19,2025-02-18,786573.0,15731460,Lapsed,Bhanumati Sarma,Pune,Sikkim,East_Travel.xlsx,365,Ultra High,OK
POL001465,CUST00439,AG077,Motor,East,2024-02-19,2025-02-18,18514.0,722046,Lapsed,Balveer Sharma,Mumbai,Himachal Pradesh,East_Travel.xlsx,365,Medium,OK
POL005387,CUST01217,AG001,Marine,East,2024-02-18,2025-02-17,173384.0,11096576,Renewed,Karan Pandit,Ahmedabad,Haryana,East_Travel.xlsx,365,Very High,OK
POL000817,CUST02224,AG062,Marine,East,2024-02-17,2025-02-16,67273.0,5583659,Active,Chandresh Walia,Kolkata,Himachal Pradesh,East_Travel.xlsx,365,High,OK
POL009783,CUST00170,AG052,Motor,East,2024-02-17,2025-02-16,33079.0,727738,Active,Zilmil Gola,Pune,Odisha,East_Travel.xlsx,365,Medium,OK
POL003924,CUST00774,AG087,Motor,East,2024-02-16,2025-02-15,11871.0,439227,Expired,Deepa Shankar,Chandigarh,Chhattisgarh,East_Travel.xlsx,365,Medium,OK
POL007755,CUST02139,AG093,Marine,East,2024-02-15,2025-02-14,92345.0,4986630,Active,Meghana Mitter,Kolkata,Tripura,East_Travel.xlsx,365,High,OK
POL001240,CUST01264,AG018,Commercial Property,East,2024-02-15,2025-02-14,833282.0,61662868,Lapsed,Kabir Raval,Bhubaneswar,Manipur,East_Travel.xlsx,365,Ultra High,OK
POL003537,CUST00798,AG002,Motor,East,2024-02-15,2025-02-14,13822.0,829320,Lapsed,Dalbir Arora,Mumbai,Maharashtra,East_Travel.xlsx,365,Medium,OK
POL007431,CUST02940,AG030,Marine,East,2024-02-15,2025-02-14,51623.0,4336332,Cancelled,Faraj Narasimhan,Patna,Haryana,East_Travel.xlsx,365,High,OK
POL006701,CUST01200,AG041,Travel,East,2024-02-14,2025-02-13,14856.0,490248,Expired,Bhavini Ramakrishnan,Chennai,Jharkhand,East_Travel.xlsx,365,Medium,OK
POL003476,CUST01405,AG023,Commercial Property,East,2024-02-14,2025-02-13,244754.0,14685240,Renewed,Gaurika Mitra,Pune,Sikkim,East_Travel.xlsx,365,Very High,OK
POL002459,CUST01583,AG064,Travel,East,2024-02-13,2025-02-12,35902.0,185104,Active,Ria Sant,Ahmedabad,Jharkhand,East_Travel.xlsx,365,Medium,OK
POL001327,CUST01033,AG107,Travel,East,2024-02-13,2025-02-12,18060.0,1679580,Renewed,Amruta Ahluwalia,Mumbai,Goa,East_Travel.xlsx,365,Medium,OK
POL008124,CUST01913,AG063,Commercial Property,East,2024-02-13,2025-02-12,753543.0,18838575,Active,Manan Sarin,Mumbai,Himachal Pradesh,East_Travel.xlsx,365,Ultra High,OK
POL006746,CUST02569,AG078,Marine,East,2024-02-13,2025-02-12,122639.0,6254589,Lapsed,Bhavani Sarkar,Delhi,Uttar Pradesh,East_Travel.xlsx,365,Very High,OK
POL008465,CUST02796,AG051,Motor,East,2024-02-12,2025-02-11,18852.0,1263084,Cancelled,Ojasvi Kala,Kolkata,Uttar Pradesh,East_Travel.xlsx,365,Medium,OK
POL000765,CUST02751,AG104,Marine,East,2024-02-10,2025-02-09,35902.0,11391840,Renewed,Bhavini Gera,Chennai,Manipur,East_Travel.xlsx,365,Medium,OK
POL000932,CUST00056,AG018,Home,East,2024-02-10,2025-02-09,68479.0,4725051,Active,Ekavir Pradhan,Chandigarh,Kerala,East_Travel.xlsx,365,High,OK
POL001388,CUST02766,AG053,Marine,East,2024-02-10,2025-02-09,140992.0,5216704,Renewed,Raksha Bakshi,Patna,Jharkhand,East_Travel.xlsx,365,Very High,OK
POL003231,CUST00352,AG102,Motor,East,2024-02-09,2025-02-08,31759.0,1524432,Active,Vyanjana Mangal,Pune,Sikkim,East_Travel.xlsx,365,Medium,OK
POL003918,CUST00990,AG079,Commercial Property,East,2024-02-09,2025-02-08,695622.0,43824186,Expired,Zayyan Nagy,Chandigarh,Mizoram,East_Travel.xlsx,365,Ultra High,OK
POL003083,CUST02702,AG069,Motor,East,2024-02-08,2025-02-07,14821.0,444630,Renewed,Daksh Master,Bangalore,Bihar,East_Travel.xlsx,365,Medium,OK
POL003216,CUST02880,AG063,Motor,East,2024-02-08,2025-02-07,32933.0,724526,Renewed,Neha Dugar,Chennai,Karnataka,East_Travel.xlsx,365,Medium,OK
POL007351,CUST01557,AG007,Home,East,2024-02-08,2025-02-07,29106.0,2008314,Renewed,Hiral Grover,Hyderabad,Rajasthan,East_Travel.xlsx,365,Medium,OK
POL003596,CUST00658,AG024,Motor,East,2024-02-06,2025-02-05,35902.0,2338330,Expired,Timothy Lalla,Hyderabad,Gujarat,East_Travel.xlsx,365,Medium,OK
POL002644,CUST01815,AG013,Motor,East,2024-02-05,2025-02-04,34279.0,2536646,Lapsed,Mekhala Sampath,Hyderabad,Uttar Pradesh,East_Travel.xlsx,365,Medium,OK
POL001992,CUST00309,AG089,Marine,East,2024-02-04,2025-02-03,31141.0,3051818,Renewed,Faris Barad,Chandigarh,Jharkhand,East_Travel.xlsx,365,Medium,OK
POL007500,CUST00335,AG005,Home,East,2024-02-03,2025-02-02,9705.0,824925,Cancelled,Manthan Mahal,Bangalore,Chhattisgarh,East_Travel.xlsx,365,Low,OK
POL000707,CUST00397,AG093,Commercial Property,East,2024-02-02,2025-02-01,983566.0,50161866,Renewed,Brinda Venkataraman,Ahmedabad,Tamil Nadu,East_Travel.xlsx,365,Ultra High,OK
POL003599,CUST02980,AG114,Travel,East,2024-01-31,2025-01-30,12206.0,598094,Expired,Yashodhara Bawa,Chandigarh,Odisha,East_Travel.xlsx,365,Medium,OK
POL009128,CUST00939,AG075,Home,East,2024-01-31,2025-01-30,47630.0,2762540,Renewed,Sai Mohanty,Mumbai,Nagaland,East_Travel.xlsx,365,Medium,OK
POL007374,CUST02378,AG089,Marine,East,2024-01-31,2025-01-30,153048.0,5050584,Renewed,Anmol Zacharia,Patna,Andhra Pradesh,East_Travel.xlsx,365,Very High,OK
POL004767,CUST02236,AG045,Travel,East,2024-01-31,2025-01-30,3105.0,93150,Active,Nirja Golla,Chandigarh,Himachal Pradesh,East_Travel.xlsx,365,Low,OK
POL005467,CUST00966,AG048,Motor,East,2024-01-30,2025-01-29,16310.0,505610,Renewed,Jyoti Lall,Chennai,Odisha,East_Travel.xlsx,365,Medium,OK
POL004833,CUST00546,AG105,Commercial Property,East,2024-01-29,2025-01-28,211616.0,19680288,Active,Anya Atwal,Chandigarh,Goa,East_Travel.xlsx,365,Very High,OK
POL004033,CUST00651,AG103,Travel,East,2024-01-29,2025-01-28,8289.0,464184,Renewed,Nidhi Cheema,Delhi,Manipur,East_Travel.xlsx,365,Low,OK
POL004751,CUST01879,AG049,Commercial Property,East,2024-01-29,2025-01-28,762029.0,25146957,Lapsed,Eta Ray,Delhi,Jharkhand,East_Travel.xlsx,365,Ultra High,OK
POL002247,CUST02370,AG076,Commercial Property,East,2024-01-29,2025-01-28,764806.0,32886658,Active,Unknown,Mumbai,Nagaland,East_Travel.xlsx,365,Ultra High,Review
POL003016,CUST01263,AG011,Marine,East,2024-01-29,2025-01-28,35902.0,5979821,Expired,Yug Setty,Delhi,Mizoram,East_Travel.xlsx,365,Medium,OK
POL000433,CUST01823,AG015,Motor,East,2024-01-27,2025-01-26,35273.0,1093463,Cancelled,Henry Acharya,Pune,Karnataka,East_Travel.xlsx,365,Medium,OK
POL000563,CUST00293,AG042,Motor,East,2024-01-27,2025-01-26,15332.0,1103904,Expired,Ekapad Pillay,Mumbai,Tamil Nadu,East_Travel.xlsx,365,Medium,OK
POL005723,CUST02922,AG092,Home,East,2024-01-27,2025-01-26,53795.0,1721440,Active,Unknown,Delhi,Rajasthan,East_Travel.xlsx,365,High,Review
POL006267,CUST00406,AG003,Commercial Property,East,2024-01-26,2025-01-25,35902.0,10093752,Lapsed,Tarak Savant,Pune,Gujarat,East_Travel.xlsx,365,Medium,OK
POL009928,CUST01575,AG021,Travel,East,2024-01-26,2025-01-25,8228.0,592416,Expired,Zilmil Bajwa,Mumbai,Chhattisgarh,East_Travel.xlsx,365,Low,OK
POL000984,CUST01755,AG088,Travel,East,2024-01-26,2025-01-25,11635.0,884260,Lapsed,Janani Singhal,Kolkata,Karnataka,East_Travel.xlsx,365,Medium,OK
POL003747,CUST00330,AG117,Motor,East,2024-01-26,2025-01-25,34521.0,3175932,Expired,Krishna Reddy,Hyderabad,Telangana,East_Travel.xlsx,365,Medium,OK
POL006738,CUST00523,AG106,Commercial Property,East,2024-01-26,2025-01-25,327005.0,15369235,Expired,Nikita Parekh,Bhubaneswar,Bihar,East_Travel.xlsx,365,Very High,OK
POL002707,CUST00799,AG104,Home,East,2024-01-25,2025-01-24,60229.0,4336488,Renewed,Jack Issac,Patna,Chhattisgarh,East_Travel.xlsx,365,High,OK
POL004438,CUST02733,AG067,Commercial Property,East,2024-01-25,2025-01-24,242507.0,19885574,Expired,Bishakha Bhandari,Jaipur,Chhattisgarh,East_Travel.xlsx,365,Very High,OK
POL006695,CUST02972,AG088,Travel,East,2024-01-24,2025-01-23,5445.0,430155,Active,Pavani Parekh,Chandigarh,West Bengal,East_Travel.xlsx,365,Low,OK
POL005194,CUST01628,AG104,Motor,East,2024-01-24,2025-01-23,30531.0,2015046,Lapsed,Geetika Bhagat,Hyderabad,Gujarat,East_Travel.xlsx,365,Medium,OK
POL002523,CUST01485,AG100,Travel,East,2024-01-24,2025-01-23,35902.0,895175,Renewed,Simon Munshi,Chandigarh,Karnataka,East_Travel.xlsx,365,Medium,OK
POL007104,CUST01656,AG071,Travel,East,2024-01-22,2025-01-21,19128.0,1798032,Renewed,Sai Sarna,Bangalore,Chhattisgarh,East_Travel.xlsx,365,Medium,OK
POL008698,CUST00671,AG067,Commercial Property,East,2024-01-22,2025-01-21,403378.0,35900642,Expired,Chaitaly Deol,Kolkata,Gujarat,East_Travel.xlsx,365,Very High,OK
POL003520,CUST02495,AG013,Home,East,2024-01-22,2025-01-21,50912.0,3818400,Active,Akshay Sarin,Mumbai,Sikkim,East_Travel.xlsx,365,High,OK
POL007554,CUST02396,AG087,Travel,East,2024-01-22,2025-01-21,15529.0,1149146,Lapsed,Vihaan Din,Bhubaneswar,Meghalaya,East_Travel.xlsx,365,Medium,OK
POL007415,CUST00049,AG023,Travel,East,2024-01-22,2025-01-21,35902.0,462612,Expired,Naveen Parikh,Mumbai,Assam,East_Travel.xlsx,365,Medium,OK
POL007021,CUST02399,AG075,Marine,East,2024-01-21,2025-01-20,163979.0,9838740,Lapsed,Ekanta Malhotra,Chandigarh,Haryana,East_Travel.xlsx,365,Very High,OK
POL004990,CUST01173,AG084,Home,East,2024-01-21,2025-01-20,51536.0,3762128,Cancelled,Vrishti Chawla,Ahmedabad,Andhra Pradesh,East_Travel.xlsx,365,High,OK
POL000914,CUST00301,AG072,Marine,East,2024-01-20,2025-01-19,87054.0,5658510,Lapsed,Devansh Peri,Mumbai,Goa,East_Travel.xlsx,365,High,OK
POL004895,CUST00222,AG023,Marine,East,2024-01-19,2025-01-18,106312.0,3827232,Expired,Manan Pandit,Kolkata,Uttar Pradesh,East_Travel.xlsx,365,Very High,OK
POL008359,CUST02377,AG026,Marine,East,2024-01-19,2025-01-18,96600.0,4926600,Renewed,Udant Nagy,Chennai,Bihar,East_Travel.xlsx,365,High,OK
POL002560,CUST01603,AG067,Travel,East,2024-01-19,2025-01-18,2711.0,230435,Active,Gaurika Borra,Pune,Mizoram,East_Travel.xlsx,365,Low,OK
POL003169,CUST02083,AG048,Travel,East,2024-01-19,2025-01-18,1487.0,138291,Cancelled,Upasna Khanna,Pune,Odisha,East_Travel.xlsx,365,Low,OK
POL005627,CUST00054,AG038,Commercial Property,East,2024-01-18,2025-01-17,477265.0,29590430,Lapsed,Jeevika Hegde,Delhi,Uttar Pradesh,East_Travel.xlsx,365,Very High,OK
POL008034,CUST01957,AG115,Commercial Property,East,2024-01-18,2025-01-17,122337.0,3914784,Active,Abdul Sarraf,Hyderabad,West Bengal,East_Travel.xlsx,365,Very High,OK
POL004110,CUST01902,AG083,Marine,East,2024-01-18,2025-01-17,72120.0,4110840,Cancelled,Girish Arya,Delhi,Maharashtra,East_Travel.xlsx,365,High,OK
POL000760,CUST02517,AG111,Travel,East,2024-01-17,2025-01-16,8572.0,531464,Expired,Idika Chauhan,Bhubaneswar,Uttar Pradesh,East_Travel.xlsx,365,Low,OK
POL003630,CUST02248,AG067,Motor,East,2024-01-17,2025-01-16,26029.0,1952175,Active,Banjeet Gaba,Mumbai,Jharkhand,East_Travel.xlsx,365,Medium,OK
POL003771,CUST02429,AG046,Motor,East,2024-01-15,2025-01-14,27254.0,1826018,Expired,Hardik Kade,Chandigarh,Odisha,East_Travel.xlsx,365,Medium,OK
POL000516,CUST01896,AG053,Home,East,2024-01-15,2025-01-14,15216.0,699936,Renewed,Siya Das,Chandigarh,Nagaland,East_Travel.xlsx,365,Medium,OK
POL003151,CUST01369,AG072,Home,East,2024-01-14,2025-01-13,51515.0,3812110,Renewed,Vedika Kapadia,Patna,Chhattisgarh,East_Travel.xlsx,365,High,OK
POL002677,CUST01135,AG118,Home,East,2024-01-14,2025-01-13,33852.0,2945124,Renewed,Urishilla Mitra,Bangalore,Karnataka,East_Travel.xlsx,365,Medium,OK
POL001229,CUST02237,AG051,Home,East,2024-01-14,2025-01-13,10581.0,275106,Active,Oeshi Ben,Hyderabad,Mizoram,East_Travel.xlsx,365,Medium,OK
POL006065,CUST02345,AG024,Travel,East,2024-01-13,2025-01-12,9114.0,291648,Cancelled,Aayush Halder,Mumbai,Bihar,East_Travel.xlsx,365,Low,OK
POL000277,CUST01974,AG120,Motor,East,2024-01-13,2025-01-12,9911.0,257686,Renewed,Gaurangi Divan,Chennai,Bihar,East_Travel.xlsx,365,Low,OK
POL004223,CUST01934,AG005,Motor,East,2024-01-12,2025-01-11,21612.0,1361556,Renewed,Chaman Din,Kolkata,Odisha,East_Travel.xlsx,365,Medium,OK
POL006866,CUST00611,AG007,Home,East,2024-01-12,2025-01-11,31399.0,2103733,Active,Owen Bajaj,Bangalore,Kerala,East_Travel.xlsx,365,Medium,OK
POL002940,CUST00031,AG115,Commercial Property,East,2024-01-11,2025-01-10,316512.0,11077920,Active,Kevin Baria,Delhi,Gujarat,East_Travel.xlsx,365,Very High,OK
POL000737,CUST00745,AG012,Travel,East,2024-01-10,2025-01-09,4301.0,172040,Cancelled,Anjali Minhas,Kolkata,Maharashtra,East_Travel.xlsx,365,Low,OK
POL007904,CUST00602,AG098,Travel,East,2024-01-10,2025-01-09,13978.0,419340,Active,Aradhana Bora,Delhi,Uttarakhand,East_Travel.xlsx,365,Medium,OK
POL007985,CUST02154,AG099,Travel,East,2024-01-10,2025-01-09,5342.0,160260,Cancelled,Chakrika Kala,Jaipur,Punjab,East_Travel.xlsx,365,Low,OK
POL008228,CUST02482,AG002,Motor,East,2024-01-09,2025-01-08,12808.0,704440,Renewed,Sai Hayer,Pune,Uttarakhand,East_Travel.xlsx,365,Medium,OK
POL008688,CUST02653,AG021,Marine,East,2024-01-09,2025-01-08,184593.0,10890987,Expired,Frederick Jain,Bangalore,Madhya Pradesh,East_Travel.xlsx,365,Very High,OK
POL009147,CUST00290,AG021,Motor,East,2024-01-08,2025-01-07,29552.0,2689232,Cancelled,Hitesh Balasubramanian,Chandigarh,Kerala,East_Travel.xlsx,365,Medium,OK
POL006556,CUST00868,AG022,Travel,East,2024-01-08,2025-01-07,15510.0,1070190,Lapsed,Imaran Chanda,Hyderabad,Haryana,East_Travel.xlsx,365,Medium,OK
POL004256,CUST00428,AG048,Marine,East,2024-01-08,2025-01-07,40428.0,1455408,Lapsed,Reyansh Chadha,Mumbai,Odisha,East_Travel.xlsx,365,Medium,OK
POL000391,CUST02131,AG084,Commercial Property,East,2024-01-08,2025-01-07,559057.0,48078902,Expired,Christopher Aurora,Hyderabad,Arunachal Pradesh,East_Travel.xlsx,365,Ultra High,OK
POL008781,CUST02386,AG025,Commercial Property,East,2024-01-07,2025-01-06,519617.0,40530126,Renewed,Vyanjana Ahuja,Patna,Punjab,East_Travel.xlsx,365,Ultra High,OK
POL004175,CUST00731,AG001,Commercial Property,East,2024-01-07,2025-01-06,782720.0,36005120,Lapsed,Falak Bahl,Ahmedabad,Manipur,East_Travel.xlsx,365,Ultra High,OK
POL002082,CUST00130,AG024,Home,East,2024-01-07,2025-01-06,69986.0,5528894,Active,Zashil Hans,Ahmedabad,Punjab,East_Travel.xlsx,365,High,OK
POL002204,CUST01334,AG062,Commercial Property,East,2024-01-05,2025-01-04,381628.0,31675124,Renewed,Yashvi Bhandari,Delhi,Himachal Pradesh,East_Travel.xlsx,365,Very High,OK
POL008534,CUST01675,AG038,Travel,East,2024-01-05,2025-01-04,4726.0,259930,Expired,Nicholas Andra,Pune,Kerala,East_Travel.xlsx,365,Low,OK
POL007988,CUST02840,AG107,Commercial Property,East,2024-01-05,2025-01-04,994401.0,94468095,Cancelled,Onveer Sibal,Bangalore,West Bengal,East_Travel.xlsx,365,Ultra High,OK
POL005911,CUST02844,AG035,Motor,East,2024-01-04,2025-01-03,35902.0,1726164,Renewed,Triya Sheth,Mumbai,Arunachal Pradesh,East_Travel.xlsx,365,Medium,OK
POL007279,CUST01008,AG061,Commercial Property,East,2024-01-04,2025-01-03,438678.0,42113088,Cancelled,Ijaya Tak,Bangalore,Tripura,East_Travel.xlsx,365,Very High,OK
POL004088,CUST02225,AG023,Marine,East,2024-01-03,2025-01-02,167828.0,7216604,Cancelled,Upma Kar,Mumbai,Assam,East_Travel.xlsx,365,Very High,OK
POL003899,CUST01672,AG014,Commercial Property,East,2024-01-03,2025-01-02,35902.0,22711590,Active,Bhavani Krishnan,Kolkata,Rajasthan,East_Travel.xlsx,365,Medium,OK
POL004082,CUST00937,AG111,Motor,East,2024-01-03,2025-01-02,35902.0,2030688,Lapsed,Aadhya Prabhakar,Bangalore,Uttar Pradesh,East_Travel.xlsx,365,Medium,OK
POL002918,CUST02578,AG107,Commercial Property,East,2024-01-02,2025-01-01,548652.0,51024636,Expired,Mohini Chacko,Patna,Kerala,East_Travel.xlsx,365,Ultra High,OK
POL000016,CUST00036,AG042,Commercial Property,East,2024-01-02,2025-01-01,307579.0,12610739,Cancelled,Gaurangi Kara,Bangalore,Himachal Pradesh,East_Travel.xlsx,365,Very High,OK
POL000970,CUST02767,AG083,Travel,East,2024-01-02,2025-01-01,9855.0,739125,Renewed,Lajita Jhaveri,Chandigarh,Nagaland,East_Travel.xlsx,365,Low,OK
POL007821,CUST02557,AG048,Motor,East,2024-01-01,2024-12-31,8474.0,398278,Renewed,Balveer Karnik,Chennai,Andhra Pradesh,East_Travel.xlsx,365,Low,OK
POL007299,CUST01888,AG104,Commercial Property,East,2024-01-01,2024-12-31,599037.0,35343183,Lapsed,Zinal Mani,Delhi,Assam,East_Travel.xlsx,365,Ultra High,OK
POL007288,CUST00342,AG110,Home,East,2024-01-01,2024-12-31,60171.0,5836587,Cancelled,Hardik Kumer,Patna,Haryana,East_Travel.xlsx,365,High,OK
POL003540,CUST02969,AG055,Commercial Property,East,2023-12-31,2024-12-30,75658.0,5220402,Cancelled,Gunbir Rastogi,Pune,Gujarat,East_Travel.xlsx,365,High,OK
POL002281,CUST00224,AG095,Commercial Property,East,2023-12-30,2024-12-29,197086.0,15569794,Active,Ayaan Roy,Jaipur,Gujarat,East_Travel.xlsx,365,Very High,OK
POL006405,CUST01441,AG075,Commercial Property,East,2023-12-29,2024-12-28,573528.0,53911632,Expired,Jai Kar,Chandigarh,Haryana,East_Travel.xlsx,365,Ultra High,OK
POL009320,CUST01325,AG024,Home,East,2023-12-29,2024-12-28,17893.0,1699835,Cancelled,Rohan Pant,Bhubaneswar,Goa,East_Travel.xlsx,365,Medium,OK
POL006861,CUST02605,AG002,Home,East,2023-12-28,2024-12-27,12213.0,403029,Active,Niharika Karan,Jaipur,Mizoram,East_Travel.xlsx,365,Medium,OK
POL003103,CUST02915,AG097,Travel,East,2023-12-28,2024-12-27,8892.0,818064,Expired,Girindra Tara,Hyderabad,Rajasthan,East_Travel.xlsx,365,Low,OK
POL001190,CUST02304,AG048,Marine,East,2023-12-28,2024-12-27,177127.0,12930271,Cancelled,Anay Garg,Jaipur,Jharkhand,East_Travel.xlsx,365,Very High,OK
POL009140,CUST02862,AG058,Travel,East,2023-12-28,2024-12-27,4137.0,256494,Cancelled,Upasna Prakash,Chennai,Goa,East_Travel.xlsx,365,Low,OK
POL008489,CUST00214,AG016,Home,East,2023-12-28,2024-12-27,16377.0,1359291,Lapsed,Yoshita Singh,Pune,Haryana,East_Travel.xlsx,365,Medium,OK
POL005412,CUST02489,AG089,Marine,East,2023-12-28,2024-12-27,65313.0,4963788,Active,Siya Mallick,Delhi,Bihar,East_Travel.xlsx,365,High,OK
POL009336,CUST02749,AG082,Motor,East,2023-12-27,2024-12-26,35902.0,1215975,Lapsed,Omisha Tiwari,Ahmedabad,Rajasthan,East_Travel.xlsx,365,Medium,OK
POL005383,CUST02829,AG053,Home,East,2023-12-27,2024-12-26,62649.0,1628874,Renewed,Unnati Roy,Pune,Kerala,East_Travel.xlsx,365,High,OK
POL004260,CUST01947,AG055,Travel,East,2023-12-26,2024-12-25,8467.0,728162,Cancelled,Advika Shah,Bhubaneswar,Kerala,East_Travel.xlsx,365,Low,OK
POL009950,CUST02080,AG013,Marine,East,2023-12-26,2024-12-25,157687.0,6938228,Renewed,Guneet Pathak,Bangalore,Bihar,East_Travel.xlsx,365,Very High,OK
POL009545,CUST01913,AG084,Home,East,2023-12-26,2024-12-25,68738.0,6598848,Cancelled,Manan Sarin,Mumbai,Himachal Pradesh,East_Travel.xlsx,365,High,OK
POL002283,CUST00148,AG058,Marine,East,2023-12-26,2024-12-25,103783.0,8925338,Lapsed,Bhanumati Gandhi,Jaipur,Telangana,East_Travel.xlsx,365,Very High,OK
POL000218,CUST01611,AG059,Home,East,2023-12-26,2024-12-25,25584.0,2430480,Renewed,Yug Ramakrishnan,Patna,Arunachal Pradesh,East_Travel.xlsx,365,Medium,OK
POL000883,CUST02335,AG058,Travel,East,2023-12-26,2024-12-25,19065.0,1353615,Active,Unknown,Kolkata,Tamil Nadu,East_Travel.xlsx,365,Medium,Review
POL008528,CUST02914,AG107,Motor,East,2023-12-25,2024-12-24,15041.0,857337,Expired,Harrison Palla,Delhi,Himachal Pradesh,East_Travel.xlsx,365,Medium,OK
POL003690,CUST02829,AG021,Commercial Property,East,2023-12-25,2024-12-24,582995.0,30898735,Expired,Unnati Roy,Pune,Kerala,East_Travel.xlsx,365,Ultra High,OK
POL004350,CUST01716,AG066,Home,East,2023-12-25,2024-12-24,53288.0,2291384,Expired,Upkaar De,Chandigarh,Rajasthan,East_Travel.xlsx,365,High,OK
POL000341,CUST02766,AG055,Commercial Property,East,2023-12-25,2024-12-24,778542.0,31141680,Expired,Raksha Bakshi,Patna,Jharkhand,East_Travel.xlsx,365,Ultra High,OK
POL000494,CUST00968,AG001,Motor,East,2023-12-24,2024-12-23,31005.0,2542410,Cancelled,Jagat Datta,Chandigarh,Assam,East_Travel.xlsx,365,Medium,OK
POL002995,CUST00396,AG051,Marine,East,2023-12-24,2024-12-23,31818.0,1368174,Cancelled,Nathaniel Subramanian,Kolkata,Uttarakhand,East_Travel.xlsx,365,Medium,OK
POL007739,CUST02539,AG019,Travel,East,2023-12-23,2024-12-22,8539.0,708737,Renewed,Harshil Chand,Pune,Haryana,East_Travel.xlsx,365,Low,OK
POL005261,CUST02351,AG085,Home,East,2023-12-23,2024-12-22,65112.0,2409144,Active,Widisha Mohanty,Bhubaneswar,Himachal Pradesh,East_Travel.xlsx,365,High,OK
POL000370,CUST01308,AG084,Motor,East,2023-12-23,2024-12-22,9044.0,461244,Active,Megha Rattan,Mumbai,Assam,East_Travel.xlsx,365,Low,OK
POL007120,CUST00307,AG060,Commercial Property,East,2023-12-22,2024-12-21,428288.0,23984128,Lapsed,Ishaan Banik,Mumbai,Andhra Pradesh,East_Travel.xlsx,365,Very High,OK
POL001432,CUST00784,AG072,Commercial Property,East,2023-12-22,2024-12-21,894168.0,70639272,Active,Inaya Tak,Delhi,Mizoram,East_Travel.xlsx,365,Ultra High,OK
POL009832,CUST02324,AG067,Marine,East,2023-12-21,2024-12-20,138351.0,13420047,Lapsed,Wridesh Shenoy,Kolkata,Odisha,East_Travel.xlsx,365,Very High,OK
POL000063,CUST00167,AG029,Commercial Property,East,2023-12-20,2024-12-19,290355.0,22357335,Expired,Gayathri Samra,Delhi,Uttar Pradesh,East_Travel.xlsx,365,Very High,OK
POL006294,CUST00815,AG064,Marine,East,2023-12-20,2024-12-19,137824.0,2894304,Active,Aadi Sood,Bhubaneswar,Himachal Pradesh,East_Travel.xlsx,365,Very High,OK
POL000129,CUST00614,AG046,Travel,East,2023-12-20,2024-12-19,1846.0,110760,Renewed,Naveen Bhakta,Hyderabad,Madhya Pradesh,East_Travel.xlsx,365,Low,OK
POL000137,CUST00516,AG009,Travel,East,2023-12-19,2024-12-18,18230.0,492210,Cancelled,Garima Pall,Pune,Tamil Nadu,East_Travel.xlsx,365,Medium,OK
POL008125,CUST02115,AG089,Motor,East,2023-12-19,2024-12-18,23393.0,561432,Expired,Unknown,Pune,Bihar,East_Travel.xlsx,365,Medium,Review
POL006372,CUST02020,AG108,Travel,East,2023-12-19,2024-12-18,4676.0,275884,Renewed,Adya Aggarwal,Hyderabad,West Bengal,East_Travel.xlsx,365,Low,OK
POL003191,CUST02413,AG080,Travel,East,2023-12-19,2024-12-18,7252.0,543900,Expired,Anay Panchal,Ahmedabad,Manipur,East_Travel.xlsx,365,Low,OK
POL008894,CUST02611,AG006,Motor,East,2023-12-18,2024-12-17,32087.0,2566960,Active,Samaksh Morar,Mumbai,Uttar Pradesh,East_Travel.xlsx,365,Medium,OK
POL000659,CUST00510,AG005,Commercial Property,East,2023-12-18,2024-12-17,441438.0,19423272,Lapsed,Ishwar Vala,Ahmedabad,Telangana,East_Travel.xlsx,365,Very High,OK
POL009478,CUST02967,AG090,Marine,East,2023-12-17,2024-12-16,152598.0,14496810,Expired,Pahal Dubey,Chandigarh,Odisha,East_Travel.xlsx,365,Very High,OK
POL000629,CUST02097,AG073,Home,East,2023-12-16,2024-12-15,39629.0,1307757,Cancelled,Arin Kuruvilla,Delhi,Sikkim,East_Travel.xlsx,365,Medium,OK
POL002744,CUST02808,AG093,Travel,East,2023-12-16,2024-12-15,5883.0,376512,Lapsed,Yachana Sant,Chennai,Sikkim,East_Travel.xlsx,365,Low,OK
POL007180,CUST02589,AG050,Marine,East,2023-12-16,2024-12-15,103843.0,5192150,Expired,Unknown,Chennai,Bihar,East_Travel.xlsx,365,Very High,Review
POL006604,CUST02273,AG038,Home,East,2023-12-16,2024-12-15,35902.0,1196389,Cancelled,Wazir Ahuja,Ahmedabad,Bihar,East_Travel.xlsx,365,Medium,OK
POL003903,CUST02844,AG080,Marine,East,2023-12-16,2024-12-15,146244.0,3363612,Cancelled,Triya Sheth,Mumbai,Arunachal Pradesh,East_Travel.xlsx,365,Very High,OK
POL006005,CUST01543,AG029,Marine,East,2023-12-15,2024-12-14,35902.0,12445232,Cancelled,Dayamai Bhargava,Hyderabad,Odisha,East_Travel.xlsx,365,Medium,OK
POL007321,CUST01681,AG057,Marine,East,2023-12-15,2024-12-14,37332.0,783972,Lapsed,Eiravati Borde,Delhi,Uttarakhand,East_Travel.xlsx,365,Medium,OK
POL006847,CUST02384,AG065,Commercial Property,East,2023-12-14,2024-12-13,693145.0,51292730,Renewed,Om Randhawa,Ahmedabad,Rajasthan,East_Travel.xlsx,365,Ultra High,OK
POL009266,CUST00963,AG097,Motor,East,2023-12-14,2024-12-13,28515.0,1853475,Expired,Jeevika Modi,Bhubaneswar,Chhattisgarh,East_Travel.xlsx,365,Medium,OK
POL007328,CUST00061,AG042,Motor,East,2023-12-13,2024-12-12,17425.0,400775,Renewed,Lavanya Mistry,Delhi,Tamil Nadu,East_Travel.xlsx,365,Medium,OK
POL000043,CUST00340,AG013,Home,East,2023-12-13,2024-12-12,47189.0,1415670,Active,Mahika Chanda,Kolkata,Nagaland,East_Travel.xlsx,365,Medium,OK
POL002641,CUST02209,AG079,Motor,East,2023-12-13,2024-12-12,22994.0,942754,Cancelled,Girik Ramakrishnan,Bangalore,Goa,East_Travel.xlsx,365,Medium,OK
POL008275,CUST01624,AG093,Travel,East,2023-12-13,2024-12-12,20000.0,860000,Active,Bakhshi Khatri,Kolkata,Goa,East_Travel.xlsx,365,Medium,OK
POL005479,CUST02906,AG011,Motor,East,2023-12-12,2024-12-11,28481.0,797468,Expired,Krishna Bail,Ahmedabad,Chhattisgarh,East_Travel.xlsx,365,Medium,OK
POL008630,CUST02932,AG025,Commercial Property,East,2023-12-12,2024-12-11,35902.0,49598290,Cancelled,Aarush Loyal,Pune,Gujarat,East_Travel.xlsx,365,Medium,OK
POL009559,CUST01895,AG046,Commercial Property,East,2023-12-12,2024-12-11,422652.0,11834256,Cancelled,Gopal Samra,Chennai,Telangana,East_Travel.xlsx,365,Very High,OK
POL008622,CUST00235,AG117,Travel,East,2023-12-11,2024-12-10,17542.0,1596322,Renewed,Indali Raval,Chandigarh,Telangana,East_Travel.xlsx,365,Medium,OK
POL005599,CUST00447,AG023,Commercial Property,East,2023-12-11,2024-12-10,932436.0,36365004,Active,Jagrati Gopal,Kolkata,Himachal Pradesh,East_Travel.xlsx,365,Ultra High,OK
POL001525,CUST02369,AG002,Commercial Property,East,2023-12-11,2024-12-10,643768.0,30900864,Cancelled,Laksh Gala,Bangalore,Jharkhand,East_Travel.xlsx,365,Ultra High,OK
POL008424,CUST02103,AG049,Marine,East,2023-12-10,2024-12-09,179910.0,14212890,Cancelled,Tristan Sidhu,Hyderabad,Rajasthan,East_Travel.xlsx,365,Very High,OK
POL002486,CUST02909,AG031,Home,East,2023-12-09,2024-12-08,60170.0,5836490,Active,Manthan Dewan,Patna,Uttar Pradesh,East_Travel.xlsx,365,High,OK
POL007684,CUST01917,AG090,Travel,East,2023-12-09,2024-12-08,18611.0,725829,Expired,Yashodhara Kashyap,Mumbai,Tripura,East_Travel.xlsx,365,Medium,OK
POL002374,CUST01031,AG062,Travel,East,2023-12-08,2024-12-07,13611.0,952770,Active,Omaja Chakraborty,Bhubaneswar,Bihar,East_Travel.xlsx,365,Medium,OK
POL007195,CUST00251,AG026,Commercial Property,East,2023-12-08,2024-12-07,96820.0,7067860,Renewed,Umang Pathak,Delhi,Uttar Pradesh,East_Travel.xlsx,365,High,OK
POL001221,CUST00468,AG043,Marine,East,2023-12-07,2024-12-06,83765.0,6952495,Lapsed,Chanakya Tank,Mumbai,Maharashtra,East_Travel.xlsx,365,High,OK
POL006853,CUST01189,AG111,Home,East,2023-12-07,2024-12-06,33770.0,1958660,Expired,Utkarsh Walia,Patna,Rajasthan,East_Travel.xlsx,365,Medium,OK
POL007632,CUST00542,AG112,Marine,East,2023-12-06,2024-12-05,184014.0,7728588,Cancelled,Bhavani Sinha,Chandigarh,Uttarakhand,East_Travel.xlsx,365,Very High,OK
POL003538,CUST02673,AG097,Travel,East,2023-12-06,2024-12-05,15179.0,652697,Lapsed,Ayaan Boase,Patna,Telangana,East_Travel.xlsx,365,Medium,OK
POL001913,CUST02387,AG110,Travel,East,2023-12-05,2024-12-04,3677.0,308868,Expired,Qasim Chada,Ahmedabad,Arunachal Pradesh,East_Travel.xlsx,365,Low,OK
POL006350,CUST02721,AG118,Home,East,2023-12-05,2024-12-04,32667.0,2874696,Expired,Ekapad Nanda,Kolkata,Maharashtra,East_Travel.xlsx,365,Medium,OK
POL008559,CUST00361,AG111,Marine,East,2023-12-05,2024-12-04,40000.0,2280000,Lapsed,Guneet Prashad,Patna,Arunachal Pradesh,East_Travel.xlsx,365,Medium,OK
POL001369,CUST01126,AG037,Marine,East,2023-12-04,2024-12-03,153341.0,15027418,Renewed,Chaaya Chanda,Chennai,Kerala,East_Travel.xlsx,365,Very High,OK
POL005556,CUST01033,AG114,Motor,East,2023-12-03,2024-12-02,8543.0,538209,Cancelled,Unknown,Mumbai,Goa,East_Travel.xlsx,365,Low,Review
POL006551,CUST01764,AG057,Home,East,2023-12-02,2024-12-01,35902.0,4563074,Expired,Urvashi Chandra,Pune,Gujarat,East_Travel.xlsx,365,Medium,OK
POL005680,CUST00193,AG046,Marine,East,2023-12-01,2024-11-30,79851.0,2714934,Expired,Deepa Shukla,Kolkata,Madhya Pradesh,East_Travel.xlsx,365,High,OK
POL004117,CUST00740,AG087,Travel,East,2023-11-30,2024-11-29,9509.0,513486,Active,Dalaja Mall,Hyderabad,Rajasthan,East_Travel.xlsx,365,Low,OK
POL009890,CUST00493,AG111,Travel,East,2023-11-30,2024-11-29,6195.0,619500,Expired,Wakeeta Tank,Chennai,Karnataka,East_Travel.xlsx,365,Low,OK
POL000135,CUST00698,AG101,Home,East,2023-11-29,2024-11-28,51340.0,4774620,Renewed,Siddharth Yohannan,Chennai,Nagaland,East_Travel.xlsx,365,High,OK
POL005332,CUST01069,AG062,Marine,East,2023-11-29,2024-11-28,74929.0,3896308,Lapsed,Radha Comar,Bangalore,Sikkim,East_Travel.xlsx,365,High,OK
POL009080,CUST02119,AG054,Marine,East,2023-11-29,2024-11-28,73803.0,3837756,Expired,Amruta Tara,Chandigarh,Uttarakhand,East_Travel.xlsx,365,High,OK
POL009313,CUST02047,AG064,Home,East,2023-11-29,2024-11-28,44721.0,4472100,Lapsed,Faraj Sama,Mumbai,Odisha,East_Travel.xlsx,365,Medium,OK
POL000559,CUST02793,AG058,Travel,East,2023-11-27,2024-11-26,7208.0,598264,Cancelled,Finn Patil,Delhi,Sikkim,East_Travel.xlsx,365,Low,OK
POL003443,CUST01545,AG082,Marine,East,2023-11-26,2024-11-25,195456.0,15441024,Active,Varsha Jani,Kolkata,Meghalaya,East_Travel.xlsx,365,Very High,OK
POL003505,CUST02420,AG013,Commercial Property,East,2023-11-26,2024-11-25,923531.0,71111887,Cancelled,Ekbal Baral,Chennai,Meghalaya,East_Travel.xlsx,365,Ultra High,OK
POL004453,CUST01189,AG088,Travel,East,2023-11-25,2024-11-24,16921.0,795287,Expired,Utkarsh Walia,Patna,Rajasthan,East_Travel.xlsx,365,Medium,OK
POL005295,CUST01456,AG013,Commercial Property,East,2023-11-25,2024-11-24,106837.0,9294819,Expired,Jagrati Pathak,Ahmedabad,Maharashtra,East_Travel.xlsx,365,Very High,OK
POL006651,CUST00451,AG052,Marine,East,2023-11-24,2024-11-23,147140.0,13536880,Active,Tanish Dewan,Chennai,Goa,East_Travel.xlsx,365,Very High,OK
POL001182,CUST00561,AG048,Marine,East,2023-11-24,2024-11-23,168697.0,5735698,Lapsed,Darsh Dutt,Patna,Himachal Pradesh,East_Travel.xlsx,365,Very High,OK
POL001952,CUST00306,AG061,Marine,East,2023-11-24,2024-11-23,134158.0,3622266,Lapsed,Aarini Varty,Mumbai,Himachal Pradesh,East_Travel.xlsx,365,Very High,OK
POL002144,CUST00009,AG007,Travel,East,2023-11-24,2024-11-23,19403.0,1261195,Cancelled,Ikbal Nagar,Kolkata,Punjab,East_Travel.xlsx,365,Medium,OK
POL006277,CUST02349,AG027,Commercial Property,East,2023-11-22,2024-11-21,120773.0,2777779,Cancelled,Udarsh Sehgal,Pune,Nagaland,East_Travel.xlsx,365,Very High,OK
POL004536,CUST01738,AG048,Travel,East,2023-11-22,2024-11-21,18662.0,1791552,Renewed,Alexander Loyal,Chennai,Tripura,East_Travel.xlsx,365,Medium,OK
POL003753,CUST01454,AG027,Motor,East,2023-11-22,2024-11-21,31837.0,859599,Renewed,Unknown,Pune,Bihar,East_Travel.xlsx,365,Medium,Review
POL006988,CUST01479,AG078,Marine,East,2023-11-21,2024-11-20,37313.0,3544735,Lapsed,Dayita Bhatti,Ahmedabad,Arunachal Pradesh,East_Travel.xlsx,365,Medium,OK
POL007839,CUST00226,AG017,Commercial Property,East,2023-11-21,2024-11-20,794553.0,72304323,Expired,Maya Hari,Hyderabad,Andhra Pradesh,East_Travel.xlsx,365,Ultra High,OK
POL003946,CUST01427,AG119,Marine,East,2023-11-18,2024-11-17,174767.0,16777632,Cancelled,Warhi Bajwa,Pune,Uttar Pradesh,East_Travel.xlsx,365,Very High,OK
POL002990,CUST00067,AG049,Motor,East,2023-11-18,2024-11-17,20391.0,1468152,Renewed,Radhika Chander,Jaipur,Madhya Pradesh,East_Travel.xlsx,365,Medium,OK
POL000875,CUST00124,AG085,Home,East,2023-11-18,2024-11-17,63210.0,1390620,Renewed,Nisha Sawhney,Chandigarh,Tripura,East_Travel.xlsx,365,High,OK
POL000882,CUST00369,AG119,Home,East,2023-11-18,2024-11-17,34727.0,1354353,Expired,Frado Narayan,Chennai,Telangana,East_Travel.xlsx,365,Medium,OK
POL004723,CUST01787,AG013,Travel,East,2023-11-18,2024-11-17,16567.0,1573865,Cancelled,Eesha Vyas,Bangalore,West Bengal,East_Travel.xlsx,365,Medium,OK
POL004231,CUST02591,AG075,Home,East,2023-11-17,2024-11-16,19032.0,494832,Expired,Hardik Sachdev,Chandigarh,Telangana,East_Travel.xlsx,365,Medium,OK
POL006627,CUST02806,AG059,Home,East,2023-11-16,2024-11-15,60584.0,5391976,Cancelled,Vamakshi Sura,Chennai,Nagaland,East_Travel.xlsx,365,High,OK
POL009586,CUST00675,AG032,Marine,East,2023-11-15,2024-11-14,122400.0,9547200,Renewed,Sara Ray,Bangalore,Himachal Pradesh,East_Travel.xlsx,365,Very High,OK
POL009330,CUST02076,AG071,Travel,East,2023-11-15,2024-11-14,8693.0,339027,Lapsed,Hredhaan Naidu,Mumbai,Karnataka,East_Travel.xlsx,365,Low,OK
POL009309,CUST02761,AG074,Home,East,2023-11-15,2024-11-14,19152.0,1302336,Active,Daksha Nadig,Pune,Goa,East_Travel.xlsx,365,Medium,OK
POL007600,CUST00850,AG106,Commercial Property,East,2023-11-15,2024-11-14,226402.0,19696974,Cancelled,Omya Lala,Bangalore,Manipur,East_Travel.xlsx,365,Very High,OK
POL004874,CUST01766,AG046,Travel,East,2023-11-15,2024-11-14,15877.0,920866,Renewed,Waida Balasubramanian,Jaipur,Rajasthan,East_Travel.xlsx,365,Medium,OK
POL005035,CUST02658,AG111,Motor,East,2023-11-14,2024-11-13,30830.0,832410,Lapsed,Ganga Dixit,Hyderabad,Nagaland,East_Travel.xlsx,365,Medium,OK
POL001436,CUST02941,AG075,Travel,East,2023-11-14,2024-11-13,12176.0,267872,Cancelled,Unknown,Delhi,Mizoram,East_Travel.xlsx,365,Medium,Review
POL009129,CUST01883,AG101,Marine,East,2023-11-14,2024-11-13,180337.0,16410667,Renewed,Jackson Majumdar,Patna,Karnataka,East_Travel.xlsx,365,Very High,OK
POL006923,CUST01678,AG036,Home,East,2023-11-14,2024-11-13,62494.0,4624556,Active,Aachal Varty,Hyderabad,Manipur,East_Travel.xlsx,365,High,OK
POL002058,CUST01798,AG021,Motor,East,2023-11-14,2024-11-13,38352.0,2071008,Cancelled,Wakeeta Kata,Chennai,West Bengal,East_Travel.xlsx,365,Medium,OK
POL002208,CUST02506,AG033,Commercial Property,East,2023-11-12,2024-11-11,245510.0,11047950,Expired,Zaid Wable,Bhubaneswar,Manipur,East_Travel.xlsx,365,Very High,OK
POL008968,CUST00353,AG032,Marine,East,2023-11-12,2024-11-11,49741.0,1641453,Cancelled,Zilmil Nayak,Bangalore,Jharkhand,East_Travel.xlsx,365,Medium,OK
POL007160,CUST02593,AG003,Motor,East,2023-11-11,2024-11-10,37049.0,1815401,Lapsed,Warhi Raj,Hyderabad,Tripura,East_Travel.xlsx,365,Medium,OK
POL003597,CUST02726,AG106,Marine,East,2023-11-11,2024-11-10,197039.0,18127588,Expired,Bhavani Agarwal,Patna,Himachal Pradesh,East_Travel.xlsx,365,Very High,OK
POL004383,CUST01123,AG098,Home,East,2023-11-11,2024-11-10,62460.0,3560220,Cancelled,Qushi Rao,Pune,Kerala,East_Travel.xlsx,365,High,OK
POL006807,CUST02418,AG037,Travel,East,2023-11-11,2024-11-10,4828.0,391068,Cancelled,Odika Gera,Bhubaneswar,Jharkhand,East_Travel.xlsx,365,Low,OK
POL005084,CUST02366,AG058,Commercial Property,East,2023-11-11,2024-11-10,927709.0,24120434,Expired,Wyatt Mishra,Bangalore,Meghalaya,East_Travel.xlsx,365,Ultra High,OK
POL008048,CUST02476,AG095,Commercial Property,East,2023-11-10,2024-11-09,141928.0,12631592,Lapsed,Vansha Solanki,Bhubaneswar,Bihar,East_Travel.xlsx,365,Very High,OK
POL008386,CUST01277,AG098,Marine,East,2023-11-10,2024-11-09,179692.0,15992588,Lapsed,Ethan Arya,Bhubaneswar,Meghalaya,East_Travel.xlsx,365,Very High,OK
POL004618,CUST02286,AG116,Motor,East,2023-11-09,2024-11-08,23677.0,591925,Expired,Garima Chad,Chandigarh,Uttar Pradesh,East_Travel.xlsx,365,Medium,OK
POL008750,CUST02061,AG036,Marine,East,2023-11-09,2024-11-08,132744.0,6371712,Lapsed,Lajita Nori,Ahmedabad,Sikkim,East_Travel.xlsx,365,Very High,OK
POL006131,CUST01213,AG100,Home,East,2023-11-09,2024-11-08,55713.0,2395659,Expired,Yash Randhawa,Chennai,Uttar Pradesh,East_Travel.xlsx,365,High,OK
POL000523,CUST02339,AG058,Commercial Property,East,2023-11-09,2024-11-08,58363.0,2101068,Active,Yoshita Barad,Jaipur,Karnataka,East_Travel.xlsx,365,High,OK
POL000567,CUST02632,AG011,Motor,East,2023-11-08,2024-11-07,19709.0,827778,Expired,Faraj Kaur,Bangalore,Rajasthan,East_Travel.xlsx,365,Medium,OK
POL009146,CUST01573,AG073,Home,East,2023-11-08,2024-11-07,43247.0,1643386,Lapsed,Joshua Khare,Mumbai,Sikkim,East_Travel.xlsx,365,Medium,OK
POL005715,CUST00731,AG109,Motor,East,2023-11-07,2024-11-06,31290.0,1720950,Renewed,Falak Bahl,Ahmedabad,Manipur,East_Travel.xlsx,365,Medium,OK
POL007440,CUST01663,AG119,Home,East,2023-11-07,2024-11-06,58294.0,1165880,Cancelled,Nisha Rout,Mumbai,Uttar Pradesh,East_Travel.xlsx,365,High,OK
POL002634,CUST01389,AG010,Marine,East,2023-11-07,2024-11-06,104154.0,6249240,Cancelled,Krishna Rattan,Ahmedabad,Telangana,East_Travel.xlsx,365,Very High,OK
POL009878,CUST02164,AG013,Travel,East,2023-11-07,2024-11-06,5156.0,180460,Lapsed,Farhan Golla,Chandigarh,Tamil Nadu,East_Travel.xlsx,365,Low,OK
POL007324,CUST02374,AG020,Travel,East,2023-11-06,2024-11-05,19904.0,756352,Lapsed,Forum Shenoy,Bhubaneswar,Kerala,East_Travel.xlsx,365,Medium,OK
POL006632,CUST02872,AG005,Commercial Property,East,2023-11-05,2024-11-04,720895.0,15138795,Renewed,Yug Agarwal,Bangalore,Sikkim,East_Travel.xlsx,365,Ultra High,OK
POL003205,CUST00472,AG076,Motor,East,2023-11-05,2024-11-04,24646.0,2267432,Renewed,Yochana Sahni,Delhi,Nagaland,East_Travel.xlsx,365,Medium,OK
POL000832,CUST00225,AG061,Travel,East,2023-11-04,2024-11-03,14696.0,1102200,Expired,Unknown,Kolkata,Rajasthan,East_Travel.xlsx,365,Medium,Review
POL002613,CUST00744,AG041,Commercial Property,East,2023-11-04,2024-11-03,116116.0,10682672,Renewed,Zaid Khanna,Bhubaneswar,Tamil Nadu,East_Travel.xlsx,365,Very High,OK
POL000575,CUST01990,AG066,Commercial Property,East,2023-11-03,2024-11-02,818332.0,75286544,Active,Upkaar Narain,Chennai,Maharashtra,East_Travel.xlsx,365,Ultra High,OK
POL009521,CUST01913,AG033,Travel,East,2023-11-03,2024-11-02,3800.0,338200,Active,Manan Sarin,Mumbai,Himachal Pradesh,East_Travel.xlsx,365,Low,OK
POL002923,CUST00474,AG007,Motor,East,2023-11-03,2024-11-02,35902.0,976950,Cancelled,Laksh Walia,Mumbai,Telangana,East_Travel.xlsx,365,Medium,OK
POL003858,CUST01478,AG046,Commercial Property,East,2023-11-03,2024-11-02,35902.0,72301779,Lapsed,Rajeshri Baral,Mumbai,West Bengal,East_Travel.xlsx,365,Medium,OK
POL002651,CUST00982,AG033,Travel,East,2023-11-03,2024-11-02,15192.0,729216,Active,Idika Pandey,Mumbai,Uttarakhand,East_Travel.xlsx,365,Medium,OK
POL009852,CUST01467,AG007,Travel,East,2023-11-02,2024-11-01,14414.0,590974,Lapsed,Hardik Krishna,Ahmedabad,Kerala,East_Travel.xlsx,365,Medium,OK
POL001604,CUST02835,AG064,Commercial Property,East,2023-11-01,2024-10-31,399366.0,23961960,Cancelled,Gautam Chada,Bangalore,Punjab,East_Travel.xlsx,365,Very High,OK
POL002996,CUST01959,AG032,Travel,East,2023-11-01,2024-10-31,19313.0,733894,Cancelled,Unknown,Mumbai,Madhya Pradesh,East_Travel.xlsx,365,Medium,Review
POL001027,CUST02770,AG116,Marine,East,2023-11-01,2024-10-31,35902.0,748680,Cancelled,Bhavika Deo,Hyderabad,Tamil Nadu,East_Travel.xlsx,365,Medium,OK
POL006315,CUST01810,AG107,Home,East,2023-11-01,2024-10-31,58197.0,3957396,Expired,Veda Gandhi,Pune,Meghalaya,East_Travel.xlsx,365,High,OK
POL004357,CUST02540,AG075,Commercial Property,East,2023-10-31,2024-10-30,706906.0,58673198,Renewed,Neel Sen,Pune,Karnataka,East_Travel.xlsx,365,Ultra High,OK
POL007401,CUST01456,AG028,Marine,East,2023-10-31,2024-10-30,26508.0,1537464,Cancelled,Jagrati Pathak,Ahmedabad,Maharashtra,East_Travel.xlsx,365,Medium,OK
POL001425,CUST02804,AG011,Commercial Property,East,2023-10-30,2024-10-29,371688.0,36797112,Active,Daksha Sinha,Pune,Madhya Pradesh,East_Travel.xlsx,365,Very High,OK
POL009228,CUST00821,AG003,Home,East,2023-10-30,2024-10-29,44705.0,3397580,Renewed,Maya Shukla,Pune,Tripura,East_Travel.xlsx,365,Medium,OK
POL003197,CUST00389,AG110,Travel,East,2023-10-30,2024-10-29,14861.0,1174019,Renewed,Anjali Dave,Delhi,Arunachal Pradesh,East_Travel.xlsx,365,Medium,OK
POL004609,CUST00828,AG035,Home,East,2023-10-30,2024-10-29,15497.0,325437,Cancelled,Ekavir Bose,Hyderabad,Arunachal Pradesh,East_Travel.xlsx,365,Medium,OK
POL006523,CUST00696,AG004,Commercial Property,East,2023-10-29,2024-10-28,77671.0,5980667,Cancelled,Chameli Modi,Chandigarh,Odisha,East_Travel.xlsx,365,High,OK
POL004968,CUST02560,AG114,Travel,East,2023-10-28,2024-10-27,2134.0,125906,Cancelled,Ishani Dhawan,Chandigarh,Andhra Pradesh,East_Travel.xlsx,365,Low,OK
POL008109,CUST00090,AG021,Home,East,2023-10-28,2024-10-27,16339.0,1078374,Lapsed,Mahika Memon,Chennai,Telangana,East_Travel.xlsx,365,Medium,OK
POL000885,CUST00325,AG090,Motor,East,2023-10-28,2024-10-27,28256.0,2486528,Renewed,Neelima Dora,Jaipur,Manipur,East_Travel.xlsx,365,Medium,OK
POL008667,CUST00554,AG039,Commercial Property,East,2023-10-28,2024-10-27,885133.0,77006571,Lapsed,Lopa Sem,Patna,Chhattisgarh,East_Travel.xlsx,365,Ultra High,OK
POL006809,CUST02096,AG052,Travel,East,2023-10-26,2024-10-25,5661.0,300033,Cancelled,Lakshmi Chakraborty,Jaipur,Tripura,East_Travel.xlsx,365,Low,OK
POL005154,CUST01207,AG111,Commercial Property,East,2023-10-26,2024-10-25,393684.0,18896832,Cancelled,Upma Sachdeva,Hyderabad,Maharashtra,East_Travel.xlsx,365,Very High,OK
POL004964,CUST00442,AG065,Marine,East,2023-10-26,2024-10-25,195536.0,6648224,Active,David Buch,Delhi,Haryana,East_Travel.xlsx,365,Very High,OK
POL001925,CUST01750,AG061,Marine,East,2023-10-26,2024-10-25,103011.0,7210770,Cancelled,Nitesh Naik,Jaipur,Himachal Pradesh,East_Travel.xlsx,365,Very High,OK
POL001131,CUST01364,AG112,Commercial Property,East,2023-10-26,2024-10-25,693054.0,24949944,Lapsed,Siddharth Char,Kolkata,Jharkhand,East_Travel.xlsx,365,Ultra High,OK
POL004876,CUST02771,AG089,Travel,East,2023-10-25,2024-10-24,9792.0,577728,Expired,Max Dhingra,Chandigarh,Himachal Pradesh,East_Travel.xlsx,365,Low,OK
POL007521,CUST02997,AG041,Motor,East,2023-10-25,2024-10-24,23557.0,612482,Cancelled,Abha Dugar,Bangalore,Madhya Pradesh,East_Travel.xlsx,365,Medium,OK
POL004031,CUST02626,AG112,Commercial Property,East,2023-10-24,2024-10-23,953714.0,71528550,Renewed,Indrajit Gopal,Kolkata,Manipur,East_Travel.xlsx,365,Ultra High,OK
POL003548,CUST01893,AG093,Home,East,2023-10-23,2024-10-22,48370.0,1499470,Active,Chaman Pal,Bangalore,Jharkhand,East_Travel.xlsx,365,Medium,OK
POL007302,CUST00322,AG041,Travel,East,2023-10-22,2024-10-21,10974.0,877920,Active,Siya Dayal,Bangalore,Uttar Pradesh,East_Travel.xlsx,365,Medium,OK
POL002244,CUST02259,AG022,Commercial Property,East,2023-10-22,2024-10-21,894038.0,75993230,Lapsed,Xiti Vasa,Delhi,Bihar,East_Travel.xlsx,365,Ultra High,OK
POL002750,CUST02966,AG091,Marine,East,2023-10-22,2024-10-21,121087.0,11140004,Cancelled,Priya Dua,Jaipur,Odisha,East_Travel.xlsx,365,Very High,OK
POL006623,CUST00070,AG046,Motor,East,2023-10-22,2024-10-21,23023.0,897897,Lapsed,Bhavna Mohan,Jaipur,Jharkhand,East_Travel.xlsx,365,Medium,OK
POL008726,CUST01362,AG097,Motor,East,2023-10-22,2024-10-21,33158.0,1823690,Active,Manbir Vyas,Bhubaneswar,Punjab,East_Travel.xlsx,365,Medium,OK
POL001279,CUST01712,AG018,Marine,East,2023-10-22,2024-10-21,138949.0,11115920,Expired,Harshil Goel,Ahmedabad,West Bengal,East_Travel.xlsx,365,Very High,OK
POL003800,CUST00123,AG093,Marine,East,2023-10-21,2024-10-20,134867.0,10519626,Lapsed,Anirudh Desai,Bangalore,Himachal Pradesh,East_Travel.xlsx,365,Very High,OK
POL007538,CUST02634,AG087,Marine,East,2023-10-21,2024-10-20,75347.0,4068738,Lapsed,Unknown,Ahmedabad,Chhattisgarh,East_Travel.xlsx,365,High,Review
POL003576,CUST01864,AG104,Marine,East,2023-10-20,2024-10-19,117064.0,7023840,Active,Omisha Nagar,Patna,Sikkim,East_Travel.xlsx,365,Very High,OK
POL002353,CUST02574,AG076,Motor,East,2023-10-19,2024-10-18,33861.0,1523745,Renewed,Upadhriti Muni,Jaipur,Uttar Pradesh,East_Travel.xlsx,365,Medium,OK
POL001848,CUST02657,AG031,Commercial Property,East,2023-10-18,2024-10-17,990101.0,99010100,Renewed,Ekaraj Peri,Kolkata,Manipur,East_Travel.xlsx,365,Ultra High,OK
POL000222,CUST02414,AG029,Home,East,2023-10-18,2024-10-17,18989.0,911472,Cancelled,Vritti Luthra,Jaipur,Tripura,East_Travel.xlsx,365,Medium,OK
POL003056,CUST01813,AG022,Commercial Property,East,2023-10-18,2024-10-17,507388.0,42620592,Renewed,Aayush Bhattacharyya,Ahmedabad,Meghalaya,East_Travel.xlsx,365,Ultra High,OK
POL003246,CUST00745,AG012,Marine,East,2023-10-17,2024-10-16,92943.0,4647150,Lapsed,Anjali Minhas,Kolkata,Maharashtra,East_Travel.xlsx,365,High,OK
POL007332,CUST02208,AG009,Commercial Property,East,2023-10-16,2024-10-15,123387.0,5675802,Cancelled,Faraj Suri,Delhi,Sikkim,East_Travel.xlsx,365,Very High,OK
POL005178,CUST02353,AG116,Home,East,2023-10-16,2024-10-15,46072.0,4561128,Renewed,Libni Basu,Chandigarh,Maharashtra,East_Travel.xlsx,365,Medium,OK
POL003301,CUST01891,AG061,Travel,East,2023-10-15,2024-10-14,6292.0,408980,Active,Nicholas Sethi,Pune,Assam,East_Travel.xlsx,365,Low,OK
POL005823,CUST01370,AG114,Commercial Property,East,2023-10-15,2024-10-14,53922.0,1078440,Renewed,Bahadurjit Pal,Mumbai,Uttar Pradesh,East_Travel.xlsx,365,High,OK
POL002699,CUST01657,AG004,Commercial Property,East,2023-10-15,2024-10-14,704857.0,61322559,Cancelled,Jatin Nadkarni,Bhubaneswar,Rajasthan,East_Travel.xlsx,365,Ultra High,OK
POL009183,CUST00638,AG112,Marine,East,2023-10-14,2024-10-13,122200.0,7087600,Active,Anita Chad,Bangalore,Chhattisgarh,East_Travel.xlsx,365,Very High,OK
POL009509,CUST00305,AG039,Commercial Property,East,2023-10-14,2024-10-13,289000.0,16473000,Lapsed,Yochana Wali,Delhi,Bihar,East_Travel.xlsx,365,Very High,OK
POL004920,CUST01749,AG058,Commercial Property,East,2023-10-14,2024-10-13,35902.0,46450152,Cancelled,Hritik Chandra,Chandigarh,Karnataka,East_Travel.xlsx,365,Medium,OK
POL008918,CUST01787,AG120,Commercial Property,East,2023-10-12,2024-10-11,578571.0,57278529,Expired,Eesha Vyas,Bangalore,West Bengal,East_Travel.xlsx,365,Ultra High,OK
POL003994,CUST01460,AG088,Commercial Property,East,2023-10-12,2024-10-11,433470.0,38578830,Expired,Balhaar Borah,Mumbai,Jharkhand,East_Travel.xlsx,365,Very High,OK
POL006324,CUST02384,AG004,Motor,East,2023-10-12,2024-10-11,9647.0,665643,Renewed,Om Randhawa,Ahmedabad,Rajasthan,East_Travel.xlsx,365,Low,OK
POL003550,CUST02473,AG020,Motor,East,2023-10-12,2024-10-11,5165.0,392540,Active,Shaurya Jaggi,Bangalore,Assam,East_Travel.xlsx,365,Low,OK
POL007357,CUST01073,AG041,Commercial Property,East,2023-10-12,2024-10-11,986792.0,33550928,Active,Zaid Gera,Kolkata,Gujarat,East_Travel.xlsx,365,Ultra High,OK
POL005951,CUST00192,AG051,Marine,East,2023-10-12,2024-10-11,191105.0,7453095,Active,Pahal Ramanathan,Mumbai,Haryana,East_Travel.xlsx,365,Very High,OK
POL001677,CUST00098,AG080,Marine,East,2023-10-11,2024-10-10,189986.0,7979412,Renewed,Isaac Acharya,Bangalore,Rajasthan,East_Travel.xlsx,365,Very High,OK
POL006636,CUST01936,AG027,Motor,East,2023-10-11,2024-10-10,37311.0,3469923,Lapsed,Balvan Sunder,Bangalore,Manipur,East_Travel.xlsx,365,Medium,OK
POL002993,CUST00317,AG060,Home,East,2023-10-09,2024-10-08,23097.0,485037,Expired,Anay Kala,Chandigarh,Odisha,East_Travel.xlsx,365,Medium,OK
POL006396,CUST00276,AG088,Travel,East,2023-10-08,2024-10-07,16019.0,480570,Renewed,Anamika Srinivasan,Kolkata,Haryana,East_Travel.xlsx,365,Medium,OK
POL008361,CUST01719,AG048,Home,East,2023-10-08,2024-10-07,58670.0,3344190,Lapsed,Mitesh Palla,Bangalore,Bihar,East_Travel.xlsx,365,High,OK
POL009405,CUST00431,AG016,Travel,East,2023-10-06,2024-10-05,14184.0,382968,Cancelled,Tejas Mital,Ahmedabad,Rajasthan,East_Travel.xlsx,365,Medium,OK
POL000600,CUST02622,AG066,Marine,East,2023-10-06,2024-10-05,178578.0,12500460,Active,Harshil Padmanabhan,Chennai,Nagaland,East_Travel.xlsx,365,Very High,OK
POL003413,CUST01905,AG049,Commercial Property,East,2023-10-06,2024-10-05,35902.0,30113024,Active,Jyoti Raj,Ahmedabad,Manipur,East_Travel.xlsx,365,Medium,OK
POL003766,CUST02070,AG003,Home,East,2023-10-06,2024-10-05,33760.0,2768320,Cancelled,Elijah Sarma,Pune,Himachal Pradesh,East_Travel.xlsx,365,Medium,OK
POL003319,CUST01253,AG032,Marine,East,2023-10-04,2024-10-03,198389.0,18450177,Lapsed,Aarna Dube,Jaipur,Manipur,East_Travel.xlsx,365,Very High,OK
POL007295,CUST00705,AG070,Motor,East,2023-10-04,2024-10-03,24997.0,1049874,Lapsed,Rehaan Dugal,Chennai,Himachal Pradesh,East_Travel.xlsx,365,Medium,OK
POL007334,CUST02046,AG004,Motor,East,2023-10-03,2024-10-02,18947.0,1496813,Renewed,Anusha Om,Bangalore,Rajasthan,East_Travel.xlsx,365,Medium,OK
POL008789,CUST02662,AG013,Travel,East,2023-10-03,2024-10-02,10228.0,654592,Active,Yamini Ratta,Hyderabad,Bihar,East_Travel.xlsx,365,Medium,OK
POL004418,CUST00308,AG120,Marine,East,2023-10-03,2024-10-02,65728.0,3877952,Active,Chatresh Uppal,Kolkata,Odisha,East_Travel.xlsx,365,High,OK
POL001651,CUST02710,AG061,Marine,East,2023-10-02,2024-10-01,35902.0,5756928,Cancelled,Abha Kala,Chennai,Chhattisgarh,East_Travel.xlsx,365,Medium,OK
POL001188,CUST01849,AG087,Travel,East,2023-10-02,2024-10-01,14856.0,1381608,Renewed,Ayaan Vig,Chandigarh,Karnataka,East_Travel.xlsx,365,Medium,OK
POL000915,CUST01851,AG034,Motor,East,2023-10-01,2024-09-30,27696.0,1495584,Lapsed,Champak Mittal,Delhi,Goa,East_Travel.xlsx,365,Medium,OK
POL002871,CUST01296,AG014,Motor,East,2023-10-01,2024-09-30,32336.0,1875488,Active,Guneet Hari,Chandigarh,Madhya Pradesh,East_Travel.xlsx,365,Medium,OK
POL006434,CUST02351,AG031,Home,East,2023-10-01,2024-09-30,32646.0,1240548,Expired,Widisha Mohanty,Bhubaneswar,Himachal Pradesh,East_Travel.xlsx,365,Medium,OK
POL002356,CUST00633,AG110,Home,East,2023-10-01,2024-09-30,66394.0,3386094,Active,Jeet Choudhry,Mumbai,Uttar Pradesh,East_Travel.xlsx,365,High,OK
POL008813,CUST02570,AG032,Commercial Property,East,2023-09-30,2024-09-29,335630.0,19466540,Cancelled,Oeshi Khanna,Bangalore,Punjab,East_Travel.xlsx,365,Very High,OK
POL009737,CUST01184,AG109,Travel,East,2023-09-30,2024-09-29,7037.0,309628,Cancelled,Unknown,Bhubaneswar,Tamil Nadu,East_Travel.xlsx,365,Low,Review
POL003649,CUST00319,AG075,Motor,East,2023-09-30,2024-09-29,29298.0,2724714,Cancelled,Unknown,Chandigarh,Kerala,East_Travel.xlsx,365,Medium,Review
POL003784,CUST00754,AG017,Motor,East,2023-09-30,2024-09-29,37709.0,942725,Active,Gabriel Bobal,Hyderabad,Andhra Pradesh,East_Travel.xlsx,365,Medium,OK
POL009512,CUST01983,AG109,Commercial Property,East,2023-09-29,2024-09-28,382053.0,32092452,Cancelled,Faras Bera,Ahmedabad,Sikkim,East_Travel.xlsx,365,Very High,OK
POL009684,CUST01422,AG118,Commercial Property,East,2023-09-27,2024-09-26,895193.0,58187545,Renewed,Ishanvi Som,Pune,Karnataka,East_Travel.xlsx,365,Ultra High,OK
POL002102,CUST00838,AG076,Commercial Property,East,2023-09-27,2024-09-26,977964.0,85082868,Expired,Gunbir Deshmukh,Patna,Arunachal Pradesh,East_Travel.xlsx,365,Ultra High,OK
POL004105,CUST00842,AG013,Marine,East,2023-09-27,2024-09-26,94877.0,2846310,Active,Girish Dasgupta,Bangalore,Kerala,East_Travel.xlsx,365,High,OK
POL004616,CUST01088,AG118,Home,East,2023-09-27,2024-09-26,23414.0,2154088,Cancelled,Neelima Shroff,Chennai,Chhattisgarh,East_Travel.xlsx,365,Medium,OK
POL005173,CUST02594,AG055,Marine,East,2023-09-27,2024-09-26,164944.0,12700688,Lapsed,Mekhala Banerjee,Chandigarh,Gujarat,East_Travel.xlsx,365,Very High,OK
POL005576,CUST00518,AG060,Travel,East,2023-09-26,2024-09-25,17485.0,524550,Cancelled,Ubika Virk,Jaipur,Himachal Pradesh,East_Travel.xlsx,365,Medium,OK
POL008166,CUST01144,AG069,Marine,East,2023-09-26,2024-09-25,166400.0,6988800,Expired,Vincent Grover,Chandigarh,Punjab,East_Travel.xlsx,365,Very High,OK
POL007007,CUST00137,AG091,Marine,East,2023-09-26,2024-09-25,183918.0,14897358,Lapsed,Warjas Sampath,Bhubaneswar,Uttar Pradesh,East_Travel.xlsx,365,Very High,OK
POL004286,CUST02310,AG065,Home,East,2023-09-26,2024-09-25,52295.0,4549665,Expired,Odika Kari,Hyderabad,Uttarakhand,East_Travel.xlsx,365,High,OK
POL006136,CUST00288,AG029,Commercial Property,East,2023-09-26,2024-09-25,179681.0,4671706,Lapsed,Chakradhar Srinivas,Chennai,Assam,East_Travel.xlsx,365,Very High,OK
POL000227,CUST01260,AG012,Home,East,2023-09-26,2024-09-25,13636.0,831796,Cancelled,Laban Varty,Kolkata,Odisha,East_Travel.xlsx,365,Medium,OK
POL007425,CUST01254,AG050,Travel,East,2023-09-25,2024-09-24,19730.0,1973000,Lapsed,Vinaya Sathe,Jaipur,Meghalaya,East_Travel.xlsx,365,Medium,OK
POL007768,CUST02837,AG042,Home,East,2023-09-25,2024-09-24,16593.0,1227882,Lapsed,Vamakshi Prabhu,Chandigarh,Bihar,East_Travel.xlsx,365,Medium,OK
POL003342,CUST01222,AG071,Motor,East,2023-09-25,2024-09-24,19653.0,1297098,Renewed,Tanay Bora,Bhubaneswar,Maharashtra,East_Travel.xlsx,365,Medium,OK
POL007645,CUST00792,AG115,Commercial Property,East,2023-09-24,2024-09-23,179404.0,11840664,Cancelled,Damyanti Deshmukh,Chandigarh,Odisha,East_Travel.xlsx,365,Very High,OK
POL002079,CUST02425,AG113,Commercial Property,East,2023-09-24,2024-09-23,325115.0,25684085,Renewed,Gunbir Jaggi,Ahmedabad,Karnataka,East_Travel.xlsx,365,Very High,OK
POL001318,CUST00397,AG088,Motor,East,2023-09-22,2024-09-21,12238.0,709804,Expired,Brinda Venkataraman,Ahmedabad,Tamil Nadu,East_Travel.xlsx,365,Medium,OK
POL003884,CUST00254,AG079,Commercial Property,East,2023-09-22,2024-09-21,742142.0,48239230,Renewed,Ethan Gill,Chennai,West Bengal,East_Travel.xlsx,365,Ultra High,OK
POL001536,CUST00210,AG062,Marine,East,2023-09-22,2024-09-21,50767.0,4721331,Renewed,Ekaraj Dey,Bhubaneswar,Odisha,East_Travel.xlsx,365,High,OK
POL002765,CUST01615,AG003,Home,East,2023-09-21,2024-09-20,56606.0,1698180,Lapsed,Vasatika Dutt,Patna,Uttarakhand,East_Travel.xlsx,365,High,OK
POL009809,CUST02413,AG115,Marine,East,2023-09-21,2024-09-20,20273.0,1175834,Cancelled,Anay Panchal,Ahmedabad,Manipur,East_Travel.xlsx,365,Medium,OK
POL004367,CUST02762,AG049,Commercial Property,East,2023-09-21,2024-09-20,140669.0,13363555,Expired,Ekbal Rau,Chennai,Haryana,East_Travel.xlsx,365,Very High,OK
POL006454,CUST01494,AG088,Marine,East,2023-09-20,2024-09-19,177643.0,7105720,Active,Anvi Madan,Chennai,Assam,East_Travel.xlsx,365,Very High,OK
POL000648,CUST00242,AG089,Marine,East,2023-09-17,2024-09-16,131828.0,11469036,Cancelled,Deepa Chander,Hyderabad,Tamil Nadu,East_Travel.xlsx,365,Very High,OK
POL009660,CUST01938,AG092,Travel,East,2023-09-17,2024-09-16,13267.0,915423,Cancelled,Anita Khalsa,Bangalore,Maharashtra,East_Travel.xlsx,365,Medium,OK
POL009445,CUST01179,AG080,Travel,East,2023-09-16,2024-09-15,7902.0,529434,Cancelled,Zayyan Dhar,Pune,Goa,East_Travel.xlsx,365,Low,OK
POL006368,CUST02721,AG055,Commercial Property,East,2023-09-16,2024-09-15,902690.0,59577540,Active,Ekapad Nanda,Kolkata,Maharashtra,East_Travel.xlsx,365,Ultra High,OK
POL001561,CUST02041,AG080,Marine,East,2023-09-16,2024-09-15,124424.0,4603688,Active,Guneet Prabhu,Mumbai,Madhya Pradesh,East_Travel.xlsx,365,Very High,OK
POL005890,CUST02434,AG040,Commercial Property,East,2023-09-16,2024-09-15,332732.0,18632992,Cancelled,Suhani Kashyap,Hyderabad,Nagaland,East_Travel.xlsx,365,Very High,OK
POL000820,CUST02063,AG101,Travel,East,2023-09-16,2024-09-15,11929.0,775385,Lapsed,Chakrika Gour,Kolkata,Nagaland,East_Travel.xlsx,365,Medium,OK
POL003153,CUST01288,AG100,Commercial Property,East,2023-09-14,2024-09-13,153696.0,8145888,Active,Vinaya Buch,Patna,Arunachal Pradesh,East_Travel.xlsx,365,Very High,OK
POL006875,CUST01009,AG079,Marine,East,2023-09-14,2024-09-13,173448.0,8152056,Cancelled,Isaiah Chhabra,Jaipur,Tripura,East_Travel.xlsx,365,Very High,OK
POL005874,CUST00459,AG061,Travel,East,2023-09-13,2024-09-12,1664.0,106496,Expired,Saumya Narayanan,Bhubaneswar,Nagaland,East_Travel.xlsx,365,Low,OK
POL000646,CUST00498,AG016,Motor,East,2023-09-12,2024-09-11,17789.0,1654377,Expired,Rohan Kapoor,Jaipur,Arunachal Pradesh,East_Travel.xlsx,365,Medium,OK
POL005063,CUST02231,AG104,Travel,East,2023-09-12,2024-09-11,10788.0,938556,Expired,Abha Bhardwaj,Jaipur,Mizoram,East_Travel.xlsx,365,Medium,OK
POL006345,CUST02121,AG042,Travel,East,2023-09-12,2024-09-11,2067.0,198432,Renewed,Hemal Luthra,Chandigarh,Nagaland,East_Travel.xlsx,365,Low,OK
POL008588,CUST02031,AG034,Travel,East,2023-09-11,2024-09-10,17381.0,938574,Cancelled,Urvi Yadav,Bhubaneswar,Maharashtra,East_Travel.xlsx,365,Medium,OK
POL003422,CUST00057,AG028,Commercial Property,East,2023-09-11,2024-09-10,118502.0,3436558,Lapsed,Yash Bhargava,Kolkata,Assam,East_Travel.xlsx,365,Very High,OK
POL005934,CUST01753,AG073,Commercial Property,East,2023-09-11,2024-09-10,872928.0,34917120,Renewed,Eiravati Tripathi,Patna,Himachal Pradesh,East_Travel.xlsx,365,Ultra High,OK
POL000038,CUST00897,AG113,Commercial Property,East,2023-09-10,2024-09-09,284488.0,14508888,Renewed,Varenya Lala,Jaipur,Odisha,East_Travel.xlsx,365,Very High,OK
POL003759,CUST01825,AG008,Motor,East,2023-09-09,2024-09-08,22624.0,633472,Active,Devika Dugal,Chandigarh,Goa,East_Travel.xlsx,365,Medium,OK
POL004406,CUST01390,AG056,Marine,East,2023-09-08,2024-09-07,99701.0,6181462,Active,Nirja Naik,Hyderabad,Rajasthan,East_Travel.xlsx,365,High,OK
POL003340,CUST01251,AG058,Motor,East,2023-09-08,2024-09-07,26208.0,1153152,Active,William Bahri,Bangalore,Jharkhand,East_Travel.xlsx,365,Medium,OK
POL008184,CUST01217,AG022,Marine,East,2023-09-08,2024-09-07,38174.0,2214092,Lapsed,Karan Pandit,Ahmedabad,Haryana,East_Travel.xlsx,365,Medium,OK
POL009042,CUST00395,AG007,Motor,East,2023-09-07,2024-09-06,13523.0,1271162,Cancelled,Jasmit Chaudhuri,Mumbai,Odisha,East_Travel.xlsx,365,Medium,OK
POL000611,CUST01233,AG005,Marine,East,2023-09-07,2024-09-06,125085.0,8505780,Expired,Mohini Pandey,Bangalore,Tamil Nadu,East_Travel.xlsx,365,Very High,OK
POL009312,CUST01938,AG112,Commercial Property,East,2023-09-07,2024-09-06,707884.0,24775940,Active,Unknown,Bangalore,Maharashtra,East_Travel.xlsx,365,Ultra High,Review
POL008046,CUST01981,AG009,Marine,East,2023-09-07,2024-09-06,81863.0,6958355,Expired,Pranit Sura,Bhubaneswar,Madhya Pradesh,East_Travel.xlsx,365,High,OK
POL001158,CUST01842,AG075,Motor,East,2023-09-07,2024-09-06,28193.0,2791107,Expired,Urvashi Bhagat,Kolkata,Mizoram,East_Travel.xlsx,365,Medium,OK
POL001481,CUST00391,AG051,Home,East,2023-09-06,2024-09-05,50477.0,4441976,Cancelled,Warda Gokhale,Pune,Meghalaya,East_Travel.xlsx,365,High,OK
POL008986,CUST01958,AG049,Motor,East,2023-09-06,2024-09-05,21095.0,1118035,Cancelled,Eshana Shetty,Hyderabad,Odisha,East_Travel.xlsx,365,Medium,OK
POL007460,CUST01915,AG066,Motor,East,2023-09-06,2024-09-05,17188.0,756272,Cancelled,Omya Sarkar,Jaipur,Arunachal Pradesh,East_Travel.xlsx,365,Medium,OK
POL006184,CUST01159,AG008,Motor,East,2023-09-04,2024-09-03,18752.0,750080,Renewed,Manbir Mitra,Chandigarh,Nagaland,East_Travel.xlsx,365,Medium,OK
POL003683,CUST02470,AG083,Marine,East,2023-09-04,2024-09-03,178906.0,9303112,Cancelled,Unknown,Chennai,Arunachal Pradesh,East_Travel.xlsx,365,Very High,Review
POL009679,CUST01875,AG021,Commercial Property,East,2023-09-03,2024-09-02,898033.0,61066244,Lapsed,Aashi Chadha,Kolkata,Kerala,East_Travel.xlsx,365,Ultra High,OK
POL007203,CUST01671,AG070,Motor,East,2023-09-02,2024-09-01,31602.0,1643304,Cancelled,Lila Pal,Bangalore,Jharkhand,East_Travel.xlsx,365,Medium,OK
POL001507,CUST00306,AG034,Motor,East,2023-09-02,2024-09-01,30034.0,2582924,Expired,Aarini Varty,Mumbai,Himachal Pradesh,East_Travel.xlsx,365,Medium,OK
POL003039,CUST02153,AG033,Travel,East,2023-09-02,2024-09-01,16303.0,603211,Cancelled,Rajeshri Rana,Bangalore,Gujarat,East_Travel.xlsx,365,Medium,OK
POL009420,CUST00176,AG117,Travel,East,2023-09-01,2024-08-31,18208.0,1001440,Expired,Darpan Choudhury,Chandigarh,Tripura,East_Travel.xlsx,365,Medium,OK
POL008019,CUST01304,AG032,Travel,East,2023-09-01,2024-08-31,16854.0,926970,Cancelled,Diya Hayre,Bhubaneswar,Andhra Pradesh,East_Travel.xlsx,365,Medium,OK
POL002426,CUST02951,AG026,Motor,East,2023-09-01,2024-08-31,27184.0,2120352,Expired,Upma Johal,Delhi,Uttarakhand,East_Travel.xlsx,365,Medium,OK
POL009464,CUST00046,AG019,Commercial Property,East,2023-08-31,2024-08-30,273057.0,7099482,Expired,Yasti Ravel,Mumbai,Himachal Pradesh,East_Travel.xlsx,365,Very High,OK
POL005967,CUST00075,AG100,Travel,East,2023-08-31,2024-08-30,2078.0,45716,Expired,Ekaja Sunder,Bhubaneswar,Uttarakhand,East_Travel.xlsx,365,Low,OK
POL007108,CUST00064,AG076,Commercial Property,East,2023-08-30,2024-08-29,950821.0,79868964,Expired,Qushi Basu,Delhi,Tamil Nadu,East_Travel.xlsx,365,Ultra High,OK
POL005714,CUST01854,AG098,Motor,East,2023-08-30,2024-08-29,11797.0,696023,Active,Sanya Kunda,Bangalore,Chhattisgarh,East_Travel.xlsx,365,Medium,OK
POL003534,CUST01583,AG032,Home,East,2023-08-29,2024-08-28,39405.0,1024530,Lapsed,Ria Sant,Ahmedabad,Jharkhand,East_Travel.xlsx,365,Medium,OK
POL002536,CUST01235,AG032,Commercial Property,East,2023-08-29,2024-08-28,731684.0,53412932,Renewed,Janaki Karan,Mumbai,Nagaland,East_Travel.xlsx,365,Ultra High,OK
POL000316,CUST01280,AG020,Home,East,2023-08-29,2024-08-28,9679.0,271012,Renewed,Parth Sampath,Ahmedabad,Uttarakhand,East_Travel.xlsx,365,Low,OK
POL003397,CUST01545,AG108,Commercial Property,East,2023-08-28,2024-08-27,194962.0,18521390,Renewed,Varsha Jani,Kolkata,Meghalaya,East_Travel.xlsx,365,Very High,OK
POL000005,CUST01812,AG078,Marine,East,2023-08-28,2024-08-27,153053.0,7040438,Cancelled,Jyoti Dube,Kolkata,Nagaland,East_Travel.xlsx,365,Very High,OK
POL008472,CUST01112,AG070,Commercial Property,East,2023-08-28,2024-08-27,342091.0,15736186,Lapsed,Mohini Vora,Bhubaneswar,Chhattisgarh,East_Travel.xlsx,365,Very High,OK
POL009404,CUST00954,AG079,Travel,East,2023-08-27,2024-08-26,4728.0,99288,Active,Samarth Majumdar,Delhi,Madhya Pradesh,East_Travel.xlsx,365,Low,OK
POL004521,CUST00350,AG115,Commercial Property,East,2023-08-27,2024-08-26,301655.0,29260535,Expired,Elijah Bassi,Pune,Uttarakhand,East_Travel.xlsx,365,Very High,OK
POL007808,CUST01465,AG067,Commercial Property,East,2023-08-26,2024-08-25,35902.0,27556612,Lapsed,Shivani Shukla,Delhi,Mizoram,East_Travel.xlsx,365,Medium,OK
POL006236,CUST00050,AG042,Commercial Property,East,2023-08-26,2024-08-25,612301.0,60005498,Cancelled,Zashil Grover,Ahmedabad,Punjab,East_Travel.xlsx,365,Ultra High,OK
POL008809,CUST00582,AG064,Travel,East,2023-08-26,2024-08-25,5028.0,311736,Cancelled,Neha Mahal,Hyderabad,Rajasthan,East_Travel.xlsx,365,Low,OK
POL007187,CUST00962,AG099,Marine,East,2023-08-26,2024-08-25,39908.0,1117424,Lapsed,Wridesh Acharya,Hyderabad,Odisha,East_Travel.xlsx,365,Medium,OK
POL002868,CUST02147,AG094,Marine,East,2023-08-25,2024-08-24,45501.0,2184048,Expired,Max Bath,Chandigarh,West Bengal,East_Travel.xlsx,365,Medium,OK
POL007972,CUST02658,AG078,Commercial Property,East,2023-08-25,2024-08-24,545477.0,21819080,Expired,Ganga Dixit,Hyderabad,Nagaland,East_Travel.xlsx,365,Ultra High,OK
POL008268,CUST01939,AG043,Travel,East,2023-08-25,2024-08-24,19525.0,1308175,Cancelled,Maanav Ray,Patna,Maharashtra,East_Travel.xlsx,365,Medium,OK
POL004177,CUST01983,AG091,Marine,East,2023-08-24,2024-08-23,116479.0,8037051,Cancelled,Faras Bera,Ahmedabad,Sikkim,East_Travel.xlsx,365,Very High,OK
POL007708,CUST00315,AG009,Travel,East,2023-08-23,2024-08-22,19322.0,1796946,Renewed,Isaac Andra,Bhubaneswar,Andhra Pradesh,East_Travel.xlsx,365,Medium,OK
POL009906,CUST02013,AG014,Travel,East,2023-08-23,2024-08-22,13694.0,397126,Active,Jonathan Pingle,Hyderabad,Telangana,East_Travel.xlsx,365,Medium,OK
POL002064,CUST00616,AG063,Marine,East,2023-08-23,2024-08-22,64096.0,4486720,Renewed,Januja Saini,Hyderabad,Punjab,East_Travel.xlsx,365,High,OK
POL005161,CUST01780,AG111,Motor,East,2023-08-22,2024-08-21,38154.0,3624630,Active,Dominic Kothari,Bhubaneswar,Rajasthan,East_Travel.xlsx,365,Medium,OK
POL005391,CUST02363,AG080,Travel,East,2023-08-22,2024-08-21,16582.0,480878,Renewed,Baljiwan Andra,Jaipur,Himachal Pradesh,East_Travel.xlsx,365,Medium,OK
POL000002,CUST02375,AG111,Home,East,2023-08-22,2024-08-21,8207.0,787872,Renewed,Vivaan Rege,Ahmedabad,Telangana,East_Travel.xlsx,365,Low,OK
POL002305,CUST01645,AG068,Marine,East,2023-08-22,2024-08-21,35902.0,3709008,Lapsed,Oni Kuruvilla,Bangalore,Arunachal Pradesh,East_Travel.xlsx,365,Medium,OK
POL005297,CUST00985,AG081,Motor,East,2023-08-21,2024-08-20,16626.0,748170,Renewed,Dakshesh Talwar,Jaipur,Punjab,East_Travel.xlsx,365,Medium,OK
POL007373,CUST00360,AG060,Travel,East,2023-08-21,2024-08-20,15294.0,504702,Expired,Aarav Mukherjee,Pune,Chhattisgarh,East_Travel.xlsx,365,Medium,OK
POL007067,CUST02254,AG107,Travel,East,2023-08-21,2024-08-20,19211.0,1805834,Lapsed,Ekani Hayre,Mumbai,Tamil Nadu,East_Travel.xlsx,365,Medium,OK
POL003330,CUST00738,AG095,Commercial Property,East,2023-08-21,2024-08-20,445452.0,32072544,Expired,Varenya Varty,Delhi,Rajasthan,East_Travel.xlsx,365,Very High,OK
POL008940,CUST01211,AG089,Marine,East,2023-08-21,2024-08-20,64512.0,3032064,Active,Hemal Mohan,Delhi,West Bengal,East_Travel.xlsx,365,High,OK
POL000593,CUST01336,AG029,Home,East,2023-08-20,2024-08-19,46874.0,4546778,Cancelled,Tanay Sabharwal,Pune,Punjab,East_Travel.xlsx,365,Medium,OK
POL000589,CUST02486,AG057,Motor,East,2023-08-20,2024-08-19,21211.0,1527192,Active,Pushti Dixit,Chennai,Goa,East_Travel.xlsx,365,Medium,OK
POL001266,CUST02499,AG072,Commercial Property,East,2023-08-20,2024-08-19,858927.0,40369569,Cancelled,Forum Swamy,Delhi,Karnataka,East_Travel.xlsx,365,Ultra High,OK
POL001495,CUST01115,AG025,Home,East,2023-08-20,2024-08-19,35902.0,1491542,Lapsed,Pahal Shanker,Delhi,Andhra Pradesh,East_Travel.xlsx,365,Medium,OK
POL004582,CUST01279,AG028,Marine,East,2023-08-19,2024-08-18,43665.0,2357910,Cancelled,Mitesh Yogi,Chandigarh,Tamil Nadu,East_Travel.xlsx,365,Medium,OK
POL002507,CUST02544,AG070,Motor,East,2023-08-18,2024-08-17,8453.0,617069,Lapsed,Ekapad Munshi,Delhi,Karnataka,East_Travel.xlsx,365,Low,OK
POL003101,CUST01897,AG105,Commercial Property,East,2023-08-18,2024-08-17,35902.0,40924084,Lapsed,Yagnesh Hans,Kolkata,Mizoram,East_Travel.xlsx,365,Medium,OK
POL001657,CUST00926,AG051,Marine,East,2023-08-16,2024-08-15,44804.0,1075296,Renewed,Ekantika Dhar,Jaipur,Uttarakhand,East_Travel.xlsx,365,Medium,OK
POL006717,CUST02596,AG001,Motor,East,2023-08-15,2024-08-14,35963.0,2049891,Expired,Waida Tata,Delhi,Tripura,East_Travel.xlsx,365,Medium,OK
POL006056,CUST02692,AG034,Home,East,2023-08-14,2024-08-13,8419.0,724034,Active,Meera Rai,Jaipur,Bihar,East_Travel.xlsx,365,Low,OK
POL008455,CUST02984,AG003,Marine,East,2023-08-14,2024-08-13,190313.0,18270048,Lapsed,Aahana Krish,Patna,Rajasthan,East_Travel.xlsx,365,Very High,OK
POL000106,CUST02020,AG030,Motor,East,2023-08-14,2024-08-13,28388.0,2129100,Lapsed,Adya Aggarwal,Hyderabad,West Bengal,East_Travel.xlsx,365,Medium,OK
POL000901,CUST01380,AG107,Motor,East,2023-08-13,2024-08-12,14917.0,730933,Active,Elijah Nigam,Ahmedabad,Tripura,East_Travel.xlsx,365,Medium,OK
POL003451,CUST02348,AG029,Travel,East,2023-08-12,2024-08-11,17014.0,1088896,Expired,Jairaj Ramesh,Chennai,Sikkim,East_Travel.xlsx,365,Medium,OK
POL004330,CUST00818,AG119,Motor,East,2023-08-12,2024-08-11,20100.0,864300,Cancelled,Advay Doshi,Jaipur,Madhya Pradesh,East_Travel.xlsx,365,Medium,OK
POL002434,CUST02315,AG082,Commercial Property,East,2023-08-12,2024-08-11,763039.0,45019301,Expired,Advika Kala,Patna,Maharashtra,East_Travel.xlsx,365,Ultra High,OK
POL001763,CUST02393,AG109,Motor,East,2023-08-12,2024-08-11,12065.0,554990,Cancelled,Unknown,Kolkata,Maharashtra,East_Travel.xlsx,365,Medium,Review
POL006343,CUST00407,AG070,Motor,East,2023-08-11,2024-08-10,10421.0,979574,Expired,Upma Hayer,Patna,Tripura,East_Travel.xlsx,365,Medium,OK
POL000842,CUST01593,AG074,Home,East,2023-08-11,2024-08-10,36075.0,1875900,Renewed,Nihal Baria,Bhubaneswar,West Bengal,East_Travel.xlsx,365,Medium,OK
POL008557,CUST01173,AG041,Home,East,2023-08-10,2024-08-09,59156.0,4555012,Cancelled,Vrishti Chawla,Ahmedabad,Andhra Pradesh,East_Travel.xlsx,365,High,OK
POL002737,CUST01833,AG099,Commercial Property,East,2023-08-09,2024-08-08,308220.0,17876760,Lapsed,Omisha Sharma,Chandigarh,Uttarakhand,East_Travel.xlsx,365,Very High,OK
POL004841,CUST01673,AG089,Motor,East,2023-08-09,2024-08-08,11976.0,826344,Lapsed,Advika Narang,Chandigarh,Uttarakhand,East_Travel.xlsx,365,Medium,OK
POL007099,CUST02012,AG030,Home,East,2023-08-09,2024-08-08,67273.0,2354555,Renewed,Mason Din,Delhi,Tripura,East_Travel.xlsx,365,High,OK
POL008681,CUST00831,AG048,Marine,East,2023-08-09,2024-08-08,178251.0,15864339,Renewed,Gaurang Saraf,Jaipur,Telangana,East_Travel.xlsx,365,Very High,OK
POL007200,CUST00906,AG002,Marine,East,2023-08-08,2024-08-07,37311.0,858153,Expired,Meghana Goswami,Hyderabad,Uttar Pradesh,East_Travel.xlsx,365,Medium,OK
POL002137,CUST02678,AG019,Motor,East,2023-08-07,2024-08-06,26645.0,1199025,Lapsed,Shivansh Apte,Patna,Tamil Nadu,East_Travel.xlsx,365,Medium,OK
POL005702,CUST01505,AG082,Marine,East,2023-08-07,2024-08-06,62932.0,5349220,Lapsed,Jhalak Brahmbhatt,Pune,Himachal Pradesh,East_Travel.xlsx,365,High,OK
POL007950,CUST01516,AG073,Home,East,2023-08-07,2024-08-06,21009.0,714306,Lapsed,Ekantika Narula,Delhi,Nagaland,East_Travel.xlsx,365,Medium,OK
