Policy_ID,Customer_ID,Agent_ID,Product,Branch,Policy_Start_Date,Policy_End_Date,Premium,Sum_Insured,Policy_Status
POL000001,CUST01883,AG079,Motor,North,2025-04-21,2026-04-21,21134,866494,Expired
POL000002,CUST02375,AG111,Home,East,2023-08-22,2024-08-21,8207,787872,Renewed
POL000003,CUST01820,AG057,Travel,South,2023-11-23,2024-11-22,14386,561054,Renewed
POL000004,CUST02758,AG063,Commercial Property,West,2023-10-25,2024-10-24,974640,73098000,Lapsed
POL000005,CUST01812,AG078,Marine,East,2023-08-28,2024-08-27,153053,7040438,Cancelled
POL000006,CUST01288,AG046,Home,North,2024-09-24,2025-09-24,19035,1351485,Cancelled
POL000007,CUST02812,AG120,Home,East,2026-07-19,2027-07-19,32867,3023764,Expired
POL000008,CUST01561,AG003,Motor,West,2024-11-17,2025-11-17,6433,527506,Renewed
POL000009,CUST01103,AG047,Travel,West,2025-11-11,2026-11-11,12410,657730,Renewed
POL000010,CUST02175,AG104,Home,South,2026-03-04,2027-03-04,63944,2877480,Active
POL000011,CUST00651,AG012,Travel,East,2025-02-23,2026-02-23,3948,386904,Lapsed
POL000012,CUST01201,AG019,Motor,East,2025-06-24,2026-06-24,10194,764550,Cancelled
POL000013,CUST00950,AG112,Home,South,2025-05-31,2026-05-31,28420,881020,Lapsed
POL000014,CUST00688,AG031,Motor,South,2026-07-25,2027-07-25,23890,525580,Expired
POL000015,CUST00733,AG069,Commercial Property,North,2023-11-12,2024-11-11,906990,31744650,Renewed
POL000016,CUST00036,AG042,Commercial Property,East,2024-01-02,2025-01-01,307579,12610739,Cancelled
POL000017,CUST00685,AG007,Commercial Property,North,2024-03-13,2025-03-13,191504,15320320,Expired
POL000018,CUST01864,AG023,Home,South,2024-07-17,2025-07-17,45608,1550672,Expired
POL000019,CUST01888,AG068,Home,North,2024-06-30,2025-06-30,32734,2684188,Renewed
POL000020,CUST02481,AG074,Commercial Property,West,2025-06-18,2026-06-18,421128,29900088,Cancelled
POL000021,CUST00150,AG027,Commercial Property,West,2025-10-14,2026-10-14,893934,25924086,Lapsed
POL000022,CUST01227,AG048,Marine,East,2026-01-10,2027-01-10,128111,2946553,Cancelled
POL000023,CUST02419,AG102,Travel,South,2024-06-14,2025-06-14,5822,215414,Cancelled
POL000024,CUST01994,AG052,Travel,South,2025-07-20,2026-07-20,15386,1215494,Renewed
POL000025,CUST00597,AG115,Marine,South,2026-01-04,2027-01-04,128999,4127968,Cancelled
POL000026,CUST02451,AG038,Marine,North,2026-04-20,2027-04-20,121333,7886645,Lapsed
POL000027,CUST01358,AG025,Commercial Property,West,2025-06-29,2026-06-29,419604,24756636,Lapsed
POL000028,CUST00102,AG066,Home,North,2024-12-22,2025-12-22,17564,825508,Lapsed
POL000029,CUST02547,AG042,Marine,North,2024-02-01,2025-01-31,107566,6023696,Cancelled
POL000030,CUST02106,AG005,Motor,North,2026-01-19,2027-01-19,33730,3035700,Lapsed
POL000031,CUST02926,AG057,Commercial Property,North,2025-02-12,2026-02-12,742706,40106124,Expired
POL000032,CUST00903,AG006,Home,South,2023-10-03,2024-10-02,48427,1210675,Cancelled
POL000033,CUST00622,AG055,Motor,South,2025-11-22,2026-11-22,17746,1597140,Lapsed
POL000034,CUST02979,AG062,Marine,South,2026-04-17,2027-04-17,62832,1759296,Expired
POL000035,CUST01404,AG079,Travel,South,2025-01-20,2026-01-20,16060,1076020,Renewed
POL000036,CUST01143,AG104,Marine,East,2025-02-22,2026-02-22,60789,5835744,Expired
POL000037,CUST01232,AG064,Home,North,2025-06-11,2026-06-11,39679,2817209,Active
POL000038,CUST00897,AG113,Commercial Property,East,2023-09-10,2024-09-09,284488,14508888,Renewed
POL000039,CUST02321,AG043,Home,North,2024-04-05,2025-04-05,31789,1843762,Active
POL000040,CUST01286,AG119,Home,South,2025-04-09,2026-04-09,68844,1858788,Renewed
POL000041,CUST01518,AG016,Travel,West,2025-12-13,2026-12-13,2002,118118,Expired
POL000042,CUST00964,AG037,Travel,West,2025-03-26,2026-03-26,14281,728331,Lapsed
POL000043,CUST00340,AG013,Home,East,2023-12-13,2024-12-12,47189,1415670,Active
POL000044,CUST00009,AG061,Motor,South,2024-08-07,2025-08-07,33084,1389528,Active
POL000045,CUST02343,AG012,Home,East,2025-05-08,2026-05-08,52481,1312025,Expired
POL000046,CUST02517,AG001,Marine,East,2025-05-22,2026-05-22,172794,7602936,Expired
POL000047,CUST02155,AG010,Travel,West,2024-04-11,2025-04-11,10549,1033802,Cancelled
POL000048,CUST02867,AG066,Home,North,2025-11-02,2026-11-02,47725,1527200,Renewed
POL000049,CUST00667,AG089,Commercial Property,South,2024-10-27,2025-10-27,747312,59784960,Renewed
POL000050,CUST00964,AG102,Marine,East,2024-02-24,2025-02-23,125144,7383496,Cancelled
POL000051,CUST00241,AG076,Home,South,2023-09-18,2024-09-17,17746,621110,Expired
POL000052,CUST01363,AG089,Motor,West,2025-12-19,2026-12-19,13264,795840,Lapsed
POL000053,CUST02408,AG039,Home,West,2026-06-12,2027-06-12,34861,1603606,Renewed
POL000054,CUST00201,AG005,Motor,East,2025-08-31,2026-08-31,15258,793416,Renewed
POL000055,CUST00545,AG105,Home,West,2023-09-22,2024-09-21,51144,3119784,Renewed
POL000056,CUST00382,AG063,Marine,South,2026-01-18,2027-01-18,63038,3908356,Expired
POL000057,CUST00829,AG093,Motor,South,2025-08-03,2026-08-03,20730,891390,Renewed
POL000058,CUST00012,AG014,Motor,North,2026-07-02,2027-07-02,28640,2319840,Lapsed
POL000059,CUST02175,AG051,Home,South,2024-03-24,2025-03-24,29791,2591817,Lapsed
POL000060,CUST02421,AG071,Commercial Property,South,2024-12-29,2025-12-29,804038,45830166,Lapsed
POL000061,CUST02569,AG102,Travel,North,2025-03-27,2026-03-27,14347,401716,Renewed
POL000062,CUST01085,AG039,Travel,West,2025-11-03,2026-11-03,8303,199272,Expired
POL000063,CUST00167,AG029,Commercial Property,East,2023-12-20,2024-12-19,290355,22357335,Expired
POL000064,CUST02239,AG054,Travel,North,2024-05-11,2025-05-11,9966,219252,Lapsed
POL000065,CUST02263,AG037,Marine,North,2023-11-11,2024-11-10,75945,2582130,Expired
POL000066,CUST02807,AG055,Travel,East,2026-01-21,2027-01-21,7562,226860,Cancelled
POL000067,CUST02693,AG038,Home,West,2026-03-21,2027-03-21,14518,754936,Renewed
POL000068,CUST01183,AG040,Home,West,2024-04-20,2025-04-20,55786,4964954,Lapsed
POL000069,CUST00271,AG100,Motor,North,2026-07-06,2027-07-06,15195,820530,Expired
POL000070,CUST02093,AG016,Motor,West,2025-07-11,2026-07-11,27120,2196720,Lapsed
POL000071,CUST01589,AG104,Marine,North,2025-02-27,2026-02-27,44125,1941500,Lapsed
POL000072,CUST00657,AG067,Marine,North,2024-02-27,2025-02-26,62543,5503784,Expired
POL000073,CUST02099,AG100,Travel,East,2025-05-19,2026-05-19,15168,1076928,Expired
POL000074,CUST00929,AG107,Home,South,2026-06-10,2027-06-10,58689,4871187,Lapsed
POL000075,CUST00172,AG005,Travel,West,2023-11-09,2024-11-08,7524,579348,Expired
POL000076,CUST00031,AG041,Motor,East,2025-08-01,2026-08-01,6122,483638,Active
POL000077,CUST02025,AG071,Home,North,2026-01-11,2027-01-11,44792,4031280,Cancelled
POL000078,CUST01744,AG038,Motor,North,2025-01-17,2026-01-17,25779,618696,Active
POL000079,CUST01150,AG044,Motor,East,2024-04-24,2025-04-24,13973,1006056,Active
POL000080,CUST00094,AG004,Commercial Property,East,2025-02-18,2026-02-18,476635,26691560,Cancelled
POL000081,CUST00465,AG013,Home,North,2024-04-22,2025-04-22,69040,3659120,Cancelled
POL000082,CUST00202,AG036,Marine,North,2023-10-27,2024-10-26,75655,4463645,Lapsed
POL000083,CUST01654,AG097,Commercial Property,North,2026-04-27,2027-04-27,155314,3882850,Cancelled
POL000084,CUST00387,AG076,Travel,North,2025-01-05,2026-01-05,5485,109700,Active
POL000085,CUST00438,AG034,Travel,North,2025-03-21,2026-03-21,14303,572120,Lapsed
POL000086,CUST02331,AG090,Commercial Property,South,2025-04-04,2026-04-04,729986,24089538,Active
POL000087,CUST01671,AG001,Travel,South,2024-12-18,2025-12-18,17701,1522286,Cancelled
POL000088,CUST00865,AG079,Commercial Property,South,2026-04-29,2027-04-29,500597,34541193,Expired
POL000089,CUST01179,AG035,Commercial Property,East,2024-03-27,2025-03-27,656424,33477624,Lapsed
POL000090,CUST00470,AG052,Motor,West,2025-12-16,2026-12-16,21711,2062545,Expired
POL000091,CUST01020,AG017,Marine,South,2024-06-12,2025-06-12,187987,4699675,Expired
POL000092,CUST01133,AG015,Home,North,2024-09-20,2025-09-20,52831,4913283,Active
POL000093,CUST01832,AG019,Home,North,2023-11-27,2024-11-26,35089,1333382,Active
POL000094,CUST01127,AG057,Marine,East,2025-08-19,2026-08-19,192889,8680005,Expired
POL000095,CUST02003,AG036,Home,West,2023-12-15,2024-12-14,20320,1524000,Active
POL000096,CUST00245,AG096,Marine,North,2026-04-09,2027-04-09,61577,4803006,Lapsed
POL000097,CUST01145,AG023,Marine,South,2024-06-21,2025-06-21,95290,7051460,Active
POL000098,CUST00823,AG089,Travel,North,2025-09-03,2026-09-03,8350,459250,Renewed
POL000099,CUST00547,AG003,Travel,East,2024-09-18,2025-09-18,15356,767800,Renewed
POL000100,CUST02955,AG048,Travel,South,2025-05-20,2026-05-20,4598,395428,Cancelled
POL000101,CUST00258,AG073,Motor,East,2026-01-14,2027-01-14,38848,1281984,Expired
POL000102,CUST02514,AG074,Marine,East,2026-01-07,2027-01-07,195229,16984923,Expired
POL000103,CUST02327,AG044,Travel,North,2024-03-25,2025-03-25,19149,382980,Renewed
POL000104,CUST02851,AG103,Home,South,2025-02-25,2026-02-25,56012,3024648,Lapsed
POL000105,CUST00804,AG114,Home,West,2025-01-17,2026-01-17,14297,729147,Cancelled
POL000106,CUST02020,AG030,Motor,East,2023-08-14,2024-08-13,28388,2129100,Lapsed
POL000107,CUST00180,AG027,Motor,North,2024-09-22,2025-09-22,11762,929198,Renewed
POL000108,CUST00556,AG029,Commercial Property,North,2026-06-13,2027-06-13,803329,37756463,Expired
POL000109,CUST01149,AG083,Marine,North,2024-07-16,2025-07-16,23066,2191270,Renewed
POL000110,CUST01026,AG102,Home,North,2023-12-19,2024-12-18,68526,6578496,Lapsed
POL000111,CUST02693,AG097,Home,North,2025-06-05,2026-06-05,53154,1063080,Renewed
POL000112,CUST00940,AG119,Home,West,2025-06-05,2026-06-05,14559,1353987,Cancelled
POL000113,CUST02851,AG022,Motor,West,2023-11-01,2024-10-31,27869,640987,Active
POL000114,CUST00186,AG094,Commercial Property,North,2024-10-30,2025-10-30,295597,12415074,Expired
POL000115,CUST01842,AG029,Home,South,2025-08-10,2026-08-10,27333,2705967,Expired
POL000116,CUST02813,AG056,Motor,North,2023-10-31,2024-10-30,18380,716820,Active
POL000117,CUST02184,AG023,Home,West,2024-08-12,2025-08-12,8499,620427,Active
POL000118,CUST01781,AG030,Motor,South,2026-08-01,2027-08-01,18879,774039,Cancelled
POL000119,CUST02324,AG028,Commercial Property,East,2026-03-07,2027-03-07,742601,57180277,Renewed
POL000120,CUST00083,AG026,Home,West,2024-08-08,2025-08-08,28691,2037061,Cancelled
POL000121,CUST02845,AG017,Travel,West,2025-08-22,2026-08-22,4779,124254,Expired
POL000122,CUST02122,AG024,Commercial Property,North,2026-01-02,2027-01-02,105398,9275024,Expired
POL000123,CUST00304,AG031,Home,South,2025-09-30,2026-09-30,41319,3636072,Lapsed
POL000124,CUST01361,AG071,Motor,East,2026-06-10,2027-06-10,39411,1458207,Expired
POL000125,CUST00904,AG090,Motor,West,2024-11-11,2025-11-11,37145,1151495,Lapsed
POL000126,CUST01319,AG059,Home,West,2024-04-10,2025-04-10,35664,1462224,Cancelled
POL000127,CUST02724,AG089,Marine,North,2024-04-11,2025-04-11,23022,529506,Active
POL000128,CUST02818,AG025,Motor,East,2025-09-01,2026-09-01,15808,1280448,Active
POL000129,CUST00614,AG046,Travel,East,2023-12-20,2024-12-19,1846,110760,Renewed
POL000130,CUST00606,AG077,Motor,East,2024-11-07,2025-11-07,24145,2245485,Lapsed
POL000131,CUST01184,AG065,Travel,East,2024-07-31,2025-07-31,5934,587466,Active
POL000132,CUST00108,AG006,Marine,West,2025-06-28,2026-06-28,152944,14682624,Active
POL000133,CUST01481,AG093,Motor,East,2024-09-19,2025-09-19,21096,1814256,Cancelled
POL000134,CUST01692,AG020,Commercial Property,South,2024-07-22,2025-07-22,297256,16051824,Lapsed
POL000135,CUST00698,AG101,Home,East,2023-11-29,2024-11-28,51340,4774620,Renewed
POL000136,CUST01681,AG078,Motor,North,2025-11-25,2026-11-25,35786,3507028,Lapsed
POL000137,CUST00516,AG009,Travel,East,2023-12-19,2024-12-18,18230,492210,Cancelled
POL000138,CUST02277,AG118,Motor,North,2025-03-19,2026-03-19,30668,2668116,Active
POL000139,CUST01020,AG067,Marine,East,2024-07-23,2025-07-23,144162,6343128,Renewed
POL000140,CUST00269,AG019,Home,North,2026-03-15,2027-03-15,25550,1814050,Lapsed
POL000141,CUST01219,AG021,Marine,South,2024-01-13,2025-01-12,189131,4160882,Expired
POL000142,CUST00427,AG040,Travel,South,2026-07-29,2027-07-29,15119,786188,Active
POL000143,CUST01453,AG097,Travel,North,2026-02-01,2027-02-01,13775,922925,Cancelled
POL000144,CUST02227,AG088,Motor,South,2025-08-05,2026-08-05,31429,1351447,Cancelled
POL000145,CUST01147,AG111,Home,North,2025-07-04,2026-07-04,38790,2211030,Lapsed
POL000146,CUST02278,AG090,Commercial Property,North,2024-10-18,2025-10-18,303171,25466364,Lapsed
POL000147,CUST02856,AG008,Home,East,2026-05-05,2027-05-05,55546,3499398,Active
POL000148,CUST01455,AG025,Marine,North,2024-03-24,2025-03-24,73645,6407115,Cancelled
POL000149,CUST00419,AG012,Commercial Property,East,2026-04-02,2027-04-02,895097,28643104,Lapsed
POL000150,CUST02431,AG012,Travel,West,2023-11-27,2024-11-26,7508,750800,Expired
POL000151,CUST00161,AG113,Travel,South,2023-08-21,2024-08-20,11584,834048,Active
POL000152,CUST01892,AG065,Motor,North,2024-05-05,2025-05-05,38088,2742336,Lapsed
POL000153,CUST00109,AG104,Commercial Property,North,2024-12-02,2025-12-02,910198,20934554,Lapsed
POL000154,CUST02447,AG068,Motor,East,2025-12-04,2026-12-04,32198,676158,Expired
POL000155,CUST01162,AG106,Travel,East,2025-09-17,2026-09-17,9647,926112,Active
POL000156,CUST00238,AG010,Travel,North,2026-05-27,2027-05-27,12330,727470,Lapsed
POL000157,CUST02209,AG038,Motor,North,2024-01-06,2025-01-05,39469,1894512,Expired
POL000158,CUST01669,AG025,Travel,West,2025-11-03,2026-11-03,5564,228124,Expired
POL000159,CUST01384,AG054,Home,South,2024-08-10,2025-08-10,23737,688373,Active
POL000160,CUST00176,AG107,Marine,North,2026-03-12,2027-03-12,156231,10311246,Active
POL000161,CUST00190,AG067,Marine,South,2026-05-10,2027-05-10,123677,3957664,Active
POL000162,CUST00227,AG067,Home,West,2024-07-03,2025-07-03,69528,3198288,Cancelled
POL000163,CUST02806,AG059,Travel,West,2025-11-04,2026-11-04,13657,396053,Cancelled
POL000164,CUST01395,AG046,Home,North,2025-07-11,2026-07-11,58305,1515930,Renewed
POL000165,CUST01988,AG055,Commercial Property,South,2025-08-19,2026-08-19,706805,64319255,Expired
POL000166,CUST00166,AG015,Commercial Property,South,2025-02-27,2026-02-27,836078,41803900,Cancelled
POL000167,CUST00973,AG062,Commercial Property,North,2023-12-08,2024-12-07,362937,32664330,Lapsed
POL000168,CUST02965,AG016,Home,West,2025-07-03,2026-07-03,21891,569166,Active
POL000169,CUST02313,AG075,Marine,West,2026-03-08,2027-03-08,32449,908572,Cancelled
POL000170,CUST00679,AG052,Marine,South,2024-12-12,2025-12-12,138779,13322784,Lapsed
POL000171,CUST02264,AG083,Commercial Property,West,2023-11-21,2024-11-20,920613,89299461,Lapsed
POL000172,CUST01500,AG075,Travel,North,2025-03-08,2026-03-08,18539,1279191,Lapsed
POL000173,CUST02050,AG114,Home,South,2026-01-30,2027-01-30,45050,2657950,Lapsed
POL000174,CUST00914,AG038,Commercial Property,South,2023-11-15,2024-11-14,243938,9269644,Renewed
POL000175,CUST00635,AG051,Travel,North,2025-05-06,2026-05-06,19281,674835,Renewed
POL000176,CUST02968,AG030,Travel,North,2024-12-26,2025-12-26,11141,958126,Lapsed
POL000177,CUST02693,AG115,Home,East,2026-03-29,2027-03-29,50610,4605510,Active
POL000178,CUST02848,AG073,Marine,North,2024-04-24,2025-04-24,193954,19007492,Renewed
POL000179,CUST02772,AG019,Marine,North,2023-10-01,2024-09-30,174799,13109925,Cancelled
POL000180,CUST00888,AG002,Motor,West,2026-06-10,2027-06-10,29792,2711072,Renewed
POL000181,CUST02341,AG044,Travel,North,2023-08-10,2024-08-09,18318,641130,Cancelled
POL000182,CUST01273,AG109,Home,East,2025-01-26,2026-01-26,43485,3696225,Cancelled
POL000183,CUST02735,AG110,Motor,North,2026-02-07,2027-02-07,15763,1339855,Renewed
POL000184,CUST01586,AG065,Commercial Property,West,2023-11-06,2024-11-05,924208,41589360,Active
POL000185,CUST01537,AG068,Motor,South,2026-05-31,2027-05-31,26944,727488,Lapsed
POL000186,CUST01317,AG007,Marine,North,2023-10-10,2024-10-09,178999,13961922,Renewed
POL000187,CUST02990,AG048,Home,South,2024-02-25,2025-02-24,50078,2403744,Cancelled
POL000188,CUST00665,AG008,Marine,North,2025-04-05,2026-04-05,136049,10475773,Expired
POL000189,CUST02276,AG103,Travel,West,2025-07-29,2026-07-29,12290,380990,Renewed
POL000190,CUST01080,AG003,Travel,West,2025-10-07,2026-10-07,3188,223160,Lapsed
POL000191,CUST00951,AG012,Commercial Property,East,2026-08-04,2027-08-04,525913,18932868,Cancelled
POL000192,CUST02232,AG119,Marine,South,2024-03-24,2025-03-24,125201,3756030,Renewed
POL000193,CUST00670,AG001,Motor,South,2024-10-02,2025-10-02,15765,1072020,Active
POL000194,CUST01916,AG064,Home,West,2023-12-28,2024-12-27,62078,5524942,Lapsed
POL000195,CUST02736,AG070,Marine,West,2024-08-20,2025-08-20,77213,4401141,Cancelled
POL000196,CUST00577,AG111,Marine,North,2025-02-26,2026-02-26,171730,12021100,Cancelled
POL000197,CUST00969,AG058,Commercial Property,North,2026-03-08,2027-03-08,105469,4851574,Cancelled
POL000198,CUST01898,AG095,Motor,West,2025-10-04,2026-10-04,35828,2973724,Lapsed
POL000199,CUST02014,AG115,Home,South,2025-06-05,2026-06-05,8918,847210,Lapsed
POL000200,CUST02346,AG070,Home,North,2024-05-23,2025-05-23,25111,1581993,Renewed
POL000201,CUST02210,AG032,Commercial Property,West,2025-08-27,2026-08-27,967224,32885616,Lapsed
POL000202,CUST01842,AG095,Home,East,2024-11-16,2025-11-16,9910,218020,Renewed
POL000203,CUST02868,AG008,Commercial Property,West,2024-02-07,2025-02-06,551556,39160476,Renewed
POL000204,CUST00010,AG049,Home,West,2024-06-05,2025-06-05,59110,5260790,Expired
POL000205,CUST02761,AG021,Motor,South,2026-03-13,2027-03-13,16825,521575,Renewed
POL000206,CUST01086,AG052,Marine,North,2024-09-28,2025-09-28,137252,12627184,Expired
POL000207,CUST01630,AG059,Motor,South,2025-06-16,2026-06-16,9767,937632,Active
POL000208,CUST02240,AG112,Commercial Property,East,2024-08-15,2025-08-15,352833,7762326,Expired
POL000209,CUST02222,AG056,Home,North,2024-09-20,2025-09-20,60322,5790912,Cancelled
POL000210,CUST02498,AG066,Commercial Property,East,2025-08-14,2026-08-14,937237,84351330,Active
POL000211,CUST01876,AG104,Motor,East,2026-08-03,2027-08-03,27726,665424,Renewed
POL000212,CUST01600,AG062,Motor,East,2026-01-01,2027-01-01,16733,752985,Lapsed
POL000213,CUST00261,AG093,Home,North,2025-04-08,2026-04-08,26015,2601500,Renewed
POL000214,CUST02072,AG064,Travel,West,2026-02-10,2027-02-10,19828,773292,Expired
POL000215,CUST02792,AG068,Marine,South,2025-10-30,2026-10-30,30008,600160,Renewed
POL000216,CUST01477,AG097,Home,South,2026-07-06,2027-07-06,11399,786531,Renewed
POL000217,CUST00512,AG022,Commercial Property,East,2025-04-03,2026-04-03,755703,41563665,Lapsed
POL000218,CUST01611,AG059,Home,East,2023-12-26,2024-12-25,25584,2430480,Renewed
POL000219,CUST02615,AG032,Home,South,2025-10-23,2026-10-23,62163,2300031,Lapsed
POL000220,CUST02346,AG120,Commercial Property,East,2025-10-02,2026-10-02,622713,20549529,Cancelled
POL000221,CUST02184,AG098,Travel,South,2025-03-27,2026-03-27,11743,739809,Renewed
POL000222,CUST02414,AG029,Home,East,2023-10-18,2024-10-17,18989,911472,Cancelled
POL000223,CUST02911,AG051,Commercial Property,East,2025-11-14,2026-11-14,637132,42687844,Cancelled
POL000224,CUST00065,AG079,Motor,West,2026-05-06,2027-05-06,39008,2379488,Renewed
POL000225,CUST02553,AG016,Marine,East,2025-01-11,2026-01-11,70897,6026245,Lapsed
POL000226,CUST00816,AG067,Motor,North,2023-10-22,2024-10-21,36537,2265294,Lapsed
POL000227,CUST01260,AG012,Home,East,2023-09-26,2024-09-25,13636,831796,Cancelled
POL000228,CUST00888,AG094,Travel,North,2025-05-14,2026-05-14,7628,320376,Cancelled
POL000229,CUST01746,AG058,Commercial Property,South,2026-05-21,2027-05-21,299717,17983020,Active
POL000230,CUST00357,AG005,Motor,East,2024-07-19,2025-07-19,14809,962585,Expired
POL000231,CUST02300,AG008,Travel,West,2025-06-23,2026-06-23,18161,1761617,Expired
POL000232,CUST02107,AG068,Travel,North,2025-01-27,2026-01-27,8700,791700,Cancelled
POL000233,CUST01754,AG054,Travel,South,2025-11-12,2026-11-12,19265,520155,Cancelled
POL000234,CUST00687,AG018,Commercial Property,West,2025-09-21,2026-09-21,363157,30142031,Cancelled
POL000235,CUST02410,AG055,Commercial Property,East,2024-05-09,2025-05-09,818488,54020208,Cancelled
POL000236,CUST00487,AG011,Commercial Property,East,2025-01-03,2026-01-03,694226,51372724,Cancelled
POL000237,CUST01257,AG048,Motor,South,2025-05-14,2026-05-14,5410,265090,Lapsed
POL000238,CUST01336,AG112,Home,North,2026-02-27,2027-02-27,16593,995580,Active
POL000239,CUST00836,AG082,Home,North,2025-06-08,2026-06-08,30277,2240498,Lapsed
POL000240,CUST02527,AG050,Home,North,2024-01-05,2025-01-04,27874,1923306,Lapsed
POL000241,CUST02611,AG101,Commercial Property,West,2023-10-02,2024-10-01,520815,39581940,Cancelled
POL000242,CUST02883,AG022,Travel,South,2025-08-09,2026-08-09,17885,1198295,Cancelled
POL000243,CUST00434,AG095,Home,North,2025-02-15,2026-02-15,22315,825655,Expired
POL000244,CUST01249,AG080,Motor,South,2023-10-20,2024-10-19,18119,561689,Active
POL000245,CUST02006,AG021,Travel,North,2025-03-29,2026-03-29,14610,672060,Lapsed
POL000246,CUST02125,AG091,Travel,East,2024-07-31,2025-07-31,16455,510105,Renewed
POL000247,CUST01488,AG072,Home,South,2026-01-08,2027-01-08,39462,3946200,Cancelled
POL000248,CUST00584,AG080,Travel,South,2024-12-02,2025-12-02,2071,64201,Lapsed
POL000249,CUST02251,AG112,Travel,West,2023-10-12,2024-10-11,13861,596023,Renewed
POL000250,CUST01815,AG101,Motor,West,2025-12-23,2026-12-23,16504,775688,Lapsed
POL000251,CUST02362,AG073,Commercial Property,South,2024-01-28,2025-01-27,212730,20847540,Expired
POL000252,CUST02397,AG010,Travel,South,2025-07-24,2026-07-24,11713,679354,Expired
POL000253,CUST01490,AG090,Commercial Property,South,2024-02-19,2025-02-18,735055,37487805,Lapsed
POL000254,CUST00501,AG063,Commercial Property,South,2023-11-16,2024-11-15,488174,38565746,Renewed
POL000255,CUST01363,AG034,Home,South,2025-08-26,2026-08-26,26995,1403740,Lapsed
POL000256,CUST00766,AG074,Travel,North,2025-10-08,2026-10-08,15378,645876,Renewed
POL000257,CUST02159,AG117,Motor,South,2026-01-12,2027-01-12,8633,716539,Active
POL000258,CUST00996,AG017,Home,West,2024-04-15,2025-04-15,17062,665418,Active
POL000259,CUST00710,AG005,Motor,South,2024-07-16,2025-07-16,28875,721875,Cancelled
POL000260,CUST02331,AG057,Commercial Property,West,2025-07-04,2026-07-04,955574,61156736,Expired
POL000261,CUST00250,AG103,Marine,East,2024-11-05,2025-11-05,187097,4677425,Expired
POL000262,CUST02346,AG110,Motor,East,2025-12-05,2026-12-05,24798,2306214,Cancelled
POL000263,CUST02982,AG074,Motor,West,2024-10-13,2025-10-13,9352,289912,Active
POL000264,CUST00815,AG062,Home,South,2026-03-20,2027-03-20,51516,2833380,Lapsed
POL000265,CUST01926,AG011,Home,North,2024-02-06,2025-02-05,67746,3116316,Lapsed
POL000266,CUST00619,AG094,Travel,North,2024-01-31,2025-01-30,2586,100854,Active
POL000267,CUST02705,AG018,Home,South,2025-05-30,2026-05-30,64802,1684852,Active
POL000268,CUST00531,AG117,Commercial Property,North,2024-03-23,2025-03-23,159581,6861983,Active
POL000269,CUST01793,AG120,Motor,North,2025-04-10,2026-04-10,34261,1747311,Expired
POL000270,CUST01558,AG044,Commercial Property,South,2024-04-01,2025-04-01,502406,23110676,Lapsed
POL000271,CUST02134,AG014,Motor,South,2024-10-04,2025-10-04,34841,1358799,Cancelled
POL000272,CUST01618,AG081,Home,North,2024-03-22,2025-03-22,26641,2317767,Expired
POL000273,CUST00528,AG003,Marine,North,2024-08-23,2025-08-23,59355,5638725,Expired
POL000274,CUST00880,AG092,Marine,East,2025-05-27,2026-05-27,37306,3432152,Lapsed
POL000275,CUST01859,AG016,Marine,South,2024-08-08,2025-08-08,24479,930202,Cancelled
POL000276,CUST01587,AG040,Home,West,2025-04-22,2026-04-22,44024,1584864,Expired
POL000277,CUST01974,AG120,Motor,East,2024-01-13,2025-01-12,9911,257686,Renewed
POL000278,CUST01139,AG008,Motor,East,2026-04-25,2027-04-25,15613,640133,Lapsed
POL000279,CUST02420,AG003,Commercial Property,North,2024-11-06,2025-11-06,496901,35776872,Expired
POL000280,CUST01309,AG034,Home,South,2025-03-01,2026-03-01,42802,1712080,Active
POL000281,CUST02524,AG047,Home,East,2024-07-15,2025-07-15,24364,1729844,Renewed
POL000282,CUST01814,AG076,Commercial Property,West,2025-08-02,2026-08-02,438904,28089856,Cancelled
POL000283,CUST00436,AG018,Marine,West,2025-12-08,2026-12-08,84512,4394624,Renewed
POL000284,CUST00486,AG103,Travel,North,2023-10-30,2024-10-29,2946,250410,Active
POL000285,CUST00412,AG058,Motor,South,2026-04-22,2027-04-22,6746,478966,Cancelled
POL000286,CUST00054,AG067,Motor,West,2025-03-10,2026-03-10,15608,499456,Cancelled
POL000287,CUST02885,AG008,Travel,North,2026-01-11,2027-01-11,4544,358976,Active
POL000288,CUST01893,AG092,Home,North,2024-11-22,2025-11-22,37685,1846565,Cancelled
POL000289,CUST01230,AG026,Motor,North,2024-09-03,2025-09-03,23856,1693776,Expired
POL000290,CUST01430,AG069,Motor,South,2024-06-26,2025-06-26,6624,576288,Cancelled
POL000291,CUST00838,AG016,Travel,West,2024-09-04,2025-09-04,17258,1570478,Active
POL000292,CUST01801,AG119,Marine,South,2025-02-11,2026-02-11,125533,6527716,Renewed
POL000293,CUST00986,AG107,Travel,West,2025-02-14,2026-02-14,3099,114663,Renewed
POL000294,CUST00411,AG040,Motor,North,2025-04-21,2026-04-21,8773,543926,Lapsed
POL000295,CUST01915,AG016,Motor,North,2026-03-28,2027-03-28,12633,656916,Active
POL000296,CUST02929,AG073,Motor,East,2024-10-20,2025-10-20,20463,2046300,Cancelled
POL000297,CUST00706,AG006,Commercial Property,North,2026-02-02,2027-02-02,382048,19866496,Lapsed
POL000298,CUST02483,AG068,Commercial Property,North,2026-06-16,2027-06-16,464187,38527521,Expired
POL000299,CUST01699,AG049,Motor,South,2024-07-05,2025-07-05,35359,3429823,Lapsed
POL000300,CUST00886,AG063,Marine,North,2024-01-21,2025-01-20,120140,6727840,Active
POL000301,CUST01321,AG056,Travel,West,2025-04-23,2026-04-23,6708,288444,Expired
POL000302,CUST02915,AG106,Commercial Property,East,2026-04-10,2027-04-10,120249,6373197,Expired
POL000303,CUST01888,AG105,Travel,South,2023-09-02,2024-09-01,2670,237630,Expired
POL000304,CUST02706,AG081,Motor,North,2025-01-17,2026-01-17,31918,1691654,Active
POL000305,CUST02440,AG065,Commercial Property,North,2026-05-13,2027-05-13,587872,55259968,Renewed
POL000306,CUST02564,AG076,Home,North,2024-09-28,2025-09-28,37127,2116239,Lapsed
POL000307,CUST00567,AG021,Motor,North,2026-04-13,2027-04-13,31148,1090180,Renewed
POL000308,CUST02209,AG023,Marine,South,2024-11-21,2025-11-21,117989,3185703,Active
POL000309,CUST00384,AG107,Marine,North,2023-12-02,2024-12-01,103938,4469334,Expired
POL000310,CUST02655,AG086,Travel,North,2025-12-05,2026-12-05,3998,119940,Expired
POL000311,CUST02068,AG020,Commercial Property,West,2023-08-14,2024-08-13,636876,50313204,Renewed
POL000312,CUST02923,AG016,Commercial Property,West,2023-09-14,2024-09-13,290477,15395281,Active
POL000313,CUST02261,AG083,Commercial Property,West,2026-01-21,2027-01-21,568369,28986819,Expired
POL000314,CUST01886,AG075,Travel,East,2025-12-28,2026-12-28,12601,882070,Expired
POL000315,CUST02498,AG049,Marine,North,2026-01-01,2027-01-01,187681,12949989,Lapsed
POL000316,CUST01280,AG020,Home,East,2023-08-29,2024-08-28,9679,271012,Renewed
POL000317,CUST01457,AG075,Motor,South,2026-07-13,2027-07-13,27152,1384752,Renewed
POL000318,CUST02190,AG052,Marine,South,2023-09-13,2024-09-12,170436,14998368,Lapsed
POL000319,CUST00620,AG097,Home,North,2024-05-14,2025-05-14,17008,1479696,Renewed
POL000320,CUST01229,AG010,Commercial Property,North,2025-09-23,2026-09-23,143513,6745111,Active
POL000321,CUST00838,AG092,Commercial Property,South,2025-07-21,2026-07-21,910617,65564424,Active
POL000322,CUST00765,AG032,Home,South,2026-05-21,2027-05-21,55167,1379175,Cancelled
POL000323,CUST01141,AG097,Marine,North,2026-04-05,2027-04-05,25749,1493442,Renewed
POL000324,CUST02664,AG005,Home,East,2025-06-21,2026-06-21,48388,2129072,Cancelled
POL000325,CUST01984,AG115,Marine,North,2024-11-08,2025-11-08,36562,1023736,Lapsed
POL000326,CUST01642,AG060,Home,East,2026-06-06,2027-06-06,43828,3944520,Expired
POL000327,CUST00429,AG101,Motor,East,2026-04-12,2027-04-12,10217,490416,Cancelled
POL000328,CUST01730,AG079,Commercial Property,South,2024-03-02,2025-03-02,622433,54774104,Lapsed
POL000329,CUST01280,AG089,Home,West,2024-04-22,2025-04-22,28422,881082,Cancelled
POL000330,CUST00509,AG079,Marine,East,2025-04-22,2026-04-22,192990,7140630,Lapsed
POL000331,CUST02846,AG006,Home,North,2024-05-09,2025-05-09,31679,2027456,Active
POL000332,CUST02442,AG069,Motor,West,2024-10-07,2025-10-07,10151,923741,Renewed
POL000333,CUST02109,AG075,Home,West,2026-05-22,2027-05-22,24289,1287317,Cancelled
POL000334,CUST02434,AG084,Marine,North,2025-02-06,2026-02-06,22012,2047116,Cancelled
POL000335,CUST01202,AG118,Home,East,2026-05-14,2027-05-14,46034,3130312,Renewed
POL000336,CUST01786,AG034,Marine,West,2026-06-25,2027-06-25,127599,5103960,Active
POL000337,CUST01815,AG044,Marine,East,2025-05-01,2026-05-01,115469,10161272,Active
POL000338,CUST02075,AG104,Commercial Property,West,2023-09-10,2024-09-09,251628,24407916,Active
POL000339,CUST01657,AG113,Travel,South,2024-08-02,2025-08-02,9457,643076,Expired
POL000340,CUST01625,AG081,Home,West,2026-07-10,2027-07-10,53914,3342668,Lapsed
POL000341,CUST02766,AG055,Commercial Property,East,2023-12-25,2024-12-24,778542,31141680,Expired
POL000342,CUST01960,AG089,Motor,South,2026-07-04,2027-07-04,14971,1197680,Cancelled
POL000343,CUST00425,AG011,Travel,South,2025-08-25,2026-08-25,13784,578928,Cancelled
POL000344,CUST02118,AG082,Motor,North,2026-01-07,2027-01-07,29412,2029428,Active
POL000345,CUST01971,AG092,Motor,North,2024-04-10,2025-04-10,12100,1004300,Lapsed
POL000346,CUST00056,AG120,Home,South,2024-12-21,2025-12-21,19330,1043820,Renewed
POL000347,CUST00604,AG094,Home,West,2024-02-16,2025-02-15,63885,2172090,Expired
POL000348,CUST00934,AG056,Motor,South,2024-02-15,2025-02-14,39652,2537728,Lapsed
POL000349,CUST01085,AG066,Travel,North,2025-01-22,2026-01-22,6531,274302,Cancelled
POL000350,CUST01100,AG007,Home,North,2023-08-09,2024-08-08,40994,983856,Renewed
POL000351,CUST00597,AG112,Marine,East,2024-10-13,2025-10-13,190972,8593740,Active
POL000352,CUST02201,AG079,Motor,South,2025-02-15,2026-02-15,17684,1450088,Lapsed
POL000353,CUST02722,AG038,Motor,West,2024-06-29,2025-06-29,33730,1382930,Renewed
POL000354,CUST02807,AG022,Home,North,2025-07-12,2026-07-12,64859,1880911,Renewed
POL000355,CUST00171,AG033,Marine,North,2025-09-20,2026-09-20,37634,2333308,Expired
POL000356,CUST00594,AG035,Motor,West,2025-07-03,2026-07-03,20043,1984257,Expired
POL000357,CUST00284,AG092,Marine,South,2024-04-22,2025-04-22,29375,2056250,Renewed
POL000358,CUST00706,AG036,Travel,East,2024-07-19,2025-07-19,14925,776100,Cancelled
POL000359,CUST02192,AG113,Marine,East,2026-04-12,2027-04-12,34021,2245386,Active
POL000360,CUST02629,AG088,Travel,South,2023-10-20,2024-10-19,4511,275171,Expired
POL000361,CUST02708,AG033,Commercial Property,North,2026-01-08,2027-01-08,587387,51690056,Renewed
POL000362,CUST01289,AG062,Commercial Property,West,2025-04-16,2026-04-16,370942,34868548,Expired
POL000363,CUST01544,AG030,Travel,North,2025-09-01,2026-09-01,5506,132144,Active
POL000364,CUST00835,AG107,Commercial Property,West,2026-04-17,2027-04-17,998498,90863318,Expired
POL000365,CUST00423,AG020,Commercial Property,West,2026-07-02,2027-07-02,645604,21950536,Lapsed
POL000366,CUST00707,AG067,Travel,North,2026-05-29,2027-05-29,19565,1663025,Active
POL000367,CUST00480,AG002,Commercial Property,South,2024-03-09,2025-03-09,905862,38952066,Expired
POL000368,CUST01778,AG049,Home,North,2024-02-28,2025-02-27,12130,412420,Active
POL000369,CUST01211,AG025,Motor,West,2024-08-20,2025-08-20,30312,2030904,Renewed
POL000370,CUST01308,AG084,Motor,East,2023-12-23,2024-12-22,9044,461244,Active
POL000371,CUST00567,AG025,Commercial Property,North,2024-04-10,2025-04-10,722676,43360560,Cancelled
POL000372,CUST00070,AG059,Travel,East,2024-10-16,2025-10-16,7506,532926,Expired
POL000373,CUST00306,AG043,Motor,East,2024-10-31,2025-10-31,23281,512182,Active
POL000374,CUST00054,AG116,Travel,West,2023-08-30,2024-08-29,4015,281050,Cancelled
POL000375,CUST01831,AG070,Marine,North,2023-08-08,2024-08-07,78928,4814608,Active
POL000376,CUST02301,AG098,Travel,East,2025-04-01,2026-04-01,1492,65648,Renewed
POL000377,CUST02973,AG073,Travel,South,2025-11-01,2026-11-01,13383,1231236,Lapsed
POL000378,CUST00959,AG070,Travel,South,2025-01-22,2026-01-22,1505,112875,Lapsed
POL000379,CUST02517,AG010,Commercial Property,North,2024-10-20,2025-10-20,869555,57390630,Active
POL000380,CUST01862,AG115,Marine,West,2024-11-24,2025-11-24,138891,9444588,Active
POL000381,CUST02874,AG098,Commercial Property,South,2024-01-05,2025-01-04,502578,32667570,Renewed
POL000382,CUST00024,AG098,Commercial Property,South,2025-11-26,2026-11-26,630172,58605996,Cancelled
POL000383,CUST00483,AG059,Home,North,2023-12-11,2024-12-10,31672,2597104,Renewed
POL000384,CUST00758,AG101,Marine,North,2023-09-24,2024-09-23,97803,2836287,Active
POL000385,CUST01785,AG035,Commercial Property,South,2024-10-01,2025-10-01,194463,8167446,Expired
POL000386,CUST00219,AG104,Home,West,2025-07-29,2026-07-29,41569,2203157,Cancelled
POL000387,CUST01203,AG048,Marine,South,2024-05-12,2025-05-12,165110,13539020,Active
POL000388,CUST00518,AG109,Marine,West,2024-08-15,2025-08-15,20756,1369896,Renewed
POL000389,CUST02885,AG116,Motor,North,2026-04-10,2027-04-10,8262,520506,Renewed
POL000390,CUST01926,AG023,Marine,North,2025-09-05,2026-09-05,75383,6332172,Expired
POL000391,CUST02131,AG084,Commercial Property,East,2024-01-08,2025-01-07,559057,48078902,Expired
POL000392,CUST00297,AG050,Home,East,2025-11-13,2026-11-13,23752,2113928,Cancelled
POL000393,CUST02860,AG097,Motor,West,2025-11-29,2026-11-29,9319,251613,Active
POL000394,CUST00448,AG105,Motor,East,2026-02-10,2027-02-10,5067,157077,Cancelled
POL000395,CUST01805,AG007,Home,West,2024-06-21,2025-06-21,56990,5243080,Expired
POL000396,CUST01286,AG088,Home,North,2024-11-24,2025-11-24,38302,804342,Active
POL000397,CUST01280,AG072,Travel,East,2025-05-08,2026-05-08,19808,1208288,Cancelled
POL000398,CUST00874,AG111,Home,South,2024-07-22,2025-07-22,38692,2785824,Cancelled
POL000399,CUST00361,AG080,Home,East,2025-02-16,2026-02-16,38947,3310495,Expired
POL000400,CUST02972,AG100,Travel,South,2024-07-09,2025-07-09,3708,107532,Active
POL000401,CUST02502,AG052,Marine,East,2025-12-12,2026-12-12,112220,5386560,Expired
POL000402,CUST02147,AG098,Motor,West,2024-06-24,2025-06-24,24449,1222450,Cancelled
POL000403,CUST01784,AG005,Home,West,2026-04-30,2027-04-30,11963,885262,Renewed
POL000404,CUST00800,AG071,Home,South,2026-02-03,2027-02-03,66392,3850736,Expired
POL000405,CUST00565,AG070,Marine,South,2024-04-27,2025-04-27,185313,4818138,Cancelled
POL000406,CUST00206,AG051,Marine,North,2024-04-27,2025-04-27,136479,9007614,Renewed
POL000407,CUST00844,AG073,Commercial Property,East,2026-06-04,2027-06-04,217201,9339643,Active
POL000408,CUST02021,AG081,Commercial Property,North,2023-10-24,2024-10-23,94569,5579571,Active
POL000409,CUST02079,AG050,Commercial Property,North,2026-01-09,2027-01-09,535175,17125600,Lapsed
POL000410,CUST01594,AG007,Motor,South,2025-07-26,2026-07-26,26530,1114260,Expired
POL000411,CUST01098,AG090,Motor,West,2024-07-14,2025-07-14,29310,879300,Expired
POL000412,CUST02318,AG046,Motor,North,2023-08-30,2024-08-29,13862,374274,Active
POL000413,CUST00879,AG111,Home,West,2026-07-17,2027-07-17,13173,566439,Cancelled
POL000414,CUST01795,AG037,Commercial Property,East,2025-09-30,2026-09-30,83544,2088600,Renewed
POL000415,CUST02256,AG007,Motor,West,2025-12-01,2026-12-01,17534,1139710,Lapsed
POL000416,CUST01609,AG037,Marine,North,2026-05-11,2027-05-11,37239,3686661,Expired
POL000417,CUST01137,AG045,Marine,North,2025-07-17,2026-07-17,171775,6183900,Active
POL000418,CUST00295,AG070,Home,West,2024-08-24,2025-08-24,41192,2389136,Lapsed
POL000419,CUST01472,AG045,Motor,South,2024-01-22,2025-01-21,27073,1380723,Cancelled
POL000420,CUST00137,AG008,Commercial Property,East,2026-02-20,2027-02-20,124094,8934768,Renewed
POL000421,CUST02243,AG008,Commercial Property,North,2026-06-20,2027-06-20,914286,26514294,Lapsed
POL000422,CUST02052,AG035,Travel,West,2026-02-08,2027-02-08,8917,321012,Expired
POL000423,CUST00012,AG051,Home,East,2024-12-23,2025-12-23,46079,3778478,Renewed
POL000424,CUST02593,AG045,Travel,South,2026-06-01,2027-06-01,8142,170982,Active
POL000425,CUST01603,AG024,Travel,South,2024-12-25,2025-12-25,5260,294560,Active
POL000426,CUST02346,AG090,Travel,East,2024-10-20,2025-10-20,7120,277680,Expired
POL000427,CUST00131,AG074,Home,East,2024-10-29,2025-10-29,64099,1602475,Renewed
POL000428,CUST01696,AG066,Motor,East,2026-01-21,2027-01-21,21009,1092468,Expired
POL000429,CUST00901,AG102,Motor,South,2025-04-26,2026-04-26,12644,467828,Lapsed
POL000430,CUST02305,AG072,Motor,East,2025-12-01,2026-12-01,26922,2396058,Renewed
POL000431,CUST00687,AG051,Marine,South,2026-05-07,2027-05-07,175561,4389025,Expired
POL000432,CUST01516,AG046,Home,West,2026-01-11,2027-01-11,60254,5181844,Expired
POL000433,CUST01823,AG015,Motor,East,2024-01-27,2025-01-26,35273,1093463,Cancelled
POL000434,CUST00690,AG013,Home,South,2025-01-30,2026-01-30,19857,1926129,Expired
POL000435,CUST02003,AG093,Motor,East,2025-08-29,2026-08-29,39369,787380,Cancelled
POL000436,CUST00867,AG069,Commercial Property,North,2024-10-13,2025-10-13,507735,34018245,Cancelled
POL000437,CUST02884,AG089,Commercial Property,North,2025-06-01,2026-06-01,225614,7219648,Renewed
POL000438,CUST02192,AG098,Commercial Property,North,2024-05-10,2025-05-10,552005,53544485,Expired
POL000439,CUST00707,AG103,Motor,West,2026-07-05,2027-07-05,15130,1286050,Cancelled
POL000440,CUST00689,AG093,Marine,East,2024-09-25,2025-09-25,45159,3657879,Expired
POL000441,CUST00523,AG081,Motor,North,2024-05-27,2025-05-27,16641,815409,Expired
POL000442,CUST01142,AG084,Home,North,2024-09-10,2025-09-10,13811,649117,Expired
POL000443,CUST02911,AG026,Commercial Property,North,2026-04-02,2027-04-02,681707,14315847,Expired
POL000444,CUST02927,AG090,Motor,South,2025-07-29,2026-07-29,7366,287274,Expired
POL000445,CUST00423,AG032,Home,South,2023-11-24,2024-11-23,40638,2722746,Expired
POL000446,CUST00193,AG053,Motor,South,2024-03-02,2025-03-02,37986,1975272,Renewed
POL000447,CUST01803,AG059,Home,North,2023-11-11,2024-11-10,30572,2384616,Cancelled
POL000448,CUST00664,AG077,Travel,North,2024-05-18,2025-05-18,1750,54250,Renewed
POL000449,CUST00652,AG075,Motor,West,2025-02-02,2026-02-02,24564,2137068,Expired
POL000450,CUST02540,AG050,Motor,North,2024-07-14,2025-07-14,22279,1559530,Expired
POL000451,CUST00058,AG065,Home,North,2025-03-14,2026-03-14,69530,1877310,Cancelled
POL000452,CUST00167,AG050,Travel,East,2025-09-18,2026-09-18,16089,788361,Renewed
POL000453,CUST00248,AG039,Home,North,2024-01-05,2025-01-04,60702,5705988,Cancelled
POL000454,CUST02806,AG040,Marine,East,2025-11-29,2026-11-29,133111,12911767,Expired
POL000455,CUST01859,AG025,Home,West,2023-10-23,2024-10-22,8559,308124,Expired
POL000456,CUST00602,AG033,Travel,South,2024-11-01,2025-11-01,3898,183206,Renewed
POL000457,CUST02782,AG066,Home,East,2025-07-12,2026-07-12,25468,2164780,Active
POL000458,CUST02620,AG031,Commercial Property,West,2025-11-29,2026-11-29,204684,12076356,Active
POL000459,CUST00981,AG114,Commercial Property,West,2026-01-31,2027-01-31,405294,14995878,Cancelled
POL000460,CUST00967,AG029,Travel,South,2025-04-23,2026-04-23,12949,660399,Cancelled
POL000461,CUST02739,AG068,Home,North,2025-07-27,2026-07-27,13082,1085806,Renewed
POL000462,CUST02309,AG087,Motor,East,2025-10-26,2026-10-26,22503,1215162,Renewed
POL000463,CUST01477,AG031,Marine,West,2026-04-24,2027-04-24,90320,6774000,Cancelled
POL000464,CUST00261,AG056,Commercial Property,West,2025-10-06,2026-10-06,450878,20740388,Cancelled
POL000465,CUST02194,AG090,Home,North,2025-04-18,2026-04-18,30495,640395,Lapsed
POL000466,CUST01635,AG077,Marine,East,2026-04-30,2027-04-30,109572,4163736,Cancelled
POL000467,CUST00982,AG002,Marine,West,2024-04-23,2025-04-23,137095,10693410,Cancelled
POL000468,CUST00744,AG050,Home,South,2026-04-21,2027-04-21,58916,2062060,Cancelled
POL000469,CUST00477,AG039,Motor,East,2025-10-06,2026-10-06,17806,1068360,Cancelled
POL000470,CUST01876,AG029,Home,North,2024-07-22,2025-07-22,45130,1489290,Active
POL000471,CUST00582,AG120,Motor,North,2025-08-12,2026-08-12,37485,1311975,Active
POL000472,CUST00641,AG027,Marine,West,2024-07-16,2025-07-16,166009,10956594,Cancelled
POL000473,CUST02787,AG084,Home,West,2024-09-02,2025-09-02,60265,5001995,Active
POL000474,CUST02167,AG053,Motor,West,2025-11-27,2026-11-27,17713,1115919,Expired
POL000475,CUST01640,AG088,Home,West,2026-05-05,2027-05-05,37685,2298785,Renewed
POL000476,CUST02645,AG106,Home,South,2023-11-03,2024-11-02,8223,205575,Cancelled
POL000477,CUST02127,AG085,Home,West,2025-08-21,2026-08-21,9611,240275,Active
POL000478,CUST00525,AG009,Motor,South,2025-11-06,2026-11-06,36709,2165831,Expired
POL000479,CUST01234,AG030,Marine,West,2024-06-22,2025-06-22,131521,12231453,Active
POL000480,CUST00674,AG117,Home,West,2023-08-14,2024-08-13,60830,1459920,Expired
POL000481,CUST00632,AG067,Motor,South,2024-03-25,2025-03-25,29778,2084460,Expired
POL000482,CUST02946,AG048,Motor,South,2024-11-12,2025-11-12,36761,3602578,Cancelled
POL000483,CUST02865,AG079,Home,South,2026-05-16,2027-05-16,19074,839256,Lapsed
POL000484,CUST02841,AG107,Commercial Property,South,2024-07-05,2025-07-05,774765,37188720,Cancelled
POL000485,CUST01434,AG005,Home,South,2026-05-24,2027-05-24,35736,2858880,Renewed
POL000486,CUST02487,AG064,Motor,North,2026-01-31,2027-01-31,35088,1228080,Lapsed
POL000487,CUST00511,AG020,Home,South,2024-06-25,2025-06-25,10528,736960,Active
POL000488,CUST02582,AG056,Marine,South,2024-10-08,2025-10-08,43498,2305394,Lapsed
POL000489,CUST01076,AG017,Marine,West,2024-04-15,2025-04-15,105016,3990608,Expired
POL000490,CUST00435,AG097,Home,South,2026-04-28,2027-04-28,18576,1801872,Cancelled
POL000491,CUST02939,AG105,Marine,South,2025-06-18,2026-06-18,195729,19572900,Expired
POL000492,CUST02532,AG044,Home,East,2026-03-15,2027-03-15,11746,552062,Cancelled
POL000493,CUST01003,AG009,Motor,West,2024-07-24,2025-07-24,20875,709750,Lapsed
POL000494,CUST00968,AG001,Motor,East,2023-12-24,2024-12-23,31005,2542410,Cancelled
POL000495,CUST00056,AG114,Home,East,2025-04-12,2026-04-12,50808,1473432,Expired
POL000496,CUST01175,AG085,Travel,South,2024-06-23,2025-06-23,17669,1254499,Expired
POL000497,CUST01134,AG102,Commercial Property,West,2025-04-11,2026-04-11,815982,65278560,Active
POL000498,CUST02703,AG009,Marine,East,2025-02-11,2026-02-11,39063,2617221,Active
POL000499,CUST01755,AG035,Travel,East,2024-09-07,2025-09-07,12213,268686,Lapsed
POL000500,CUST02035,AG046,Motor,West,2025-07-31,2026-07-31,18862,811066,Active
POL000501,CUST00649,AG086,Travel,North,2026-01-25,2027-01-25,6528,137088,Active
POL000502,CUST01260,AG010,Commercial Property,West,2026-04-12,2027-04-12,206941,9312345,Lapsed
POL000503,CUST01860,AG052,Home,West,2023-09-25,2024-09-24,38327,919848,Lapsed
POL000504,CUST01982,AG030,Commercial Property,West,2024-12-17,2025-12-17,564378,16931340,Lapsed
POL000505,CUST01390,AG090,Home,South,2024-12-28,2025-12-28,50731,4717983,Lapsed
POL000506,CUST02806,AG074,Commercial Property,West,2024-05-18,2025-05-18,711614,41985226,Expired
POL000507,CUST02100,AG087,Motor,North,2024-09-22,2025-09-22,30049,2824606,Cancelled
POL000508,CUST02401,AG009,Home,South,2025-08-29,2026-08-29,17485,1136525,Active
POL000509,CUST01869,AG103,Marine,West,2024-09-05,2025-09-05,94131,5271336,Renewed
POL000510,CUST01621,AG040,Motor,North,2023-09-25,2024-09-24,5078,299602,Lapsed
POL000511,CUST01844,AG119,Travel,West,2026-07-07,2027-07-07,15674,924766,Active
POL000512,CUST00139,AG033,Travel,South,2025-10-11,2026-10-11,14979,928698,Active
POL000513,CUST00816,AG005,Motor,West,2025-01-29,2026-01-29,21008,1995760,Renewed
POL000514,CUST02601,AG073,Marine,West,2026-04-13,2027-04-13,135704,8820760,Expired
POL000515,CUST01520,AG076,Commercial Property,West,2026-04-27,2027-04-27,778468,61498972,Active
POL000516,CUST01896,AG053,Home,East,2024-01-15,2025-01-14,15216,699936,Renewed
POL000517,CUST02543,AG109,Marine,South,2025-10-27,2026-10-27,102316,9310756,Lapsed
POL000518,CUST01781,AG032,Marine,West,2024-03-31,2025-03-31,93844,5442952,Cancelled
POL000519,CUST01251,AG079,Marine,East,2024-04-26,2025-04-26,87475,3061625,Renewed
POL000520,CUST01847,AG037,Commercial Property,South,2025-05-25,2026-05-25,656411,31507728,Lapsed
POL000521,CUST00599,AG029,Marine,West,2025-05-05,2026-05-05,157841,4103866,Lapsed
POL000522,CUST02741,AG105,Marine,West,2025-05-13,2026-05-13,145050,12764400,Lapsed
POL000523,CUST02339,AG058,Commercial Property,East,2023-11-09,2024-11-08,58363,2101068,Active
POL000524,CUST01235,AG116,Home,North,2025-09-22,2026-09-22,57917,4980862,Cancelled
POL000525,CUST02399,AG017,Home,East,2025-06-22,2026-06-22,32283,1162188,Active
POL000526,CUST01247,AG049,Home,North,2026-01-16,2027-01-16,27776,777728,Expired
POL000527,CUST01458,AG014,Commercial Property,South,2024-10-23,2025-10-23,990823,36660451,Active
POL000528,CUST02896,AG077,Home,West,2023-10-04,2024-10-03,64260,4498200,Expired
POL000529,CUST00324,AG119,Marine,East,2024-05-21,2025-05-21,165588,15399684,Lapsed
POL000530,CUST00775,AG034,Home,North,2026-01-09,2027-01-09,54256,3309616,Renewed
POL000531,CUST01520,AG007,Travel,South,2024-06-17,2025-06-17,18761,863006,Cancelled
POL000532,CUST01019,AG025,Home,South,2025-04-01,2026-04-01,18326,1081234,Renewed
POL000533,CUST01234,AG030,Marine,South,2025-06-22,2026-06-22,74502,5736654,Lapsed
POL000534,CUST02900,AG115,Travel,West,2024-03-20,2025-03-20,11282,428716,Lapsed
POL000535,CUST02715,AG063,Marine,West,2024-10-22,2025-10-22,191394,14545944,Cancelled
POL000536,CUST01305,AG008,Motor,West,2024-03-19,2025-03-19,22268,868452,Expired
POL000537,CUST01149,AG055,Commercial Property,East,2024-10-30,2025-10-30,689109,48237630,Cancelled
POL000538,CUST00547,AG067,Home,West,2024-05-02,2025-05-02,55830,2177370,Lapsed
POL000539,CUST02350,AG014,Home,North,2024-12-05,2025-12-05,9064,426008,Expired
POL000540,CUST01919,AG057,Motor,South,2024-04-18,2025-04-18,6439,180292,Active
POL000541,CUST01749,AG019,Travel,West,2025-02-18,2026-02-18,15337,1242297,Lapsed
POL000542,CUST02629,AG048,Commercial Property,East,2024-07-10,2025-07-10,341497,15708862,Active
POL000543,CUST01059,AG105,Motor,South,2024-06-17,2025-06-17,20127,1650414,Expired
POL000544,CUST02213,AG038,Home,North,2024-02-14,2025-02-13,25750,2008500,Active
POL000545,CUST00543,AG038,Commercial Property,North,2024-05-31,2025-05-31,744070,19345820,Cancelled
POL000546,CUST02989,AG100,Motor,West,2026-04-05,2027-04-05,32104,1059432,Renewed
POL000547,CUST00205,AG050,Travel,East,2024-04-28,2025-04-28,6992,461472,Lapsed
POL000548,CUST00608,AG044,Home,West,2026-03-20,2027-03-20,59682,5013288,Active
POL000549,CUST01615,AG098,Home,South,2024-02-25,2025-02-24,47242,4157296,Cancelled
POL000550,CUST02349,AG099,Marine,South,2026-02-16,2027-02-16,85301,2473729,Expired
POL000551,CUST01876,AG066,Motor,South,2023-10-31,2024-10-30,10540,263500,Expired
POL000552,CUST00203,AG111,Marine,West,2026-04-30,2027-04-30,39381,3229242,Cancelled
POL000553,CUST01454,AG023,Motor,South,2026-03-10,2027-03-10,14899,1430304,Cancelled
POL000554,CUST02017,AG050,Motor,West,2025-07-27,2026-07-27,11686,607672,Expired
POL000555,CUST01185,AG020,Home,West,2025-07-16,2026-07-16,18718,711284,Active
POL000556,CUST02647,AG049,Travel,South,2025-10-13,2026-10-13,9541,419804,Expired
POL000557,CUST00076,AG040,Motor,South,2026-05-26,2027-05-26,18261,1533924,Lapsed
POL000558,CUST00681,AG002,Travel,East,2025-08-24,2026-08-24,1681,112627,Lapsed
POL000559,CUST02793,AG058,Travel,East,2023-11-27,2024-11-26,7208,598264,Cancelled
POL000560,CUST02449,AG095,Commercial Property,South,2025-07-14,2026-07-14,217728,13063680,Renewed
POL000561,CUST00699,AG021,Home,East,2025-06-07,2026-06-07,37645,2446925,Lapsed
POL000562,CUST00343,AG019,Home,North,2025-02-06,2026-02-06,13279,1288063,Expired
POL000563,CUST00293,AG042,Motor,East,2024-01-27,2025-01-26,15332,1103904,Expired
POL000564,CUST01786,AG032,Motor,South,2025-06-25,2026-06-25,25823,2040017,Expired
POL000565,CUST01545,AG010,Travel,South,2026-05-09,2027-05-09,2400,148800,Cancelled
POL000566,CUST00439,AG029,Commercial Property,North,2024-10-02,2025-10-02,809013,71193144,Active
POL000567,CUST02632,AG011,Motor,East,2023-11-08,2024-11-07,19709,827778,Expired
POL000568,CUST00462,AG092,Motor,South,2026-06-04,2027-06-04,9998,669866,Lapsed
POL000569,CUST00035,AG014,Home,West,2024-10-01,2025-10-01,43113,4052622,Active
POL000570,CUST01267,AG040,Commercial Property,East,2024-08-03,2025-08-03,458381,16960097,Active
POL000571,CUST02615,AG068,Motor,West,2025-02-11,2026-02-11,16643,1348083,Expired
POL000572,CUST01636,AG096,Marine,East,2026-05-23,2027-05-23,125310,7393290,Active
POL000573,CUST02501,AG019,Commercial Property,West,2023-08-23,2024-08-22,167223,12541725,Expired
POL000574,CUST00262,AG006,Home,North,2023-09-11,2024-09-10,19994,1119664,Expired
POL000575,CUST01990,AG066,Commercial Property,East,2023-11-03,2024-11-02,818332,75286544,Active
POL000576,CUST02829,AG068,Motor,West,2026-06-29,2027-06-29,34262,1096384,Expired
POL000577,CUST00899,AG113,Commercial Property,South,2023-12-12,2024-12-11,109782,8233650,Renewed
POL000578,CUST01425,AG120,Travel,North,2025-06-06,2026-06-06,3044,136980,Expired
POL000579,CUST00395,AG001,Commercial Property,East,2025-08-10,2026-08-10,965373,58887753,Active
POL000580,CUST02908,AG001,Marine,South,2024-09-06,2025-09-06,158794,10321610,Lapsed
POL000581,CUST01848,AG051,Home,West,2025-02-22,2026-02-22,51252,4510176,Renewed
POL000582,CUST02277,AG114,Home,West,2023-08-10,2024-08-09,69181,3182326,Lapsed
POL000583,CUST00342,AG065,Commercial Property,West,2023-12-27,2024-12-26,993852,62612676,Active
POL000584,CUST01778,AG071,Commercial Property,West,2023-09-13,2024-09-12,309870,18282330,Active
POL000585,CUST00643,AG026,Motor,North,2025-06-03,2026-06-03,17443,837264,Lapsed
POL000586,CUST00766,AG060,Home,North,2024-06-24,2025-06-24,55912,5367552,Active
POL000587,CUST01976,AG064,Commercial Property,West,2025-03-30,2026-03-30,989160,68252040,Active
POL000588,CUST02601,AG116,Motor,West,2025-01-09,2026-01-09,29263,2575144,Lapsed
POL000589,CUST02486,AG057,Motor,East,2023-08-20,2024-08-19,21211,1527192,Active
POL000590,CUST02185,AG083,Travel,North,2024-03-27,2025-03-27,19990,1019490,Lapsed
POL000591,CUST02998,AG020,Marine,East,2025-01-19,2026-01-19,197093,13796510,Renewed
POL000592,CUST00386,AG018,Marine,West,2023-12-08,2024-12-07,64778,3951458,Renewed
POL000593,CUST01336,AG029,Home,East,2023-08-20,2024-08-19,46874,4546778,Cancelled
POL000594,CUST02490,AG003,Travel,North,2023-09-19,2024-09-18,5472,415872,Cancelled
POL000595,CUST01794,AG074,Travel,South,2026-07-08,2027-07-08,10978,1086822,Renewed
POL000596,CUST02810,AG088,Travel,North,2025-05-13,2026-05-13,15984,1326672,Cancelled
POL000597,CUST00793,AG103,Commercial Property,East,2024-06-24,2025-06-24,583786,56627242,Lapsed
POL000598,CUST01878,AG067,Marine,North,2024-08-21,2025-08-21,83578,8357800,Cancelled
POL000599,CUST02394,AG069,Home,West,2026-08-01,2027-08-01,15000,345000,Cancelled
POL000600,CUST02622,AG066,Marine,East,2023-10-06,2024-10-05,178578,12500460,Active
POL000601,CUST00572,AG059,Marine,South,2023-09-21,2024-09-20,28231,705775,Renewed
POL000602,CUST02190,AG107,Travel,East,2026-04-07,2027-04-07,6870,357240,Cancelled
POL000603,CUST02276,AG025,Commercial Property,North,2024-02-06,2025-02-05,650974,16274350,Cancelled
POL000604,CUST00435,AG071,Travel,East,2024-05-25,2025-05-25,16523,1057472,Renewed
POL000605,CUST00194,AG001,Home,North,2025-06-10,2026-06-10,68650,3226550,Active
POL000606,CUST00833,AG003,Marine,West,2024-10-11,2025-10-11,175234,11390210,Renewed
POL000607,CUST01796,AG070,Marine,North,2024-01-22,2025-01-21,168198,9587286,Renewed
POL000608,CUST00485,AG068,Travel,North,2026-01-21,2027-01-21,1639,131120,Expired
POL000609,CUST01526,AG114,Travel,North,2026-04-07,2027-04-07,7686,269010,Active
POL000610,CUST02439,AG006,Home,East,2025-09-25,2026-09-25,27858,1950060,Renewed
POL000611,CUST01233,AG005,Marine,East,2023-09-07,2024-09-06,125085,8505780,Expired
POL000612,CUST01957,AG018,Home,North,2025-04-30,2026-04-30,67648,4058880,Renewed
POL000613,CUST00967,AG028,Home,South,2024-01-04,2025-01-03,16184,922488,Renewed
POL000614,CUST02217,AG037,Motor,East,2026-02-14,2027-02-14,37696,2299456,Cancelled
POL000615,CUST00950,AG069,Commercial Property,South,2024-10-10,2025-10-10,939300,45086400,Cancelled
POL000616,CUST01425,AG028,Motor,West,2023-10-24,2024-10-23,10363,341979,Expired
POL000617,CUST02697,AG024,Commercial Property,North,2025-02-01,2026-02-01,183930,5701830,Active
POL000618,CUST01744,AG099,Travel,South,2025-05-22,2026-05-22,17208,929232,Lapsed
POL000619,CUST01331,AG022,Commercial Property,South,2026-06-20,2027-06-20,631061,27135623,Lapsed
POL000620,CUST00474,AG065,Marine,South,2024-02-01,2025-01-31,101953,6219133,Renewed
POL000621,CUST02168,AG110,Marine,North,2024-02-08,2025-02-07,34349,893074,Cancelled
POL000622,CUST01932,AG030,Marine,North,2024-07-25,2025-07-25,139041,9176706,Expired
POL000623,CUST01890,AG016,Marine,South,2026-02-04,2027-02-04,158654,10312510,Lapsed
POL000624,CUST01366,AG030,Marine,West,2023-09-05,2024-09-04,95860,7860520,Lapsed
POL000625,CUST01726,AG011,Commercial Property,North,2025-11-09,2026-11-09,278351,7793828,Expired
POL000626,CUST02073,AG069,Home,South,2024-12-24,2025-12-24,69363,2913246,Lapsed
POL000627,CUST00040,AG037,Motor,East,2024-08-03,2025-08-03,16409,1493219,Renewed
POL000628,CUST02833,AG040,Home,East,2026-06-26,2027-06-26,28542,2055024,Cancelled
POL000629,CUST02097,AG073,Home,East,2023-12-16,2024-12-15,39629,1307757,Cancelled
POL000630,CUST00359,AG095,Travel,West,2026-03-02,2027-03-02,13501,1093581,Renewed
POL000631,CUST00860,AG105,Travel,South,2025-09-11,2026-09-11,11170,781900,Expired
POL000632,CUST00216,AG079,Commercial Property,East,2025-01-21,2026-01-21,408041,38763895,Lapsed
POL000633,CUST02270,AG044,Commercial Property,North,2026-05-08,2027-05-08,674508,54635148,Expired
POL000634,CUST00390,AG091,Commercial Property,North,2023-09-18,2024-09-17,221678,6650340,Lapsed
POL000635,CUST01208,AG050,Commercial Property,West,2025-11-04,2026-11-04,732152,40268360,Lapsed
POL000636,CUST02299,AG117,Commercial Property,East,2024-05-01,2025-05-01,228988,15342196,Renewed
POL000637,CUST02427,AG007,Marine,East,2025-03-17,2026-03-17,155872,6546624,Expired
POL000638,CUST00564,AG039,Motor,West,2024-08-27,2025-08-27,35327,3073449,Lapsed
POL000639,CUST02379,AG068,Home,West,2024-07-26,2025-07-26,38285,2220530,Cancelled
POL000640,CUST00655,AG067,Marine,North,2025-04-07,2026-04-07,74030,5182100,Lapsed
POL000641,CUST02164,AG065,Motor,North,2025-04-08,2026-04-08,16942,1067346,Renewed
POL000642,CUST02207,AG011,Commercial Property,North,2024-01-31,2025-01-30,924818,50864990,Cancelled
POL000643,CUST00684,AG107,Commercial Property,North,2025-08-03,2026-08-03,710891,23459403,Renewed
POL000644,CUST01742,AG119,Travel,North,2024-09-01,2025-09-01,19359,1432566,Lapsed
POL000645,CUST02067,AG069,Home,South,2026-05-12,2027-05-12,13860,304920,Renewed
POL000646,CUST00498,AG016,Motor,East,2023-09-12,2024-09-11,17789,1654377,Expired
POL000647,CUST02350,AG061,Commercial Property,North,2024-02-28,2025-02-27,944258,55711222,Expired
POL000648,CUST00242,AG089,Marine,East,2023-09-17,2024-09-16,131828,11469036,Cancelled
POL000649,CUST01343,AG008,Commercial Property,North,2023-08-13,2024-08-12,347173,12845401,Cancelled
POL000650,CUST02175,AG064,Home,West,2024-08-16,2025-08-16,34244,1575224,Renewed
POL000651,CUST02952,AG077,Travel,South,2025-03-16,2026-03-16,12425,882175,Lapsed
POL000652,CUST00030,AG081,Home,South,2025-06-28,2026-06-28,23859,1479258,Lapsed
POL000653,CUST02727,AG032,Marine,West,2025-10-26,2026-10-26,185902,5762962,Cancelled
POL000654,CUST01463,AG045,Travel,West,2024-11-28,2025-11-28,19615,666910,Active
POL000655,CUST00549,AG108,Travel,East,2024-07-19,2025-07-19,2395,203575,Expired
POL000656,CUST02436,AG054,Travel,West,2026-06-16,2027-06-16,6190,420920,Renewed
POL000657,CUST01548,AG104,Motor,East,2025-04-29,2026-04-29,21342,1109784,Cancelled
POL000658,CUST02600,AG115,Motor,West,2023-11-23,2024-11-22,10016,460736,Cancelled
POL000659,CUST00510,AG005,Commercial Property,East,2023-12-18,2024-12-17,441438,19423272,Lapsed
POL000660,CUST00585,AG063,Commercial Property,North,2023-11-06,2024-11-05,326885,23862605,Expired
POL000661,CUST01062,AG087,Travel,South,2024-10-06,2025-10-06,9627,519858,Renewed
POL000662,CUST01687,AG074,Motor,South,2024-10-05,2025-10-05,25774,644350,Renewed
POL000663,CUST00712,AG023,Travel,West,2024-06-01,2025-06-01,1117,93828,Lapsed
POL000664,CUST02896,AG031,Marine,West,2026-05-24,2027-05-24,103860,6439320,Lapsed
POL000665,CUST00806,AG003,Travel,South,2023-12-08,2024-12-07,9712,718688,Lapsed
POL000666,CUST02953,AG099,Commercial Property,North,2025-08-24,2026-08-24,863338,20720112,Expired
POL000667,CUST02022,AG027,Marine,South,2026-05-26,2027-05-26,157027,14132430,Renewed
POL000668,CUST01164,AG098,Travel,East,2025-01-17,2026-01-17,8027,642160,Renewed
POL000669,CUST00462,AG045,Motor,East,2025-04-11,2026-04-11,11179,491876,Lapsed
POL000670,CUST01429,AG034,Travel,North,2024-10-05,2025-10-05,13972,572852,Active
POL000671,CUST00143,AG093,Marine,North,2023-09-30,2024-09-29,80986,5264090,Renewed
POL000672,CUST00232,AG091,Travel,South,2024-06-18,2025-06-18,3172,263276,Lapsed
POL000673,CUST00984,AG108,Marine,North,2026-05-31,2027-05-31,90968,8187120,Active
POL000674,CUST01135,AG070,Motor,West,2024-02-26,2025-02-25,25287,1997673,Active
POL000675,CUST02353,AG053,Commercial Property,West,2025-02-23,2026-02-23,957595,44049370,Expired
POL000676,CUST01187,AG002,Home,East,2025-09-04,2026-09-04,40506,2146818,Expired
POL000677,CUST00789,AG040,Home,West,2024-01-19,2025-01-18,15070,1024760,Lapsed
POL000678,CUST00612,AG070,Travel,North,2024-09-09,2025-09-09,16561,1175831,Renewed
POL000679,CUST01374,AG100,Home,North,2024-09-03,2025-09-03,59054,2952700,Renewed
POL000680,CUST02228,AG075,Travel,South,2026-06-10,2027-06-10,7441,171143,Active
POL000681,CUST00393,AG064,Marine,West,2024-04-05,2025-04-05,102048,5204448,Expired
POL000682,CUST01891,AG012,Marine,North,2026-06-19,2027-06-19,140951,6201844,Active
POL000683,CUST01560,AG073,Travel,South,2026-02-10,2027-02-10,7691,192275,Lapsed
POL000684,CUST00103,AG103,Travel,North,2026-07-20,2027-07-20,7082,368264,Cancelled
POL000685,CUST02242,AG104,Marine,West,2024-06-13,2025-06-13,49087,1374436,Renewed
POL000686,CUST00593,AG106,Motor,West,2025-10-23,2026-10-23,21831,1047888,Cancelled
POL000687,CUST01628,AG002,Marine,South,2026-07-03,2027-07-03,57807,2196666,Cancelled
POL000688,CUST02722,AG094,Home,South,2024-04-05,2025-04-05,57501,1265022,Lapsed
POL000689,CUST02528,AG003,Marine,East,2025-07-03,2026-07-03,144376,6641296,Expired
POL000690,CUST01676,AG011,Travel,East,2024-09-02,2025-09-02,5277,416883,Lapsed
POL000691,CUST02213,AG045,Marine,North,2023-10-09,2024-10-08,110425,3754450,Renewed
POL000692,CUST02200,AG075,Motor,South,2026-06-15,2027-06-15,11931,369861,Expired
POL000693,CUST01695,AG033,Travel,West,2025-10-12,2026-10-12,18559,1503279,Lapsed
POL000694,CUST00040,AG065,Travel,West,2023-11-09,2024-11-08,13431,1168497,Cancelled
POL000695,CUST02693,AG072,Marine,West,2023-11-24,2024-11-23,154000,4774000,Lapsed
POL000696,CUST00352,AG056,Motor,North,2023-12-12,2024-12-11,37158,2155164,Active
POL000697,CUST02992,AG081,Motor,West,2024-04-06,2025-04-06,39674,1428264,Expired
POL000698,CUST01108,AG058,Marine,South,2026-06-11,2027-06-11,90520,2263000,Lapsed
POL000699,CUST01124,AG056,Home,North,2025-08-23,2026-08-23,45623,1961789,Expired
POL000700,CUST00608,AG111,Motor,South,2025-04-23,2026-04-23,9320,195720,Cancelled
POL000701,CUST00085,AG003,Marine,North,2024-12-17,2025-12-17,77096,6938640,Lapsed
POL000702,CUST02432,AG015,Travel,South,2025-03-23,2026-03-23,15858,1554084,Active
POL000703,CUST00011,AG003,Motor,North,2025-10-29,2026-10-29,12950,1217300,Active
POL000704,CUST01871,AG095,Travel,South,2024-12-18,2025-12-18,17202,1616988,Lapsed
POL000705,CUST01380,AG039,Commercial Property,West,2023-09-25,2024-09-24,883782,78656598,Active
POL000706,CUST00208,AG003,Commercial Property,West,2023-10-26,2024-10-25,92604,8889984,Lapsed
POL000707,CUST00397,AG093,Commercial Property,East,2024-02-02,2025-02-01,983566,50161866,Renewed
POL000708,CUST02713,AG078,Motor,North,2026-02-09,2027-02-09,39300,3576300,Cancelled
POL000709,CUST00075,AG025,Marine,East,2025-08-17,2026-08-17,170295,9025635,Active
POL000710,CUST01684,AG004,Motor,East,2024-08-28,2025-08-28,18333,1411641,Cancelled
POL000711,CUST01809,AG019,Travel,East,2024-09-29,2025-09-29,14252,370552,Active
POL000712,CUST00571,AG091,Motor,South,2025-09-25,2026-09-25,22497,2002233,Active
POL000713,CUST02444,AG119,Commercial Property,South,2024-09-04,2025-09-04,518439,29032584,Active
POL000714,CUST00287,AG064,Home,West,2025-04-23,2026-04-23,10207,540971,Cancelled
POL000715,CUST01277,AG021,Home,West,2024-10-20,2025-10-20,59751,2868048,Cancelled
POL000716,CUST00388,AG099,Travel,North,2026-03-12,2027-03-12,6225,566475,Expired
POL000717,CUST02574,AG023,Commercial Property,East,2025-05-30,2026-05-30,122816,12281600,Cancelled
POL000718,CUST00130,AG008,Marine,North,2026-06-07,2027-06-07,124223,9813617,Lapsed
POL000719,CUST00221,AG011,Home,South,2025-12-31,2026-12-31,25334,912024,Lapsed
POL000720,CUST00720,AG026,Home,South,2026-04-24,2027-04-24,13679,492444,Lapsed
POL000721,CUST01084,AG069,Travel,North,2024-12-13,2025-12-13,1962,131454,Active
POL000722,CUST02993,AG117,Travel,West,2024-11-16,2025-11-16,8352,442656,Cancelled
POL000723,CUST01717,AG029,Travel,North,2025-09-13,2026-09-13,5729,332282,Renewed
POL000724,CUST02045,AG093,Motor,North,2024-04-15,2025-04-15,10774,1077400,Expired
POL000725,CUST01728,AG011,Marine,West,2025-12-12,2026-12-12,81571,6688822,Renewed
POL000726,CUST02783,AG017,Commercial Property,South,2026-06-25,2027-06-25,835858,65196924,Expired
POL000727,CUST01587,AG120,Travel,West,2025-03-27,2026-03-27,14707,941248,Renewed
POL000728,CUST01675,AG110,Home,South,2023-09-04,2024-09-03,13019,1158691,Renewed
POL000729,CUST00654,AG075,Commercial Property,East,2024-07-30,2025-07-30,744567,20103309,Expired
POL000730,CUST02051,AG073,Marine,North,2024-11-18,2025-11-18,48535,3931335,Cancelled
POL000731,CUST00220,AG040,Home,South,2025-10-10,2026-10-10,28526,2082398,Renewed
POL000732,CUST02610,AG056,Commercial Property,South,2024-02-04,2025-02-03,879035,45709820,Lapsed
POL000733,CUST01638,AG085,Marine,South,2026-06-13,2027-06-13,170688,9387840,Cancelled
POL000734,CUST00802,AG070,Motor,North,2023-10-29,2024-10-28,11624,1046160,Active
POL000735,CUST01257,AG029,Commercial Property,South,2023-10-18,2024-10-17,294844,18575172,Lapsed
POL000736,CUST01720,AG069,Marine,South,2025-02-14,2026-02-14,155480,3420560,Renewed
POL000737,CUST00745,AG012,Travel,East,2024-01-10,2025-01-09,4301,172040,Cancelled
POL000738,CUST00121,AG016,Marine,South,2026-05-03,2027-05-03,68886,4890906,Active
POL000739,CUST00412,AG092,Marine,West,2024-12-29,2025-12-29,82840,6958560,Renewed
POL000740,CUST02436,AG058,Motor,North,2024-09-12,2025-09-12,18279,1645110,Lapsed
POL000741,CUST00860,AG039,Commercial Property,North,2025-05-18,2026-05-18,63847,5107760,Active
POL000742,CUST02672,AG072,Home,North,2024-04-13,2025-04-13,56990,4160270,Active
POL000743,CUST02079,AG034,Motor,West,2025-02-26,2026-02-26,15196,486272,Lapsed
POL000744,CUST00494,AG010,Marine,West,2025-02-10,2026-02-10,115593,5317278,Renewed
POL000745,CUST01936,AG119,Marine,South,2024-10-07,2025-10-07,63423,2600343,Lapsed
POL000746,CUST01917,AG077,Commercial Property,West,2025-03-07,2026-03-07,194285,5245695,Expired
POL000747,CUST02828,AG066,Travel,North,2024-07-21,2025-07-21,1900,64600,Lapsed
POL000748,CUST01971,AG063,Travel,South,2025-10-09,2026-10-09,13589,475615,Lapsed
POL000749,CUST01718,AG072,Home,West,2026-04-18,2027-04-18,62886,2075238,Active
POL000750,CUST01442,AG060,Home,East,2025-04-18,2026-04-18,52153,4380852,Active
POL000751,CUST00553,AG028,Motor,South,2025-04-25,2026-04-25,21835,1528450,Expired
POL000752,CUST02740,AG098,Home,North,2026-08-03,2027-08-03,46343,3151324,Lapsed
POL000753,CUST01594,AG103,Marine,West,2025-11-15,2026-11-15,194687,14796212,Cancelled
POL000754,CUST00582,AG012,Motor,West,2026-03-26,2027-03-26,12759,778299,Active
POL000755,CUST00019,AG062,Motor,West,2024-01-20,2025-01-19,24542,515382,Expired
POL000756,CUST01057,AG115,Home,East,2024-11-26,2025-11-26,69670,2786800,Cancelled
POL000757,CUST01200,AG065,Home,North,2025-03-10,2026-03-10,45872,1284416,Expired
POL000758,CUST00306,AG105,Motor,North,2024-09-15,2025-09-15,24754,519834,Cancelled
POL000759,CUST01951,AG093,Home,North,2024-09-05,2025-09-05,14614,964524,Lapsed
POL000760,CUST02517,AG111,Travel,East,2024-01-17,2025-01-16,8572,531464,Expired
POL000761,CUST00486,AG113,Marine,North,2024-02-25,2025-02-24,105420,5798100,Renewed
POL000762,CUST00501,AG041,Travel,East,2025-12-02,2026-12-02,14909,1192720,Expired
POL000763,CUST00313,AG116,Commercial Property,East,2025-12-09,2026-12-09,622531,47934887,Renewed
POL000764,CUST02306,AG064,Marine,North,2024-11-24,2025-11-24,175261,14721924,Active
POL000765,CUST02751,AG104,Marine,East,2024-02-10,2025-02-09,118665,11391840,Renewed
POL000766,CUST01199,AG056,Home,South,2025-02-27,2026-02-27,9236,618812,Cancelled
POL000767,CUST01809,AG014,Travel,West,2024-09-24,2025-09-24,12734,292882,Renewed
POL000768,CUST01080,AG097,Home,North,2026-01-06,2027-01-06,38398,3110238,Lapsed
POL000769,CUST01258,AG030,Home,West,2024-09-14,2025-09-14,22189,1930443,Active
POL000770,CUST01329,AG091,Home,West,2025-01-15,2026-01-15,61827,4822506,Expired
POL000771,CUST01616,AG088,Travel,North,2025-04-24,2026-04-24,11889,1034343,Renewed
POL000772,CUST01838,AG054,Home,West,2025-06-14,2026-06-14,44372,3283528,Cancelled
POL000773,CUST01959,AG009,Home,North,2023-12-30,2024-12-29,50775,2335650,Cancelled
POL000774,CUST00514,AG028,Home,West,2025-11-19,2026-11-19,35365,3076755,Renewed
POL000775,CUST01079,AG067,Commercial Property,West,2025-08-08,2026-08-08,886062,76201332,Renewed
POL000776,CUST00964,AG034,Commercial Property,South,2024-03-31,2025-03-31,865184,17303680,Cancelled
POL000777,CUST00344,AG116,Motor,South,2025-07-20,2026-07-20,36081,2200941,Lapsed
POL000778,CUST02793,AG084,Travel,West,2024-05-29,2025-05-29,11298,689178,Renewed
POL000779,CUST02911,AG044,Travel,North,2025-08-13,2026-08-13,16183,1035712,Cancelled
POL000780,CUST02159,AG034,Home,West,2026-04-28,2027-04-28,46449,1765062,Expired
POL000781,CUST00845,AG024,Travel,South,2024-03-16,2025-03-16,15923,429921,Expired
POL000782,CUST01904,AG107,Home,South,2025-09-16,2026-09-16,14769,989523,Renewed
POL000783,CUST01207,AG021,Travel,North,2024-03-13,2025-03-13,6386,625828,Lapsed
POL000784,CUST02267,AG030,Marine,North,2024-08-01,2025-08-01,164831,3955944,Cancelled
POL000785,CUST00734,AG024,Home,North,2025-09-15,2026-09-15,45918,1056114,Expired
POL000786,CUST01629,AG035,Travel,North,2023-10-29,2024-10-28,7041,584403,Active
POL000787,CUST00080,AG118,Motor,West,2026-04-23,2027-04-23,6656,312832,Active
POL000788,CUST00045,AG005,Travel,South,2024-04-23,2025-04-23,12220,696540,Lapsed
POL000789,CUST01146,AG049,Home,South,2024-12-02,2025-12-02,35083,3262719,Expired
POL000790,CUST00990,AG118,Motor,West,2025-06-29,2026-06-29,15479,1408589,Active
POL000791,CUST00250,AG021,Commercial Property,South,2025-01-15,2026-01-15,322744,20655616,Lapsed
POL000792,CUST02477,AG029,Commercial Property,East,2025-10-31,2026-10-31,824016,29664576,Renewed
POL000793,CUST02346,AG016,Home,West,2025-01-09,2026-01-09,43449,2997981,Expired
POL000794,CUST00514,AG107,Marine,North,2025-12-27,2026-12-27,167642,12573150,Renewed
POL000795,CUST00681,AG071,Travel,West,2025-02-07,2026-02-07,15864,920112,Cancelled
POL000796,CUST01855,AG093,Home,West,2024-03-27,2025-03-27,48857,977140,Lapsed
POL000797,CUST02029,AG047,Commercial Property,West,2024-11-27,2025-11-27,834527,60085944,Active
POL000798,CUST00704,AG077,Home,North,2023-09-24,2024-09-23,51588,1289700,Expired
POL000799,CUST00134,AG036,Home,North,2026-04-02,2027-04-02,58897,3121541,Lapsed
POL000800,CUST01013,AG027,Commercial Property,North,2024-03-03,2025-03-03,251775,10574550,Active
POL000801,CUST01533,AG116,Home,South,2024-07-23,2025-07-23,12406,769172,Cancelled
POL000802,CUST02941,AG088,Motor,North,2024-10-23,2025-10-23,19827,475848,Expired
POL000803,CUST00665,AG038,Travel,East,2025-02-06,2026-02-06,9047,461397,Renewed
POL000804,CUST02312,AG096,Home,West,2025-06-01,2026-06-01,8474,745712,Expired
POL000805,CUST02375,AG008,Motor,South,2025-12-09,2026-12-09,22659,1722084,Cancelled
POL000806,CUST00483,AG019,Commercial Property,West,2024-08-14,2025-08-14,109183,5568333,Renewed
POL000807,CUST01523,AG036,Travel,South,2023-10-10,2024-10-09,11124,444960,Active
POL000808,CUST00833,AG116,Motor,West,2025-12-24,2026-12-24,16944,1304688,Cancelled
POL000809,CUST02880,AG030,Commercial Property,North,2024-12-27,2025-12-27,129705,4150560,Renewed
POL000810,CUST01305,AG020,Marine,South,2024-02-25,2025-02-24,131031,11137635,Renewed
POL000811,CUST02543,AG055,Marine,West,2025-02-14,2026-02-14,57189,2001615,Renewed
POL000812,CUST02184,AG116,Home,North,2023-11-17,2024-11-16,45426,2453004,Cancelled
POL000813,CUST01450,AG089,Home,East,2024-04-19,2025-04-19,20520,1005480,Cancelled
POL000814,CUST00572,AG013,Marine,North,2024-01-29,2025-01-28,91016,8555504,Active
POL000815,CUST01889,AG082,Marine,South,2024-06-30,2025-06-30,135767,5023379,Cancelled
POL000816,CUST00383,AG065,Travel,South,2023-10-23,2024-10-22,5302,471878,Expired
POL000817,CUST02224,AG062,Marine,East,2024-02-17,2025-02-16,67273,5583659,Active
POL000818,CUST00961,AG097,Travel,West,2026-03-12,2027-03-12,7497,307377,Lapsed
POL000819,CUST01394,AG060,Commercial Property,West,2025-07-05,2026-07-05,223989,19935021,Cancelled
POL000820,CUST02063,AG101,Travel,East,2023-09-16,2024-09-15,11929,775385,Lapsed
POL000821,CUST01958,AG018,Commercial Property,South,2026-02-22,2027-02-22,795119,56453449,Expired
POL000822,CUST01250,AG119,Motor,East,2026-02-11,2027-02-11,31076,1460572,Cancelled
POL000823,CUST00752,AG112,Marine,North,2024-09-07,2025-09-07,165607,10598848,Active
POL000824,CUST01229,AG058,Motor,South,2025-07-28,2026-07-28,28112,1180704,Lapsed
POL000825,CUST00695,AG102,Travel,South,2023-11-05,2024-11-04,1416,56640,Expired
POL000826,CUST00047,AG101,Marine,North,2026-04-11,2027-04-11,170312,3576552,Lapsed
POL000827,CUST01679,AG052,Travel,West,2025-06-29,2026-06-29,2302,46040,Cancelled
POL000828,CUST01955,AG108,Marine,North,2025-06-26,2026-06-26,70909,3970904,Active
POL000829,CUST01007,AG048,Motor,South,2024-04-19,2025-04-19,9906,445770,Lapsed
POL000830,CUST00356,AG076,Commercial Property,South,2024-07-07,2025-07-07,148195,7113360,Renewed
POL000831,CUST01991,AG085,Motor,North,2024-08-20,2025-08-20,32516,780384,Cancelled
POL000832,CUST00225,AG061,Travel,East,2023-11-04,2024-11-03,14696,1102200,Expired
POL000833,CUST00061,AG074,Travel,East,2024-04-27,2025-04-27,12599,768539,Expired
POL000834,CUST01744,AG085,Travel,South,2024-01-23,2025-01-22,3953,150214,Expired
POL000835,CUST02634,AG120,Motor,South,2024-09-14,2025-09-14,17991,1781109,Cancelled
POL000836,CUST00407,AG050,Marine,North,2024-11-16,2025-11-16,55970,3582080,Cancelled
POL000837,CUST02698,AG115,Marine,North,2025-06-16,2026-06-16,66839,4611891,Lapsed
POL000838,CUST02837,AG027,Marine,West,2025-08-19,2026-08-19,28295,1471340,Lapsed
POL000839,CUST00285,AG061,Marine,South,2025-01-09,2026-01-09,92730,5656530,Cancelled
POL000840,CUST00707,AG039,Motor,West,2026-07-12,2027-07-12,6295,270685,Active
POL000841,CUST01095,AG010,Home,East,2026-06-14,2027-06-14,37182,3086106,Expired
POL000842,CUST01593,AG074,Home,East,2023-08-11,2024-08-10,36075,1875900,Renewed
POL000843,CUST00924,AG049,Commercial Property,North,2025-01-23,2026-01-23,437682,16194234,Renewed
POL000844,CUST02113,AG056,Commercial Property,North,2025-02-27,2026-02-27,257471,13903434,Active
POL000845,CUST01282,AG062,Motor,North,2026-04-22,2027-04-22,27210,1469340,Expired
POL000846,CUST00134,AG075,Motor,West,2024-06-29,2025-06-29,23253,1116144,Renewed
POL000847,CUST02002,AG109,Commercial Property,North,2023-10-12,2024-10-11,369527,26605944,Active
POL000848,CUST00870,AG059,Marine,South,2026-08-04,2027-08-04,156983,4081558,Renewed
POL000849,CUST01703,AG033,Travel,North,2026-03-26,2027-03-26,12514,913522,Renewed
POL000850,CUST02700,AG039,Home,West,2026-04-22,2027-04-22,34485,1069035,Lapsed
POL000851,CUST00684,AG074,Marine,North,2025-07-01,2026-07-01,138701,4715834,Active
POL000852,CUST00084,AG038,Commercial Property,East,2025-02-05,2026-02-05,453763,22688150,Cancelled
POL000853,CUST01016,AG057,Travel,West,2024-06-12,2025-06-12,8467,457218,Renewed
POL000854,CUST01803,AG086,Commercial Property,South,2024-11-13,2025-11-13,725924,34118428,Active
POL000855,CUST00752,AG054,Travel,West,2023-09-17,2024-09-16,6997,503784,Renewed
POL000856,CUST02082,AG083,Commercial Property,East,2026-08-03,2027-08-03,524084,44023056,Renewed
POL000857,CUST01929,AG097,Marine,South,2024-02-19,2025-02-18,106373,4893158,Lapsed
POL000858,CUST02531,AG112,Travel,South,2025-04-02,2026-04-02,17876,1501584,Renewed
POL000859,CUST00090,AG109,Travel,North,2025-09-09,2026-09-09,11572,671176,Lapsed
POL000860,CUST02654,AG110,Home,South,2024-08-19,2025-08-19,53512,4869592,Renewed
POL000861,CUST00766,AG108,Motor,West,2025-11-30,2026-11-30,34018,918486,Active
POL000862,CUST02085,AG108,Travel,South,2023-10-30,2024-10-29,6810,667380,Active
POL000863,CUST02878,AG042,Commercial Property,South,2026-07-27,2027-07-27,489017,22494782,Expired
POL000864,CUST01262,AG079,Travel,North,2025-12-28,2026-12-28,18494,980182,Expired
POL000865,CUST02724,AG031,Travel,East,2025-05-29,2026-05-29,18549,575019,Expired
POL000866,CUST02317,AG079,Marine,East,2025-06-01,2026-06-01,93997,6861781,Renewed
POL000867,CUST02207,AG057,Motor,West,2024-10-17,2025-10-17,16772,737968,Active
POL000868,CUST02100,AG096,Marine,East,2026-06-18,2027-06-18,91186,5015230,Expired
POL000869,CUST01932,AG065,Motor,South,2025-11-26,2026-11-26,9937,198740,Renewed
POL000870,CUST02643,AG068,Travel,East,2024-05-08,2025-05-08,12263,1152722,Active
POL000871,CUST02679,AG066,Motor,West,2026-01-07,2027-01-07,21554,668174,Cancelled
POL000872,CUST00223,AG120,Motor,South,2025-12-27,2026-12-27,34410,3303360,Expired
POL000873,CUST02102,AG081,Travel,East,2025-02-16,2026-02-16,7671,682719,Active
POL000874,CUST00679,AG077,Commercial Property,North,2024-04-06,2025-04-06,604373,44119229,Lapsed
POL000875,CUST00124,AG085,Home,East,2023-11-18,2024-11-17,63210,1390620,Renewed
POL000876,CUST01129,AG012,Home,East,2024-10-24,2025-10-24,50046,1451334,Renewed
POL000877,CUST02457,AG114,Commercial Property,North,2025-11-06,2026-11-06,804169,55487661,Active
POL000878,CUST00136,AG068,Home,West,2024-04-28,2025-04-28,33684,1246308,Active
POL000879,CUST00798,AG087,Home,North,2025-04-18,2026-04-18,11723,621319,Cancelled
POL000880,CUST02667,AG024,Marine,South,2025-10-30,2026-10-30,175939,9148828,Cancelled
POL000881,CUST01210,AG104,Commercial Property,West,2026-06-21,2027-06-21,821526,31217988,Cancelled
POL000882,CUST00369,AG119,Home,East,2023-11-18,2024-11-17,34727,1354353,Expired
POL000883,CUST02335,AG058,Travel,East,2023-12-26,2024-12-25,19065,1353615,Active
POL000884,CUST01538,AG041,Home,West,2023-09-05,2024-09-04,8050,297850,Cancelled
POL000885,CUST00325,AG090,Motor,East,2023-10-28,2024-10-27,28256,2486528,Renewed
POL000886,CUST02090,AG070,Marine,East,2025-05-06,2026-05-06,124885,4745630,Active
POL000887,CUST02918,AG052,Marine,West,2024-07-02,2025-07-02,155730,11212560,Expired
POL000888,CUST01899,AG078,Home,South,2024-11-28,2025-11-28,36042,3568158,Lapsed
POL000889,CUST01985,AG117,Travel,East,2024-03-03,2025-03-03,11171,469182,Expired
POL000890,CUST00680,AG053,Motor,East,2026-03-18,2027-03-18,17189,1581388,Lapsed
POL000891,CUST02332,AG075,Home,North,2026-06-03,2027-06-03,35325,2543400,Expired
POL000892,CUST02471,AG102,Home,East,2025-04-26,2026-04-26,47994,4319460,Expired
POL000893,CUST01901,AG091,Home,East,2025-05-24,2026-05-24,64699,5370017,Renewed
POL000894,CUST00498,AG032,Commercial Property,South,2025-07-14,2026-07-14,365734,19018168,Lapsed
POL000895,CUST01341,AG026,Home,North,2025-02-08,2026-02-08,64815,6287055,Lapsed
POL000896,CUST00019,AG115,Home,North,2025-09-15,2026-09-15,16261,455308,Cancelled
POL000897,CUST02527,AG093,Marine,North,2025-09-04,2026-09-04,124568,3487904,Cancelled
POL000898,CUST01231,AG016,Home,North,2025-06-24,2026-06-24,55912,1230064,Expired
POL000899,CUST00543,AG005,Commercial Property,West,2024-11-13,2025-11-13,542911,51576545,Lapsed
POL000900,CUST00655,AG096,Commercial Property,West,2025-06-28,2026-06-28,361555,13377535,Cancelled
POL000901,CUST01380,AG107,Motor,East,2023-08-13,2024-08-12,14917,730933,Active
POL000902,CUST01070,AG072,Commercial Property,West,2025-08-01,2026-08-01,702618,69559182,Renewed
POL000903,CUST00018,AG011,Home,North,2025-03-06,2026-03-06,34365,2749200,Cancelled
POL000904,CUST02156,AG056,Home,North,2025-08-01,2026-08-01,48349,4496457,Cancelled
POL000905,CUST01259,AG063,Travel,South,2024-06-24,2025-06-24,11145,579540,Active
POL000906,CUST02706,AG080,Home,East,2025-10-09,2026-10-09,12754,765240,Renewed
POL000907,CUST02632,AG022,Motor,North,2024-01-15,2025-01-14,8396,243484,Renewed
POL000908,CUST02717,AG023,Marine,North,2023-12-03,2024-12-02,42586,1064650,Expired
POL000909,CUST01883,AG006,Marine,North,2026-07-13,2027-07-13,146950,6465800,Cancelled
POL000910,CUST02495,AG001,Home,East,2025-10-28,2026-10-28,26026,1405404,Renewed
POL000911,CUST00528,AG100,Travel,North,2024-08-10,2025-08-10,14630,702240,Cancelled
POL000912,CUST02492,AG010,Motor,North,2024-08-01,2025-08-01,35830,2866400,Active
POL000913,CUST02205,AG076,Commercial Property,East,2025-04-29,2026-04-29,955841,61173824,Active
POL000914,CUST00301,AG072,Marine,East,2024-01-20,2025-01-19,87054,5658510,Lapsed
POL000915,CUST01851,AG034,Motor,East,2023-10-01,2024-09-30,27696,1495584,Lapsed
POL000916,CUST00193,AG083,Travel,East,2025-05-15,2026-05-15,4832,396224,Renewed
POL000917,CUST00052,AG092,Motor,North,2024-05-07,2025-05-07,23681,1397179,Cancelled
POL000918,CUST00730,AG011,Marine,North,2026-03-18,2027-03-18,85180,7581020,Active
POL000919,CUST02105,AG048,Home,West,2024-08-18,2025-08-18,58393,5196977,Lapsed
POL000920,CUST00051,AG020,Travel,East,2025-11-03,2026-11-03,18503,1295210,Cancelled
POL000921,CUST01792,AG091,Home,East,2025-08-22,2026-08-22,67067,6438432,Expired
POL000922,CUST00228,AG120,Home,South,2025-08-02,2026-08-02,55240,2430560,Lapsed
POL000923,CUST00219,AG098,Travel,East,2024-07-12,2025-07-12,17486,1311450,Renewed
POL000924,CUST02932,AG016,Motor,West,2023-09-24,2024-09-23,7789,747744,Lapsed
POL000925,CUST00595,AG104,Motor,East,2025-01-05,2026-01-05,19572,1350468,Renewed
POL000926,CUST02298,AG007,Motor,North,2025-12-08,2026-12-08,26973,1699299,Expired
POL000927,CUST02688,AG052,Travel,South,2025-04-30,2026-04-30,4651,111624,Cancelled
POL000928,CUST01927,AG087,Travel,South,2025-08-15,2026-08-15,8401,168020,Renewed
POL000929,CUST02976,AG090,Travel,East,2024-07-19,2025-07-19,10708,289116,Lapsed
POL000930,CUST00301,AG106,Home,South,2025-06-22,2026-06-22,37084,3671316,Lapsed
POL000931,CUST00542,AG112,Marine,South,2024-11-04,2025-11-04,147380,10611360,Expired
POL000932,CUST00056,AG018,Home,East,2024-02-10,2025-02-09,68479,4725051,Active
POL000933,CUST02276,AG117,Commercial Property,East,2025-02-21,2026-02-21,902444,69488188,Active
POL000934,CUST00213,AG051,Home,West,2024-10-20,2025-10-20,34298,1714900,Active
POL000935,CUST00530,AG094,Travel,West,2025-12-10,2026-12-10,13155,1144485,Active
POL000936,CUST00887,AG076,Travel,East,2025-10-27,2026-10-27,4954,123850,Lapsed
POL000937,CUST01495,AG018,Motor,South,2024-12-16,2025-12-16,8847,194634,Lapsed
POL000938,CUST01520,AG073,Marine,East,2025-01-15,2026-01-15,72436,5722444,Lapsed
POL000939,CUST00171,AG007,Marine,South,2024-04-14,2025-04-14,190201,18829899,Lapsed
POL000940,CUST02020,AG120,Travel,North,2025-12-04,2026-12-04,12430,708510,Cancelled
POL000941,CUST02281,AG078,Marine,East,2024-08-01,2025-08-01,103629,5803224,Cancelled
POL000942,CUST02584,AG072,Marine,South,2025-05-25,2026-05-25,52599,1840965,Lapsed
POL000943,CUST01161,AG114,Commercial Property,West,2026-04-18,2027-04-18,271628,15211168,Cancelled
POL000944,CUST00506,AG064,Travel,West,2024-10-10,2025-10-10,13156,1289288,Renewed
POL000945,CUST01673,AG014,Motor,East,2026-04-28,2027-04-28,31699,2314027,Expired
POL000946,CUST02623,AG020,Marine,West,2024-03-13,2025-03-13,22748,1660604,Renewed
POL000947,CUST01496,AG004,Motor,South,2024-11-07,2025-11-07,17893,518897,Cancelled
POL000948,CUST02036,AG104,Home,North,2023-11-27,2024-11-26,36915,1181280,Cancelled
POL000949,CUST01530,AG017,Travel,North,2025-02-14,2026-02-14,19745,829290,Cancelled
POL000950,CUST01812,AG073,Marine,North,2025-09-14,2026-09-14,174856,9267368,Active
POL000951,CUST01916,AG075,Travel,East,2025-01-30,2026-01-30,11481,298506,Cancelled
POL000952,CUST02358,AG069,Travel,North,2026-07-02,2027-07-02,18193,1273510,Renewed
POL000953,CUST00505,AG071,Marine,West,2025-08-09,2026-08-09,106533,5326650,Expired
POL000954,CUST01622,AG071,Marine,West,2026-03-15,2027-03-15,195781,3915620,Cancelled
POL000955,CUST02995,AG012,Travel,North,2024-10-19,2025-10-19,16533,1471437,Cancelled
POL000956,CUST02472,AG047,Home,North,2024-04-30,2025-04-30,44940,3370500,Renewed
POL000957,CUST02796,AG018,Home,South,2025-04-16,2026-04-16,63725,2931350,Lapsed
POL000958,CUST01320,AG031,Travel,East,2025-09-21,2026-09-21,19372,774880,Renewed
POL000959,CUST00970,AG080,Travel,West,2023-10-29,2024-10-28,15394,615760,Expired
POL000960,CUST00747,AG003,Commercial Property,East,2024-10-26,2025-10-26,769334,71548062,Active
POL000961,CUST00718,AG067,Marine,North,2026-05-22,2027-05-22,181702,9993610,Cancelled
POL000962,CUST02421,AG068,Home,South,2025-03-29,2026-03-29,40416,1576224,Lapsed
POL000963,CUST01101,AG089,Motor,West,2026-07-09,2027-07-09,26718,1683234,Expired
POL000964,CUST02496,AG080,Travel,North,2026-04-21,2027-04-21,19625,549500,Expired
POL000965,CUST01165,AG032,Commercial Property,South,2026-06-22,2027-06-22,876909,41214723,Expired
POL000966,CUST01915,AG060,Home,West,2026-06-18,2027-06-18,67874,3190078,Expired
POL000967,CUST01224,AG094,Motor,West,2024-04-15,2025-04-15,38176,3092256,Active
POL000968,CUST01551,AG103,Travel,North,2024-02-29,2025-02-28,2715,65160,Cancelled
POL000969,CUST02582,AG037,Commercial Property,East,2026-07-31,2027-07-31,191843,5755290,Active
POL000970,CUST02767,AG083,Travel,East,2024-01-02,2025-01-01,9855,739125,Renewed
POL000971,CUST02332,AG119,Marine,South,2024-12-22,2025-12-22,130165,2603300,Renewed
POL000972,CUST02083,AG085,Home,North,2025-10-19,2026-10-19,24063,1564095,Renewed
POL000973,CUST01291,AG077,Marine,West,2026-03-07,2027-03-07,170385,13971570,Lapsed
POL000974,CUST01985,AG096,Home,North,2024-02-20,2025-02-19,68641,6383613,Lapsed
POL000975,CUST02414,AG095,Marine,North,2025-04-25,2026-04-25,152667,15114033,Cancelled
POL000976,CUST01708,AG100,Marine,North,2024-07-27,2025-07-27,193497,14512275,Cancelled
POL000977,CUST01561,AG013,Home,South,2025-08-30,2026-08-30,56844,2046384,Active
POL000978,CUST01391,AG030,Home,North,2026-07-08,2027-07-08,29597,1539044,Active
POL000979,CUST02864,AG118,Motor,North,2024-02-23,2025-02-22,16957,678280,Expired
POL000980,CUST01629,AG092,Home,East,2025-03-28,2026-03-28,27672,2186088,Lapsed
POL000981,CUST00528,AG027,Travel,North,2025-04-11,2026-04-11,18247,1405019,Lapsed
POL000982,CUST01189,AG009,Commercial Property,West,2023-09-27,2024-09-26,939003,64791207,Lapsed
POL000983,CUST02632,AG048,Motor,West,2024-01-19,2025-01-18,10048,713408,Cancelled
POL000984,CUST01755,AG088,Travel,East,2024-01-26,2025-01-25,11635,884260,Lapsed
POL000985,CUST00016,AG110,Marine,West,2026-01-15,2027-01-15,197804,19582596,Renewed
POL000986,CUST02225,AG008,Home,South,2025-09-17,2026-09-17,60689,5644077,Expired
POL000987,CUST01715,AG042,Travel,North,2025-05-06,2026-05-06,1242,80730,Cancelled
POL000988,CUST01321,AG042,Travel,West,2024-09-03,2025-09-03,18129,1178385,Renewed
POL000989,CUST00024,AG001,Marine,North,2024-08-26,2025-08-26,143275,3725150,Renewed
POL000990,CUST00544,AG038,Commercial Property,West,2023-10-29,2024-10-28,947409,25580043,Cancelled
POL000991,CUST00631,AG023,Motor,West,2024-06-27,2025-06-27,30075,1563900,Cancelled
POL000992,CUST00021,AG019,Marine,North,2024-03-20,2025-03-20,180333,8114985,Expired
POL000993,CUST01304,AG106,Commercial Property,West,2025-06-19,2026-06-19,927131,74170480,Active
POL000994,CUST02549,AG039,Motor,West,2024-01-17,2025-01-16,6302,340308,Expired
POL000995,CUST00199,AG070,Home,West,2025-03-14,2026-03-14,19361,1897378,Lapsed
POL000996,CUST02737,AG075,Home,North,2024-01-10,2025-01-09,56936,1195656,Lapsed
POL000997,CUST01995,AG018,Travel,North,2024-02-10,2025-02-09,19869,1072926,Cancelled
POL000998,CUST01108,AG068,Home,East,2024-05-02,2025-05-02,21745,456645,Cancelled
POL000999,CUST02832,AG063,Marine,North,2024-12-21,2025-12-21,112782,6541356,Lapsed
POL001000,CUST01029,AG087,Motor,East,2024-10-17,2025-10-17,37654,828388,Cancelled
POL001001,CUST02938,AG079,Commercial Property,North,2026-04-26,2027-04-26,226775,11792300,Cancelled
POL001002,CUST00574,AG043,Home,North,2025-07-25,2026-07-25,13899,1195314,Cancelled
POL001003,CUST00932,AG013,Commercial Property,North,2026-05-22,2027-05-22,92854,8542568,Renewed
POL001004,CUST02498,AG047,Travel,West,2023-10-05,2024-10-04,16082,546788,Cancelled
POL001005,CUST00016,AG065,Motor,West,2026-03-04,2027-03-04,22518,1936548,Expired
POL001006,CUST01133,AG014,Commercial Property,East,2024-02-20,2025-02-19,895132,83247276,Renewed
POL001007,CUST02634,AG047,Home,South,2023-12-10,2024-12-09,19030,1712700,Renewed
POL001008,CUST02115,AG027,Commercial Property,East,2024-10-14,2025-10-14,356745,11415840,Renewed
POL001009,CUST02631,AG118,Home,North,2026-02-05,2027-02-05,34401,1066431,Cancelled
POL001010,CUST00601,AG114,Motor,North,2026-04-05,2027-04-05,35719,2428892,Cancelled
POL001011,CUST00626,AG031,Marine,East,2026-03-10,2027-03-10,163853,6062561,Renewed
POL001012,CUST00111,AG020,Home,South,2024-09-02,2025-09-02,15801,647841,Expired
POL001013,CUST01118,AG112,Travel,North,2023-12-19,2024-12-18,11366,1011574,Renewed
POL001014,CUST01063,AG010,Motor,East,2024-06-09,2025-06-09,35540,3554000,Renewed
POL001015,CUST02231,AG070,Travel,West,2023-12-23,2024-12-22,18197,1801503,Active
POL001016,CUST00266,AG042,Travel,South,2023-08-16,2024-08-15,12558,1042314,Lapsed
POL001017,CUST01659,AG106,Motor,East,2024-11-29,2025-11-29,29221,2629890,Expired
POL001018,CUST00094,AG111,Commercial Property,East,2025-07-31,2026-07-31,600632,23424648,Active
POL001019,CUST00446,AG024,Travel,West,2024-10-01,2025-10-01,14079,478686,Lapsed
POL001020,CUST02323,AG083,Motor,East,2024-08-18,2025-08-18,10781,959509,Lapsed
POL001021,CUST02001,AG001,Travel,North,2024-03-11,2025-03-11,1870,132770,Renewed
POL001022,CUST01971,AG100,Commercial Property,North,2024-04-27,2025-04-27,280105,10643990,Lapsed
POL001023,CUST01126,AG116,Commercial Property,South,2025-10-25,2026-10-25,284780,24206300,Renewed
POL001024,CUST02011,AG042,Marine,West,2024-12-20,2025-12-20,102885,8025030,Lapsed
POL001025,CUST01452,AG089,Commercial Property,West,2024-11-29,2025-11-29,404753,31165981,Active
POL001026,CUST02696,AG116,Travel,West,2025-09-24,2026-09-24,6597,310059,Active
POL001027,CUST02770,AG116,Marine,East,2023-11-01,2024-10-31,31195,748680,Cancelled
POL001028,CUST01122,AG091,Home,North,2026-07-23,2027-07-23,39355,2164525,Cancelled
POL001029,CUST00313,AG040,Motor,East,2025-01-06,2026-01-06,29093,814604,Cancelled
POL001030,CUST01322,AG109,Travel,North,2024-03-11,2025-03-11,8432,219232,Expired
POL001031,CUST02187,AG078,Travel,West,2025-08-23,2026-08-23,13895,402955,Active
POL001032,CUST00583,AG030,Commercial Property,West,2026-03-17,2027-03-17,106032,6149856,Cancelled
POL001033,CUST02354,AG104,Marine,West,2023-10-01,2024-09-30,89049,5075793,Active
POL001034,CUST00893,AG018,Home,West,2024-12-15,2025-12-15,27540,2698920,Cancelled
POL001035,CUST00488,AG046,Travel,South,2023-10-05,2024-10-04,7825,735550,Renewed
POL001036,CUST01799,AG030,Marine,West,2025-05-16,2026-05-16,195468,6450444,Lapsed
POL001037,CUST02291,AG048,Travel,South,2023-10-08,2024-10-07,3907,226606,Expired
POL001038,CUST01528,AG009,Home,South,2024-05-05,2025-05-05,27666,2489940,Cancelled
POL001039,CUST00850,AG039,Marine,South,2026-03-31,2027-03-31,121990,6953430,Renewed
POL001040,CUST02590,AG074,Travel,East,2026-01-31,2027-01-31,12317,800605,Lapsed
POL001041,CUST00261,AG057,Marine,North,2024-07-15,2025-07-15,179844,3596880,Cancelled
POL001042,CUST02313,AG071,Motor,South,2025-03-19,2026-03-19,15851,459679,Cancelled
POL001043,CUST02864,AG114,Motor,South,2026-02-28,2027-02-28,24651,665577,Lapsed
POL001044,CUST00527,AG076,Marine,South,2024-06-29,2025-06-29,137898,4964328,Lapsed
POL001045,CUST02599,AG045,Travel,East,2025-01-04,2026-01-04,5966,137218,Lapsed
POL001046,CUST01545,AG058,Commercial Property,West,2026-05-24,2027-05-24,485805,37892790,Active
POL001047,CUST00572,AG041,Commercial Property,West,2025-04-30,2026-04-30,51568,3609760,Expired
POL001048,CUST02863,AG029,Marine,South,2024-08-13,2025-08-13,53555,2891970,Lapsed
POL001049,CUST02269,AG029,Commercial Property,North,2026-07-03,2027-07-03,493942,36057766,Renewed
POL001050,CUST00614,AG082,Marine,North,2023-08-22,2024-08-21,138578,8037524,Cancelled
POL001051,CUST01005,AG100,Travel,North,2026-06-04,2027-06-04,6380,408320,Active
POL001052,CUST01259,AG018,Travel,East,2026-05-12,2027-05-12,15230,1035640,Active
POL001053,CUST00273,AG073,Motor,West,2024-03-28,2025-03-28,21143,1987442,Cancelled
POL001054,CUST02808,AG057,Travel,East,2025-07-21,2026-07-21,6986,475048,Cancelled
POL001055,CUST00011,AG023,Motor,East,2026-08-01,2027-08-01,7947,492714,Cancelled
POL001056,CUST02251,AG052,Motor,South,2025-06-09,2026-06-09,22765,1843965,Expired
POL001057,CUST00271,AG033,Home,South,2026-07-01,2027-07-01,27706,1828596,Cancelled
POL001058,CUST00811,AG020,Travel,North,2026-06-16,2027-06-16,10581,687765,Active
POL001059,CUST01298,AG028,Motor,East,2024-08-18,2025-08-18,35014,980392,Expired
POL001060,CUST01806,AG064,Motor,East,2026-05-07,2027-05-07,5915,443625,Renewed
POL001061,CUST00212,AG008,Motor,South,2024-08-07,2025-08-07,8392,268544,Lapsed
POL001062,CUST00378,AG009,Travel,South,2026-06-26,2027-06-26,3762,195624,Expired
POL001063,CUST00061,AG063,Travel,West,2024-09-12,2025-09-12,4404,396360,Active
POL001064,CUST02149,AG041,Commercial Property,West,2024-04-07,2025-04-07,711506,52651444,Cancelled
POL001065,CUST02245,AG084,Home,East,2026-03-27,2027-03-27,62981,1259620,Expired
POL001066,CUST00735,AG091,Travel,South,2026-02-08,2027-02-08,13199,593955,Active
POL001067,CUST02058,AG056,Travel,North,2024-11-06,2025-11-06,2777,172174,Cancelled
POL001068,CUST01185,AG101,Motor,East,2026-07-18,2027-07-18,14050,547950,Active
POL001069,CUST01049,AG041,Travel,West,2026-06-30,2027-06-30,11323,1075685,Lapsed
POL001070,CUST01024,AG027,Home,North,2025-07-08,2026-07-08,64355,5534530,Expired
POL001071,CUST00951,AG112,Home,South,2025-10-27,2026-10-27,26210,2489950,Expired
POL001072,CUST00113,AG013,Home,South,2023-09-24,2024-09-23,32408,3175984,Active
POL001073,CUST00916,AG074,Motor,North,2024-05-13,2025-05-13,18614,595648,Expired
POL001074,CUST00880,AG021,Home,South,2023-08-21,2024-08-20,19897,1014747,Lapsed
POL001075,CUST00888,AG039,Marine,East,2024-05-11,2025-05-11,94267,4053481,Lapsed
POL001076,CUST00021,AG023,Travel,East,2025-05-06,2026-05-06,15031,796643,Lapsed
POL001077,CUST00224,AG094,Commercial Property,West,2024-11-12,2025-11-12,831632,78173408,Cancelled
POL001078,CUST00994,AG036,Home,West,2023-12-10,2024-12-09,49723,4624239,Lapsed
POL001079,CUST00378,AG043,Marine,South,2025-07-03,2026-07-03,80831,3394902,Renewed
POL001080,CUST01598,AG021,Travel,East,2026-04-22,2027-04-22,9765,654255,Expired
POL001081,CUST01937,AG101,Commercial Property,North,2024-08-09,2025-08-09,329551,22079917,Expired
POL001082,CUST01110,AG119,Home,West,2023-11-04,2024-11-03,18436,1290520,Renewed
POL001083,CUST02597,AG113,Marine,South,2024-02-29,2025-02-28,167113,15541509,Lapsed
POL001084,CUST02427,AG020,Marine,South,2024-07-09,2025-07-09,73096,4239568,Active
POL001085,CUST02642,AG090,Marine,West,2025-06-20,2026-06-20,188022,13725606,Expired
POL001086,CUST02247,AG043,Commercial Property,South,2023-10-10,2024-10-09,480780,40385520,Renewed
POL001087,CUST02206,AG019,Home,North,2025-01-16,2026-01-16,59432,3387624,Lapsed
POL001088,CUST00920,AG087,Travel,South,2024-06-16,2025-06-16,12615,1059660,Active
POL001089,CUST00120,AG032,Motor,West,2025-07-18,2026-07-18,38768,852896,Renewed
POL001090,CUST00681,AG100,Home,West,2024-10-04,2025-10-04,32873,657460,Active
POL001091,CUST00574,AG050,Marine,West,2024-03-14,2025-03-14,25006,1375330,Lapsed
POL001092,CUST00805,AG076,Home,North,2023-10-23,2024-10-22,16027,929566,Renewed
POL001093,CUST02369,AG107,Travel,South,2025-09-13,2026-09-13,5723,234643,Renewed
POL001094,CUST00569,AG096,Marine,East,2024-08-22,2025-08-22,70136,6592784,Lapsed
POL001095,CUST02724,AG011,Marine,North,2026-03-15,2027-03-15,170118,5784012,Expired
POL001096,CUST01680,AG058,Travel,West,2026-02-19,2027-02-19,3897,89631,Renewed
POL001097,CUST00430,AG050,Commercial Property,South,2023-09-30,2024-09-29,84457,2787081,Expired
POL001098,CUST01115,AG094,Marine,North,2023-11-21,2024-11-20,84722,7963868,Active
POL001099,CUST01951,AG118,Motor,South,2024-08-02,2025-08-02,19838,1448174,Renewed
POL001100,CUST02308,AG070,Home,East,2024-05-27,2025-05-27,60072,3183816,Active
POL001101,CUST00303,AG033,Motor,North,2024-04-02,2025-04-02,33453,2977317,Active
POL001102,CUST00103,AG007,Motor,West,2026-04-07,2027-04-07,5683,335297,Expired
POL001103,CUST01656,AG118,Motor,South,2025-08-18,2026-08-18,39710,3534190,Active
POL001104,CUST00822,AG034,Motor,North,2024-01-15,2025-01-14,21151,1776684,Cancelled
POL001105,CUST00306,AG055,Marine,East,2025-04-18,2026-04-18,74926,2023002,Renewed
POL001106,CUST02227,AG049,Commercial Property,North,2024-05-05,2025-05-05,265386,7165422,Active
POL001107,CUST00833,AG113,Marine,West,2025-07-02,2026-07-02,42651,1578087,Active
POL001108,CUST00018,AG021,Commercial Property,East,2024-09-03,2025-09-03,751504,64629344,Lapsed
POL001109,CUST02589,AG039,Motor,East,2026-04-07,2027-04-07,11030,661800,Expired
POL001110,CUST02011,AG049,Travel,North,2024-11-23,2025-11-23,17714,1009698,Renewed
POL001111,CUST02046,AG039,Home,North,2024-07-13,2025-07-13,44314,4342772,Active
POL001112,CUST01427,AG037,Travel,North,2023-09-18,2024-09-17,5972,155272,Active
POL001113,CUST02445,AG085,Home,North,2025-11-05,2026-11-05,22273,1670475,Expired
POL001114,CUST00685,AG042,Travel,North,2024-01-25,2025-01-24,12285,515970,Renewed
POL001115,CUST01993,AG093,Marine,North,2024-05-14,2025-05-14,185936,5206208,Renewed
POL001116,CUST02477,AG037,Commercial Property,East,2024-10-29,2025-10-29,459392,38588928,Lapsed
POL001117,CUST02576,AG090,Commercial Property,South,2026-05-10,2027-05-10,669548,42181524,Renewed
POL001118,CUST02068,AG038,Travel,East,2024-05-30,2025-05-30,12929,491302,Expired
POL001119,CUST02677,AG047,Travel,North,2023-12-24,2024-12-23,14245,1011395,Cancelled
POL001120,CUST02718,AG006,Motor,East,2025-12-29,2026-12-29,30085,902550,Cancelled
POL001121,CUST01725,AG111,Marine,North,2023-09-01,2024-08-31,119109,5121687,Cancelled
POL001122,CUST01687,AG053,Motor,West,2026-07-17,2027-07-17,11724,1043436,Lapsed
POL001123,CUST00032,AG061,Motor,East,2026-04-29,2027-04-29,11572,833184,Expired
POL001124,CUST00940,AG019,Home,North,2024-04-13,2025-04-13,31014,2791260,Expired
POL001125,CUST01930,AG042,Home,South,2024-09-25,2025-09-25,26606,1037634,Lapsed
POL001126,CUST00160,AG093,Home,East,2026-08-04,2027-08-04,10093,908370,Cancelled
POL001127,CUST01422,AG086,Travel,North,2025-04-09,2026-04-09,4783,110009,Cancelled
POL001128,CUST02635,AG068,Home,East,2026-03-01,2027-03-01,68794,6535430,Expired
POL001129,CUST02280,AG006,Motor,West,2024-09-24,2025-09-24,23957,2299872,Renewed
POL001130,CUST00299,AG004,Commercial Property,South,2024-07-28,2025-07-28,942849,54685242,Active
POL001131,CUST01364,AG112,Commercial Property,East,2023-10-26,2024-10-25,693054,24949944,Lapsed
POL001132,CUST01861,AG037,Motor,East,2025-10-13,2026-10-13,23868,2386800,Expired
POL001133,CUST02276,AG119,Commercial Property,North,2024-07-25,2025-07-25,756881,74174338,Expired
POL001134,CUST02632,AG091,Motor,West,2025-06-08,2026-06-08,19549,449627,Expired
POL001135,CUST00982,AG106,Travel,North,2026-04-04,2027-04-04,15569,1105399,Lapsed
POL001136,CUST01411,AG118,Commercial Property,North,2025-06-29,2026-06-29,388860,32275380,Cancelled
POL001137,CUST00003,AG107,Commercial Property,East,2025-03-24,2026-03-24,653888,47733824,Lapsed
POL001138,CUST02226,AG055,Travel,North,2024-08-26,2025-08-26,18033,378693,Renewed
POL001139,CUST00957,AG058,Motor,North,2025-01-23,2026-01-23,30461,1644894,Cancelled
POL001140,CUST01698,AG012,Travel,North,2024-01-18,2025-01-17,5715,274320,Renewed
POL001141,CUST01466,AG029,Commercial Property,North,2025-06-07,2026-06-07,196814,4329908,Lapsed
POL001142,CUST02511,AG109,Marine,South,2025-04-22,2026-04-22,124456,8711920,Cancelled
POL001143,CUST00038,AG069,Marine,East,2025-02-18,2026-02-18,150782,8443792,Expired
POL001144,CUST00020,AG099,Home,South,2025-05-26,2026-05-26,19410,465840,Cancelled
POL001145,CUST01011,AG112,Motor,West,2024-03-19,2025-03-19,13258,928060,Lapsed
POL001146,CUST02396,AG119,Motor,East,2025-02-10,2026-02-10,27153,624519,Renewed
POL001147,CUST01512,AG058,Home,West,2025-05-14,2026-05-14,8979,242433,Expired
POL001148,CUST00743,AG120,Home,South,2025-11-29,2026-11-29,48670,2336160,Active
POL001149,CUST00083,AG117,Marine,South,2024-07-25,2025-07-25,79338,2935506,Lapsed
POL001150,CUST00647,AG013,Travel,West,2023-12-22,2024-12-21,3970,325540,Cancelled
POL001151,CUST01901,AG070,Home,South,2023-09-06,2024-09-05,9732,408744,Active
POL001152,CUST00860,AG061,Marine,South,2025-07-20,2026-07-20,126461,2529220,Renewed
POL001153,CUST00945,AG076,Home,South,2024-11-30,2025-11-30,57251,2290040,Lapsed
POL001154,CUST00620,AG006,Motor,East,2025-08-19,2026-08-19,39841,2908393,Active
POL001155,CUST01531,AG080,Commercial Property,North,2024-08-16,2025-08-16,271927,13052496,Renewed
POL001156,CUST02647,AG003,Commercial Property,West,2025-03-20,2026-03-20,110958,4771194,Lapsed
POL001157,CUST01395,AG049,Marine,West,2025-06-22,2026-06-22,58331,3208205,Renewed
POL001158,CUST01842,AG075,Motor,East,2023-09-07,2024-09-06,28193,2791107,Expired
POL001159,CUST00960,AG011,Home,North,2025-03-24,2026-03-24,60030,4142070,Renewed
POL001160,CUST01180,AG108,Travel,North,2026-01-26,2027-01-26,10490,534990,Renewed
POL001161,CUST02517,AG090,Motor,North,2026-06-04,2027-06-04,24379,804507,Active
POL001162,CUST01412,AG023,Travel,West,2025-04-04,2026-04-04,12140,971200,Renewed
POL001163,CUST00355,AG106,Motor,South,2023-11-10,2024-11-09,6736,410896,Renewed
POL001164,CUST00541,AG032,Commercial Property,North,2026-02-11,2027-02-11,213451,5976628,Active
POL001165,CUST01752,AG027,Travel,West,2025-12-16,2026-12-16,16657,1032734,Expired
POL001166,CUST01458,AG075,Home,South,2024-07-26,2025-07-26,52823,2060097,Active
POL001167,CUST01697,AG029,Home,West,2024-10-10,2025-10-10,55216,4582928,Active
POL001168,CUST00165,AG004,Motor,East,2025-03-25,2026-03-25,14976,763776,Renewed
POL001169,CUST00587,AG034,Marine,South,2026-08-02,2027-08-02,83776,6283200,Cancelled
POL001170,CUST02193,AG092,Commercial Property,West,2024-06-18,2025-06-18,552003,29256159,Active
POL001171,CUST01397,AG115,Travel,South,2024-03-01,2025-03-01,19681,905326,Lapsed
POL001172,CUST01589,AG103,Home,North,2026-05-29,2027-05-29,14446,938990,Expired
POL001173,CUST00903,AG112,Travel,West,2026-04-17,2027-04-17,15585,1044195,Active
POL001174,CUST01020,AG063,Home,West,2025-07-21,2026-07-21,26327,1737582,Renewed
POL001175,CUST02095,AG038,Marine,West,2025-06-14,2026-06-14,88204,8379380,Renewed
POL001176,CUST01506,AG107,Home,South,2024-10-01,2025-10-01,61355,2147425,Active
POL001177,CUST00531,AG073,Marine,West,2023-11-23,2024-11-22,21523,1571179,Cancelled
POL001178,CUST01728,AG099,Travel,East,2024-04-23,2025-04-23,2777,99972,Renewed
POL001179,CUST00090,AG079,Travel,West,2024-05-04,2025-05-04,11471,871796,Lapsed
POL001180,CUST02358,AG015,Home,East,2025-09-24,2026-09-24,64785,3757530,Renewed
POL001181,CUST02022,AG060,Marine,North,2024-12-01,2025-12-01,71349,6421410,Active
POL001182,CUST00561,AG048,Marine,East,2023-11-24,2024-11-23,168697,5735698,Lapsed
POL001183,CUST02503,AG068,Marine,North,2024-09-24,2025-09-24,73375,2714875,Active
POL001184,CUST02643,AG094,Marine,West,2026-01-18,2027-01-18,83705,3264495,Active
POL001185,CUST02990,AG057,Commercial Property,East,2024-10-20,2025-10-20,469641,9862461,Renewed
POL001186,CUST00822,AG001,Home,West,2025-12-17,2026-12-17,51968,1766912,Active
POL001187,CUST02062,AG118,Home,South,2023-12-20,2024-12-19,61851,3339954,Expired
POL001188,CUST01849,AG087,Travel,East,2023-10-02,2024-10-01,14856,1381608,Renewed
POL001189,CUST00848,AG049,Motor,South,2025-09-13,2026-09-13,31572,663012,Cancelled
POL001190,CUST02304,AG048,Marine,East,2023-12-28,2024-12-27,177127,12930271,Cancelled
POL001191,CUST02547,AG048,Commercial Property,North,2025-11-25,2026-11-25,324256,10051936,Lapsed
POL001192,CUST00444,AG116,Home,East,2026-01-17,2027-01-17,62058,3847596,Cancelled
POL001193,CUST00200,AG028,Travel,North,2026-01-22,2027-01-22,2966,258042,Lapsed
POL001194,CUST01155,AG008,Commercial Property,North,2025-06-19,2026-06-19,114226,6168204,Expired
POL001195,CUST02815,AG028,Motor,East,2025-12-24,2026-12-24,31585,1958270,Expired
POL001196,CUST01271,AG059,Commercial Property,North,2024-08-24,2025-08-24,550497,33029820,Cancelled
POL001197,CUST01652,AG067,Commercial Property,North,2025-05-12,2026-05-12,158117,9487020,Renewed
POL001198,CUST00148,AG012,Marine,West,2024-08-31,2025-08-31,138175,13402975,Active
POL001199,CUST02289,AG083,Home,West,2025-07-25,2026-07-25,34528,1588288,Renewed
POL001200,CUST01738,AG103,Motor,West,2024-10-31,2025-10-31,11121,956406,Renewed
POL001201,CUST02373,AG095,Motor,North,2025-11-19,2026-11-19,35803,3079058,Expired
POL001202,CUST01315,AG111,Home,South,2024-05-25,2025-05-25,12303,282969,Cancelled
POL001203,CUST02209,AG009,Commercial Property,South,2025-04-01,2026-04-01,724888,68864360,Cancelled
POL001204,CUST01012,AG047,Travel,East,2024-04-23,2025-04-23,18872,943600,Expired
POL001205,CUST00582,AG013,Commercial Property,South,2025-10-04,2026-10-04,741491,58577789,Renewed
POL001206,CUST01097,AG119,Marine,North,2025-09-10,2026-09-10,106573,7886402,Renewed
POL001207,CUST02112,AG044,Commercial Property,West,2025-07-27,2026-07-27,208990,9613540,Expired
POL001208,CUST02295,AG104,Travel,South,2023-11-16,2024-11-15,15090,724320,Cancelled
POL001209,CUST00516,AG112,Marine,North,2026-02-16,2027-02-16,36051,3100386,Cancelled
POL001210,CUST00781,AG118,Marine,West,2024-02-12,2025-02-11,21158,423160,Lapsed
POL001211,CUST00917,AG072,Commercial Property,West,2025-10-28,2026-10-28,852711,34961151,Renewed
POL001212,CUST02054,AG038,Travel,West,2024-05-12,2025-05-12,4960,183520,Cancelled
POL001213,CUST02469,AG008,Home,West,2024-01-28,2025-01-27,68394,1436274,Renewed
POL001214,CUST00793,AG038,Motor,South,2023-11-05,2024-11-04,9796,558372,Renewed
POL001215,CUST02834,AG085,Home,North,2025-01-17,2026-01-17,56421,4344417,Renewed
POL001216,CUST01541,AG047,Motor,West,2025-02-09,2026-02-09,12884,1262632,Renewed
POL001217,CUST00167,AG078,Marine,West,2023-09-06,2024-09-05,139343,13655614,Renewed
POL001218,CUST02520,AG092,Commercial Property,South,2024-03-08,2025-03-08,68313,4508658,Expired
POL001219,CUST01880,AG080,Home,East,2024-03-01,2025-03-01,52201,2349045,Expired
POL001220,CUST02882,AG002,Home,North,2026-03-04,2027-03-04,57823,4510194,Active
POL001221,CUST00468,AG043,Marine,East,2023-12-07,2024-12-06,83765,6952495,Lapsed
POL001222,CUST01626,AG091,Motor,North,2024-12-20,2025-12-20,26545,1035255,Renewed
POL001223,CUST02296,AG074,Motor,North,2024-11-14,2025-11-14,38024,1749104,Cancelled
POL001224,CUST01306,AG037,Travel,East,2025-12-03,2026-12-03,7661,643524,Lapsed
POL001225,CUST01162,AG074,Home,East,2024-07-02,2025-07-02,66617,4729807,Renewed
POL001226,CUST02596,AG050,Commercial Property,North,2026-05-19,2027-05-19,483237,27061272,Expired
POL001227,CUST02693,AG053,Home,North,2024-07-16,2025-07-16,14004,1036296,Cancelled
POL001228,CUST02426,AG116,Home,South,2024-03-18,2025-03-18,33745,1383545,Renewed
POL001229,CUST02237,AG051,Home,East,2024-01-14,2025-01-13,10581,275106,Active
POL001230,CUST01385,AG036,Marine,West,2025-08-05,2026-08-05,42548,1957208,Expired
POL001231,CUST02642,AG090,Travel,North,2024-05-14,2025-05-14,2868,129060,Expired
POL001232,CUST00053,AG012,Marine,West,2025-08-09,2026-08-09,176833,4774491,Active
POL001233,CUST02266,AG057,Motor,North,2025-08-11,2026-08-11,39493,3396398,Active
POL001234,CUST00945,AG043,Motor,East,2026-02-25,2027-02-25,39845,2191475,Active
POL001235,CUST02893,AG029,Marine,South,2024-08-09,2025-08-09,80323,6104548,Renewed
POL001236,CUST02187,AG118,Travel,North,2024-07-28,2025-07-28,13907,319861,Lapsed
POL001237,CUST00274,AG045,Motor,South,2025-05-28,2026-05-28,13985,1300605,Cancelled
POL001238,CUST00903,AG010,Travel,East,2024-04-05,2025-04-05,12386,383966,Active
POL001239,CUST00831,AG078,Marine,South,2025-07-22,2026-07-22,180660,13910820,Lapsed
POL001240,CUST01264,AG018,Commercial Property,East,2024-02-15,2025-02-14,833282,61662868,Lapsed
POL001241,CUST02984,AG014,Home,West,2024-06-01,2025-06-01,56067,3980757,Renewed
POL001242,CUST00514,AG085,Travel,West,2026-06-08,2027-06-08,16686,1451682,Lapsed
POL001243,CUST02732,AG046,Home,West,2025-02-04,2026-02-04,36340,835820,Active
POL001244,CUST00651,AG024,Travel,South,2025-04-08,2026-04-08,6632,490768,Renewed
POL001245,CUST02865,AG089,Travel,West,2025-10-24,2026-10-24,1366,60104,Renewed
POL001246,CUST02255,AG118,Travel,North,2025-06-10,2026-06-10,6538,634186,Lapsed
POL001247,CUST01303,AG073,Commercial Property,North,2024-01-04,2025-01-03,897693,78996984,Active
POL001248,CUST00624,AG056,Home,East,2024-08-16,2025-08-16,48795,2976495,Lapsed
POL001249,CUST01513,AG095,Travel,West,2026-06-07,2027-06-07,7159,629992,Active
POL001250,CUST01806,AG014,Marine,North,2025-04-15,2026-04-15,96259,6641871,Cancelled
POL001251,CUST01624,AG045,Travel,South,2024-09-09,2025-09-09,12550,389050,Lapsed
POL001252,CUST01756,AG006,Commercial Property,West,2025-07-13,2026-07-13,601112,16230024,Cancelled
POL001253,CUST01832,AG072,Motor,North,2025-05-22,2026-05-22,17034,1396788,Cancelled
POL001254,CUST00804,AG003,Travel,North,2025-12-19,2026-12-19,5629,197015,Active
POL001255,CUST02563,AG005,Home,East,2024-05-17,2025-05-17,12181,1011023,Cancelled
POL001256,CUST00743,AG021,Home,North,2026-05-04,2027-05-04,51356,2516444,Expired
POL001257,CUST00689,AG114,Travel,South,2023-12-03,2024-12-02,1513,37825,Active
POL001258,CUST00708,AG116,Travel,South,2026-07-26,2027-07-26,9574,660606,Renewed
POL001259,CUST02602,AG037,Home,East,2025-04-14,2026-04-14,31821,731883,Cancelled
POL001260,CUST01672,AG087,Travel,North,2026-06-30,2027-06-30,13041,1082403,Cancelled
POL001261,CUST01245,AG033,Motor,West,2024-12-10,2025-12-10,37305,2499435,Expired
POL001262,CUST02249,AG069,Marine,East,2024-06-27,2025-06-27,119828,8747444,Cancelled
POL001263,CUST00937,AG085,Commercial Property,South,2025-12-12,2026-12-12,638842,41524730,Lapsed
POL001264,CUST01605,AG107,Travel,South,2025-11-19,2026-11-19,8072,468176,Lapsed
POL001265,CUST01495,AG068,Marine,South,2024-05-20,2025-05-20,193800,15504000,Active
POL001266,CUST02499,AG072,Commercial Property,East,2023-08-20,2024-08-19,858927,40369569,Cancelled
POL001267,CUST01459,AG004,Marine,South,2024-11-22,2025-11-22,108399,6395541,Cancelled
POL001268,CUST01643,AG060,Motor,East,2026-04-25,2027-04-25,7089,290649,Active
POL001269,CUST00188,AG090,Motor,West,2025-04-16,2026-04-16,17915,1415285,Renewed
POL001270,CUST02601,AG101,Home,West,2025-08-10,2026-08-10,63347,4054208,Active
POL001271,CUST01439,AG015,Home,North,2026-07-18,2027-07-18,35637,2316405,Active
POL001272,CUST00386,AG040,Home,North,2025-02-19,2026-02-19,30511,1403506,Cancelled
POL001273,CUST02801,AG088,Home,North,2024-02-23,2025-02-22,67562,3310538,Expired
POL001274,CUST00979,AG085,Travel,East,2024-09-10,2025-09-10,4659,302835,Lapsed
POL001275,CUST01888,AG105,Motor,East,2026-04-22,2027-04-22,15935,844555,Expired
POL001276,CUST02835,AG007,Commercial Property,West,2026-01-04,2027-01-04,166401,14476887,Cancelled
POL001277,CUST01199,AG044,Travel,South,2024-10-18,2025-10-18,12471,374130,Cancelled
POL001278,CUST00322,AG062,Travel,North,2025-02-25,2026-02-25,11622,674076,Cancelled
POL001279,CUST01712,AG018,Marine,East,2023-10-22,2024-10-21,138949,11115920,Expired
POL001280,CUST01025,AG050,Commercial Property,North,2024-04-16,2025-04-16,513745,16439840,Expired
POL001281,CUST01743,AG033,Motor,East,2026-01-19,2027-01-19,36170,1157440,Expired
POL001282,CUST02683,AG057,Travel,North,2025-06-11,2026-06-11,4883,341810,Expired
POL001283,CUST01768,AG031,Motor,North,2024-01-19,2025-01-18,32780,721160,Expired
POL001284,CUST01375,AG005,Commercial Property,East,2025-09-26,2026-09-26,375860,23303320,Lapsed
POL001285,CUST00933,AG087,Commercial Property,South,2023-12-16,2024-12-15,512121,16387872,Expired
POL001286,CUST00158,AG040,Home,East,2026-02-01,2027-02-01,62249,5228916,Cancelled
POL001287,CUST00993,AG052,Motor,East,2025-09-19,2026-09-19,14978,868724,Cancelled
POL001288,CUST01046,AG017,Motor,South,2023-10-09,2024-10-08,16514,1321120,Cancelled
POL001289,CUST02943,AG043,Marine,West,2026-04-13,2027-04-13,68445,3901365,Lapsed
POL001290,CUST02897,AG026,Motor,East,2024-10-23,2025-10-23,21958,1273564,Expired
POL001291,CUST02676,AG110,Travel,East,2026-01-07,2027-01-07,2249,89960,Lapsed
POL001292,CUST00065,AG053,Travel,West,2023-12-24,2024-12-23,4512,171456,Lapsed
POL001293,CUST00876,AG110,Motor,West,2025-12-17,2026-12-17,13290,531600,Lapsed
POL001294,CUST00220,AG094,Motor,West,2025-08-08,2026-08-08,14257,1197588,Renewed
POL001295,CUST01627,AG073,Home,South,2023-09-22,2024-09-21,14419,418151,Cancelled
POL001296,CUST00111,AG046,Travel,South,2026-07-18,2027-07-18,4732,175084,Lapsed
POL001297,CUST02437,AG095,Commercial Property,West,2025-11-02,2026-11-02,413076,40894524,Active
POL001298,CUST00043,AG104,Marine,South,2024-03-01,2025-03-01,91870,3858540,Active
POL001299,CUST02511,AG005,Home,West,2025-04-19,2026-04-19,23993,1127671,Cancelled
POL001300,CUST01854,AG098,Marine,North,2023-09-30,2024-09-29,102892,7202440,Active
POL001301,CUST01672,AG088,Home,North,2024-10-25,2025-10-25,8557,667446,Cancelled
POL001302,CUST00395,AG006,Marine,North,2023-12-15,2024-12-14,131139,3803031,Expired
POL001303,CUST01285,AG013,Commercial Property,South,2023-10-13,2024-10-12,963674,49147374,Expired
POL001304,CUST00610,AG001,Marine,West,2026-02-10,2027-02-10,162997,5215904,Expired
POL001305,CUST02254,AG095,Commercial Property,South,2024-04-28,2025-04-28,83057,3737565,Active
POL001306,CUST02202,AG073,Travel,North,2024-10-15,2025-10-15,1296,40176,Renewed
POL001307,CUST01992,AG055,Home,West,2026-05-22,2027-05-22,38530,3120930,Expired
POL001308,CUST02863,AG092,Motor,North,2025-11-20,2026-11-20,6516,208512,Active
POL001309,CUST02297,AG047,Travel,North,2023-08-11,2024-08-10,8911,204953,Lapsed
POL001310,CUST02168,AG048,Commercial Property,East,2024-08-14,2025-08-14,56731,1701930,Active
POL001311,CUST01064,AG120,Commercial Property,North,2024-06-17,2025-06-17,429382,28339212,Renewed
POL001312,CUST01596,AG106,Commercial Property,West,2026-05-18,2027-05-18,404871,13765614,Lapsed
POL001313,CUST01828,AG094,Home,West,2024-01-20,2025-01-19,40670,1382780,Lapsed
POL001314,CUST01452,AG052,Commercial Property,West,2026-06-18,2027-06-18,663054,21880782,Expired
POL001315,CUST01489,AG064,Travel,West,2025-08-19,2026-08-19,1827,84042,Renewed
POL001316,CUST02988,AG018,Motor,South,2024-07-20,2025-07-20,39390,1851330,Cancelled
POL001317,CUST02025,AG055,Travel,North,2023-10-03,2024-10-02,13493,620678,Expired
POL001318,CUST00397,AG088,Motor,East,2023-09-22,2024-09-21,12238,709804,Expired
POL001319,CUST02462,AG051,Motor,East,2026-02-24,2027-02-24,17161,1510168,Renewed
POL001320,CUST01283,AG049,Home,West,2025-07-23,2026-07-23,39404,3467552,Lapsed
POL001321,CUST00948,AG001,Travel,West,2025-05-13,2026-05-13,19061,438403,Cancelled
POL001322,CUST02986,AG030,Commercial Property,South,2024-01-21,2025-01-20,471070,14132100,Cancelled
POL001323,CUST02638,AG022,Commercial Property,South,2025-12-24,2026-12-24,743444,60218964,Active
POL001324,CUST00205,AG049,Travel,East,2024-07-23,2025-07-23,2431,92378,Lapsed
POL001325,CUST01151,AG062,Motor,North,2026-07-09,2027-07-09,34600,1211000,Lapsed
POL001326,CUST02390,AG099,Home,North,2025-10-14,2026-10-14,43158,3064218,Active
POL001327,CUST01033,AG107,Travel,East,2024-02-13,2025-02-12,18060,1679580,Renewed
POL001328,CUST02009,AG016,Marine,West,2024-07-04,2025-07-04,62265,2117010,Cancelled
POL001329,CUST00389,AG071,Commercial Property,West,2024-05-25,2025-05-25,823607,81537093,Lapsed
POL001330,CUST02805,AG110,Motor,North,2024-06-05,2025-06-05,33355,2001300,Renewed
POL001331,CUST01889,AG047,Home,North,2025-01-28,2026-01-28,21114,1372410,Renewed
POL001332,CUST01682,AG028,Home,West,2023-10-03,2024-10-02,35430,2905260,Lapsed
POL001333,CUST02826,AG091,Commercial Property,North,2025-05-18,2026-05-18,944378,89715910,Lapsed
POL001334,CUST00849,AG083,Commercial Property,North,2026-03-05,2027-03-05,169357,3556497,Renewed
POL001335,CUST01594,AG029,Motor,West,2025-09-11,2026-09-11,37358,1643752,Renewed
POL001336,CUST01097,AG075,Motor,South,2025-11-16,2026-11-16,10038,240912,Active
POL001337,CUST01464,AG096,Marine,North,2023-10-29,2024-10-28,196306,11189442,Cancelled
POL001338,CUST00961,AG088,Commercial Property,East,2025-09-18,2026-09-18,997708,95779968,Lapsed
POL001339,CUST02590,AG020,Commercial Property,North,2025-10-05,2026-10-05,683084,25957192,Cancelled
POL001340,CUST02459,AG090,Marine,North,2025-09-07,2026-09-07,91389,3929727,Cancelled
POL001341,CUST00736,AG116,Commercial Property,North,2025-12-25,2026-12-25,991653,32724549,Expired
POL001342,CUST02341,AG077,Home,West,2024-09-28,2025-09-28,15963,846039,Cancelled
POL001343,CUST00958,AG013,Marine,North,2024-01-13,2025-01-12,165452,9927120,Renewed
POL001344,CUST02710,AG095,Home,North,2023-12-17,2024-12-16,8568,539784,Lapsed
POL001345,CUST00556,AG081,Motor,West,2024-07-27,2025-07-27,25044,1377420,Active
POL001346,CUST02666,AG098,Commercial Property,South,2024-08-06,2025-08-06,394585,12232135,Renewed
POL001347,CUST01928,AG025,Travel,North,2024-11-09,2025-11-09,8071,597254,Renewed
POL001348,CUST01204,AG002,Motor,West,2024-05-27,2025-05-27,13918,598474,Cancelled
POL001349,CUST02527,AG068,Home,South,2024-08-02,2025-08-02,56167,2752183,Active
POL001350,CUST01264,AG116,Travel,South,2023-11-12,2024-11-11,15217,319557,Active
POL001351,CUST02265,AG112,Commercial Property,North,2024-07-16,2025-07-16,360935,19490490,Expired
POL001352,CUST02462,AG040,Motor,South,2024-07-28,2025-07-28,23318,1772168,Renewed
POL001353,CUST00267,AG044,Marine,North,2024-06-23,2025-06-23,154939,11310547,Cancelled
POL001354,CUST02544,AG070,Motor,East,2026-01-09,2027-01-09,11753,1163547,Active
POL001355,CUST01331,AG012,Home,West,2025-12-12,2026-12-12,28966,2867634,Active
POL001356,CUST02634,AG026,Commercial Property,South,2025-06-01,2026-06-01,78480,4708800,Renewed
POL001357,CUST02598,AG023,Marine,East,2025-03-21,2026-03-21,171494,8574700,Renewed
POL001358,CUST00710,AG100,Travel,West,2025-01-25,2026-01-25,14874,609834,Lapsed
POL001359,CUST01025,AG012,Marine,South,2025-07-08,2026-07-08,120590,3376520,Lapsed
POL001360,CUST02678,AG081,Home,North,2026-01-03,2027-01-03,59343,2314377,Cancelled
POL001361,CUST00770,AG035,Motor,West,2026-01-15,2027-01-15,32829,2363688,Expired
POL001362,CUST01055,AG027,Home,East,2025-05-21,2026-05-21,43310,3464800,Cancelled
POL001363,CUST00153,AG065,Motor,West,2026-03-31,2027-03-31,33585,2518875,Cancelled
POL001364,CUST02541,AG018,Marine,South,2024-09-06,2025-09-06,167330,15059700,Cancelled
POL001365,CUST00089,AG074,Marine,North,2026-01-01,2027-01-01,73530,4705920,Expired
POL001366,CUST02332,AG055,Commercial Property,East,2025-05-21,2026-05-21,310821,30149637,Renewed
POL001367,CUST01927,AG052,Marine,East,2025-04-22,2026-04-22,177532,11006984,Active
POL001368,CUST00019,AG005,Marine,West,2025-10-02,2026-10-02,164034,15583230,Lapsed
POL001369,CUST01126,AG037,Marine,East,2023-12-04,2024-12-03,153341,15027418,Renewed
POL001370,CUST02374,AG034,Travel,West,2026-07-01,2027-07-01,18658,1455324,Active
POL001371,CUST01775,AG075,Travel,North,2026-04-06,2027-04-06,1729,44954,Active
POL001372,CUST02145,AG034,Marine,West,2024-06-16,2025-06-16,26898,2071146,Active
POL001373,CUST02982,AG042,Marine,West,2024-09-14,2025-09-14,113977,2279540,Cancelled
POL001374,CUST02713,AG038,Motor,West,2024-04-16,2025-04-16,6310,334430,Lapsed
POL001375,CUST02621,AG056,Home,South,2024-04-09,2025-04-09,53501,4975593,Lapsed
POL001376,CUST01676,AG053,Marine,North,2025-01-11,2026-01-11,24361,2265573,Expired
POL001377,CUST00729,AG102,Travel,East,2025-02-28,2026-02-28,9660,879060,Renewed
POL001378,CUST01232,AG005,Motor,West,2026-07-23,2027-07-23,15998,575928,Cancelled
POL001379,CUST00707,AG097,Motor,South,2024-02-12,2025-02-11,26215,1782620,Cancelled
POL001380,CUST01178,AG074,Commercial Property,North,2024-01-11,2025-01-10,728245,37140495,Renewed
POL001381,CUST00905,AG003,Commercial Property,North,2025-10-17,2026-10-17,417834,12535020,Active
POL001382,CUST01366,AG011,Motor,South,2025-03-09,2026-03-09,33788,3311224,Expired
POL001383,CUST02901,AG063,Motor,East,2024-06-24,2025-06-24,38011,2964858,Cancelled
POL001384,CUST01700,AG019,Commercial Property,West,2026-04-14,2027-04-14,393458,10229908,Expired
POL001385,CUST02576,AG077,Travel,South,2025-01-16,2026-01-16,10216,541448,Renewed
POL001386,CUST02762,AG020,Commercial Property,West,2023-10-09,2024-10-08,125433,5644485,Expired
POL001387,CUST00901,AG108,Marine,West,2024-11-08,2025-11-08,144984,5074440,Renewed
POL001388,CUST02766,AG053,Marine,East,2024-02-10,2025-02-09,140992,5216704,Renewed
POL001389,CUST02516,AG116,Home,West,2023-12-24,2024-12-23,43270,3894300,Lapsed
POL001390,CUST01117,AG088,Travel,West,2023-10-17,2024-10-16,13266,742896,Expired
POL001391,CUST01883,AG101,Marine,East,2024-05-05,2025-05-05,112836,5867472,Active
POL001392,CUST01153,AG004,Home,West,2025-07-04,2026-07-04,38522,2041666,Expired
POL001393,CUST02445,AG057,Motor,West,2025-07-22,2026-07-22,32607,2086848,Expired
POL001394,CUST00852,AG008,Marine,North,2023-12-17,2024-12-16,143518,14208282,Lapsed
POL001395,CUST01676,AG048,Motor,North,2024-10-02,2025-10-02,8048,563360,Cancelled
POL001396,CUST01001,AG068,Commercial Property,South,2026-04-22,2027-04-22,410086,25425332,Renewed
POL001397,CUST01761,AG005,Marine,South,2025-12-14,2026-12-14,72503,7250300,Active
POL001398,CUST00246,AG095,Motor,East,2025-03-16,2026-03-16,35566,1813866,Cancelled
POL001399,CUST02424,AG095,Commercial Property,East,2024-10-16,2025-10-16,645273,45814383,Cancelled
POL001400,CUST01835,AG101,Motor,North,2025-12-12,2026-12-12,11671,641905,Renewed
POL001401,CUST01742,AG119,Travel,North,2025-05-11,2026-05-11,16413,508803,Lapsed
POL001402,CUST02750,AG084,Travel,West,2026-03-02,2027-03-02,14487,999603,Lapsed
POL001403,CUST01406,AG077,Home,North,2023-11-11,2024-11-10,54662,5192890,Cancelled
POL001404,CUST00949,AG001,Motor,North,2026-02-01,2027-02-01,23102,993386,Lapsed
POL001405,CUST01140,AG108,Home,West,2025-03-27,2026-03-27,67524,5469444,Expired
POL001406,CUST00225,AG046,Commercial Property,West,2024-07-06,2025-07-06,315684,8839152,Expired
POL001407,CUST01848,AG112,Motor,West,2024-08-23,2025-08-23,29647,1511997,Expired
POL001408,CUST01070,AG059,Commercial Property,North,2025-12-18,2026-12-18,225803,13096574,Cancelled
POL001409,CUST00423,AG003,Home,North,2026-01-12,2027-01-12,29450,1207450,Expired
POL001410,CUST02794,AG090,Commercial Property,West,2025-02-06,2026-02-06,613369,44162568,Renewed
POL001411,CUST00834,AG118,Marine,West,2025-01-06,2026-01-06,45037,2972442,Active
POL001412,CUST00802,AG035,Commercial Property,South,2024-12-08,2025-12-08,442050,32269650,Cancelled
POL001413,CUST02204,AG047,Commercial Property,North,2025-08-18,2026-08-18,863506,35403746,Active
POL001414,CUST02365,AG067,Travel,East,2025-02-08,2026-02-08,2896,167968,Active
POL001415,CUST01888,AG045,Home,West,2024-04-07,2025-04-07,31658,3134142,Expired
POL001416,CUST02343,AG012,Home,South,2025-11-03,2026-11-03,46508,4185720,Active
POL001417,CUST01062,AG017,Motor,South,2025-03-22,2026-03-22,39922,3872434,Expired
POL001418,CUST01898,AG096,Marine,South,2026-01-01,2027-01-01,179453,8972650,Active
POL001419,CUST01935,AG116,Commercial Property,North,2024-08-20,2025-08-20,212254,9339176,Cancelled
POL001420,CUST01022,AG011,Motor,North,2025-10-09,2026-10-09,24380,1511560,Cancelled
POL001421,CUST00778,AG008,Marine,South,2025-06-20,2026-06-20,104076,6140484,Cancelled
POL001422,CUST00195,AG079,Motor,West,2023-12-05,2024-12-04,33898,2440656,Cancelled
POL001423,CUST02900,AG056,Commercial Property,East,2024-08-21,2025-08-21,827437,41371850,Cancelled
POL001424,CUST02421,AG013,Marine,East,2025-08-23,2026-08-23,166371,6322098,Renewed
POL001425,CUST02804,AG011,Commercial Property,East,2023-10-30,2024-10-29,371688,36797112,Active
POL001426,CUST02523,AG012,Motor,West,2024-06-08,2025-06-08,11857,260854,Active
POL001427,CUST00506,AG052,Commercial Property,South,2023-09-19,2024-09-18,888925,78225400,Expired
POL001428,CUST02614,AG052,Travel,South,2025-11-07,2026-11-07,17358,711678,Renewed
POL001429,CUST01110,AG064,Commercial Property,West,2026-07-12,2027-07-12,712099,66225207,Active
POL001430,CUST02598,AG082,Motor,North,2024-08-29,2025-08-29,27627,1795755,Renewed
POL001431,CUST00125,AG006,Home,South,2026-04-27,2027-04-27,11221,886459,Cancelled
POL001432,CUST00784,AG072,Commercial Property,East,2023-12-22,2024-12-21,894168,70639272,Active
POL001433,CUST02938,AG104,Home,East,2025-10-09,2026-10-09,27348,683700,Cancelled
POL001434,CUST00066,AG104,Commercial Property,North,2024-10-24,2025-10-24,468836,31880848,Active
POL001435,CUST01715,AG101,Marine,North,2023-12-16,2024-12-15,67691,4399915,Cancelled
POL001436,CUST02941,AG075,Travel,East,2023-11-14,2024-11-13,12176,267872,Cancelled
POL001437,CUST00385,AG116,Motor,East,2025-02-27,2026-02-27,33550,2314950,Cancelled
POL001438,CUST02175,AG066,Marine,West,2024-08-24,2025-08-24,154957,13171345,Renewed
POL001439,CUST00844,AG050,Travel,East,2024-04-02,2025-04-02,8787,228462,Renewed
POL001440,CUST02978,AG112,Home,South,2026-01-27,2027-01-27,65981,2903164,Lapsed
POL001441,CUST01832,AG116,Travel,North,2025-07-14,2026-07-14,10079,302370,Lapsed
POL001442,CUST00497,AG098,Commercial Property,North,2024-02-19,2025-02-18,395265,20553780,Lapsed
POL001443,CUST01262,AG010,Commercial Property,East,2026-06-25,2027-06-25,353927,33623065,Active
POL001444,CUST00525,AG072,Marine,West,2024-12-05,2025-12-05,81173,4058650,Lapsed
POL001445,CUST02312,AG043,Marine,North,2025-09-15,2026-09-15,76374,3665952,Expired
POL001446,CUST02092,AG098,Travel,West,2024-01-25,2025-01-24,9383,806938,Renewed
POL001447,CUST00684,AG048,Commercial Property,West,2025-12-21,2026-12-21,671806,59118928,Expired
POL001448,CUST00632,AG032,Home,South,2026-02-26,2027-02-26,57816,3873672,Expired
POL001449,CUST02980,AG039,Motor,West,2025-12-25,2026-12-25,38420,2843080,Renewed
POL001450,CUST01327,AG103,Travel,West,2026-03-20,2027-03-20,14081,1267290,Expired
POL001451,CUST01372,AG019,Travel,East,2025-10-03,2026-10-03,19836,595080,Expired
POL001452,CUST01412,AG088,Marine,South,2024-06-14,2025-06-14,145193,9001966,Lapsed
POL001453,CUST02810,AG009,Home,West,2023-08-21,2024-08-20,43222,2463654,Lapsed
POL001454,CUST02671,AG016,Travel,South,2025-05-03,2026-05-03,4942,484316,Lapsed
POL001455,CUST01665,AG046,Travel,West,2023-09-05,2024-09-04,9789,587340,Active
POL001456,CUST02169,AG077,Marine,West,2025-10-10,2026-10-10,49253,3644722,Expired
POL001457,CUST00452,AG051,Motor,North,2025-02-09,2026-02-09,18536,815584,Active
POL001458,CUST01151,AG019,Motor,East,2026-03-02,2027-03-02,36155,1301580,Lapsed
POL001459,CUST01563,AG053,Marine,South,2024-09-25,2025-09-25,193753,17437770,Active
POL001460,CUST02596,AG112,Commercial Property,East,2024-10-02,2025-10-02,893542,75057528,Active
POL001461,CUST00295,AG108,Marine,North,2023-11-12,2024-11-11,98646,6116052,Expired
POL001462,CUST01991,AG014,Travel,South,2024-02-11,2025-02-10,14078,900992,Cancelled
POL001463,CUST02400,AG020,Marine,East,2026-05-19,2027-05-19,24134,1689380,Active
POL001464,CUST02870,AG018,Commercial Property,West,2025-01-17,2026-01-17,713740,59240420,Expired
POL001465,CUST00439,AG077,Motor,East,2024-02-19,2025-02-18,18514,722046,Lapsed
POL001466,CUST02054,AG047,Marine,West,2023-09-17,2024-09-16,184243,4606075,Expired
POL001467,CUST01008,AG111,Motor,East,2024-09-02,2025-09-02,26035,572770,Renewed
POL001468,CUST01583,AG024,Travel,East,2024-12-04,2025-12-04,3927,286671,Cancelled
POL001469,CUST01182,AG096,Home,East,2026-01-24,2027-01-24,39306,2751420,Active
POL001470,CUST02305,AG090,Travel,North,2024-02-25,2025-02-24,3693,339756,Active
POL001471,CUST00628,AG074,Commercial Property,North,2026-03-20,2027-03-20,121850,6701750,Cancelled
POL001472,CUST01129,AG080,Motor,East,2024-02-28,2025-02-27,15827,1408603,Expired
POL001473,CUST02337,AG061,Commercial Property,South,2026-04-25,2027-04-25,745167,40239018,Renewed
POL001474,CUST00077,AG047,Travel,West,2024-08-16,2025-08-16,2202,134322,Cancelled
POL001475,CUST01770,AG069,Commercial Property,East,2025-06-23,2026-06-23,853036,68242880,Renewed
POL001476,CUST02974,AG001,Motor,East,2024-07-11,2025-07-11,31904,2998976,Cancelled
POL001477,CUST00462,AG045,Commercial Property,North,2026-06-29,2027-06-29,957153,44029038,Cancelled
POL001478,CUST00505,AG043,Commercial Property,West,2024-01-18,2025-01-17,165122,8586344,Renewed
POL001479,CUST00294,AG105,Travel,South,2024-12-08,2025-12-08,8877,470481,Lapsed
POL001480,CUST01380,AG052,Travel,South,2026-03-16,2027-03-16,16345,849940,Active
POL001481,CUST00391,AG051,Home,East,2023-09-06,2024-09-05,50477,4441976,Cancelled
POL001482,CUST00974,AG111,Marine,West,2025-11-25,2026-11-25,194375,7386250,Lapsed
POL001483,CUST02449,AG039,Marine,East,2025-12-10,2026-12-10,24627,2019414,Cancelled
POL001484,CUST02175,AG099,Commercial Property,North,2024-04-09,2025-04-09,875664,46410192,Active
POL001485,CUST00008,AG039,Home,West,2025-05-09,2026-05-09,23619,519618,Renewed
POL001486,CUST02935,AG013,Motor,East,2026-05-18,2027-05-18,31243,1624636,Renewed
POL001487,CUST02924,AG041,Commercial Property,West,2026-02-18,2027-02-18,416267,38712831,Cancelled
POL001488,CUST01649,AG005,Motor,South,2026-05-21,2027-05-21,37723,1320305,Renewed
POL001489,CUST01426,AG079,Motor,South,2026-07-23,2027-07-23,30447,700281,Active
POL001490,CUST02647,AG035,Motor,West,2024-11-09,2025-11-09,7311,679923,Active
POL001491,CUST02785,AG013,Travel,West,2025-04-09,2026-04-09,11243,787010,Expired
POL001492,CUST01646,AG087,Motor,East,2024-12-19,2025-12-19,20489,1044939,Cancelled
POL001493,CUST02160,AG077,Home,West,2025-08-11,2026-08-11,23738,1709136,Active
POL001494,CUST00879,AG035,Travel,North,2024-02-29,2025-02-28,18497,554910,Expired
POL001495,CUST01115,AG025,Home,East,2023-08-20,2024-08-19,57367,1491542,Lapsed
POL001496,CUST00929,AG056,Travel,East,2026-01-10,2027-01-10,11150,791650,Expired
POL001497,CUST00092,AG026,Marine,West,2025-03-06,2026-03-06,36398,764358,Active
POL001498,CUST01495,AG072,Travel,South,2025-04-21,2026-04-21,15318,597402,Renewed
POL001499,CUST02988,AG061,Motor,South,2026-07-15,2027-07-15,27459,2608605,Cancelled
POL001500,CUST02390,AG014,Motor,South,2025-10-15,2026-10-15,38199,1184169,Expired
POL001501,CUST00652,AG104,Home,South,2025-08-08,2026-08-08,12951,880668,Active
POL001502,CUST01305,AG058,Motor,West,2025-12-21,2026-12-21,14617,774701,Cancelled
POL001503,CUST01174,AG119,Travel,East,2024-03-04,2025-03-04,11388,330252,Active
POL001504,CUST01565,AG118,Commercial Property,North,2025-03-19,2026-03-19,274216,21114632,Expired
POL001505,CUST02655,AG083,Commercial Property,North,2025-01-10,2026-01-10,629460,56021940,Active
POL001506,CUST00409,AG069,Commercial Property,South,2025-02-14,2026-02-14,365525,20103875,Renewed
POL001507,CUST00306,AG034,Motor,East,2023-09-02,2024-09-01,30034,2582924,Expired
POL001508,CUST00757,AG057,Home,South,2023-10-27,2024-10-26,25495,1045295,Lapsed
POL001509,CUST01618,AG118,Home,West,2025-10-24,2026-10-24,20818,1186626,Renewed
POL001510,CUST00445,AG070,Travel,North,2024-02-12,2025-02-11,16832,841600,Renewed
POL001511,CUST01978,AG089,Travel,South,2024-01-17,2025-01-16,14797,414316,Renewed
POL001512,CUST02145,AG109,Home,North,2024-09-06,2025-09-06,17652,1518072,Renewed
POL001513,CUST02353,AG029,Commercial Property,North,2023-12-23,2024-12-22,903459,22586475,Expired
POL001514,CUST02519,AG055,Home,West,2024-04-05,2025-04-05,50882,4019678,Cancelled
POL001515,CUST02793,AG003,Motor,North,2025-04-30,2026-04-30,31298,2159562,Cancelled
POL001516,CUST00536,AG044,Commercial Property,North,2026-05-15,2027-05-15,362861,12337274,Lapsed
POL001517,CUST02351,AG013,Travel,North,2023-11-19,2024-11-18,13247,582868,Renewed
POL001518,CUST00718,AG016,Commercial Property,South,2024-04-03,2025-04-03,340740,21125880,Expired
POL001519,CUST01645,AG102,Motor,South,2024-11-08,2025-11-08,31081,621620,Expired
POL001520,CUST02090,AG059,Home,North,2024-07-19,2025-07-19,45446,2999436,Cancelled
POL001521,CUST01508,AG070,Commercial Property,North,2025-03-25,2026-03-25,258652,12673948,Lapsed
POL001522,CUST00981,AG114,Marine,South,2026-03-22,2027-03-22,127021,7748281,Active
POL001523,CUST00892,AG099,Travel,East,2024-02-27,2025-02-26,13366,855424,Active
POL001524,CUST02225,AG032,Motor,South,2024-10-03,2025-10-03,10340,454960,Active
POL001525,CUST02369,AG002,Commercial Property,East,2023-12-11,2024-12-10,643768,30900864,Cancelled
POL001526,CUST01991,AG090,Commercial Property,West,2025-09-15,2026-09-15,948650,21818950,Expired
POL001527,CUST02348,AG039,Motor,East,2026-02-19,2027-02-19,31922,925738,Expired
POL001528,CUST02216,AG104,Marine,West,2024-01-10,2025-01-09,44437,2177413,Lapsed
POL001529,CUST01061,AG015,Commercial Property,East,2025-04-24,2026-04-24,635750,57853250,Renewed
POL001530,CUST00249,AG002,Travel,West,2024-10-12,2025-10-12,15273,1053837,Cancelled
POL001531,CUST02602,AG086,Home,East,2026-05-01,2027-05-01,69718,3416182,Active
POL001532,CUST02377,AG102,Travel,South,2025-04-26,2026-04-26,6801,496473,Renewed
POL001533,CUST00002,AG039,Marine,West,2023-11-15,2024-11-14,109203,9719067,Cancelled
POL001534,CUST00480,AG070,Commercial Property,North,2024-09-03,2025-09-03,934680,28975080,Cancelled
POL001535,CUST00211,AG059,Travel,North,2025-11-02,2026-11-02,6314,606144,Lapsed
POL001536,CUST00210,AG062,Marine,East,2023-09-22,2024-09-21,50767,4721331,Renewed
POL001537,CUST01399,AG060,Travel,East,2024-03-23,2025-03-23,12504,487656,Lapsed
POL001538,CUST01213,AG065,Commercial Property,West,2025-02-28,2026-02-28,270293,17028459,Cancelled
POL001539,CUST01558,AG068,Motor,South,2026-08-02,2027-08-02,5682,363648,Renewed
POL001540,CUST02663,AG092,Motor,West,2024-01-01,2024-12-31,29835,2148120,Active
POL001541,CUST02560,AG099,Home,South,2025-06-20,2026-06-20,59235,4501860,Renewed
POL001542,CUST02315,AG115,Travel,West,2024-11-26,2025-11-26,7721,555912,Expired
POL001543,CUST01819,AG009,Travel,South,2023-09-29,2024-09-28,7020,210600,Active
POL001544,CUST01719,AG023,Travel,South,2023-12-02,2024-12-01,19150,823450,Active
POL001545,CUST02804,AG100,Travel,South,2024-04-22,2025-04-22,8596,429800,Active
POL001546,CUST01644,AG105,Home,South,2025-01-25,2026-01-25,24530,564190,Renewed
POL001547,CUST01409,AG084,Commercial Property,East,2025-12-03,2026-12-03,691699,24901164,Expired
POL001548,CUST00560,AG065,Marine,West,2026-02-17,2027-02-17,56850,3581550,Expired
POL001549,CUST02176,AG114,Travel,North,2024-08-26,2025-08-26,9680,880880,Cancelled
POL001550,CUST02588,AG097,Marine,West,2024-10-22,2025-10-22,47953,4123958,Active
POL001551,CUST00027,AG042,Marine,South,2026-07-05,2027-07-05,101531,5178081,Renewed
POL001552,CUST02283,AG111,Travel,East,2026-06-22,2027-06-22,1978,146372,Lapsed
POL001553,CUST00937,AG093,Commercial Property,West,2025-10-23,2026-10-23,94085,8938075,Expired
POL001554,CUST00382,AG080,Home,North,2026-02-22,2027-02-22,66177,4036797,Lapsed
POL001555,CUST01934,AG073,Travel,West,2024-08-11,2025-08-11,5316,462492,Renewed
POL001556,CUST00646,AG104,Home,West,2024-10-15,2025-10-15,62156,3667204,Lapsed
POL001557,CUST02366,AG051,Marine,West,2024-02-21,2025-02-20,49648,2929232,Cancelled
POL001558,CUST02281,AG065,Motor,West,2025-02-11,2026-02-11,5546,110920,Renewed
POL001559,CUST01998,AG040,Motor,North,2025-07-02,2026-07-02,26245,1653435,Active
POL001560,CUST02963,AG114,Home,North,2025-01-17,2026-01-17,52636,4316152,Cancelled
POL001561,CUST02041,AG080,Marine,East,2023-09-16,2024-09-15,124424,4603688,Active
POL001562,CUST02664,AG095,Motor,East,2025-08-28,2026-08-28,31593,695046,Active
POL001563,CUST01036,AG036,Marine,South,2026-07-11,2027-07-11,198401,8134441,Active
POL001564,CUST02224,AG120,Home,West,2024-04-30,2025-04-30,39541,1739804,Expired
POL001565,CUST02275,AG028,Motor,East,2025-04-13,2026-04-13,38271,2678970,Lapsed
POL001566,CUST01825,AG077,Motor,West,2025-02-02,2026-02-02,8209,320151,Expired
POL001567,CUST02049,AG091,Home,West,2026-02-14,2027-02-14,12946,414272,Lapsed
POL001568,CUST01771,AG064,Travel,North,2025-01-05,2026-01-05,4501,436597,Renewed
POL001569,CUST00190,AG016,Home,North,2023-12-07,2024-12-06,30963,2817633,Expired
POL001570,CUST01844,AG108,Commercial Property,East,2026-03-19,2027-03-19,642552,12851040,Cancelled
POL001571,CUST02431,AG117,Commercial Property,South,2023-11-20,2024-11-19,219371,7239243,Cancelled
POL001572,CUST00865,AG103,Commercial Property,East,2024-12-25,2025-12-25,500212,48520564,Renewed
POL001573,CUST01883,AG039,Motor,East,2025-03-23,2026-03-23,15805,537370,Cancelled
POL001574,CUST01579,AG017,Home,East,2024-06-05,2025-06-05,62180,3979520,Lapsed
POL001575,CUST01925,AG094,Motor,South,2025-10-11,2026-10-11,9593,738661,Expired
POL001576,CUST02603,AG040,Travel,West,2024-09-27,2025-09-27,10734,483030,Cancelled
POL001577,CUST01952,AG015,Marine,West,2026-03-08,2027-03-08,63198,3981474,Renewed
POL001578,CUST00642,AG079,Marine,South,2023-09-04,2024-09-03,197300,18348900,Active
POL001579,CUST01201,AG061,Home,East,2024-09-26,2025-09-26,50419,4739386,Renewed
POL001580,CUST00270,AG054,Motor,North,2026-01-25,2027-01-25,8266,537290,Renewed
POL001581,CUST01565,AG089,Home,West,2023-08-24,2024-08-23,16352,605024,Expired
POL001582,CUST02456,AG030,Marine,East,2024-12-01,2025-12-01,28664,745264,Lapsed
POL001583,CUST01912,AG031,Motor,East,2026-03-27,2027-03-27,8843,291819,Active
POL001584,CUST02013,AG111,Travel,South,2023-10-08,2024-10-07,3157,195734,Renewed
POL001585,CUST00516,AG118,Commercial Property,North,2026-07-14,2027-07-14,328811,32223478,Expired
POL001586,CUST01255,AG021,Home,East,2024-09-27,2025-09-27,56297,2251880,Lapsed
POL001587,CUST01972,AG101,Commercial Property,South,2026-07-17,2027-07-17,777228,62955468,Active
POL001588,CUST00670,AG095,Marine,South,2024-01-07,2025-01-06,64252,3726616,Renewed
POL001589,CUST02479,AG073,Home,West,2025-06-12,2026-06-12,8694,191268,Lapsed
POL001590,CUST02642,AG040,Motor,North,2023-12-15,2024-12-14,33332,1933256,Expired
POL001591,CUST02698,AG007,Travel,West,2024-07-18,2025-07-18,11423,639688,Expired
POL001592,CUST02890,AG096,Home,North,2024-04-13,2025-04-13,48582,1311714,Renewed
POL001593,CUST00947,AG088,Travel,East,2026-01-28,2027-01-28,7437,691641,Renewed
POL001594,CUST02822,AG045,Commercial Property,North,2025-10-21,2026-10-21,879617,36943914,Lapsed
POL001595,CUST02093,AG013,Travel,South,2025-11-30,2026-11-30,9130,438240,Expired
POL001596,CUST02783,AG027,Motor,West,2025-02-01,2026-02-01,20233,526058,Expired
POL001597,CUST01949,AG120,Home,West,2024-03-27,2025-03-27,14649,761748,Active
POL001598,CUST00991,AG030,Commercial Property,East,2024-12-02,2025-12-02,107634,6888576,Active
POL001599,CUST00541,AG042,Marine,North,2025-03-27,2026-03-27,52902,1692864,Active
POL001600,CUST02043,AG007,Travel,North,2025-01-02,2026-01-02,18508,1758260,Cancelled
POL001601,CUST01611,AG040,Motor,East,2024-09-06,2025-09-06,14953,433637,Active
POL001602,CUST01314,AG030,Commercial Property,South,2026-07-08,2027-07-08,187988,15978980,Active
POL001603,CUST00088,AG045,Travel,North,2024-08-25,2025-08-25,12313,591024,Cancelled
POL001604,CUST02835,AG064,Commercial Property,East,2023-11-01,2024-10-31,399366,23961960,Cancelled
POL001605,CUST02588,AG084,Travel,North,2023-12-12,2024-12-11,6691,240876,Cancelled
POL001606,CUST01682,AG018,Travel,South,2026-03-30,2027-03-30,4942,143318,Lapsed
POL001607,CUST00004,AG059,Marine,West,2024-10-11,2025-10-11,54451,4083825,Active
POL001608,CUST02304,AG085,Marine,North,2024-04-25,2025-04-25,34348,2370012,Lapsed
POL001609,CUST02810,AG028,Marine,West,2024-06-18,2025-06-18,40275,2980350,Active
POL001610,CUST01711,AG094,Commercial Property,North,2024-06-17,2025-06-17,348350,11147200,Active
POL001611,CUST02283,AG013,Home,South,2023-11-18,2024-11-17,62464,5496832,Lapsed
POL001612,CUST00996,AG072,Home,North,2025-10-28,2026-10-28,60379,5192594,Active
POL001613,CUST02441,AG006,Travel,West,2026-04-06,2027-04-06,12574,804736,Active
POL001614,CUST00657,AG049,Commercial Property,West,2024-05-16,2025-05-16,845516,68486796,Expired
POL001615,CUST00008,AG093,Commercial Property,North,2024-04-09,2025-04-09,214199,19277910,Active
POL001616,CUST01441,AG054,Marine,West,2023-11-09,2024-11-08,70634,3955504,Active
POL001617,CUST01640,AG078,Travel,South,2024-09-27,2025-09-27,2629,199804,Lapsed
POL001618,CUST02489,AG071,Commercial Property,East,2026-07-22,2027-07-22,347853,16001238,Renewed
POL001619,CUST00145,AG056,Travel,North,2024-05-17,2025-05-17,9632,654976,Lapsed
POL001620,CUST02013,AG115,Commercial Property,West,2023-11-05,2024-11-04,404026,12928832,Active
POL001621,CUST02489,AG102,Travel,East,2025-11-09,2026-11-09,12504,825264,Renewed
POL001622,CUST02564,AG084,Home,East,2024-06-03,2025-06-03,68694,5220744,Expired
POL001623,CUST02168,AG107,Commercial Property,South,2025-06-15,2026-06-15,416466,26653824,Renewed
POL001624,CUST00992,AG003,Marine,South,2026-07-15,2027-07-15,143135,6441075,Active
POL001625,CUST01703,AG014,Travel,West,2024-11-24,2025-11-24,6271,420157,Cancelled
POL001626,CUST02723,AG008,Commercial Property,West,2025-10-03,2026-10-03,325378,12038986,Cancelled
POL001627,CUST01212,AG076,Marine,East,2026-02-07,2027-02-07,192539,4620936,Lapsed
POL001628,CUST02132,AG066,Motor,South,2024-09-14,2025-09-14,37504,3037824,Expired
POL001629,CUST01156,AG032,Marine,West,2025-07-17,2026-07-17,76244,6633228,Expired
POL001630,CUST01282,AG021,Motor,North,2025-10-15,2026-10-15,6960,682080,Cancelled
POL001631,CUST02328,AG073,Commercial Property,South,2024-09-07,2025-09-07,508943,36643896,Cancelled
POL001632,CUST00798,AG046,Marine,West,2025-07-20,2026-07-20,154213,4934816,Lapsed
POL001633,CUST01341,AG081,Commercial Property,West,2026-02-03,2027-02-03,524314,37226294,Active
POL001634,CUST01176,AG005,Motor,South,2026-07-16,2027-07-16,13348,894316,Renewed
POL001635,CUST01512,AG067,Travel,West,2025-07-31,2026-07-31,3582,329544,Active
POL001636,CUST02077,AG113,Marine,North,2023-09-26,2024-09-25,184897,3882837,Cancelled
POL001637,CUST00471,AG109,Motor,West,2026-07-03,2027-07-03,31381,1349383,Expired
POL001638,CUST01129,AG063,Commercial Property,South,2025-06-13,2026-06-13,858791,84161518,Active
POL001639,CUST01941,AG051,Commercial Property,West,2024-08-05,2025-08-05,197361,19341378,Cancelled
POL001640,CUST00656,AG103,Commercial Property,East,2025-08-27,2026-08-27,201778,10694234,Lapsed
POL001641,CUST01891,AG031,Home,East,2025-03-01,2026-03-01,20543,1622897,Active
POL001642,CUST00130,AG090,Marine,East,2025-02-22,2026-02-22,39313,1533207,Renewed
POL001643,CUST02351,AG053,Travel,North,2024-10-16,2025-10-16,9144,182880,Renewed
POL001644,CUST00509,AG107,Motor,North,2026-03-21,2027-03-21,22281,735273,Lapsed
POL001645,CUST01245,AG093,Commercial Property,South,2023-09-17,2024-09-16,981545,80486690,Renewed
POL001646,CUST00322,AG036,Commercial Property,South,2024-04-22,2025-04-22,324552,10061112,Expired
POL001647,CUST00040,AG044,Motor,North,2025-09-22,2026-09-22,12265,367950,Expired
POL001648,CUST01278,AG058,Home,East,2026-01-06,2027-01-06,37159,891816,Lapsed
POL001649,CUST01583,AG059,Marine,West,2025-12-02,2026-12-02,92060,2945920,Cancelled
POL001650,CUST00429,AG034,Commercial Property,West,2023-09-16,2024-09-15,257547,16740555,Renewed
POL001651,CUST02710,AG061,Marine,East,2023-10-02,2024-10-01,59968,5756928,Cancelled
POL001652,CUST01843,AG034,Motor,West,2023-08-29,2024-08-28,22545,1194885,Lapsed
POL001653,CUST00437,AG091,Commercial Property,West,2025-09-23,2026-09-23,688015,33712735,Renewed
POL001654,CUST00291,AG001,Commercial Property,East,2025-07-28,2026-07-28,365054,25188726,Active
POL001655,CUST00268,AG090,Home,South,2023-11-15,2024-11-14,57746,5254886,Active
POL001656,CUST00110,AG069,Marine,West,2024-02-08,2025-02-07,42960,4167120,Renewed
POL001657,CUST00926,AG051,Marine,East,2023-08-16,2024-08-15,44804,1075296,Renewed
POL001658,CUST01639,AG060,Marine,North,2025-06-16,2026-06-16,135556,13013376,Cancelled
POL001659,CUST02117,AG009,Commercial Property,West,2025-05-27,2026-05-27,314582,24851978,Active
POL001660,CUST01920,AG001,Home,West,2025-04-13,2026-04-13,9661,280169,Renewed
POL001661,CUST00809,AG104,Travel,South,2024-10-13,2025-10-13,11156,502020,Active
POL001662,CUST02351,AG091,Travel,North,2025-12-16,2026-12-16,15494,1146556,Active
POL001663,CUST01204,AG012,Motor,East,2025-03-01,2026-03-01,6548,425620,Cancelled
POL001664,CUST02727,AG085,Commercial Property,West,2023-11-10,2024-11-09,294625,25337750,Cancelled
POL001665,CUST00447,AG062,Commercial Property,West,2024-01-20,2025-01-19,645116,14837668,Expired
POL001666,CUST02529,AG089,Home,East,2025-02-18,2026-02-18,67432,6338608,Lapsed
POL001667,CUST00458,AG095,Home,West,2023-11-18,2024-11-17,30805,3018890,Renewed
POL001668,CUST01243,AG098,Travel,South,2024-11-11,2025-11-11,19609,1451066,Expired
POL001669,CUST01430,AG109,Marine,West,2026-07-12,2027-07-12,71400,6211800,Renewed
POL001670,CUST01857,AG085,Marine,South,2025-06-12,2026-06-12,145609,4513879,Cancelled
POL001671,CUST01973,AG118,Motor,South,2023-11-08,2024-11-07,22922,2223434,Renewed
POL001672,CUST02626,AG013,Travel,North,2023-11-23,2024-11-22,12922,1046682,Expired
POL001673,CUST01389,AG004,Marine,West,2025-02-28,2026-02-28,51833,3628310,Lapsed
POL001674,CUST01642,AG027,Commercial Property,South,2025-09-09,2026-09-09,366942,34859490,Lapsed
POL001675,CUST01991,AG001,Commercial Property,West,2026-02-25,2027-02-25,428136,20978664,Lapsed
POL001676,CUST01629,AG096,Home,East,2024-04-28,2025-04-28,39158,3680852,Expired
POL001677,CUST00098,AG080,Marine,East,2023-10-11,2024-10-10,189986,7979412,Renewed
POL001678,CUST00227,AG011,Motor,North,2024-09-04,2025-09-04,8139,496479,Renewed
POL001679,CUST02302,AG034,Motor,West,2026-04-04,2027-04-04,9614,499928,Lapsed
POL001680,CUST02755,AG095,Commercial Property,North,2024-07-05,2025-07-05,99155,9023105,Lapsed
POL001681,CUST02347,AG080,Home,South,2025-04-17,2026-04-17,63947,1662622,Lapsed
POL001682,CUST00252,AG034,Travel,West,2023-11-29,2024-11-28,8145,431685,Lapsed
POL001683,CUST01487,AG041,Motor,West,2025-01-17,2026-01-17,35553,2595369,Active
POL001684,CUST00573,AG003,Commercial Property,South,2024-08-28,2025-08-28,192829,13883688,Expired
POL001685,CUST02614,AG081,Motor,West,2023-11-10,2024-11-09,23836,2383600,Expired
POL001686,CUST02572,AG056,Motor,South,2025-09-16,2026-09-16,17424,1690128,Expired
POL001687,CUST01895,AG056,Travel,South,2024-09-25,2025-09-25,3166,174130,Active
POL001688,CUST02342,AG094,Home,South,2023-09-28,2024-09-27,59219,2901731,Expired
POL001689,CUST01861,AG117,Marine,South,2025-04-26,2026-04-26,186478,6153774,Expired
POL001690,CUST00678,AG120,Travel,South,2024-03-21,2025-03-21,19601,842843,Cancelled
POL001691,CUST01018,AG103,Home,West,2024-05-15,2025-05-15,24917,2491700,Renewed
POL001692,CUST00912,AG029,Commercial Property,West,2025-04-20,2026-04-20,374125,9353125,Renewed
POL001693,CUST01962,AG011,Marine,North,2025-04-19,2026-04-19,104010,6448620,Cancelled
POL001694,CUST01962,AG119,Marine,North,2025-02-28,2026-02-28,63751,6247598,Active
POL001695,CUST02989,AG035,Home,East,2026-03-09,2027-03-09,53095,3663555,Expired
POL001696,CUST02969,AG003,Travel,South,2026-04-07,2027-04-07,14003,658141,Expired
POL001697,CUST00028,AG023,Home,East,2026-08-01,2027-08-01,27461,2718639,Cancelled
POL001698,CUST02340,AG026,Marine,West,2025-08-22,2026-08-22,79605,7721685,Cancelled
POL001699,CUST02949,AG058,Travel,East,2026-05-16,2027-05-16,5785,312390,Active
POL001700,CUST00049,AG028,Motor,North,2025-09-12,2026-09-12,36423,3168801,Renewed
POL001701,CUST00424,AG021,Home,East,2026-05-21,2027-05-21,50790,3352140,Lapsed
POL001702,CUST00176,AG047,Marine,South,2024-03-22,2025-03-22,28029,1962030,Expired
POL001703,CUST02095,AG060,Motor,South,2025-10-21,2026-10-21,15887,762576,Expired
POL001704,CUST00341,AG022,Motor,North,2026-03-11,2027-03-11,35913,2729388,Expired
POL001705,CUST00011,AG061,Travel,East,2026-03-29,2027-03-29,5893,218041,Active
POL001706,CUST01925,AG033,Motor,West,2025-01-29,2026-01-29,6474,181272,Renewed
POL001707,CUST00272,AG021,Home,West,2025-08-30,2026-08-30,57940,5736060,Cancelled
POL001708,CUST00331,AG005,Marine,East,2026-05-17,2027-05-17,25107,2134095,Active
POL001709,CUST00709,AG027,Commercial Property,East,2025-10-16,2026-10-16,500126,13003276,Active
POL001710,CUST01320,AG005,Home,West,2025-10-23,2026-10-23,37608,1466712,Lapsed
POL001711,CUST02621,AG036,Home,North,2025-12-31,2026-12-31,51887,2334915,Renewed
POL001712,CUST02295,AG004,Marine,South,2025-04-11,2026-04-11,170241,16513377,Active
POL001713,CUST01580,AG108,Travel,West,2024-08-14,2025-08-14,14968,1362088,Renewed
POL001714,CUST01141,AG117,Marine,North,2025-03-14,2026-03-14,20376,1059552,Active
POL001715,CUST01902,AG001,Motor,West,2023-11-26,2024-11-25,11526,265098,Lapsed
POL001716,CUST02986,AG084,Marine,East,2026-03-03,2027-03-03,27200,870400,Renewed
POL001717,CUST00015,AG076,Travel,East,2024-06-17,2025-06-17,6569,236484,Cancelled
POL001718,CUST02498,AG104,Motor,North,2024-10-14,2025-10-14,28505,2052360,Lapsed
POL001719,CUST00666,AG091,Commercial Property,West,2024-10-02,2025-10-02,395921,24547102,Cancelled
POL001720,CUST01329,AG065,Home,South,2024-03-07,2025-03-07,16726,1505340,Expired
POL001721,CUST00235,AG090,Travel,West,2025-05-06,2026-05-06,9880,582920,Renewed
POL001722,CUST01492,AG006,Travel,South,2025-01-14,2026-01-14,7503,247599,Active
POL001723,CUST02810,AG056,Motor,East,2024-07-24,2025-07-24,15430,663490,Renewed
POL001724,CUST01132,AG069,Travel,South,2024-06-30,2025-06-30,3701,351595,Active
POL001725,CUST02079,AG001,Home,North,2024-06-02,2025-06-02,67537,6416015,Renewed
POL001726,CUST02496,AG115,Motor,West,2026-05-25,2027-05-25,9417,452016,Cancelled
POL001727,CUST01445,AG073,Marine,East,2025-10-01,2026-10-01,67460,4857120,Renewed
POL001728,CUST02788,AG025,Marine,West,2024-04-07,2025-04-07,179191,13797707,Lapsed
POL001729,CUST01687,AG019,Commercial Property,South,2025-10-06,2026-10-06,540456,41074656,Cancelled
POL001730,CUST01461,AG068,Marine,North,2025-10-17,2026-10-17,20147,1873671,Renewed
POL001731,CUST00841,AG026,Motor,North,2024-05-27,2025-05-27,27847,1893596,Lapsed
POL001732,CUST01879,AG056,Commercial Property,West,2025-12-17,2026-12-17,335521,9730109,Expired
POL001733,CUST00434,AG095,Commercial Property,South,2026-04-01,2027-04-01,459380,15618920,Expired
POL001734,CUST01614,AG120,Commercial Property,West,2024-01-22,2025-01-21,779737,20273162,Expired
POL001735,CUST01498,AG094,Home,West,2026-06-11,2027-06-11,52343,4763213,Lapsed
POL001736,CUST01058,AG100,Commercial Property,West,2026-07-11,2027-07-11,860515,43025750,Lapsed
POL001737,CUST00017,AG061,Travel,West,2026-04-12,2027-04-12,1280,64000,Renewed
POL001738,CUST02802,AG116,Commercial Property,East,2024-10-21,2025-10-21,535023,27821196,Cancelled
POL001739,CUST01746,AG018,Marine,North,2024-10-14,2025-10-14,125641,8669229,Cancelled
POL001740,CUST00447,AG089,Marine,South,2025-04-22,2026-04-22,138469,9692830,Active
POL001741,CUST02504,AG067,Marine,South,2024-09-26,2025-09-26,190985,11841070,Lapsed
POL001742,CUST02079,AG097,Motor,West,2024-08-15,2025-08-15,33127,1590096,Renewed
POL001743,CUST00894,AG040,Marine,West,2026-06-18,2027-06-18,145029,3480696,Renewed
POL001744,CUST02813,AG108,Home,North,2026-02-21,2027-02-21,50739,4008381,Renewed
POL001745,CUST02566,AG001,Travel,North,2025-11-15,2026-11-15,1836,150552,Lapsed
POL001746,CUST00809,AG092,Commercial Property,South,2025-03-09,2026-03-09,250013,21001092,Cancelled
POL001747,CUST02408,AG078,Marine,North,2026-05-11,2027-05-11,69568,4382784,Expired
POL001748,CUST00567,AG120,Commercial Property,East,2025-01-28,2026-01-28,141224,9885680,Cancelled
POL001749,CUST00487,AG037,Home,South,2024-12-20,2025-12-20,23590,2335410,Renewed
POL001750,CUST01098,AG062,Home,East,2024-04-11,2025-04-11,20345,1668290,Active
POL001751,CUST01463,AG041,Marine,West,2024-04-27,2025-04-27,28750,1926250,Cancelled
POL001752,CUST01927,AG033,Travel,North,2025-05-23,2026-05-23,14470,419630,Expired
POL001753,CUST01926,AG103,Travel,East,2025-03-14,2026-03-14,19468,1362760,Active
POL001754,CUST00605,AG062,Home,North,2025-03-04,2026-03-04,68763,1444023,Renewed
POL001755,CUST00692,AG112,Marine,North,2026-07-12,2027-07-12,126226,4922814,Lapsed
POL001756,CUST02284,AG089,Home,North,2023-11-25,2024-11-24,33310,2165150,Expired
POL001757,CUST01364,AG007,Motor,East,2025-08-25,2026-08-25,29312,1055232,Renewed
POL001758,CUST02208,AG078,Home,East,2026-07-28,2027-07-28,8433,497547,Expired
POL001759,CUST02461,AG008,Home,South,2023-09-07,2024-09-06,34865,1847845,Renewed
POL001760,CUST01545,AG093,Motor,North,2025-07-21,2026-07-21,39049,1483862,Renewed
POL001761,CUST02312,AG057,Commercial Property,North,2025-09-10,2026-09-10,115083,7710561,Cancelled
POL001762,CUST02636,AG118,Motor,West,2025-12-06,2026-12-06,11827,934333,Active
POL001763,CUST02393,AG109,Motor,East,2023-08-12,2024-08-11,12065,554990,Cancelled
POL001764,CUST00671,AG117,Marine,North,2024-03-30,2025-03-30,177059,6020006,Renewed
POL001765,CUST02602,AG110,Home,North,2025-09-27,2026-09-27,52948,1535492,Lapsed
POL001766,CUST00102,AG062,Home,West,2023-12-01,2024-11-30,15371,461130,Expired
POL001767,CUST00596,AG066,Home,West,2025-06-01,2026-06-01,64747,3172603,Renewed
POL001768,CUST02542,AG072,Travel,East,2024-05-06,2025-05-06,11340,691740,Renewed
POL001769,CUST01640,AG025,Commercial Property,West,2025-02-27,2026-02-27,115157,4491123,Expired
POL001770,CUST00218,AG116,Commercial Property,North,2024-08-07,2025-08-07,630288,35926416,Cancelled
POL001771,CUST01109,AG063,Travel,West,2024-07-12,2025-07-12,11618,836496,Active
POL001772,CUST00638,AG089,Commercial Property,West,2025-06-14,2026-06-14,511332,51133200,Cancelled
POL001773,CUST01908,AG089,Marine,South,2026-01-13,2027-01-13,77021,4005092,Renewed
POL001774,CUST01303,AG062,Travel,East,2025-10-24,2026-10-24,9932,784628,Renewed
POL001775,CUST02485,AG059,Motor,West,2025-06-20,2026-06-20,10663,415857,Lapsed
POL001776,CUST00601,AG115,Marine,South,2025-01-05,2026-01-05,36068,2560828,Active
POL001777,CUST00803,AG111,Travel,East,2026-02-12,2027-02-12,1042,86486,Active
POL001778,CUST02111,AG002,Commercial Property,West,2024-04-17,2025-04-17,619113,27860085,Active
POL001779,CUST00263,AG019,Travel,West,2024-11-26,2025-11-26,13048,1030792,Lapsed
POL001780,CUST02281,AG088,Commercial Property,South,2024-02-18,2025-02-17,190022,12541452,Expired
POL001781,CUST02363,AG078,Marine,East,2026-07-30,2027-07-30,124571,3737130,Lapsed
POL001782,CUST00486,AG061,Commercial Property,East,2024-02-19,2025-02-18,786573,15731460,Lapsed
POL001783,CUST01915,AG084,Travel,West,2026-06-29,2027-06-29,2291,75603,Active
POL001784,CUST02245,AG075,Travel,East,2026-04-04,2027-04-04,8370,560790,Renewed
POL001785,CUST00341,AG086,Commercial Property,West,2026-01-30,2027-01-30,482310,12540060,Cancelled
POL001786,CUST02771,AG061,Motor,North,2026-07-26,2027-07-26,7292,189592,Active
POL001787,CUST00197,AG020,Travel,East,2024-03-25,2025-03-25,1387,88768,Cancelled
POL001788,CUST02797,AG080,Commercial Property,West,2025-10-19,2026-10-19,787494,33074748,Active
POL001789,CUST02558,AG102,Motor,North,2025-05-18,2026-05-18,16281,1579257,Renewed
POL001790,CUST02438,AG111,Marine,West,2023-11-09,2024-11-08,80310,6183870,Cancelled
POL001791,CUST02657,AG022,Marine,South,2023-11-07,2024-11-06,120552,3254904,Cancelled
POL001792,CUST01195,AG006,Motor,West,2024-12-09,2025-12-09,23626,1559316,Active
POL001793,CUST01820,AG102,Home,South,2026-01-28,2027-01-28,69435,5138190,Renewed
POL001794,CUST00020,AG108,Commercial Property,West,2024-11-27,2025-11-27,854386,74331582,Cancelled
POL001795,CUST02693,AG006,Marine,West,2026-05-22,2027-05-22,140010,9240660,Lapsed
POL001796,CUST02410,AG079,Marine,West,2024-01-25,2025-01-24,40667,976008,Lapsed
POL001797,CUST00185,AG087,Motor,South,2025-05-16,2026-05-16,27112,1762280,Renewed
POL001798,CUST01789,AG027,Marine,East,2024-02-26,2025-02-25,168094,7228042,Cancelled
POL001799,CUST00478,AG012,Marine,South,2023-09-16,2024-09-15,135703,3663981,Lapsed
POL001800,CUST02096,AG079,Marine,North,2025-05-28,2026-05-28,197583,17782470,Cancelled
POL001801,CUST02363,AG053,Commercial Property,South,2026-07-02,2027-07-02,916913,32091955,Lapsed
POL001802,CUST02179,AG002,Home,North,2023-08-23,2024-08-22,55396,1384900,Expired
POL001803,CUST00550,AG002,Home,West,2025-08-14,2026-08-14,18149,1125238,Cancelled
POL001804,CUST00418,AG092,Marine,South,2024-06-06,2025-06-06,146948,14400904,Expired
POL001805,CUST01831,AG040,Motor,East,2024-11-30,2025-11-30,35833,2472477,Active
POL001806,CUST02954,AG071,Marine,South,2026-01-22,2027-01-22,139450,7251400,Renewed
POL001807,CUST02045,AG044,Home,North,2025-09-02,2026-09-02,36166,3182608,Active
POL001808,CUST01753,AG080,Marine,East,2026-05-16,2027-05-16,67429,5664036,Lapsed
POL001809,CUST01142,AG043,Commercial Property,West,2024-02-06,2025-02-05,357436,30382060,Cancelled
POL001810,CUST02501,AG119,Travel,East,2025-04-30,2026-04-30,1139,42143,Lapsed
POL001811,CUST02849,AG059,Home,West,2023-08-16,2024-08-15,53302,3304724,Active
POL001812,CUST00112,AG015,Commercial Property,South,2024-12-18,2025-12-18,682092,26601588,Cancelled
POL001813,CUST02945,AG101,Commercial Property,East,2025-12-13,2026-12-13,492428,31515392,Renewed
POL001814,CUST02889,AG017,Motor,North,2025-10-13,2026-10-13,28602,1430100,Active
POL001815,CUST00124,AG111,Travel,North,2023-11-25,2024-11-24,9268,556080,Expired
POL001816,CUST01227,AG031,Motor,West,2026-02-13,2027-02-13,7301,372351,Active
POL001817,CUST02200,AG053,Home,West,2024-11-26,2025-11-26,60981,2439240,Cancelled
POL001818,CUST00431,AG017,Marine,West,2025-12-26,2026-12-26,69296,6929600,Active
POL001819,CUST02000,AG070,Home,North,2024-09-13,2025-09-13,43686,1135836,Renewed
POL001820,CUST02092,AG043,Travel,North,2025-02-21,2026-02-21,12361,1050685,Renewed
POL001821,CUST02142,AG120,Travel,South,2024-03-21,2025-03-21,10714,246422,Expired
POL001822,CUST02144,AG091,Commercial Property,South,2025-08-24,2026-08-24,744967,66302063,Renewed
POL001823,CUST02414,AG119,Travel,North,2025-01-27,2026-01-27,9929,963113,Lapsed
POL001824,CUST01840,AG114,Marine,South,2025-02-08,2026-02-08,60978,1463472,Cancelled
POL001825,CUST02763,AG022,Home,North,2023-10-24,2024-10-23,13193,1292914,Lapsed
POL001826,CUST00653,AG118,Commercial Property,West,2023-11-08,2024-11-07,832019,18304418,Expired
POL001827,CUST01813,AG119,Travel,West,2023-10-09,2024-10-08,5154,417474,Lapsed
POL001828,CUST01931,AG019,Travel,South,2024-05-08,2025-05-08,12073,1050351,Renewed
POL001829,CUST01839,AG072,Travel,North,2024-11-08,2025-11-08,17574,843552,Cancelled
POL001830,CUST00909,AG035,Travel,North,2025-12-17,2026-12-17,18594,1190016,Cancelled
POL001831,CUST02664,AG017,Travel,South,2023-11-03,2024-11-02,6684,514668,Renewed
POL001832,CUST01461,AG091,Motor,North,2023-12-15,2024-12-14,21691,2038954,Renewed
POL001833,CUST02606,AG086,Home,North,2024-11-20,2025-11-20,58852,2118672,Expired
POL001834,CUST00669,AG101,Commercial Property,East,2026-01-25,2027-01-25,793635,41269020,Active
POL001835,CUST02473,AG093,Home,East,2024-08-15,2025-08-15,30134,1446432,Lapsed
POL001836,CUST01953,AG072,Travel,West,2024-12-18,2025-12-18,4407,387816,Active
POL001837,CUST02162,AG051,Marine,West,2025-10-21,2026-10-21,189062,11910906,Renewed
POL001838,CUST02749,AG056,Commercial Property,North,2024-09-13,2025-09-13,832371,69086793,Expired
POL001839,CUST02230,AG078,Home,South,2024-07-06,2025-07-06,48868,3029816,Cancelled
POL001840,CUST00663,AG031,Commercial Property,West,2025-02-19,2026-02-19,984457,96476786,Cancelled
POL001841,CUST01690,AG004,Marine,East,2025-09-18,2026-09-18,91981,8370271,Lapsed
POL001842,CUST01004,AG074,Marine,South,2025-06-18,2026-06-18,53757,4569345,Active
POL001843,CUST02230,AG029,Motor,South,2025-09-29,2026-09-29,38066,1941366,Cancelled
POL001844,CUST02216,AG087,Travel,North,2024-07-01,2025-07-01,3480,76560,Active
POL001845,CUST01654,AG059,Marine,South,2024-01-25,2025-01-24,93453,2055966,Expired
POL001846,CUST01561,AG047,Travel,West,2024-01-11,2025-01-10,3322,322234,Renewed
POL001847,CUST02027,AG044,Commercial Property,East,2024-11-06,2025-11-06,420622,38697224,Cancelled
POL001848,CUST02657,AG031,Commercial Property,East,2023-10-18,2024-10-17,990101,99010100,Renewed
POL001849,CUST01173,AG115,Home,North,2025-09-12,2026-09-12,15519,450051,Lapsed
POL001850,CUST02715,AG115,Home,East,2024-08-08,2025-08-08,53198,3511068,Expired
POL001851,CUST00305,AG051,Motor,West,2026-04-16,2027-04-16,39707,2382420,Active
POL001852,CUST02911,AG038,Motor,South,2024-07-05,2025-07-05,11064,663840,Expired
POL001853,CUST02584,AG050,Motor,South,2024-11-23,2025-11-23,7645,756855,Cancelled
POL001854,CUST00233,AG025,Travel,South,2026-06-13,2027-06-13,5636,371976,Expired
POL001855,CUST02877,AG023,Home,North,2023-09-02,2024-09-01,56354,5297276,Expired
POL001856,CUST00370,AG023,Travel,South,2024-01-02,2025-01-01,19870,615970,Lapsed
POL001857,CUST02388,AG073,Motor,East,2024-12-28,2025-12-28,15798,426546,Active
POL001858,CUST00631,AG042,Marine,West,2024-01-01,2024-12-31,55729,3232282,Renewed
POL001859,CUST01240,AG095,Motor,North,2026-01-01,2027-01-01,10699,524251,Cancelled
POL001860,CUST02809,AG080,Commercial Property,East,2025-03-24,2026-03-24,680012,51000900,Expired
POL001861,CUST01190,AG105,Travel,West,2026-05-03,2027-05-03,17173,618228,Active
POL001862,CUST02851,AG091,Motor,South,2024-03-29,2025-03-29,6698,308108,Lapsed
POL001863,CUST00141,AG021,Motor,South,2025-11-24,2026-11-24,7584,750816,Lapsed
POL001864,CUST02775,AG053,Commercial Property,North,2024-06-22,2025-06-22,448297,26001226,Cancelled
POL001865,CUST02359,AG112,Home,South,2025-12-15,2026-12-15,62034,5893230,Active
POL001866,CUST01608,AG072,Commercial Property,South,2024-09-17,2025-09-17,386523,17780058,Active
POL001867,CUST00221,AG039,Travel,South,2023-09-06,2024-09-05,14064,393792,Renewed
POL001868,CUST02533,AG015,Motor,North,2024-01-31,2025-01-30,19264,1618176,Renewed
POL001869,CUST02959,AG027,Marine,North,2026-04-01,2027-04-01,27909,1116360,Active
POL001870,CUST02020,AG010,Home,East,2025-11-10,2026-11-10,46825,2434900,Lapsed
POL001871,CUST02881,AG020,Travel,West,2023-09-01,2024-08-31,15869,1031485,Renewed
POL001872,CUST01616,AG004,Home,South,2024-08-08,2025-08-08,62100,2794500,Renewed
POL001873,CUST02827,AG097,Commercial Property,North,2025-08-20,2026-08-20,380780,28939280,Active
POL001874,CUST01891,AG003,Home,West,2023-09-03,2024-09-02,11960,251160,Cancelled
POL001875,CUST02812,AG078,Commercial Property,East,2026-01-30,2027-01-30,466508,23791908,Expired
POL001876,CUST02791,AG041,Home,South,2026-02-03,2027-02-03,11884,1022024,Active
POL001877,CUST01724,AG026,Motor,West,2024-06-02,2025-06-02,9305,474555,Expired
POL001878,CUST02190,AG100,Home,East,2026-06-02,2027-06-02,63337,5193634,Cancelled
POL001879,CUST03000,AG001,Marine,South,2025-07-01,2026-07-01,142714,13272402,Renewed
POL001880,CUST02837,AG019,Home,South,2024-11-07,2025-11-07,63765,4272255,Lapsed
POL001881,CUST00469,AG115,Marine,East,2024-05-31,2025-05-31,49509,4604337,Renewed
POL001882,CUST02031,AG070,Motor,South,2023-11-11,2024-11-10,25369,2308579,Expired
POL001883,CUST00986,AG069,Commercial Property,West,2023-12-29,2024-12-28,202431,4453482,Active
POL001884,CUST01275,AG053,Marine,South,2025-09-24,2026-09-24,135074,9860402,Cancelled
POL001885,CUST00946,AG063,Commercial Property,West,2023-10-10,2024-10-09,461980,14321380,Expired
POL001886,CUST00691,AG074,Motor,West,2023-08-26,2024-08-25,19941,1515516,Renewed
POL001887,CUST00020,AG066,Travel,North,2025-05-01,2026-05-01,17822,588126,Active
POL001888,CUST00462,AG091,Marine,East,2024-10-29,2025-10-29,135189,7976151,Expired
POL001889,CUST00418,AG040,Travel,North,2023-10-20,2024-10-19,13491,930879,Active
POL001890,CUST00091,AG101,Home,West,2024-11-07,2025-11-07,13854,858948,Cancelled
POL001891,CUST01632,AG065,Marine,East,2026-02-19,2027-02-19,87686,4471986,Renewed
POL001892,CUST00112,AG026,Commercial Property,East,2026-03-03,2027-03-03,329883,18803331,Cancelled
POL001893,CUST01681,AG101,Marine,East,2024-04-26,2025-04-26,168531,12471294,Active
POL001894,CUST01695,AG083,Motor,South,2026-06-09,2027-06-09,5455,201835,Expired
POL001895,CUST02814,AG017,Travel,South,2024-08-30,2025-08-30,16452,526464,Renewed
POL001896,CUST00227,AG075,Home,West,2024-01-09,2025-01-08,23188,1414468,Renewed
POL001897,CUST01665,AG088,Motor,South,2025-10-16,2026-10-16,21950,1448700,Active
POL001898,CUST00079,AG031,Commercial Property,North,2024-08-30,2025-08-30,947720,52124600,Lapsed
POL001899,CUST00064,AG089,Marine,East,2026-05-22,2027-05-22,144219,10527987,Expired
POL001900,CUST00743,AG077,Travel,East,2025-01-11,2026-01-11,10990,714350,Cancelled
POL001901,CUST00347,AG095,Marine,West,2026-01-06,2027-01-06,106324,8505920,Cancelled
POL001902,CUST00050,AG015,Travel,South,2025-10-16,2026-10-16,17400,1270200,Active
POL001903,CUST01307,AG075,Travel,South,2023-11-23,2024-11-22,10324,443932,Expired
POL001904,CUST00665,AG055,Marine,North,2025-03-18,2026-03-18,75799,4168945,Lapsed
POL001905,CUST00371,AG057,Commercial Property,West,2025-04-06,2026-04-06,105596,2217516,Renewed
POL001906,CUST02688,AG044,Commercial Property,North,2026-06-22,2027-06-22,717164,55221628,Renewed
POL001907,CUST02292,AG037,Motor,South,2025-12-08,2026-12-08,7683,238173,Cancelled
POL001908,CUST02220,AG026,Home,South,2024-06-25,2025-06-25,54768,2574096,Renewed
POL001909,CUST02273,AG016,Home,West,2023-10-29,2024-10-28,64324,2958904,Active
POL001910,CUST01935,AG013,Home,West,2024-11-28,2025-11-28,32796,983880,Cancelled
POL001911,CUST02766,AG114,Commercial Property,South,2026-01-26,2027-01-26,89341,7683326,Lapsed
POL001912,CUST01707,AG016,Marine,North,2026-03-21,2027-03-21,171219,4965351,Cancelled
POL001913,CUST02387,AG110,Travel,East,2023-12-05,2024-12-04,3677,308868,Expired
POL001914,CUST01237,AG112,Motor,West,2024-10-09,2025-10-09,28805,2362010,Expired
POL001915,CUST02292,AG087,Commercial Property,East,2024-03-06,2025-03-06,356595,29597385,Renewed
POL001916,CUST00603,AG044,Motor,North,2025-04-30,2026-04-30,35720,1821720,Expired
POL001917,CUST00127,AG071,Marine,North,2025-10-04,2026-10-04,190341,7613640,Expired
POL001918,CUST02982,AG003,Travel,West,2024-09-11,2025-09-11,14299,543362,Lapsed
POL001919,CUST01479,AG059,Travel,East,2024-11-27,2025-11-27,19713,551964,Renewed
POL001920,CUST00057,AG025,Marine,West,2024-10-10,2025-10-10,48420,3873600,Active
POL001921,CUST00249,AG068,Commercial Property,North,2024-04-21,2025-04-21,595455,59545500,Lapsed
POL001922,CUST02894,AG005,Travel,West,2026-02-18,2027-02-18,17341,1612713,Lapsed
POL001923,CUST02848,AG089,Home,East,2024-05-01,2025-05-01,25781,1933575,Renewed
POL001924,CUST01679,AG045,Marine,West,2025-06-09,2026-06-09,199336,5382072,Renewed
POL001925,CUST01750,AG061,Marine,East,2023-10-26,2024-10-25,103011,7210770,Cancelled
POL001926,CUST02401,AG035,Marine,North,2026-06-11,2027-06-11,151634,12585622,Renewed
POL001927,CUST01368,AG098,Commercial Property,East,2024-06-08,2025-06-08,372260,13401360,Expired
POL001928,CUST00888,AG017,Motor,South,2026-07-18,2027-07-18,33669,2323161,Cancelled
POL001929,CUST02506,AG117,Marine,South,2025-11-02,2026-11-02,78374,1880976,Renewed
POL001930,CUST02110,AG044,Marine,North,2025-05-02,2026-05-02,107821,4097198,Expired
POL001931,CUST00513,AG044,Marine,West,2023-10-17,2024-10-16,145471,13237861,Expired
POL001932,CUST02963,AG119,Travel,North,2024-01-18,2025-01-17,7879,567288,Lapsed
POL001933,CUST01057,AG017,Home,South,2026-05-01,2027-05-01,40280,1570920,Lapsed
POL001934,CUST00573,AG115,Marine,West,2024-09-16,2025-09-16,156219,7498512,Renewed
POL001935,CUST00145,AG030,Home,South,2025-01-19,2026-01-19,57211,2803339,Renewed
POL001936,CUST00140,AG027,Motor,North,2024-12-10,2025-12-10,25459,1960343,Active
POL001937,CUST02568,AG069,Marine,South,2023-09-25,2024-09-24,71551,6081835,Expired
POL001938,CUST01475,AG083,Commercial Property,East,2025-11-27,2026-11-27,184094,15095708,Lapsed
POL001939,CUST02146,AG103,Motor,East,2026-03-03,2027-03-03,35457,3545700,Cancelled
POL001940,CUST00068,AG115,Motor,West,2025-03-14,2026-03-14,32588,3258800,Renewed
POL001941,CUST01506,AG063,Marine,East,2026-07-10,2027-07-10,99285,8836365,Expired
POL001942,CUST02922,AG019,Travel,South,2024-02-16,2025-02-15,11590,1159000,Renewed
POL001943,CUST02973,AG017,Home,West,2025-06-28,2026-06-28,42689,3713943,Lapsed
POL001944,CUST02754,AG067,Home,North,2025-12-18,2026-12-18,47533,2234051,Expired
POL001945,CUST02089,AG048,Motor,East,2025-09-06,2026-09-06,6497,610718,Renewed
POL001946,CUST01359,AG002,Marine,East,2025-08-07,2026-08-07,199555,13968850,Renewed
POL001947,CUST01220,AG064,Travel,West,2025-01-06,2026-01-06,15999,1167927,Renewed
POL001948,CUST02391,AG046,Motor,East,2026-04-01,2027-04-01,39858,3906084,Active
POL001949,CUST01924,AG049,Motor,South,2024-09-19,2025-09-19,39585,1622985,Expired
POL001950,CUST01810,AG038,Motor,East,2024-11-19,2025-11-19,28099,1292554,Lapsed
POL001951,CUST00824,AG072,Travel,South,2025-10-17,2026-10-17,10470,963240,Cancelled
POL001952,CUST00306,AG061,Marine,East,2023-11-24,2024-11-23,134158,3622266,Lapsed
POL001953,CUST02713,AG019,Travel,South,2025-02-03,2026-02-03,3983,314657,Expired
POL001954,CUST01600,AG085,Travel,West,2026-01-21,2027-01-21,12499,987421,Expired
POL001955,CUST02312,AG028,Home,South,2025-01-02,2026-01-02,26683,2561568,Active
POL001956,CUST02471,AG002,Travel,West,2025-08-22,2026-08-22,5058,293364,Lapsed
POL001957,CUST00632,AG053,Commercial Property,West,2023-08-06,2024-08-05,267970,15810230,Cancelled
POL001958,CUST01145,AG012,Travel,South,2025-08-17,2026-08-17,12896,1044576,Renewed
POL001959,CUST02897,AG085,Motor,North,2026-02-07,2027-02-07,17964,1185624,Lapsed
POL001960,CUST01114,AG054,Motor,North,2024-12-03,2025-12-03,23714,1778550,Lapsed
POL001961,CUST01805,AG099,Marine,East,2025-12-24,2026-12-24,75943,6834870,Active
POL001962,CUST01359,AG050,Marine,South,2024-02-27,2025-02-26,170103,12757725,Cancelled
POL001963,CUST00371,AG076,Motor,South,2026-02-07,2027-02-07,33999,2957913,Lapsed
POL001964,CUST00178,AG078,Commercial Property,South,2026-05-01,2027-05-01,421993,29961503,Lapsed
POL001965,CUST01325,AG008,Marine,South,2023-11-02,2024-11-01,123565,4819035,Expired
POL001966,CUST00911,AG039,Motor,West,2026-02-28,2027-02-28,23377,1145473,Cancelled
POL001967,CUST00419,AG088,Marine,West,2025-02-23,2026-02-23,49385,3210025,Renewed
POL001968,CUST02237,AG006,Motor,South,2025-12-26,2026-12-26,38056,1750576,Cancelled
POL001969,CUST01228,AG076,Marine,West,2024-11-02,2025-11-02,131979,3563433,Expired
POL001970,CUST02388,AG016,Travel,West,2024-05-28,2025-05-28,16058,481740,Renewed
POL001971,CUST00974,AG094,Motor,South,2024-05-22,2025-05-22,16627,1546311,Renewed
POL001972,CUST02307,AG116,Marine,East,2024-07-10,2025-07-10,151782,3794550,Active
POL001973,CUST00888,AG048,Marine,North,2026-02-21,2027-02-21,177857,6402852,Lapsed
POL001974,CUST01293,AG096,Travel,West,2026-04-17,2027-04-17,17895,357900,Active
POL001975,CUST00128,AG009,Home,East,2024-03-18,2025-03-18,20649,887907,Cancelled
POL001976,CUST00225,AG050,Marine,West,2023-10-12,2024-10-11,44285,1372835,Lapsed
POL001977,CUST01460,AG044,Marine,North,2026-06-06,2027-06-06,125164,4380740,Lapsed
POL001978,CUST01774,AG102,Motor,South,2024-08-21,2025-08-21,31986,2654838,Active
POL001979,CUST00836,AG091,Travel,North,2023-12-29,2024-12-28,5836,233440,Lapsed
POL001980,CUST00630,AG076,Marine,North,2024-02-18,2025-02-17,46584,2236032,Expired
POL001981,CUST00553,AG006,Home,North,2025-08-03,2026-08-03,26313,2420796,Cancelled
POL001982,CUST02032,AG047,Motor,North,2025-06-04,2026-06-04,18972,1631592,Lapsed
POL001983,CUST00029,AG050,Marine,West,2024-02-08,2025-02-07,137693,9776203,Active
POL001984,CUST00941,AG118,Motor,South,2023-09-23,2024-09-22,32165,868455,Renewed
POL001985,CUST00383,AG022,Commercial Property,East,2025-10-14,2026-10-14,756503,25721102,Active
POL001986,CUST00336,AG116,Commercial Property,West,2024-09-03,2025-09-03,618372,21643020,Expired
POL001987,CUST02391,AG112,Home,South,2026-01-30,2027-01-30,11885,1010225,Renewed
POL001988,CUST01166,AG105,Commercial Property,South,2026-01-18,2027-01-18,170609,10748367,Lapsed
POL001989,CUST00442,AG074,Travel,North,2025-05-16,2026-05-16,13678,971138,Lapsed
POL001990,CUST00267,AG019,Motor,East,2024-07-02,2025-07-02,28547,742222,Expired
POL001991,CUST00423,AG089,Travel,North,2025-10-11,2026-10-11,9981,908271,Active
POL001992,CUST00309,AG089,Marine,East,2024-02-04,2025-02-03,31141,3051818,Renewed
POL001993,CUST01741,AG073,Motor,East,2024-04-21,2025-04-21,7499,457439,Cancelled
POL001994,CUST02786,AG104,Marine,East,2026-05-04,2027-05-04,125890,7805180,Lapsed
POL001995,CUST01632,AG056,Motor,West,2024-09-07,2025-09-07,13631,1308576,Lapsed
POL001996,CUST01124,AG011,Home,East,2024-09-11,2025-09-11,39923,2355457,Expired
POL001997,CUST02665,AG057,Commercial Property,North,2025-02-23,2026-02-23,951140,71335500,Expired
POL001998,CUST01600,AG078,Marine,South,2026-07-14,2027-07-14,139049,4171470,Lapsed
POL001999,CUST00570,AG068,Marine,South,2026-05-12,2027-05-12,122431,12243100,Renewed
POL002000,CUST02386,AG117,Motor,West,2024-04-04,2025-04-04,24234,508914,Expired
POL002001,CUST01599,AG050,Travel,South,2025-04-10,2026-04-10,4963,183631,Lapsed
POL002002,CUST02139,AG017,Travel,West,2025-06-29,2026-06-29,11107,599778,Renewed
POL002003,CUST01514,AG049,Commercial Property,West,2025-02-02,2026-02-02,465062,18602480,Renewed
POL002004,CUST02037,AG017,Travel,East,2026-04-03,2027-04-03,12925,594550,Active
POL002005,CUST00621,AG044,Home,East,2024-07-11,2025-07-11,25925,1788825,Active
POL002006,CUST01600,AG113,Motor,East,2024-09-22,2025-09-22,39241,1098748,Renewed
POL002007,CUST00616,AG002,Home,North,2026-05-14,2027-05-14,63654,6365400,Cancelled
POL002008,CUST00488,AG066,Home,East,2026-05-04,2027-05-04,58301,3148254,Cancelled
POL002009,CUST02720,AG020,Travel,North,2023-10-28,2024-10-27,8534,435234,Expired
POL002010,CUST02371,AG035,Home,North,2026-07-05,2027-07-05,47618,2523754,Expired
POL002011,CUST01989,AG066,Motor,East,2025-01-24,2026-01-24,9922,476256,Cancelled
POL002012,CUST01245,AG006,Home,West,2024-08-29,2025-08-29,46780,1824420,Active
POL002013,CUST02016,AG080,Motor,West,2024-11-17,2025-11-17,39793,3660956,Lapsed
POL002014,CUST00617,AG111,Motor,North,2023-09-03,2024-09-02,6015,354885,Expired
POL002015,CUST00890,AG087,Travel,East,2025-03-29,2026-03-29,15261,946182,Cancelled
POL002016,CUST00874,AG099,Commercial Property,West,2025-11-09,2026-11-09,487268,28261544,Lapsed
POL002017,CUST01274,AG038,Commercial Property,South,2025-07-30,2026-07-30,379847,16333421,Expired
POL002018,CUST02784,AG072,Marine,South,2025-12-05,2026-12-05,37723,1622089,Lapsed
POL002019,CUST00944,AG071,Motor,East,2024-04-17,2025-04-17,8018,697566,Expired
POL002020,CUST01937,AG056,Commercial Property,West,2026-07-07,2027-07-07,465980,31686640,Renewed
POL002021,CUST00324,AG093,Motor,South,2026-06-30,2027-06-30,37449,1348164,Active
POL002022,CUST01598,AG072,Travel,East,2025-10-21,2026-10-21,8049,531234,Lapsed
POL002023,CUST00391,AG085,Home,North,2026-05-14,2027-05-14,58930,1414320,Renewed
POL002024,CUST02604,AG105,Marine,North,2026-06-04,2027-06-04,89029,3116015,Active
POL002025,CUST02421,AG101,Travel,North,2025-01-17,2026-01-17,12648,1214208,Renewed
POL002026,CUST00284,AG077,Marine,East,2026-06-16,2027-06-16,91098,8927604,Renewed
POL002027,CUST01134,AG101,Motor,North,2025-06-20,2026-06-20,28751,2702594,Renewed
POL002028,CUST00188,AG096,Home,West,2025-06-11,2026-06-11,9867,453882,Cancelled
POL002029,CUST02915,AG070,Home,East,2024-12-25,2025-12-25,47305,3074825,Lapsed
POL002030,CUST01951,AG066,Travel,North,2025-04-14,2026-04-14,4025,285775,Active
POL002031,CUST02487,AG033,Home,North,2026-07-24,2027-07-24,45531,2139957,Renewed
POL002032,CUST00185,AG118,Travel,South,2026-04-03,2027-04-03,10452,480792,Expired
POL002033,CUST02281,AG006,Motor,South,2024-04-16,2025-04-16,15969,1213644,Active
POL002034,CUST02152,AG028,Marine,West,2025-06-27,2026-06-27,50843,3559010,Lapsed
POL002035,CUST01881,AG003,Travel,East,2024-03-13,2025-03-13,9383,450384,Renewed
POL002036,CUST01841,AG049,Travel,West,2026-01-29,2027-01-29,1122,41514,Expired
POL002037,CUST00496,AG075,Commercial Property,South,2024-04-06,2025-04-06,183231,8611857,Lapsed
POL002038,CUST01748,AG034,Travel,South,2024-10-05,2025-10-05,15429,725163,Lapsed
POL002039,CUST02402,AG108,Home,South,2026-03-12,2027-03-12,67395,5054625,Lapsed
POL002040,CUST01119,AG070,Home,North,2023-12-04,2024-12-03,34272,2227680,Expired
POL002041,CUST01393,AG067,Motor,South,2024-06-28,2025-06-28,18263,1004465,Lapsed
POL002042,CUST01774,AG045,Commercial Property,North,2025-10-15,2026-10-15,951999,30463968,Expired
POL002043,CUST02283,AG088,Marine,South,2024-02-29,2025-02-28,121921,3779551,Renewed
POL002044,CUST02167,AG013,Motor,East,2026-07-23,2027-07-23,19779,593370,Renewed
POL002045,CUST01057,AG022,Marine,East,2025-05-16,2026-05-16,164830,4780070,Lapsed
POL002046,CUST01680,AG025,Home,West,2024-04-14,2025-04-14,68384,4786880,Cancelled
POL002047,CUST02129,AG064,Commercial Property,West,2025-02-12,2026-02-12,498444,39875520,Renewed
POL002048,CUST00855,AG107,Marine,South,2024-04-10,2025-04-10,166538,9825742,Active
POL002049,CUST02275,AG004,Travel,East,2025-03-05,2026-03-05,8210,738900,Lapsed
POL002050,CUST00822,AG078,Marine,South,2026-02-06,2027-02-06,148814,14434958,Active
POL002051,CUST00308,AG011,Travel,West,2025-07-07,2026-07-07,2086,100128,Lapsed
POL002052,CUST00752,AG096,Motor,East,2025-06-05,2026-06-05,25181,1133145,Renewed
POL002053,CUST02473,AG002,Marine,West,2024-10-13,2025-10-13,39552,1226112,Active
POL002054,CUST01886,AG091,Commercial Property,West,2025-10-09,2026-10-09,915618,88814946,Active
POL002055,CUST02710,AG119,Marine,North,2026-03-28,2027-03-28,146145,3361335,Renewed
POL002056,CUST00744,AG005,Travel,West,2025-12-07,2026-12-07,13684,1286296,Renewed
POL002057,CUST01771,AG040,Motor,North,2026-07-23,2027-07-23,16876,810048,Expired
POL002058,CUST01798,AG021,Motor,East,2023-11-14,2024-11-13,38352,2071008,Cancelled
POL002059,CUST02794,AG057,Commercial Property,West,2024-09-10,2025-09-10,429492,42519708,Expired
POL002060,CUST01375,AG040,Home,West,2026-07-08,2027-07-08,8466,838134,Active
POL002061,CUST02402,AG055,Travel,West,2024-07-05,2025-07-05,14556,1237260,Cancelled
POL002062,CUST02478,AG061,Travel,West,2024-08-26,2025-08-26,12240,550800,Cancelled
POL002063,CUST00871,AG090,Commercial Property,West,2024-01-19,2025-01-18,919560,40460640,Renewed
POL002064,CUST00616,AG063,Marine,East,2023-08-23,2024-08-22,64096,4486720,Renewed
POL002065,CUST01821,AG084,Travel,East,2025-09-10,2026-09-10,11970,825930,Renewed
POL002066,CUST02574,AG104,Commercial Property,East,2025-04-11,2026-04-11,420758,21037900,Cancelled
POL002067,CUST00097,AG100,Travel,East,2026-01-13,2027-01-13,5250,346500,Expired
POL002068,CUST02970,AG035,Travel,West,2025-02-22,2026-02-22,1182,102834,Lapsed
POL002069,CUST00111,AG031,Travel,East,2024-10-24,2025-10-24,9477,720252,Cancelled
POL002070,CUST02180,AG028,Marine,North,2025-10-16,2026-10-16,21911,985995,Lapsed
POL002071,CUST01668,AG077,Marine,West,2026-02-24,2027-02-24,179164,12183152,Cancelled
POL002072,CUST01879,AG027,Commercial Property,North,2024-09-30,2025-09-30,282166,7618482,Cancelled
POL002073,CUST02894,AG033,Motor,East,2024-06-17,2025-06-17,5085,116955,Cancelled
POL002074,CUST02184,AG058,Motor,North,2026-05-02,2027-05-02,14250,1425000,Lapsed
POL002075,CUST01152,AG083,Travel,South,2024-05-30,2025-05-30,13929,1030746,Cancelled
POL002076,CUST01990,AG026,Travel,West,2026-05-06,2027-05-06,5472,508896,Lapsed
POL002077,CUST00220,AG091,Travel,East,2024-03-11,2025-03-11,5804,539772,Cancelled
POL002078,CUST00184,AG062,Motor,North,2025-07-10,2026-07-10,10818,951984,Active
POL002079,CUST02425,AG113,Commercial Property,East,2023-09-24,2024-09-23,325115,25684085,Renewed
POL002080,CUST00089,AG055,Commercial Property,West,2026-03-10,2027-03-10,954965,29603915,Cancelled
POL002081,CUST02892,AG061,Marine,South,2026-01-15,2027-01-15,191783,16685121,Lapsed
POL002082,CUST00130,AG024,Home,East,2024-01-07,2025-01-06,69986,5528894,Active
POL002083,CUST00349,AG082,Travel,West,2025-12-24,2026-12-24,2981,265309,Active
POL002084,CUST00895,AG073,Home,South,2025-01-05,2026-01-05,65871,2239614,Expired
POL002085,CUST02754,AG014,Home,West,2024-02-27,2025-02-26,24616,1132336,Expired
POL002086,CUST02069,AG100,Travel,West,2025-10-04,2026-10-04,11959,251139,Renewed
POL002087,CUST00123,AG105,Commercial Property,North,2024-08-23,2025-08-23,174891,12941934,Cancelled
POL002088,CUST02204,AG088,Motor,West,2023-08-25,2024-08-24,7347,426126,Renewed
POL002089,CUST02120,AG108,Commercial Property,East,2024-12-21,2025-12-21,316658,20266112,Renewed
POL002090,CUST01193,AG113,Home,West,2026-02-28,2027-02-28,51249,2716197,Lapsed
POL002091,CUST00483,AG111,Home,West,2023-08-31,2024-08-30,41690,3210130,Lapsed
POL002092,CUST00339,AG055,Commercial Property,South,2025-03-19,2026-03-19,825272,68497576,Lapsed
POL002093,CUST02700,AG074,Marine,East,2024-07-27,2025-07-27,30917,1855020,Lapsed
POL002094,CUST02566,AG114,Home,North,2026-01-01,2027-01-01,20202,1353534,Renewed
POL002095,CUST01482,AG021,Motor,East,2025-10-12,2026-10-12,15126,695796,Active
POL002096,CUST00677,AG117,Home,West,2025-09-20,2026-09-20,20834,1062534,Cancelled
POL002097,CUST02447,AG083,Travel,East,2025-12-09,2026-12-09,1961,186295,Active
POL002098,CUST00670,AG004,Marine,East,2024-06-30,2025-06-30,67186,2351510,Expired
POL002099,CUST00091,AG038,Commercial Property,East,2024-03-28,2025-03-28,54591,1965276,Expired
POL002100,CUST00228,AG039,Motor,South,2025-05-29,2026-05-29,7554,657198,Active
POL002101,CUST01180,AG091,Motor,South,2026-03-05,2027-03-05,8664,667128,Expired
POL002102,CUST00838,AG076,Commercial Property,East,2023-09-27,2024-09-26,977964,85082868,Expired
POL002103,CUST00347,AG069,Marine,East,2024-11-24,2025-11-24,157957,6318280,Renewed
POL002104,CUST00539,AG076,Home,South,2026-07-23,2027-07-23,65038,4227470,Active
POL002105,CUST01913,AG088,Commercial Property,East,2025-05-16,2026-05-16,727926,53138598,Lapsed
POL002106,CUST00220,AG120,Commercial Property,North,2025-09-09,2026-09-09,305515,25968775,Active
POL002107,CUST02056,AG059,Commercial Property,West,2024-06-19,2025-06-19,827772,57116268,Active
POL002108,CUST00472,AG114,Marine,North,2024-03-16,2025-03-16,165334,10085374,Active
POL002109,CUST00973,AG118,Commercial Property,South,2024-11-24,2025-11-24,93066,5770092,Active
POL002110,CUST01363,AG066,Travel,West,2025-09-18,2026-09-18,7892,670820,Active
POL002111,CUST01832,AG099,Motor,South,2023-08-16,2024-08-15,14997,1154769,Renewed
POL002112,CUST02901,AG016,Travel,East,2024-02-19,2025-02-18,13122,472392,Expired
POL002113,CUST02442,AG061,Commercial Property,West,2025-02-26,2026-02-26,555966,54484668,Active
POL002114,CUST01492,AG077,Motor,West,2024-03-26,2025-03-26,9071,507976,Lapsed
POL002115,CUST01747,AG017,Marine,West,2023-09-05,2024-09-04,89507,4027815,Lapsed
POL002116,CUST02401,AG029,Marine,West,2026-05-01,2027-05-01,60380,3803940,Active
POL002117,CUST01234,AG016,Home,West,2025-09-23,2026-09-23,37278,1453842,Expired
POL002118,CUST00258,AG037,Travel,South,2024-05-03,2025-05-03,7466,500222,Active
POL002119,CUST01389,AG037,Home,East,2026-03-15,2027-03-15,40534,2675244,Cancelled
POL002120,CUST01490,AG119,Commercial Property,South,2025-10-05,2026-10-05,980852,73563900,Expired
POL002121,CUST01699,AG054,Motor,West,2024-02-07,2025-02-06,19069,1620865,Active
POL002122,CUST02060,AG054,Commercial Property,East,2026-02-06,2027-02-06,81425,2117050,Cancelled
POL002123,CUST01932,AG072,Home,North,2024-06-29,2025-06-29,13819,842959,Expired
POL002124,CUST00190,AG100,Motor,West,2025-05-21,2026-05-21,20172,1976856,Expired
POL002125,CUST02238,AG045,Motor,West,2023-11-02,2024-11-01,7362,169326,Active
POL002126,CUST00321,AG012,Motor,East,2024-10-21,2025-10-21,29366,969078,Cancelled
POL002127,CUST00136,AG079,Home,South,2025-10-01,2026-10-01,18601,818444,Expired
POL002128,CUST00010,AG086,Home,West,2026-07-28,2027-07-28,40753,2037650,Lapsed
POL002129,CUST02181,AG079,Commercial Property,West,2026-08-02,2027-08-02,636780,29928660,Lapsed
POL002130,CUST01855,AG056,Marine,East,2025-01-30,2026-01-30,46041,3268911,Expired
POL002131,CUST02865,AG012,Marine,South,2024-05-02,2025-05-02,80970,3481710,Cancelled
POL002132,CUST02982,AG105,Home,West,2026-06-25,2027-06-25,27143,1954296,Cancelled
POL002133,CUST02803,AG098,Marine,North,2025-09-19,2026-09-19,189933,7787253,Renewed
POL002134,CUST00381,AG088,Commercial Property,West,2025-08-08,2026-08-08,593459,53411310,Renewed
POL002135,CUST01590,AG068,Travel,East,2025-07-16,2026-07-16,6530,502810,Active
POL002136,CUST02331,AG079,Marine,East,2026-04-27,2027-04-27,179871,11152002,Expired
POL002137,CUST02678,AG019,Motor,East,2023-08-07,2024-08-06,26645,1199025,Lapsed
POL002138,CUST02276,AG073,Marine,North,2024-10-02,2025-10-02,119314,8113352,Cancelled
POL002139,CUST00499,AG085,Commercial Property,West,2024-04-29,2025-04-29,116979,10294152,Expired
POL002140,CUST01572,AG072,Home,South,2025-08-09,2026-08-09,51580,4229560,Expired
POL002141,CUST02896,AG072,Home,North,2026-06-18,2027-06-18,38651,2087154,Active
POL002142,CUST02896,AG114,Travel,North,2023-11-20,2024-11-19,17119,1472234,Cancelled
POL002143,CUST02393,AG050,Travel,South,2026-07-10,2027-07-10,11803,719983,Renewed
POL002144,CUST00009,AG007,Travel,East,2023-11-24,2024-11-23,19403,1261195,Cancelled
POL002145,CUST02618,AG033,Motor,South,2024-04-18,2025-04-18,30925,2999725,Cancelled
POL002146,CUST01684,AG014,Home,West,2025-09-22,2026-09-22,18853,980356,Renewed
POL002147,CUST00252,AG038,Marine,South,2023-12-24,2024-12-23,86373,3368547,Active
POL002148,CUST01511,AG018,Commercial Property,West,2025-08-08,2026-08-08,957499,24894974,Expired
POL002149,CUST02693,AG003,Marine,North,2023-12-01,2024-11-30,158328,9974664,Renewed
POL002150,CUST00204,AG070,Marine,North,2026-06-18,2027-06-18,102994,3192814,Cancelled
POL002151,CUST01949,AG116,Home,South,2024-05-31,2025-05-31,54502,4033148,Renewed
POL002152,CUST01144,AG017,Home,South,2025-10-19,2026-10-19,52015,2392690,Expired
POL002153,CUST00318,AG095,Commercial Property,North,2023-10-26,2024-10-25,695506,57031492,Active
POL002154,CUST01095,AG045,Motor,East,2024-03-31,2025-03-31,14902,1162356,Cancelled
POL002155,CUST00544,AG061,Commercial Property,West,2024-07-17,2025-07-17,399964,8799208,Expired
POL002156,CUST02064,AG106,Marine,West,2025-02-15,2026-02-15,96003,4224132,Active
POL002157,CUST00165,AG055,Marine,North,2024-01-14,2025-01-13,116018,3364522,Active
POL002158,CUST01867,AG037,Commercial Property,South,2026-01-06,2027-01-06,666220,41971860,Expired
POL002159,CUST01161,AG032,Travel,North,2023-11-03,2024-11-02,6078,182340,Lapsed
POL002160,CUST01741,AG053,Home,West,2024-03-18,2025-03-18,24312,1555968,Renewed
POL002161,CUST01696,AG046,Motor,South,2026-07-20,2027-07-20,19526,1230138,Lapsed
POL002162,CUST01386,AG020,Motor,West,2024-03-09,2025-03-09,14538,1061274,Renewed
POL002163,CUST00236,AG019,Home,North,2024-08-11,2025-08-11,34554,2695212,Cancelled
POL002164,CUST01997,AG006,Motor,North,2024-09-11,2025-09-11,5504,407296,Lapsed
POL002165,CUST02859,AG067,Motor,East,2025-10-10,2026-10-10,35301,1094331,Renewed
POL002166,CUST00941,AG098,Travel,South,2025-10-01,2026-10-01,7148,350252,Active
POL002167,CUST01715,AG043,Marine,East,2026-01-11,2027-01-11,172767,13821360,Active
POL002168,CUST00132,AG019,Travel,East,2026-03-07,2027-03-07,18301,988254,Expired
POL002169,CUST02803,AG043,Travel,East,2026-07-14,2027-07-14,11955,406470,Lapsed
POL002170,CUST02909,AG040,Motor,South,2024-04-07,2025-04-07,7262,646318,Lapsed
POL002171,CUST01166,AG051,Motor,East,2026-03-29,2027-03-29,11457,756162,Expired
POL002172,CUST01975,AG091,Home,West,2025-07-07,2026-07-07,58066,3890422,Cancelled
POL002173,CUST01155,AG016,Home,West,2026-05-12,2027-05-12,8189,581419,Cancelled
POL002174,CUST01895,AG002,Home,West,2024-10-07,2025-10-07,10163,548802,Renewed
POL002175,CUST02786,AG107,Motor,North,2023-11-30,2024-11-29,17054,818592,Expired
POL002176,CUST01560,AG068,Commercial Property,West,2023-12-18,2024-12-17,442284,14595372,Renewed
POL002177,CUST00970,AG089,Travel,West,2026-04-28,2027-04-28,4093,376556,Expired
POL002178,CUST02416,AG011,Motor,North,2024-01-27,2025-01-26,8749,594932,Lapsed
POL002179,CUST02412,AG028,Commercial Property,South,2026-02-27,2027-02-27,561837,38204916,Cancelled
POL002180,CUST01580,AG045,Travel,North,2026-06-15,2027-06-15,10829,1082900,Cancelled
POL002181,CUST00088,AG085,Marine,South,2026-07-18,2027-07-18,73118,6068794,Renewed
POL002182,CUST02204,AG113,Marine,North,2025-09-11,2026-09-11,67166,4097126,Renewed
POL002183,CUST00107,AG098,Home,South,2025-06-08,2026-06-08,15252,549072,Renewed
POL002184,CUST02484,AG114,Motor,North,2024-11-07,2025-11-07,33580,1611840,Renewed
POL002185,CUST02277,AG009,Motor,North,2026-07-12,2027-07-12,23241,1836039,Active
POL002186,CUST00099,AG045,Motor,South,2025-11-26,2026-11-26,13908,1209996,Renewed
POL002187,CUST02749,AG076,Travel,West,2023-11-30,2024-11-29,3773,298067,Expired
POL002188,CUST02653,AG084,Travel,South,2026-02-08,2027-02-08,12005,1152480,Renewed
POL002189,CUST01303,AG077,Marine,West,2023-11-28,2024-11-27,137859,9098694,Renewed
POL002190,CUST00493,AG027,Commercial Property,North,2025-02-20,2026-02-20,957354,64142718,Renewed
POL002191,CUST00184,AG007,Home,West,2025-06-18,2026-06-18,55881,4638123,Cancelled
POL002192,CUST02618,AG061,Motor,West,2026-06-03,2027-06-03,35603,1566532,Cancelled
POL002193,CUST02035,AG034,Commercial Property,North,2025-01-09,2026-01-09,812250,69041250,Renewed
POL002194,CUST02516,AG119,Marine,West,2024-04-04,2025-04-04,82588,8176212,Cancelled
POL002195,CUST02476,AG075,Commercial Property,East,2024-07-08,2025-07-08,455409,43263855,Renewed
POL002196,CUST00820,AG008,Motor,South,2023-11-13,2024-11-12,27981,1902708,Cancelled
POL002197,CUST00365,AG073,Travel,North,2026-06-07,2027-06-07,4667,340691,Lapsed
POL002198,CUST02569,AG010,Commercial Property,South,2025-06-23,2026-06-23,273228,13934628,Lapsed
POL002199,CUST00544,AG066,Travel,South,2025-07-25,2026-07-25,13888,1124928,Cancelled
POL002200,CUST02825,AG022,Home,South,2024-07-24,2025-07-24,63253,1644578,Expired
POL002201,CUST00466,AG024,Commercial Property,East,2026-05-21,2027-05-21,179908,16371628,Expired
POL002202,CUST00946,AG074,Travel,South,2024-05-30,2025-05-30,5004,205164,Expired
POL002203,CUST01768,AG043,Home,South,2024-01-28,2025-01-27,36868,774228,Expired
POL002204,CUST01334,AG062,Commercial Property,East,2024-01-05,2025-01-04,381628,31675124,Renewed
POL002205,CUST02742,AG039,Commercial Property,North,2023-08-14,2024-08-13,181637,8536939,Cancelled
POL002206,CUST02826,AG043,Marine,South,2025-02-02,2026-02-02,151833,12602139,Cancelled
POL002207,CUST00142,AG094,Motor,South,2026-04-04,2027-04-04,35109,1544796,Renewed
POL002208,CUST02506,AG033,Commercial Property,East,2023-11-12,2024-11-11,245510,11047950,Expired
POL002209,CUST02134,AG069,Commercial Property,North,2025-07-10,2026-07-10,54995,3299700,Cancelled
POL002210,CUST00435,AG008,Motor,West,2026-02-02,2027-02-02,22843,639604,Active
POL002211,CUST02549,AG025,Marine,South,2023-12-24,2024-12-23,175452,11228928,Cancelled
POL002212,CUST02149,AG103,Commercial Property,South,2024-09-16,2025-09-16,942129,27321741,Lapsed
POL002213,CUST01837,AG042,Commercial Property,West,2024-08-11,2025-08-11,437670,20132820,Lapsed
POL002214,CUST00773,AG039,Marine,North,2024-09-19,2025-09-19,105183,8204274,Cancelled
POL002215,CUST02815,AG021,Travel,North,2025-12-06,2026-12-06,10381,716289,Expired
POL002216,CUST00729,AG016,Marine,East,2024-03-12,2025-03-12,129111,6326439,Cancelled
POL002217,CUST01166,AG001,Marine,West,2025-04-21,2026-04-21,193961,15904802,Active
POL002218,CUST00255,AG118,Travel,South,2024-03-14,2025-03-14,13613,1347687,Cancelled
POL002219,CUST00208,AG102,Marine,West,2024-01-14,2025-01-13,193537,9870387,Lapsed
POL002220,CUST01603,AG025,Commercial Property,North,2023-09-26,2024-09-25,163619,10307997,Expired
POL002221,CUST00678,AG038,Motor,East,2025-07-29,2026-07-29,10597,349701,Renewed
POL002222,CUST02488,AG044,Marine,West,2024-08-23,2025-08-23,154898,11617350,Cancelled
POL002223,CUST00808,AG056,Motor,East,2024-02-25,2025-02-24,22682,1587740,Cancelled
POL002224,CUST01766,AG090,Motor,South,2023-11-17,2024-11-16,38940,2336400,Lapsed
POL002225,CUST00699,AG073,Motor,West,2025-07-05,2026-07-05,11481,309987,Cancelled
POL002226,CUST02809,AG014,Home,East,2026-07-02,2027-07-02,19153,1072568,Expired
POL002227,CUST00029,AG097,Commercial Property,East,2025-01-25,2026-01-25,348051,10441530,Expired
POL002228,CUST00496,AG037,Commercial Property,East,2024-03-26,2025-03-26,658685,27006085,Renewed
POL002229,CUST02911,AG004,Marine,South,2024-12-22,2025-12-22,51642,1704186,Renewed
POL002230,CUST01240,AG090,Marine,North,2025-02-13,2026-02-13,182340,10758060,Renewed
POL002231,CUST00304,AG089,Commercial Property,West,2025-08-15,2026-08-15,620172,55195308,Expired
POL002232,CUST02737,AG042,Travel,South,2024-09-01,2025-09-01,13634,1322498,Active
POL002233,CUST01284,AG025,Travel,East,2024-12-09,2025-12-09,19897,775983,Active
POL002234,CUST01289,AG113,Commercial Property,North,2025-11-08,2026-11-08,592514,21923018,Expired
POL002235,CUST00966,AG038,Motor,East,2026-04-07,2027-04-07,31387,1349641,Lapsed
POL002236,CUST01610,AG062,Marine,North,2024-08-12,2025-08-12,86007,2580210,Expired
POL002237,CUST00991,AG069,Home,North,2025-08-06,2026-08-06,28521,2110554,Renewed
POL002238,CUST00552,AG080,Motor,West,2023-10-23,2024-10-22,36069,1623105,Lapsed
POL002239,CUST00213,AG070,Commercial Property,West,2026-02-03,2027-02-03,367072,30466976,Renewed
POL002240,CUST01197,AG108,Home,North,2024-12-19,2025-12-19,37413,972738,Active
POL002241,CUST02818,AG087,Home,South,2025-11-01,2026-11-01,65833,6319968,Renewed
POL002242,CUST00749,AG056,Home,East,2024-07-25,2025-07-25,60712,3885568,Cancelled
POL002243,CUST00729,AG063,Motor,West,2025-03-26,2026-03-26,39855,2989125,Expired
POL002244,CUST02259,AG022,Commercial Property,East,2023-10-22,2024-10-21,894038,75993230,Lapsed
POL002245,CUST01882,AG071,Home,West,2024-03-29,2025-03-29,51949,3844226,Lapsed
POL002246,CUST01871,AG099,Motor,West,2026-06-01,2027-06-01,7603,372547,Active
POL002247,CUST02370,AG076,Commercial Property,East,2024-01-29,2025-01-28,764806,32886658,Active
POL002248,CUST00029,AG105,Home,East,2026-02-25,2027-02-25,28477,2278160,Active
POL002249,CUST01219,AG073,Travel,West,2026-02-06,2027-02-06,19074,1068144,Lapsed
POL002250,CUST02067,AG054,Commercial Property,West,2026-02-24,2027-02-24,446240,32575520,Expired
POL002251,CUST00299,AG079,Motor,South,2025-03-27,2026-03-27,5752,299104,Lapsed
POL002252,CUST01519,AG075,Marine,East,2024-05-16,2025-05-16,64909,4024358,Cancelled
POL002253,CUST00276,AG045,Motor,South,2025-08-13,2026-08-13,17381,990717,Active
POL002254,CUST02884,AG119,Commercial Property,West,2025-11-21,2026-11-21,833977,26687264,Active
POL002255,CUST00944,AG111,Commercial Property,West,2023-08-28,2024-08-27,755192,55884208,Expired
POL002256,CUST00266,AG063,Travel,East,2024-07-08,2025-07-08,1997,99850,Renewed
POL002257,CUST02876,AG063,Home,South,2026-04-21,2027-04-21,25092,2107728,Renewed
POL002258,CUST00574,AG067,Motor,South,2023-12-29,2024-12-28,16304,489120,Renewed
POL002259,CUST02794,AG110,Motor,South,2023-11-23,2024-11-22,28154,1689240,Expired
POL002260,CUST02040,AG115,Motor,North,2023-09-02,2024-09-01,15566,731602,Active
POL002261,CUST02064,AG052,Motor,East,2026-06-15,2027-06-15,18490,739600,Expired
POL002262,CUST00108,AG004,Motor,West,2023-09-06,2024-09-05,26910,1345500,Lapsed
POL002263,CUST01525,AG092,Motor,North,2024-12-30,2025-12-30,20955,649605,Active
POL002264,CUST02894,AG033,Motor,South,2023-09-07,2024-09-06,9438,217074,Lapsed
POL002265,CUST00257,AG055,Motor,West,2025-10-17,2026-10-17,7984,718560,Renewed
POL002266,CUST02485,AG074,Commercial Property,West,2026-03-09,2027-03-09,645456,52281936,Active
POL002267,CUST02030,AG033,Home,South,2025-07-08,2026-07-08,26356,1238732,Expired
POL002268,CUST00272,AG112,Marine,East,2025-08-25,2026-08-25,31373,784325,Active
POL002269,CUST00817,AG016,Marine,West,2024-02-16,2025-02-15,23142,1157100,Cancelled
POL002270,CUST02953,AG061,Marine,East,2026-07-10,2027-07-10,99550,3782900,Expired
POL002271,CUST00349,AG063,Home,East,2025-09-04,2026-09-04,57481,3908708,Active
POL002272,CUST01794,AG118,Commercial Property,West,2026-07-31,2027-07-31,821280,55025760,Active
POL002273,CUST00873,AG078,Home,West,2025-08-14,2026-08-14,51010,4488880,Active
POL002274,CUST01138,AG065,Commercial Property,South,2025-09-27,2026-09-27,93746,7499680,Expired
POL002275,CUST01400,AG095,Motor,East,2026-07-27,2027-07-27,28674,2408616,Renewed
POL002276,CUST02206,AG072,Commercial Property,North,2025-09-23,2026-09-23,168981,3886563,Renewed
POL002277,CUST02566,AG082,Commercial Property,West,2025-04-26,2026-04-26,310020,10230660,Cancelled
POL002278,CUST00435,AG099,Travel,East,2026-03-06,2027-03-06,7314,650946,Cancelled
POL002279,CUST01253,AG077,Home,West,2025-06-09,2026-06-09,10160,447040,Expired
POL002280,CUST01031,AG004,Commercial Property,South,2024-02-20,2025-02-19,381559,27472248,Expired
POL002281,CUST00224,AG095,Commercial Property,East,2023-12-30,2024-12-29,197086,15569794,Active
POL002282,CUST00226,AG088,Marine,South,2026-04-28,2027-04-28,192157,12298048,Cancelled
POL002283,CUST00148,AG058,Marine,East,2023-12-26,2024-12-25,103783,8925338,Lapsed
POL002284,CUST02408,AG119,Travel,West,2025-08-29,2026-08-29,18223,747143,Expired
POL002285,CUST00089,AG099,Motor,North,2023-12-17,2024-12-16,7536,746064,Cancelled
POL002286,CUST00433,AG089,Travel,North,2026-05-31,2027-05-31,10668,810768,Cancelled
POL002287,CUST01752,AG053,Travel,North,2026-02-14,2027-02-14,11178,905418,Active
POL002288,CUST01198,AG039,Commercial Property,West,2024-11-25,2025-11-25,182207,15123181,Active
POL002289,CUST02057,AG060,Marine,West,2025-12-27,2026-12-27,50141,3961139,Active
POL002290,CUST01169,AG085,Home,South,2023-08-31,2024-08-30,29384,1674888,Expired
POL002291,CUST01734,AG099,Motor,West,2024-03-14,2025-03-14,21008,1827696,Lapsed
POL002292,CUST00876,AG082,Commercial Property,West,2025-04-10,2026-04-10,841426,22718502,Cancelled
POL002293,CUST02349,AG019,Home,North,2025-11-03,2026-11-03,36987,1960311,Renewed
POL002294,CUST02161,AG016,Commercial Property,South,2026-03-19,2027-03-19,946609,31238097,Expired
POL002295,CUST01014,AG011,Motor,North,2025-10-18,2026-10-18,38531,2042143,Cancelled
POL002296,CUST01505,AG077,Travel,East,2025-03-17,2026-03-17,6441,193230,Renewed
POL002297,CUST00811,AG094,Motor,North,2024-07-10,2025-07-10,21104,823056,Cancelled
POL002298,CUST00566,AG041,Travel,West,2024-12-19,2025-12-19,7880,244280,Expired
POL002299,CUST02610,AG009,Home,North,2024-03-13,2025-03-13,61845,2102730,Lapsed
POL002300,CUST01016,AG095,Motor,South,2025-12-07,2026-12-07,6819,484149,Lapsed
POL002301,CUST02765,AG040,Home,North,2023-11-01,2024-10-31,31624,1676072,Expired
POL002302,CUST01088,AG086,Travel,West,2025-03-04,2026-03-04,7559,279683,Cancelled
POL002303,CUST01281,AG086,Travel,North,2024-02-24,2025-02-23,4560,451440,Lapsed
POL002304,CUST02875,AG011,Commercial Property,East,2025-05-10,2026-05-10,880583,77491304,Cancelled
POL002305,CUST01645,AG068,Marine,East,2023-08-22,2024-08-21,103028,3709008,Lapsed
POL002306,CUST00750,AG103,Marine,North,2025-06-01,2026-06-01,90703,3990932,Expired
POL002307,CUST00230,AG089,Home,East,2026-01-24,2027-01-24,46873,2156158,Cancelled
POL002308,CUST02037,AG092,Home,North,2026-04-26,2027-04-26,9836,836060,Active
POL002309,CUST01467,AG024,Commercial Property,West,2024-08-27,2025-08-27,187898,10334390,Renewed
POL002310,CUST01600,AG034,Travel,West,2024-06-13,2025-06-13,9961,946295,Expired
POL002311,CUST00036,AG050,Motor,East,2025-08-31,2026-08-31,32992,3035264,Lapsed
POL002312,CUST02751,AG059,Commercial Property,South,2025-04-16,2026-04-16,182021,12013386,Cancelled
POL002313,CUST02669,AG111,Home,West,2024-09-01,2025-09-01,46908,2673756,Renewed
POL002314,CUST01917,AG021,Motor,North,2023-09-18,2024-09-17,14156,934296,Cancelled
POL002315,CUST02350,AG107,Marine,South,2024-12-22,2025-12-22,44269,4338362,Expired
POL002316,CUST01627,AG018,Home,East,2026-05-25,2027-05-25,10036,662376,Active
POL002317,CUST00233,AG028,Travel,East,2024-03-03,2025-03-03,13918,501048,Cancelled
POL002318,CUST01060,AG035,Motor,South,2026-03-21,2027-03-21,24473,954447,Renewed
POL002319,CUST02046,AG076,Commercial Property,East,2024-05-24,2025-05-24,145216,7696448,Lapsed
POL002320,CUST02553,AG046,Travel,East,2025-03-04,2026-03-04,12611,983658,Lapsed
POL002321,CUST02907,AG112,Motor,South,2024-12-09,2025-12-09,34401,1926456,Expired
POL002322,CUST01147,AG116,Travel,North,2024-04-04,2025-04-04,5753,132319,Expired
POL002323,CUST01588,AG014,Home,South,2025-03-03,2026-03-03,64524,5097396,Renewed
POL002324,CUST02719,AG047,Marine,North,2024-08-09,2025-08-09,92919,2973408,Active
POL002325,CUST01435,AG001,Home,West,2024-07-10,2025-07-10,41072,1519664,Expired
POL002326,CUST02607,AG044,Commercial Property,South,2026-07-04,2027-07-04,762162,72405390,Cancelled
POL002327,CUST01118,AG024,Home,South,2024-02-13,2025-02-12,59107,2718922,Lapsed
POL002328,CUST02996,AG101,Home,East,2026-02-08,2027-02-08,22222,822214,Renewed
POL002329,CUST01412,AG016,Commercial Property,South,2025-03-04,2026-03-04,133688,3342200,Active
POL002330,CUST01055,AG025,Home,West,2024-06-10,2025-06-10,40094,4009400,Cancelled
POL002331,CUST02035,AG009,Commercial Property,West,2026-01-14,2027-01-14,967070,63826620,Cancelled
POL002332,CUST02296,AG073,Travel,South,2023-11-11,2024-11-10,6947,632177,Expired
POL002333,CUST00212,AG061,Motor,West,2026-04-16,2027-04-16,19547,1935153,Expired
POL002334,CUST02508,AG061,Home,West,2025-07-06,2026-07-06,63705,2803020,Cancelled
POL002335,CUST02828,AG059,Motor,East,2026-03-01,2027-03-01,38894,2605898,Lapsed
POL002336,CUST00241,AG061,Motor,South,2025-03-19,2026-03-19,31999,1247961,Expired
POL002337,CUST02394,AG109,Motor,West,2024-12-07,2025-12-07,10596,582780,Cancelled
POL002338,CUST00961,AG027,Home,South,2024-10-28,2025-10-28,45370,1315730,Cancelled
POL002339,CUST02544,AG004,Commercial Property,West,2024-03-20,2025-03-20,517119,23270355,Expired
POL002340,CUST00013,AG114,Home,North,2024-01-07,2025-01-06,43286,4198742,Cancelled
POL002341,CUST00906,AG120,Motor,West,2025-07-27,2026-07-27,27034,621782,Active
POL002342,CUST01985,AG042,Travel,West,2025-03-22,2026-03-22,17897,1127511,Lapsed
POL002343,CUST00177,AG038,Marine,North,2025-12-12,2026-12-12,45419,4496481,Renewed
POL002344,CUST01612,AG017,Home,South,2025-01-15,2026-01-15,35020,2696540,Expired
POL002345,CUST02826,AG018,Commercial Property,West,2024-08-09,2025-08-09,352024,8800600,Cancelled
POL002346,CUST00599,AG014,Home,East,2025-03-11,2026-03-11,67854,5564028,Renewed
POL002347,CUST01174,AG014,Marine,South,2024-07-31,2025-07-31,72740,5382760,Renewed
POL002348,CUST02847,AG054,Travel,East,2025-04-01,2026-04-01,19341,1779372,Lapsed
POL002349,CUST00353,AG007,Marine,East,2026-03-01,2027-03-01,182685,12787950,Renewed
POL002350,CUST02560,AG031,Travel,South,2024-07-25,2025-07-25,17515,1646410,Renewed
POL002351,CUST00656,AG036,Commercial Property,East,2024-10-13,2025-10-13,126000,11718000,Expired
POL002352,CUST01060,AG032,Motor,West,2023-12-06,2024-12-05,22430,1704680,Lapsed
POL002353,CUST02574,AG076,Motor,East,2023-10-19,2024-10-18,33861,1523745,Renewed
POL002354,CUST02376,AG023,Marine,North,2024-08-24,2025-08-24,137193,10289475,Lapsed
POL002355,CUST01403,AG100,Home,North,2025-04-17,2026-04-17,51793,4298819,Active
POL002356,CUST00633,AG110,Home,East,2023-10-01,2024-09-30,66394,3386094,Active
POL002357,CUST02405,AG015,Motor,East,2025-03-11,2026-03-11,35004,2345268,Expired
POL002358,CUST00029,AG075,Home,East,2025-02-12,2026-02-12,30309,2697501,Active
POL002359,CUST00842,AG004,Marine,West,2024-05-14,2025-05-14,191275,8607375,Cancelled
POL002360,CUST02410,AG066,Motor,South,2024-11-10,2025-11-10,31585,1926685,Renewed
POL002361,CUST02042,AG103,Commercial Property,East,2026-04-20,2027-04-20,822136,20553400,Renewed
POL002362,CUST01139,AG101,Motor,North,2024-02-19,2025-02-18,37684,1884200,Expired
POL002363,CUST02706,AG063,Travel,North,2025-12-22,2026-12-22,3599,212341,Cancelled
POL002364,CUST02064,AG117,Home,West,2024-02-13,2025-02-12,13403,1045434,Renewed
POL002365,CUST01234,AG107,Home,North,2023-09-29,2024-09-28,66460,1329200,Cancelled
POL002366,CUST00612,AG038,Marine,East,2024-11-02,2025-11-02,132481,11790809,Renewed
POL002367,CUST00958,AG081,Marine,North,2025-08-12,2026-08-12,148197,4149516,Cancelled
POL002368,CUST02343,AG023,Motor,West,2025-11-17,2026-11-17,16345,490350,Expired
POL002369,CUST00653,AG016,Home,South,2025-03-29,2026-03-29,45764,2745840,Lapsed
POL002370,CUST00568,AG085,Motor,North,2024-05-30,2025-05-30,35213,704260,Cancelled
POL002371,CUST01489,AG107,Marine,East,2024-11-19,2025-11-19,138850,7497900,Active
POL002372,CUST02245,AG076,Travel,West,2024-08-15,2025-08-15,11343,555807,Lapsed
POL002373,CUST02675,AG052,Motor,North,2023-11-19,2024-11-18,31336,2569552,Renewed
POL002374,CUST01031,AG062,Travel,East,2023-12-08,2024-12-07,13611,952770,Active
POL002375,CUST02625,AG018,Commercial Property,East,2024-06-20,2025-06-20,941151,89409345,Renewed
POL002376,CUST01490,AG008,Marine,East,2025-02-23,2026-02-23,68508,3836448,Lapsed
POL002377,CUST01998,AG019,Commercial Property,West,2024-08-02,2025-08-02,575629,45474691,Cancelled
POL002378,CUST02814,AG090,Marine,East,2025-01-12,2026-01-12,21296,1916640,Cancelled
POL002379,CUST02783,AG030,Motor,West,2024-01-15,2025-01-14,16152,1405224,Renewed
POL002380,CUST01700,AG111,Marine,North,2026-04-10,2027-04-10,145554,10916550,Expired
POL002381,CUST00228,AG025,Commercial Property,North,2024-06-12,2025-06-12,309178,9584518,Lapsed
POL002382,CUST00459,AG103,Home,South,2026-05-27,2027-05-27,61791,5252235,Cancelled
POL002383,CUST01406,AG067,Motor,West,2024-08-16,2025-08-16,28176,2338608,Cancelled
POL002384,CUST00428,AG044,Marine,South,2024-06-10,2025-06-10,60233,1746757,Cancelled
POL002385,CUST02898,AG067,Home,West,2023-09-27,2024-09-26,69368,3260296,Cancelled
POL002386,CUST00365,AG085,Motor,West,2024-11-23,2025-11-23,18088,904400,Cancelled
POL002387,CUST01014,AG085,Marine,West,2026-01-12,2027-01-12,181907,8367722,Lapsed
POL002388,CUST02677,AG069,Commercial Property,East,2026-04-20,2027-04-20,536513,20387494,Cancelled
POL002389,CUST01771,AG017,Travel,North,2024-11-16,2025-11-16,4632,245496,Renewed
POL002390,CUST02802,AG120,Commercial Property,East,2024-08-25,2025-08-25,462440,40694720,Cancelled
POL002391,CUST02417,AG059,Home,West,2025-05-17,2026-05-17,64361,2831884,Renewed
POL002392,CUST02026,AG105,Travel,North,2024-04-01,2025-04-01,5296,153584,Lapsed
POL002393,CUST02706,AG059,Motor,East,2025-05-27,2026-05-27,13336,533440,Active
POL002394,CUST02597,AG036,Home,North,2025-06-11,2026-06-11,49742,3233230,Renewed
POL002395,CUST00385,AG051,Home,East,2024-09-21,2025-09-21,35333,2225979,Renewed
POL002396,CUST02138,AG020,Travel,South,2025-08-28,2026-08-28,12560,703360,Expired
POL002397,CUST01133,AG002,Home,West,2024-01-29,2025-01-28,29170,1458500,Active
POL002398,CUST01163,AG009,Travel,East,2026-02-19,2027-02-19,18270,1004850,Expired
POL002399,CUST01420,AG007,Motor,South,2026-06-28,2027-06-28,23552,1931264,Cancelled
POL002400,CUST00222,AG110,Marine,North,2026-08-04,2027-08-04,84684,7960296,Lapsed
POL002401,CUST01239,AG119,Commercial Property,West,2024-09-15,2025-09-15,54099,2434455,Active
POL002402,CUST00966,AG087,Motor,North,2025-06-26,2026-06-26,35674,2211788,Expired
POL002403,CUST01787,AG046,Home,West,2026-04-23,2027-04-23,49261,3103443,Cancelled
POL002404,CUST01949,AG029,Travel,West,2024-10-10,2025-10-10,15542,979146,Cancelled
POL002405,CUST01665,AG055,Marine,North,2024-12-02,2025-12-02,45512,1501896,Cancelled
POL002406,CUST02900,AG007,Home,South,2025-04-16,2026-04-16,47794,1768378,Active
POL002407,CUST01023,AG073,Marine,North,2024-07-17,2025-07-17,86763,2255838,Renewed
POL002408,CUST01829,AG061,Home,West,2024-04-07,2025-04-07,41046,1806024,Expired
POL002409,CUST01843,AG118,Commercial Property,North,2026-07-20,2027-07-20,281784,9580656,Lapsed
POL002410,CUST02855,AG101,Motor,South,2025-05-08,2026-05-08,33940,2240040,Cancelled
POL002411,CUST00367,AG054,Travel,North,2025-03-30,2026-03-30,3761,161723,Expired
POL002412,CUST02938,AG036,Motor,West,2025-10-10,2026-10-10,26312,1368224,Expired
POL002413,CUST00862,AG106,Travel,East,2024-06-18,2025-06-18,10506,420240,Lapsed
POL002414,CUST00231,AG060,Travel,North,2026-06-13,2027-06-13,1244,124400,Expired
POL002415,CUST00644,AG060,Home,West,2024-02-14,2025-02-13,55041,4678485,Active
POL002416,CUST02465,AG118,Commercial Property,West,2026-05-26,2027-05-26,109116,5128452,Expired
POL002417,CUST00178,AG116,Commercial Property,East,2024-10-11,2025-10-11,666564,17997228,Renewed
POL002418,CUST01355,AG037,Home,South,2026-03-04,2027-03-04,41716,2961836,Cancelled
POL002419,CUST01266,AG060,Commercial Property,West,2025-07-15,2026-07-15,740036,17020828,Expired
POL002420,CUST02916,AG037,Marine,East,2024-12-15,2025-12-15,76779,5220972,Cancelled
POL002421,CUST00823,AG043,Travel,East,2024-10-18,2025-10-18,14461,506135,Renewed
POL002422,CUST00444,AG101,Marine,West,2025-12-02,2026-12-02,37821,3139143,Renewed
POL002423,CUST01673,AG042,Commercial Property,West,2025-04-29,2026-04-29,658085,47382120,Active
POL002424,CUST02333,AG108,Motor,South,2023-10-27,2024-10-26,19347,1354290,Cancelled
POL002425,CUST00754,AG114,Commercial Property,East,2025-04-27,2026-04-27,217516,7830576,Cancelled
POL002426,CUST02951,AG026,Motor,East,2023-09-01,2024-08-31,27184,2120352,Expired
POL002427,CUST01167,AG019,Home,West,2025-12-14,2026-12-14,35080,2595920,Cancelled
POL002428,CUST00318,AG029,Home,North,2024-01-08,2025-01-07,48555,3981510,Expired
POL002429,CUST02615,AG097,Home,South,2026-05-21,2027-05-21,9057,353223,Cancelled
POL002430,CUST00357,AG092,Home,South,2025-04-05,2026-04-05,47803,2820377,Lapsed
POL002431,CUST02648,AG086,Travel,South,2025-10-31,2026-10-31,15172,1441340,Cancelled
POL002432,CUST02044,AG052,Home,North,2026-05-13,2027-05-13,43290,3376620,Lapsed
POL002433,CUST01636,AG056,Motor,North,2024-08-11,2025-08-11,33724,2360680,Renewed
POL002434,CUST02315,AG082,Commercial Property,East,2023-08-12,2024-08-11,763039,45019301,Expired
POL002435,CUST02986,AG003,Commercial Property,West,2023-09-06,2024-09-05,999403,86948061,Cancelled
POL002436,CUST02339,AG062,Marine,South,2026-05-13,2027-05-13,185992,7997656,Renewed
POL002437,CUST00651,AG063,Travel,South,2025-08-16,2026-08-16,11728,598128,Cancelled
POL002438,CUST00725,AG025,Travel,South,2024-11-02,2025-11-02,9863,493150,Cancelled
POL002439,CUST00411,AG120,Marine,West,2026-07-29,2027-07-29,47618,2761844,Lapsed
POL002440,CUST02057,AG105,Travel,North,2024-09-30,2025-09-30,13971,1257390,Renewed
POL002441,CUST00078,AG097,Commercial Property,West,2025-01-19,2026-01-19,982701,50117751,Lapsed
POL002442,CUST00356,AG030,Marine,North,2023-09-25,2024-09-24,182944,10610752,Cancelled
POL002443,CUST02231,AG004,Motor,South,2026-07-26,2027-07-26,20422,714770,Renewed
POL002444,CUST00554,AG083,Commercial Property,South,2024-04-03,2025-04-03,893580,41104680,Renewed
POL002445,CUST00114,AG010,Travel,South,2026-04-02,2027-04-02,6169,425661,Expired
POL002446,CUST02376,AG013,Motor,East,2026-07-06,2027-07-06,16821,1110186,Expired
POL002447,CUST00273,AG038,Home,North,2026-01-25,2027-01-25,23883,477660,Lapsed
POL002448,CUST01002,AG016,Commercial Property,South,2025-02-22,2026-02-22,242509,21825810,Lapsed
POL002449,CUST01425,AG078,Travel,West,2024-11-12,2025-11-12,6994,153868,Expired
POL002450,CUST02357,AG090,Motor,West,2023-09-01,2024-08-31,36847,773787,Active
POL002451,CUST00871,AG106,Motor,North,2024-01-02,2025-01-01,10189,427938,Cancelled
POL002452,CUST01527,AG117,Marine,South,2024-11-22,2025-11-22,153775,4459475,Cancelled
POL002453,CUST01906,AG081,Marine,West,2025-09-04,2026-09-04,182216,4919832,Lapsed
POL002454,CUST00136,AG109,Travel,North,2023-11-14,2024-11-13,18466,960232,Active
POL002455,CUST02569,AG092,Motor,South,2023-12-16,2024-12-15,39057,3593244,Active
POL002456,CUST01535,AG111,Home,South,2024-03-28,2025-03-28,15422,1480512,Expired
POL002457,CUST01435,AG024,Home,East,2025-12-15,2026-12-15,43807,3373139,Renewed
POL002458,CUST00903,AG015,Home,East,2024-10-18,2025-10-18,50961,1630752,Renewed
POL002459,CUST01583,AG064,Travel,East,2024-02-13,2025-02-12,8048,185104,Active
POL002460,CUST01774,AG119,Motor,West,2025-08-22,2026-08-22,34224,2703696,Lapsed
POL002461,CUST00774,AG065,Travel,South,2024-04-11,2025-04-11,4140,289800,Cancelled
POL002462,CUST00168,AG079,Home,West,2026-06-12,2027-06-12,23326,2169318,Cancelled
POL002463,CUST02760,AG002,Motor,West,2025-10-20,2026-10-20,27151,1791966,Expired
POL002464,CUST01833,AG042,Motor,East,2024-08-13,2025-08-13,9866,591960,Active
POL002465,CUST01692,AG119,Commercial Property,East,2024-05-21,2025-05-21,355359,29139438,Renewed
POL002466,CUST02499,AG063,Motor,South,2026-06-22,2027-06-22,37543,976118,Active
POL002467,CUST02703,AG038,Commercial Property,South,2024-05-16,2025-05-16,335843,8396075,Cancelled
POL002468,CUST00670,AG057,Commercial Property,South,2024-12-25,2025-12-25,571719,23440479,Renewed
POL002469,CUST02314,AG004,Commercial Property,West,2025-08-02,2026-08-02,246501,8627535,Lapsed
POL002470,CUST00646,AG009,Home,South,2024-08-01,2025-08-01,31658,1392952,Cancelled
POL002471,CUST00299,AG114,Motor,West,2025-06-16,2026-06-16,17808,1762992,Lapsed
POL002472,CUST01290,AG009,Motor,East,2026-04-07,2027-04-07,6931,194068,Renewed
POL002473,CUST02738,AG051,Marine,West,2024-02-05,2025-02-04,43256,2335824,Lapsed
POL002474,CUST00800,AG081,Marine,West,2024-09-30,2025-09-30,153749,4766219,Expired
POL002475,CUST02600,AG039,Marine,North,2024-02-29,2025-02-28,193079,17184031,Active
POL002476,CUST01124,AG106,Home,North,2023-11-24,2024-11-23,67894,4209428,Renewed
POL002477,CUST01386,AG017,Travel,West,2026-05-03,2027-05-03,3333,179982,Lapsed
POL002478,CUST00388,AG058,Travel,North,2026-02-02,2027-02-02,19620,1451880,Cancelled
POL002479,CUST00625,AG086,Marine,North,2023-10-04,2024-10-03,142342,6547732,Lapsed
POL002480,CUST00665,AG057,Motor,East,2025-02-24,2026-02-24,27938,2179164,Expired
POL002481,CUST02409,AG083,Marine,South,2025-09-16,2026-09-16,181813,7817959,Lapsed
POL002482,CUST01879,AG022,Marine,West,2024-11-19,2025-11-19,151604,15008796,Lapsed
POL002483,CUST02868,AG116,Home,South,2026-01-25,2027-01-25,53913,2803476,Active
POL002484,CUST02925,AG078,Commercial Property,South,2025-03-10,2026-03-10,254942,22179954,Cancelled
POL002485,CUST01864,AG032,Travel,East,2024-11-26,2025-11-26,5434,510796,Lapsed
POL002486,CUST02909,AG031,Home,East,2023-12-09,2024-12-08,60170,5836490,Active
POL002487,CUST01020,AG043,Commercial Property,West,2024-06-03,2025-06-03,546313,26223024,Expired
POL002488,CUST00428,AG053,Marine,North,2023-08-06,2024-08-05,61428,4545672,Expired
POL002489,CUST01534,AG051,Home,East,2026-02-05,2027-02-05,15647,704115,Cancelled
POL002490,CUST02164,AG072,Marine,South,2025-02-26,2026-02-26,125159,9136607,Expired
POL002491,CUST01091,AG047,Home,South,2024-10-06,2025-10-06,38105,2514930,Active
POL002492,CUST00318,AG014,Marine,South,2023-11-28,2024-11-27,96150,7595850,Cancelled
POL002493,CUST01184,AG022,Marine,East,2025-05-30,2026-05-30,107149,3214470,Lapsed
POL002494,CUST00974,AG065,Commercial Property,East,2024-07-02,2025-07-02,446954,15196436,Cancelled
POL002495,CUST02012,AG083,Motor,South,2025-03-23,2026-03-23,12290,1204420,Expired
POL002496,CUST00711,AG033,Marine,West,2024-09-12,2025-09-12,173783,13207508,Expired
POL002497,CUST02643,AG073,Marine,South,2025-09-23,2026-09-23,149982,5249370,Cancelled
POL002498,CUST01510,AG084,Home,North,2024-11-09,2025-11-09,38455,1115195,Lapsed
POL002499,CUST00961,AG007,Home,East,2025-10-02,2026-10-02,65897,4151511,Renewed
POL002500,CUST02967,AG065,Commercial Property,South,2024-09-13,2025-09-13,76960,2385760,Expired
POL002501,CUST02622,AG088,Marine,West,2026-06-21,2027-06-21,82550,5695950,Expired
POL002502,CUST02589,AG054,Marine,South,2023-10-10,2024-10-09,186642,3919482,Renewed
POL002503,CUST02437,AG081,Travel,West,2024-08-29,2025-08-29,13373,962856,Expired
POL002504,CUST02012,AG077,Travel,East,2026-01-24,2027-01-24,3092,309200,Active
POL002505,CUST00343,AG045,Travel,East,2026-01-08,2027-01-08,9724,914056,Active
POL002506,CUST00783,AG011,Motor,North,2024-07-29,2025-07-29,15793,1152889,Active
POL002507,CUST02544,AG070,Motor,East,2023-08-18,2024-08-17,8453,617069,Lapsed
POL002508,CUST01602,AG114,Home,South,2024-02-28,2025-02-27,68653,2059590,Cancelled
POL002509,CUST01619,AG098,Commercial Property,East,2025-11-12,2026-11-12,698520,47499360,Lapsed
POL002510,CUST00253,AG083,Commercial Property,West,2023-11-01,2024-10-31,83995,2351860,Cancelled
POL002511,CUST02629,AG061,Motor,East,2026-05-19,2027-05-19,22674,1088352,Renewed
POL002512,CUST01450,AG075,Home,South,2023-08-31,2024-08-30,68119,4563973,Expired
POL002513,CUST01790,AG028,Commercial Property,East,2026-06-03,2027-06-03,781412,64075784,Lapsed
POL002514,CUST01958,AG074,Commercial Property,South,2025-04-19,2026-04-19,573147,45851760,Lapsed
POL002515,CUST01278,AG093,Commercial Property,South,2026-05-26,2027-05-26,541830,54183000,Active
POL002516,CUST01297,AG001,Motor,East,2026-02-23,2027-02-23,19314,1062270,Expired
POL002517,CUST00547,AG068,Commercial Property,North,2024-12-10,2025-12-10,967055,62858575,Lapsed
POL002518,CUST01464,AG040,Travel,West,2026-05-05,2027-05-05,14734,1163986,Renewed
POL002519,CUST00234,AG012,Motor,West,2025-10-27,2026-10-27,26407,2218188,Cancelled
POL002520,CUST02685,AG037,Home,West,2026-03-05,2027-03-05,51469,1698477,Lapsed
POL002521,CUST02056,AG045,Motor,South,2024-10-02,2025-10-02,23181,2248557,Expired
POL002522,CUST01133,AG083,Marine,West,2024-06-18,2025-06-18,108176,5516976,Renewed
POL002523,CUST01485,AG100,Travel,East,2024-01-24,2025-01-23,14675,895175,Renewed
POL002524,CUST00312,AG022,Home,West,2024-10-23,2025-10-23,44708,1833028,Cancelled
POL002525,CUST02703,AG063,Commercial Property,East,2025-08-12,2026-08-12,136288,8313568,Expired
POL002526,CUST01754,AG042,Home,West,2024-09-07,2025-09-07,48708,1948320,Expired
POL002527,CUST00217,AG019,Commercial Property,West,2024-09-30,2025-09-30,696510,18805770,Expired
POL002528,CUST02295,AG034,Commercial Property,East,2024-07-07,2025-07-07,111708,3462948,Cancelled
POL002529,CUST01311,AG061,Commercial Property,North,2024-05-14,2025-05-14,641640,38498400,Expired
POL002530,CUST02890,AG032,Commercial Property,East,2025-08-15,2026-08-15,443337,27486894,Expired
POL002531,CUST01780,AG096,Commercial Property,East,2026-03-22,2027-03-22,808137,33133617,Active
POL002532,CUST01008,AG027,Marine,North,2025-03-19,2026-03-19,56893,3015329,Renewed
POL002533,CUST00774,AG058,Motor,North,2024-03-29,2025-03-29,39551,1502938,Lapsed
POL002534,CUST02080,AG006,Home,West,2024-12-06,2025-12-06,47533,2661848,Active
POL002535,CUST00829,AG107,Commercial Property,North,2026-04-29,2027-04-29,307120,15048880,Active
POL002536,CUST01235,AG032,Commercial Property,East,2023-08-29,2024-08-28,731684,53412932,Renewed
POL002537,CUST00912,AG061,Motor,South,2024-11-30,2025-11-30,6041,543690,Lapsed
POL002538,CUST01989,AG093,Motor,South,2025-08-06,2026-08-06,9378,675216,Renewed
POL002539,CUST01869,AG049,Travel,West,2024-04-07,2025-04-07,12208,720272,Cancelled
POL002540,CUST02066,AG015,Marine,East,2026-01-21,2027-01-21,35249,3454402,Cancelled
POL002541,CUST00207,AG018,Marine,South,2023-08-15,2024-08-14,49108,3339344,Lapsed
POL002542,CUST02533,AG094,Home,East,2024-07-07,2025-07-07,21462,794094,Expired
POL002543,CUST02683,AG067,Home,South,2025-07-06,2026-07-06,21485,1289100,Cancelled
POL002544,CUST01771,AG018,Motor,West,2026-05-14,2027-05-14,6496,480704,Active
POL002545,CUST00506,AG096,Travel,West,2026-04-22,2027-04-22,11480,665840,Cancelled
POL002546,CUST02304,AG032,Commercial Property,West,2026-04-04,2027-04-04,349524,18175248,Expired
POL002547,CUST01790,AG073,Travel,West,2024-11-22,2025-11-22,10236,624396,Renewed
POL002548,CUST01480,AG065,Home,East,2025-09-11,2026-09-11,51692,5117508,Expired
POL002549,CUST02200,AG034,Travel,West,2026-06-17,2027-06-17,18897,1644039,Lapsed
POL002550,CUST01574,AG087,Commercial Property,North,2024-09-06,2025-09-06,136560,8466720,Lapsed
POL002551,CUST01772,AG033,Commercial Property,North,2023-11-09,2024-11-08,363028,22144708,Expired
POL002552,CUST01242,AG112,Home,North,2024-08-12,2025-08-12,24896,970944,Lapsed
POL002553,CUST00039,AG101,Travel,West,2026-03-23,2027-03-23,17177,480956,Lapsed
POL002554,CUST02806,AG039,Commercial Property,West,2025-07-08,2026-07-08,181003,12308204,Renewed
POL002555,CUST00183,AG096,Motor,South,2026-04-18,2027-04-18,32755,1179180,Lapsed
POL002556,CUST02913,AG005,Motor,North,2024-02-02,2025-02-01,25289,2098987,Expired
POL002557,CUST00401,AG029,Marine,West,2025-10-23,2026-10-23,85061,4933538,Active
POL002558,CUST01326,AG108,Travel,South,2024-08-17,2025-08-17,12470,523740,Renewed
POL002559,CUST00515,AG098,Marine,East,2024-10-30,2025-10-30,151815,13815165,Renewed
POL002560,CUST01603,AG067,Travel,East,2024-01-19,2025-01-18,2711,230435,Active
POL002561,CUST01704,AG087,Marine,East,2026-07-15,2027-07-15,105223,7681279,Active
POL002562,CUST00979,AG050,Travel,West,2023-12-20,2024-12-19,8848,460096,Renewed
POL002563,CUST00294,AG029,Motor,East,2025-12-28,2026-12-28,29280,1346880,Lapsed
POL002564,CUST00306,AG066,Marine,West,2024-11-29,2025-11-29,54524,2126436,Cancelled
POL002565,CUST02627,AG091,Travel,West,2026-01-26,2027-01-26,3671,271654,Lapsed
POL002566,CUST02153,AG062,Travel,East,2026-04-25,2027-04-25,19135,1779555,Lapsed
POL002567,CUST00240,AG045,Commercial Property,West,2026-03-06,2027-03-06,285370,11414800,Renewed
POL002568,CUST01424,AG105,Motor,East,2024-11-08,2025-11-08,18426,1695192,Active
POL002569,CUST01978,AG037,Travel,East,2024-10-06,2025-10-06,4948,351308,Lapsed
POL002570,CUST02482,AG012,Motor,North,2025-07-28,2026-07-28,36972,3438396,Lapsed
POL002571,CUST02147,AG047,Travel,South,2026-03-25,2027-03-25,1556,99584,Expired
POL002572,CUST00050,AG053,Travel,North,2026-03-21,2027-03-21,6694,294536,Cancelled
POL002573,CUST01531,AG051,Travel,West,2026-05-05,2027-05-05,17067,1689633,Cancelled
POL002574,CUST02908,AG005,Home,East,2025-08-22,2026-08-22,8122,381734,Expired
POL002575,CUST02146,AG023,Travel,South,2025-07-25,2026-07-25,11110,844360,Cancelled
POL002576,CUST01399,AG108,Travel,South,2026-05-05,2027-05-05,8512,612864,Active
POL002577,CUST01759,AG110,Motor,South,2025-07-10,2026-07-10,5843,549242,Cancelled
POL002578,CUST00819,AG118,Commercial Property,West,2026-04-18,2027-04-18,401106,11230968,Active
POL002579,CUST02470,AG004,Motor,South,2023-08-27,2024-08-26,37932,1744872,Renewed
POL002580,CUST00718,AG065,Travel,West,2025-06-01,2026-06-01,10952,317608,Expired
POL002581,CUST00042,AG025,Home,West,2025-08-31,2026-08-31,46110,2074950,Renewed
POL002582,CUST00922,AG063,Commercial Property,North,2025-08-15,2026-08-15,82365,5436090,Expired
POL002583,CUST01028,AG095,Marine,South,2024-03-24,2025-03-24,72656,4577328,Expired
POL002584,CUST02997,AG032,Travel,East,2024-02-24,2025-02-23,12216,317616,Cancelled
POL002585,CUST01631,AG043,Travel,West,2025-07-09,2026-07-09,5122,199758,Cancelled
POL002586,CUST02963,AG077,Commercial Property,East,2026-07-14,2027-07-14,888150,74604600,Expired
POL002587,CUST01133,AG076,Commercial Property,South,2025-06-04,2026-06-04,176672,13957088,Renewed
POL002588,CUST02974,AG011,Travel,West,2026-05-26,2027-05-26,9063,652536,Cancelled
POL002589,CUST02881,AG104,Travel,West,2024-01-14,2025-01-13,6456,445464,Active
POL002590,CUST00537,AG073,Commercial Property,East,2024-03-21,2025-03-21,982572,57971748,Lapsed
POL002591,CUST01968,AG107,Marine,East,2026-06-12,2027-06-12,87115,6272280,Renewed
POL002592,CUST00140,AG091,Motor,South,2023-08-13,2024-08-12,33634,3161596,Active
POL002593,CUST00581,AG027,Marine,East,2024-04-13,2025-04-13,136287,12538404,Cancelled
POL002594,CUST01167,AG012,Commercial Property,South,2024-12-31,2025-12-31,657307,25634973,Renewed
POL002595,CUST00942,AG053,Motor,West,2025-10-20,2026-10-20,30091,722184,Lapsed
POL002596,CUST00916,AG119,Travel,North,2025-11-27,2026-11-27,5582,262354,Lapsed
POL002597,CUST01749,AG051,Commercial Property,North,2026-02-24,2027-02-24,697815,56523015,Renewed
POL002598,CUST01818,AG029,Home,West,2026-03-18,2027-03-18,69882,3983274,Cancelled
POL002599,CUST01885,AG082,Commercial Property,South,2024-02-10,2025-02-09,51007,1632224,Lapsed
POL002600,CUST01176,AG108,Motor,East,2025-08-21,2026-08-21,31583,1389652,Lapsed
POL002601,CUST01846,AG026,Travel,West,2025-02-23,2026-02-23,9540,915840,Expired
POL002602,CUST01400,AG035,Motor,West,2025-12-28,2026-12-28,21466,1588484,Lapsed
POL002603,CUST01450,AG067,Commercial Property,West,2025-12-12,2026-12-12,841730,70705320,Renewed
POL002604,CUST00388,AG018,Commercial Property,North,2024-06-28,2025-06-28,272660,25902700,Expired
POL002605,CUST02083,AG115,Travel,West,2023-08-15,2024-08-14,17231,448006,Active
POL002606,CUST00372,AG100,Commercial Property,East,2024-09-26,2025-09-26,940677,53618589,Renewed
POL002607,CUST00289,AG118,Motor,East,2026-03-19,2027-03-19,35595,3345930,Active
POL002608,CUST01608,AG057,Motor,West,2024-12-13,2025-12-13,18738,918162,Cancelled
POL002609,CUST02351,AG082,Travel,East,2024-05-25,2025-05-25,19758,474192,Lapsed
POL002610,CUST01303,AG074,Commercial Property,East,2026-04-23,2027-04-23,606929,41271172,Renewed
POL002611,CUST01204,AG017,Motor,South,2025-07-14,2026-07-14,14401,1281689,Cancelled
POL002612,CUST01448,AG077,Home,East,2026-07-01,2027-07-01,14787,857646,Active
POL002613,CUST00744,AG041,Commercial Property,East,2023-11-04,2024-11-03,116116,10682672,Renewed
POL002614,CUST02222,AG091,Commercial Property,North,2024-05-07,2025-05-07,634918,48888686,Renewed
POL002615,CUST00678,AG108,Travel,West,2026-07-15,2027-07-15,13689,1190943,Lapsed
POL002616,CUST00871,AG073,Marine,North,2025-12-24,2026-12-24,101197,9917306,Renewed
POL002617,CUST02867,AG084,Commercial Property,South,2026-07-18,2027-07-18,751624,33071456,Active
POL002618,CUST02829,AG097,Commercial Property,North,2025-03-24,2026-03-24,218904,20139168,Expired
POL002619,CUST02089,AG022,Commercial Property,West,2024-08-12,2025-08-12,304128,6082560,Renewed
POL002620,CUST00481,AG029,Motor,East,2024-02-27,2025-02-26,25245,1211760,Active
POL002621,CUST01840,AG052,Motor,West,2024-07-26,2025-07-26,38381,2955337,Renewed
POL002622,CUST00640,AG068,Motor,South,2023-10-25,2024-10-24,13832,1051232,Cancelled
POL002623,CUST02784,AG108,Travel,East,2024-03-08,2025-03-08,7085,148785,Expired
POL002624,CUST00454,AG077,Travel,North,2025-10-30,2026-10-30,18362,752842,Cancelled
POL002625,CUST01907,AG009,Commercial Property,West,2025-11-19,2026-11-19,837112,36832928,Renewed
POL002626,CUST01267,AG041,Marine,West,2025-07-14,2026-07-14,115286,5649014,Renewed
POL002627,CUST02123,AG069,Marine,South,2025-07-20,2026-07-20,98760,3752880,Cancelled
POL002628,CUST00427,AG098,Home,West,2026-06-03,2027-06-03,54346,1793418,Active
POL002629,CUST01411,AG010,Marine,West,2025-07-10,2026-07-10,85445,5126700,Renewed
POL002630,CUST02708,AG053,Travel,East,2024-07-19,2025-07-19,13067,1149896,Active
POL002631,CUST02388,AG029,Commercial Property,South,2023-10-27,2024-10-26,951231,50415243,Renewed
POL002632,CUST01755,AG007,Marine,North,2025-03-19,2026-03-19,147105,7502355,Cancelled
POL002633,CUST02214,AG074,Marine,West,2025-12-14,2026-12-14,83188,3244332,Expired
POL002634,CUST01389,AG010,Marine,East,2023-11-07,2024-11-06,104154,6249240,Cancelled
POL002635,CUST02621,AG026,Travel,South,2024-10-12,2025-10-12,18823,771743,Cancelled
POL002636,CUST02752,AG050,Home,West,2024-03-25,2025-03-25,32742,1309680,Lapsed
POL002637,CUST00884,AG081,Travel,West,2024-12-25,2025-12-25,6893,551440,Active
POL002638,CUST02847,AG024,Home,East,2025-08-11,2026-08-11,38774,2791728,Lapsed
POL002639,CUST02966,AG074,Motor,South,2024-07-22,2025-07-22,13051,717805,Active
POL002640,CUST01428,AG031,Home,South,2024-02-22,2025-02-21,41451,3896394,Cancelled
POL002641,CUST02209,AG079,Motor,East,2023-12-13,2024-12-12,22994,942754,Cancelled
POL002642,CUST00952,AG045,Commercial Property,South,2025-12-25,2026-12-25,983799,69849729,Expired
POL002643,CUST00782,AG042,Motor,South,2024-10-21,2025-10-21,15388,892504,Lapsed
POL002644,CUST01815,AG013,Motor,East,2024-02-05,2025-02-04,34279,2536646,Lapsed
POL002645,CUST01502,AG008,Commercial Property,West,2026-08-03,2027-08-03,867323,75457101,Renewed
POL002646,CUST01796,AG050,Home,West,2025-10-16,2026-10-16,33292,865592,Lapsed
POL002647,CUST01481,AG070,Commercial Property,South,2025-12-05,2026-12-05,942378,71620728,Expired
POL002648,CUST00858,AG010,Commercial Property,East,2026-07-17,2027-07-17,462018,32341260,Expired
POL002649,CUST00646,AG096,Home,North,2023-12-10,2024-12-09,33391,2337370,Expired
POL002650,CUST02494,AG007,Commercial Property,North,2024-08-11,2025-08-11,376732,32022220,Cancelled
POL002651,CUST00982,AG033,Travel,East,2023-11-03,2024-11-02,15192,729216,Active
POL002652,CUST00963,AG099,Home,North,2024-08-07,2025-08-07,54748,3722864,Renewed
POL002653,CUST00297,AG038,Home,South,2025-03-02,2026-03-02,25964,519280,Lapsed
POL002654,CUST00312,AG098,Marine,West,2025-08-05,2026-08-05,62687,2068671,Active
POL002655,CUST02995,AG100,Commercial Property,East,2025-02-05,2026-02-05,451237,32940301,Active
POL002656,CUST02422,AG003,Motor,South,2024-06-18,2025-06-18,30524,1007292,Renewed
POL002657,CUST02946,AG049,Marine,East,2024-10-04,2025-10-04,186252,6891324,Cancelled
POL002658,CUST02230,AG037,Marine,North,2023-10-17,2024-10-16,121937,7316220,Renewed
POL002659,CUST00728,AG117,Home,South,2024-05-03,2025-05-03,36218,1991990,Expired
POL002660,CUST00313,AG103,Home,South,2024-12-29,2025-12-29,25437,712236,Active
POL002661,CUST02709,AG085,Travel,South,2025-10-17,2026-10-17,6535,150305,Cancelled
POL002662,CUST01392,AG030,Motor,West,2026-06-17,2027-06-17,33424,1604352,Expired
POL002663,CUST01298,AG046,Motor,West,2024-07-23,2025-07-23,10280,534560,Active
POL002664,CUST00024,AG106,Home,South,2026-04-19,2027-04-19,57397,2468071,Lapsed
POL002665,CUST02085,AG076,Commercial Property,North,2024-09-04,2025-09-04,99868,6491420,Expired
POL002666,CUST00647,AG054,Motor,West,2025-07-22,2026-07-22,30721,2979937,Renewed
POL002667,CUST00934,AG092,Home,East,2024-06-22,2025-06-22,63773,2359601,Cancelled
POL002668,CUST00222,AG032,Commercial Property,North,2024-05-17,2025-05-17,300200,12308200,Cancelled
POL002669,CUST00623,AG101,Motor,South,2024-10-04,2025-10-04,36873,1843650,Lapsed
POL002670,CUST02632,AG051,Home,East,2024-10-21,2025-10-21,11098,721370,Cancelled
POL002671,CUST02149,AG003,Home,East,2025-10-04,2026-10-04,63245,2782780,Expired
POL002672,CUST01686,AG084,Motor,West,2026-06-29,2027-06-29,21689,1106139,Expired
POL002673,CUST01116,AG120,Commercial Property,North,2025-08-05,2026-08-05,110005,9350425,Renewed
POL002674,CUST00514,AG117,Motor,East,2025-12-09,2026-12-09,6817,320399,Renewed
POL002675,CUST01037,AG037,Travel,South,2025-08-18,2026-08-18,2703,140556,Renewed
POL002676,CUST01985,AG033,Commercial Property,South,2026-05-17,2027-05-17,180940,3799740,Active
POL002677,CUST01135,AG118,Home,East,2024-01-14,2025-01-13,33852,2945124,Renewed
POL002678,CUST01550,AG052,Marine,West,2026-03-03,2027-03-03,97010,6596680,Active
POL002679,CUST01197,AG109,Travel,South,2026-01-19,2027-01-19,2902,232160,Cancelled
POL002680,CUST00791,AG056,Motor,South,2024-06-21,2025-06-21,5437,467582,Lapsed
POL002681,CUST02399,AG081,Home,South,2026-05-31,2027-05-31,63062,3531472,Active
POL002682,CUST00075,AG018,Marine,South,2024-02-01,2025-01-31,115686,8098020,Lapsed
POL002683,CUST02297,AG038,Marine,West,2025-11-19,2026-11-19,54707,4978337,Active
POL002684,CUST00285,AG059,Home,North,2025-03-02,2026-03-02,20864,1251840,Expired
POL002685,CUST01097,AG021,Marine,North,2026-04-23,2027-04-23,83990,8231020,Lapsed
POL002686,CUST02456,AG047,Home,South,2024-09-01,2025-09-01,21709,803233,Renewed
POL002687,CUST01917,AG113,Motor,East,2024-07-20,2025-07-20,17334,866700,Cancelled
POL002688,CUST02949,AG039,Motor,North,2025-11-03,2026-11-03,10510,819780,Cancelled
POL002689,CUST01898,AG005,Marine,West,2026-07-26,2027-07-26,191495,10532225,Lapsed
POL002690,CUST01270,AG047,Commercial Property,North,2025-03-05,2026-03-05,682453,47089257,Cancelled
POL002691,CUST00129,AG085,Commercial Property,West,2025-06-07,2026-06-07,148662,6689790,Cancelled
POL002692,CUST02988,AG075,Motor,East,2024-02-25,2025-02-24,35811,1145952,Active
POL002693,CUST01286,AG055,Commercial Property,North,2024-02-19,2025-02-18,976581,96681519,Cancelled
POL002694,CUST02805,AG065,Home,North,2023-09-09,2024-09-08,64065,5381460,Renewed
POL002695,CUST01312,AG065,Travel,North,2025-08-30,2026-08-30,4305,340095,Expired
POL002696,CUST01081,AG069,Home,West,2024-07-18,2025-07-18,28198,1748276,Renewed
POL002697,CUST01343,AG104,Commercial Property,West,2023-08-23,2024-08-22,453738,36752778,Expired
POL002698,CUST02010,AG098,Commercial Property,North,2024-06-01,2025-06-01,224321,20413211,Lapsed
POL002699,CUST01657,AG004,Commercial Property,East,2023-10-15,2024-10-14,704857,61322559,Cancelled
POL002700,CUST02922,AG030,Motor,East,2025-10-05,2026-10-05,26937,727299,Cancelled
POL002701,CUST01510,AG073,Home,West,2025-03-17,2026-03-17,21317,1513507,Renewed
POL002702,CUST02243,AG091,Motor,West,2026-03-26,2027-03-26,13077,418464,Cancelled
POL002703,CUST01821,AG048,Marine,North,2025-10-02,2026-10-02,91232,6568704,Active
POL002704,CUST00166,AG057,Home,South,2024-12-05,2025-12-05,11336,1099592,Renewed
POL002705,CUST02302,AG065,Home,West,2024-05-09,2025-05-09,56534,3505108,Cancelled
POL002706,CUST02914,AG063,Home,West,2026-02-28,2027-02-28,56669,5270217,Lapsed
POL002707,CUST00799,AG104,Home,East,2024-01-25,2025-01-24,60229,4336488,Renewed
POL002708,CUST01891,AG108,Marine,East,2025-01-25,2026-01-25,116003,10556273,Expired
POL002709,CUST02851,AG019,Travel,North,2025-09-30,2026-09-30,7144,464360,Lapsed
POL002710,CUST00799,AG092,Motor,West,2025-03-06,2026-03-06,37477,2660867,Active
POL002711,CUST00251,AG119,Motor,West,2025-03-19,2026-03-19,23971,958840,Cancelled
POL002712,CUST00408,AG053,Travel,North,2025-02-02,2026-02-02,7585,530950,Renewed
POL002713,CUST00638,AG113,Travel,East,2025-11-04,2026-11-04,15346,1181642,Lapsed
POL002714,CUST01682,AG112,Travel,North,2026-05-18,2027-05-18,11675,665475,Expired
POL002715,CUST02244,AG081,Travel,South,2025-02-22,2026-02-22,7902,252864,Renewed
POL002716,CUST00590,AG095,Travel,West,2024-02-14,2025-02-13,15365,983360,Cancelled
POL002717,CUST01305,AG066,Home,North,2024-04-09,2025-04-09,49965,2947935,Renewed
POL002718,CUST01159,AG050,Marine,West,2025-11-06,2026-11-06,129718,10247722,Lapsed
POL002719,CUST02842,AG117,Home,North,2024-03-17,2025-03-17,36563,1206579,Cancelled
POL002720,CUST00121,AG090,Marine,North,2024-01-14,2025-01-13,36952,3658248,Renewed
POL002721,CUST02918,AG056,Home,North,2023-10-17,2024-10-16,18140,1251660,Renewed
POL002722,CUST00960,AG095,Travel,West,2024-12-19,2025-12-19,1139,47838,Cancelled
POL002723,CUST00917,AG090,Home,North,2023-10-04,2024-10-03,45040,1846640,Lapsed
POL002724,CUST02270,AG114,Travel,North,2026-01-30,2027-01-30,1394,39032,Expired
POL002725,CUST00916,AG049,Commercial Property,North,2025-03-01,2026-03-01,171366,13023816,Lapsed
POL002726,CUST01675,AG015,Commercial Property,West,2024-03-15,2025-03-15,189862,11391720,Active
POL002727,CUST00035,AG047,Motor,West,2024-10-19,2025-10-19,5729,229160,Lapsed
POL002728,CUST00380,AG017,Marine,North,2026-02-14,2027-02-14,149161,6563084,Cancelled
POL002729,CUST02445,AG020,Commercial Property,West,2025-10-27,2026-10-27,466437,33117027,Expired
POL002730,CUST02726,AG045,Marine,West,2023-08-28,2024-08-27,120368,3370304,Cancelled
POL002731,CUST02397,AG026,Motor,West,2025-09-11,2026-09-11,34277,2742160,Lapsed
POL002732,CUST00811,AG035,Marine,East,2025-09-27,2026-09-27,65261,3393572,Cancelled
POL002733,CUST00654,AG015,Commercial Property,North,2025-05-14,2026-05-14,771124,34700580,Cancelled
POL002734,CUST01311,AG020,Travel,North,2024-07-24,2025-07-24,13343,1000725,Cancelled
POL002735,CUST01842,AG006,Home,South,2024-06-16,2025-06-16,16356,1390260,Active
POL002736,CUST02952,AG057,Motor,North,2023-08-23,2024-08-22,22679,657691,Lapsed
POL002737,CUST01833,AG099,Commercial Property,East,2023-08-09,2024-08-08,308220,17876760,Lapsed
POL002738,CUST02464,AG032,Motor,South,2024-11-04,2025-11-04,31335,658035,Active
POL002739,CUST02681,AG117,Commercial Property,North,2024-02-02,2025-02-01,395715,33635775,Active
POL002740,CUST02918,AG108,Commercial Property,North,2026-03-05,2027-03-05,346348,7966004,Cancelled
POL002741,CUST02628,AG067,Motor,North,2025-03-21,2026-03-21,8160,612000,Lapsed
POL002742,CUST01684,AG090,Commercial Property,North,2023-09-26,2024-09-25,151935,11091255,Lapsed
POL002743,CUST01191,AG116,Marine,West,2024-10-29,2025-10-29,55939,4195425,Renewed
POL002744,CUST02808,AG093,Travel,East,2023-12-16,2024-12-15,5883,376512,Lapsed
POL002745,CUST01096,AG080,Commercial Property,South,2025-09-17,2026-09-17,529238,44985230,Lapsed
POL002746,CUST02371,AG020,Marine,East,2025-01-30,2026-01-30,65131,1302620,Expired
POL002747,CUST02814,AG046,Home,North,2023-11-23,2024-11-22,56830,4716890,Active
POL002748,CUST00093,AG037,Travel,West,2024-12-29,2025-12-29,4163,387159,Lapsed
POL002749,CUST01623,AG038,Marine,North,2026-03-25,2027-03-25,151415,4845280,Renewed
POL002750,CUST02966,AG091,Marine,East,2023-10-22,2024-10-21,121087,11140004,Cancelled
POL002751,CUST00606,AG035,Home,South,2026-05-23,2027-05-23,63510,5715900,Renewed
POL002752,CUST00892,AG086,Travel,East,2026-04-24,2027-04-24,14540,1337680,Cancelled
POL002753,CUST02065,AG096,Marine,West,2024-06-26,2025-06-26,162629,3415209,Cancelled
POL002754,CUST01512,AG035,Commercial Property,South,2025-03-22,2026-03-22,279897,15394335,Expired
POL002755,CUST01776,AG079,Travel,East,2024-12-14,2025-12-14,6635,457815,Cancelled
POL002756,CUST00582,AG059,Travel,South,2025-03-23,2026-03-23,14591,1094325,Expired
POL002757,CUST00713,AG061,Home,South,2024-08-04,2025-08-04,43315,2728845,Expired
POL002758,CUST02601,AG061,Marine,North,2024-12-17,2025-12-17,180700,16443700,Active
POL002759,CUST00331,AG087,Home,South,2024-01-22,2025-01-21,9163,210749,Renewed
POL002760,CUST01584,AG085,Home,East,2024-09-08,2025-09-08,64855,6031515,Cancelled
POL002761,CUST00392,AG113,Marine,West,2026-01-10,2027-01-10,115618,6474608,Expired
POL002762,CUST02869,AG016,Commercial Property,North,2024-03-16,2025-03-16,299910,26092170,Renewed
POL002763,CUST01993,AG096,Travel,West,2025-11-12,2026-11-12,14829,771108,Renewed
POL002764,CUST00252,AG038,Travel,South,2023-10-19,2024-10-18,3604,72080,Lapsed
POL002765,CUST01615,AG003,Home,East,2023-09-21,2024-09-20,56606,1698180,Lapsed
POL002766,CUST00909,AG025,Travel,West,2024-06-23,2025-06-23,12330,690480,Expired
POL002767,CUST01081,AG017,Home,East,2026-07-08,2027-07-08,46762,3086292,Renewed
POL002768,CUST01827,AG087,Travel,West,2024-05-11,2025-05-11,9265,583695,Active
POL002769,CUST00409,AG120,Home,North,2025-10-25,2026-10-25,42441,2376696,Lapsed
POL002770,CUST00944,AG075,Marine,West,2025-10-18,2026-10-18,119211,8344770,Lapsed
POL002771,CUST01357,AG116,Travel,East,2025-03-17,2026-03-17,10350,1035000,Lapsed
POL002772,CUST01945,AG008,Commercial Property,South,2023-09-09,2024-09-08,518791,35796579,Lapsed
POL002773,CUST02618,AG007,Home,South,2023-12-28,2024-12-27,30304,1181856,Cancelled
POL002774,CUST01188,AG053,Marine,West,2026-06-06,2027-06-06,130018,9881368,Renewed
POL002775,CUST01780,AG028,Commercial Property,North,2025-09-22,2026-09-22,875644,63922012,Active
POL002776,CUST02400,AG018,Home,East,2024-08-26,2025-08-26,59135,1655780,Active
POL002777,CUST00212,AG012,Commercial Property,East,2025-03-02,2026-03-02,710985,70387515,Cancelled
POL002778,CUST01643,AG087,Travel,South,2024-06-15,2025-06-15,14845,668025,Lapsed
POL002779,CUST01904,AG073,Commercial Property,West,2023-08-27,2024-08-26,761947,22858410,Renewed
POL002780,CUST02642,AG016,Commercial Property,South,2024-10-07,2025-10-07,802981,17665582,Active
POL002781,CUST00237,AG051,Motor,East,2024-03-11,2025-03-11,16659,716337,Cancelled
POL002782,CUST01038,AG111,Motor,East,2026-02-06,2027-02-06,37010,3478940,Active
POL002783,CUST02095,AG002,Commercial Property,West,2026-07-28,2027-07-28,746044,14920880,Cancelled
POL002784,CUST02759,AG116,Marine,West,2023-10-25,2024-10-24,61058,3480306,Lapsed
POL002785,CUST01219,AG105,Travel,West,2025-06-13,2026-06-13,5210,448060,Expired
POL002786,CUST01360,AG009,Motor,East,2026-01-21,2027-01-21,12534,538962,Expired
POL002787,CUST01529,AG087,Marine,South,2025-06-24,2026-06-24,80821,6223217,Renewed
POL002788,CUST01372,AG069,Travel,West,2025-08-07,2026-08-07,13714,1110834,Cancelled
POL002789,CUST00378,AG033,Motor,South,2025-06-14,2026-06-14,9561,191220,Renewed
POL002790,CUST01692,AG011,Travel,North,2025-12-02,2026-12-02,1977,183861,Lapsed
POL002791,CUST02038,AG107,Motor,West,2025-07-20,2026-07-20,22314,1204956,Renewed
POL002792,CUST00944,AG048,Home,North,2023-11-28,2024-11-27,15845,1093305,Renewed
POL002793,CUST00808,AG050,Commercial Property,South,2023-08-29,2024-08-28,843948,78487164,Cancelled
POL002794,CUST00848,AG041,Home,East,2025-01-08,2026-01-08,42866,900186,Renewed
POL002795,CUST02821,AG029,Commercial Property,North,2025-05-29,2026-05-29,597977,57405792,Cancelled
POL002796,CUST02785,AG049,Travel,West,2024-12-02,2025-12-02,3358,104098,Cancelled
POL002797,CUST02348,AG051,Commercial Property,South,2026-03-13,2027-03-13,858384,36052128,Renewed
POL002798,CUST01305,AG009,Marine,West,2024-09-27,2025-09-27,78448,7844800,Lapsed
POL002799,CUST01614,AG026,Marine,West,2025-08-03,2026-08-03,24327,1678563,Expired
POL002800,CUST00232,AG058,Motor,North,2026-01-02,2027-01-02,28507,2423095,Renewed
POL002801,CUST02679,AG047,Motor,East,2026-01-23,2027-01-23,37861,1703745,Renewed
POL002802,CUST00669,AG098,Home,West,2026-07-27,2027-07-27,69014,6625344,Cancelled
POL002803,CUST01477,AG039,Commercial Property,West,2024-12-29,2025-12-29,400894,34476884,Lapsed
POL002804,CUST02464,AG120,Commercial Property,North,2024-09-22,2025-09-22,688566,22034112,Cancelled
POL002805,CUST01013,AG028,Marine,South,2025-02-17,2026-02-17,33009,1089297,Expired
POL002806,CUST01073,AG054,Home,West,2023-10-23,2024-10-22,45481,1000582,Expired
POL002807,CUST00311,AG047,Motor,South,2026-04-19,2027-04-19,33479,2778757,Renewed
POL002808,CUST02562,AG083,Motor,South,2025-09-19,2026-09-19,9417,630939,Active
POL002809,CUST02730,AG117,Commercial Property,East,2024-04-11,2025-04-11,506899,33455334,Cancelled
POL002810,CUST00532,AG089,Commercial Property,South,2024-12-07,2025-12-07,975798,86846022,Cancelled
POL002811,CUST02732,AG020,Commercial Property,West,2025-11-10,2026-11-10,56020,2128760,Lapsed
POL002812,CUST01798,AG068,Home,South,2025-05-14,2026-05-14,31384,3075632,Renewed
POL002813,CUST01985,AG021,Motor,East,2026-04-05,2027-04-05,17706,1274832,Lapsed
POL002814,CUST00139,AG059,Marine,West,2024-12-12,2025-12-12,92608,3611712,Lapsed
POL002815,CUST02974,AG088,Home,North,2025-04-07,2026-04-07,68509,1781234,Lapsed
POL002816,CUST01437,AG097,Commercial Property,North,2024-07-08,2025-07-08,908600,20897800,Cancelled
POL002817,CUST00007,AG072,Commercial Property,North,2025-03-26,2026-03-26,164160,14938560,Renewed
POL002818,CUST02410,AG028,Travel,West,2025-04-07,2026-04-07,15262,1175174,Lapsed
POL002819,CUST01354,AG032,Commercial Property,West,2023-08-18,2024-08-17,457541,21961968,Expired
POL002820,CUST00814,AG062,Marine,West,2025-08-11,2026-08-11,170490,15855570,Expired
POL002821,CUST00003,AG024,Home,West,2024-12-30,2025-12-30,40898,1922206,Renewed
POL002822,CUST01324,AG022,Marine,South,2023-10-04,2024-10-03,95575,3249550,Lapsed
POL002823,CUST01939,AG017,Marine,North,2026-05-08,2027-05-08,186040,13580920,Active
POL002824,CUST01456,AG076,Commercial Property,West,2026-07-09,2027-07-09,332781,27288042,Renewed
POL002825,CUST01299,AG075,Home,West,2024-11-21,2025-11-21,9053,307802,Lapsed
POL002826,CUST00950,AG050,Commercial Property,North,2025-02-02,2026-02-02,805704,60427800,Cancelled
POL002827,CUST01227,AG065,Home,West,2025-03-02,2026-03-02,42547,4084512,Cancelled
POL002828,CUST01075,AG034,Marine,West,2025-02-10,2026-02-10,49682,4769472,Renewed
POL002829,CUST01389,AG062,Motor,West,2025-06-02,2026-06-02,20935,1088620,Renewed
POL002830,CUST00581,AG029,Travel,West,2025-03-28,2026-03-28,6171,518364,Cancelled
POL002831,CUST02543,AG011,Commercial Property,West,2026-04-19,2027-04-19,873603,78624270,Lapsed
POL002832,CUST00905,AG017,Commercial Property,West,2026-07-27,2027-07-27,939552,40400736,Lapsed
POL002833,CUST01175,AG045,Motor,North,2025-03-23,2026-03-23,8914,303076,Renewed
POL002834,CUST01322,AG094,Home,West,2023-09-05,2024-09-04,44079,4055268,Active
POL002835,CUST00515,AG111,Commercial Property,South,2024-01-09,2025-01-08,478605,38288400,Active
POL002836,CUST00970,AG026,Home,South,2025-10-22,2026-10-22,24184,1620328,Expired
POL002837,CUST02337,AG051,Marine,West,2026-03-25,2027-03-25,173437,6937480,Lapsed
POL002838,CUST02295,AG063,Home,North,2023-10-22,2024-10-21,68045,6804500,Cancelled
POL002839,CUST00195,AG076,Travel,South,2023-09-20,2024-09-19,14923,1193840,Renewed
POL002840,CUST02332,AG064,Home,South,2024-12-11,2025-12-11,63413,5833996,Renewed
POL002841,CUST01491,AG085,Commercial Property,East,2026-02-17,2027-02-17,340918,8522950,Renewed
POL002842,CUST00335,AG003,Home,West,2026-02-18,2027-02-18,69941,5315516,Lapsed
POL002843,CUST02117,AG021,Home,South,2026-03-07,2027-03-07,34526,2209664,Cancelled
POL002844,CUST00322,AG095,Travel,South,2025-09-16,2026-09-16,10970,702080,Renewed
POL002845,CUST02393,AG071,Travel,North,2025-05-11,2026-05-11,11468,871568,Expired
POL002846,CUST02747,AG005,Marine,East,2025-04-14,2026-04-14,174746,14678664,Lapsed
POL002847,CUST02256,AG104,Marine,North,2025-03-16,2026-03-16,102686,2053720,Cancelled
POL002848,CUST01792,AG067,Home,West,2025-06-30,2026-06-30,48539,2281333,Lapsed
POL002849,CUST00778,AG110,Marine,North,2023-10-10,2024-10-09,26300,657500,Renewed
POL002850,CUST00438,AG041,Commercial Property,West,2025-04-06,2026-04-06,610704,42138576,Lapsed
POL002851,CUST02133,AG120,Home,West,2026-06-19,2027-06-19,62260,3860120,Expired
POL002852,CUST00346,AG029,Travel,South,2026-03-26,2027-03-26,6591,527280,Active
POL002853,CUST00145,AG107,Travel,South,2025-08-12,2026-08-12,7298,634926,Cancelled
POL002854,CUST02056,AG027,Commercial Property,South,2024-09-25,2025-09-25,766668,56733432,Lapsed
POL002855,CUST01744,AG044,Motor,West,2026-02-15,2027-02-15,34035,2450520,Active
POL002856,CUST01839,AG101,Travel,West,2026-04-09,2027-04-09,19485,993735,Cancelled
POL002857,CUST02700,AG017,Marine,North,2026-02-24,2027-02-24,187458,12184770,Active
POL002858,CUST00265,AG004,Marine,North,2026-07-24,2027-07-24,159773,15977300,Lapsed
POL002859,CUST01985,AG065,Marine,East,2024-03-30,2025-03-30,59648,3399936,Cancelled
POL002860,CUST00468,AG003,Travel,South,2026-02-13,2027-02-13,6010,336560,Active
POL002861,CUST00479,AG052,Marine,North,2025-08-22,2026-08-22,99423,6760764,Active
POL002862,CUST01407,AG082,Commercial Property,North,2024-08-24,2025-08-24,140167,9251022,Renewed
POL002863,CUST01129,AG057,Travel,North,2026-07-08,2027-07-08,1545,100425,Active
POL002864,CUST02625,AG071,Motor,North,2024-07-10,2025-07-10,25439,2416705,Expired
POL002865,CUST01575,AG040,Home,West,2023-11-25,2024-11-24,34616,3357752,Cancelled
POL002866,CUST02851,AG110,Commercial Property,South,2023-09-07,2024-09-06,825004,69300336,Active
POL002867,CUST01996,AG018,Home,West,2025-05-01,2026-05-01,44858,1839178,Cancelled
POL002868,CUST02147,AG094,Marine,East,2023-08-25,2024-08-24,45501,2184048,Expired
POL002869,CUST01115,AG083,Marine,North,2026-07-31,2027-07-31,188512,18474176,Renewed
POL002870,CUST01463,AG028,Travel,South,2024-12-16,2025-12-16,2142,203490,Lapsed
POL002871,CUST01296,AG014,Motor,East,2023-10-01,2024-09-30,32336,1875488,Active
POL002872,CUST02374,AG065,Commercial Property,West,2026-07-22,2027-07-22,642056,49438312,Expired
POL002873,CUST01631,AG053,Motor,West,2024-12-08,2025-12-08,5911,520168,Lapsed
POL002874,CUST01556,AG078,Motor,South,2023-12-02,2024-12-01,6167,203511,Expired
POL002875,CUST01334,AG034,Commercial Property,North,2024-03-21,2025-03-21,314642,22654224,Renewed
POL002876,CUST01431,AG029,Home,East,2026-03-07,2027-03-07,23180,1692140,Active
POL002877,CUST00706,AG099,Home,West,2023-11-05,2024-11-04,46895,1875800,Lapsed
POL002878,CUST02275,AG008,Marine,West,2023-10-20,2024-10-19,93425,9342500,Lapsed
POL002879,CUST01380,AG100,Commercial Property,West,2025-10-27,2026-10-27,143901,11943783,Active
POL002880,CUST01035,AG058,Travel,North,2025-05-12,2026-05-12,3702,114762,Renewed
POL002881,CUST01762,AG034,Marine,North,2024-04-05,2025-04-05,47469,2658264,Cancelled
POL002882,CUST01512,AG033,Commercial Property,South,2023-09-19,2024-09-18,813783,25227273,Lapsed
POL002883,CUST02073,AG063,Motor,South,2024-10-27,2025-10-27,35337,2614938,Expired
POL002884,CUST00675,AG040,Motor,South,2024-05-31,2025-05-31,17604,739368,Renewed
POL002885,CUST01789,AG034,Travel,North,2024-07-17,2025-07-17,4967,268218,Active
POL002886,CUST00635,AG042,Home,West,2025-03-10,2026-03-10,20473,1330745,Cancelled
POL002887,CUST00362,AG027,Travel,North,2026-03-16,2027-03-16,5995,527560,Cancelled
POL002888,CUST01441,AG035,Motor,East,2025-02-08,2026-02-08,27588,993168,Cancelled
POL002889,CUST02217,AG065,Home,West,2025-03-03,2026-03-03,8434,227718,Lapsed
POL002890,CUST00620,AG051,Marine,South,2026-04-14,2027-04-14,60987,2683428,Expired
POL002891,CUST02169,AG120,Marine,North,2023-08-19,2024-08-18,182084,6008772,Expired
POL002892,CUST00634,AG113,Home,West,2024-03-20,2025-03-20,18378,1323216,Expired
POL002893,CUST02517,AG043,Travel,West,2026-03-02,2027-03-02,15234,1279656,Lapsed
POL002894,CUST01206,AG075,Motor,East,2024-03-11,2025-03-11,30218,1178502,Lapsed
POL002895,CUST02003,AG045,Marine,East,2024-06-20,2025-06-20,39116,3246628,Expired
POL002896,CUST01354,AG030,Travel,West,2026-07-14,2027-07-14,1149,81579,Renewed
POL002897,CUST00506,AG116,Travel,South,2026-03-05,2027-03-05,3478,159988,Active
POL002898,CUST00850,AG071,Travel,West,2023-09-11,2024-09-10,10909,959992,Expired
POL002899,CUST00065,AG014,Home,South,2024-09-16,2025-09-16,50872,3561040,Renewed
POL002900,CUST00239,AG112,Marine,North,2025-08-07,2026-08-07,130985,4584475,Lapsed
POL002901,CUST02737,AG115,Home,East,2024-11-08,2025-11-08,12716,635800,Lapsed
POL002902,CUST00355,AG111,Travel,North,2024-05-24,2025-05-24,9522,571320,Lapsed
POL002903,CUST01722,AG109,Motor,North,2026-01-10,2027-01-10,29745,1279035,Expired
POL002904,CUST01681,AG117,Travel,East,2025-03-17,2026-03-17,2241,94122,Expired
POL002905,CUST02254,AG090,Marine,West,2023-09-30,2024-09-29,108313,4115894,Renewed
POL002906,CUST00248,AG068,Motor,South,2024-02-01,2025-01-31,27108,1545156,Active
POL002907,CUST00073,AG051,Motor,East,2025-03-20,2026-03-20,36461,1349057,Lapsed
POL002908,CUST01450,AG024,Commercial Property,North,2024-02-15,2025-02-14,723780,53559720,Lapsed
POL002909,CUST02263,AG012,Travel,West,2024-02-13,2025-02-12,8026,561820,Lapsed
POL002910,CUST00803,AG007,Home,North,2024-04-30,2025-04-30,10750,935250,Renewed
POL002911,CUST00042,AG078,Motor,East,2024-11-12,2025-11-12,17955,700245,Active
POL002912,CUST00030,AG081,Motor,East,2026-07-09,2027-07-09,30634,1286628,Cancelled
POL002913,CUST02144,AG092,Travel,East,2026-02-02,2027-02-02,15709,1382392,Lapsed
POL002914,CUST02183,AG016,Commercial Property,South,2025-06-10,2026-06-10,289507,17949434,Expired
POL002915,CUST02782,AG023,Home,South,2026-04-08,2027-04-08,16859,1028399,Cancelled
POL002916,CUST02802,AG109,Motor,North,2026-01-15,2027-01-15,24445,1393365,Renewed
POL002917,CUST01646,AG101,Marine,East,2025-06-11,2026-06-11,42365,2499535,Cancelled
POL002918,CUST02578,AG107,Commercial Property,East,2024-01-02,2025-01-01,548652,51024636,Expired
POL002919,CUST01959,AG108,Marine,West,2024-07-17,2025-07-17,127765,8176960,Cancelled
POL002920,CUST02211,AG064,Marine,North,2024-06-23,2025-06-23,108128,7136448,Active
POL002921,CUST00772,AG015,Motor,West,2026-07-21,2027-07-21,35459,2694884,Expired
POL002922,CUST01159,AG025,Motor,North,2025-09-07,2026-09-07,19878,914388,Expired
POL002923,CUST00474,AG007,Motor,East,2023-11-03,2024-11-02,32565,976950,Cancelled
POL002924,CUST01339,AG024,Travel,North,2024-04-24,2025-04-24,7550,151000,Renewed
POL002925,CUST00317,AG050,Home,South,2024-06-30,2025-06-30,11575,636625,Expired
POL002926,CUST01200,AG007,Travel,West,2026-03-08,2027-03-08,13423,1208070,Expired
POL002927,CUST01839,AG016,Home,North,2024-07-19,2025-07-19,12181,1181557,Lapsed
POL002928,CUST00452,AG078,Marine,East,2026-06-24,2027-06-24,85548,7955964,Cancelled
POL002929,CUST01807,AG103,Motor,North,2026-07-30,2027-07-30,5761,282289,Cancelled
POL002930,CUST01933,AG103,Home,West,2023-08-06,2024-08-05,31907,2393025,Expired
POL002931,CUST02886,AG024,Marine,South,2024-04-01,2025-04-01,82864,7209168,Renewed
POL002932,CUST01735,AG003,Travel,North,2024-06-03,2025-06-03,11699,479659,Cancelled
POL002933,CUST01178,AG011,Commercial Property,South,2026-05-29,2027-05-29,515352,29890416,Lapsed
POL002934,CUST00620,AG017,Motor,East,2025-03-04,2026-03-04,35855,2975965,Lapsed
POL002935,CUST02159,AG060,Commercial Property,West,2026-03-26,2027-03-26,381254,32787844,Lapsed
POL002936,CUST01956,AG014,Commercial Property,North,2024-05-05,2025-05-05,153424,9205440,Active
POL002937,CUST01200,AG090,Motor,North,2023-10-17,2024-10-16,21912,1840608,Cancelled
POL002938,CUST00836,AG057,Marine,East,2026-03-30,2027-03-30,76841,2228389,Renewed
POL002939,CUST01316,AG040,Marine,North,2025-06-29,2026-06-29,127444,7646640,Active
POL002940,CUST00031,AG115,Commercial Property,East,2024-01-11,2025-01-10,316512,11077920,Active
POL002941,CUST00845,AG084,Travel,West,2025-05-08,2026-05-08,13679,328296,Active
POL002942,CUST00371,AG086,Motor,South,2026-05-15,2027-05-15,34618,2977148,Active
POL002943,CUST02405,AG049,Travel,South,2026-06-09,2027-06-09,11416,742040,Renewed
POL002944,CUST02663,AG120,Marine,North,2025-10-22,2026-10-22,169352,10161120,Cancelled
POL002945,CUST00609,AG110,Home,West,2025-01-01,2026-01-01,54504,3106728,Active
POL002946,CUST02707,AG091,Motor,West,2026-05-11,2027-05-11,23360,654080,Active
POL002947,CUST00592,AG036,Marine,West,2025-03-08,2026-03-08,96452,8391324,Expired
POL002948,CUST00301,AG102,Home,South,2024-04-05,2025-04-05,50219,1506570,Renewed
POL002949,CUST02448,AG104,Commercial Property,East,2024-05-20,2025-05-20,895879,57336256,Active
POL002950,CUST00602,AG009,Marine,South,2023-12-13,2024-12-12,130774,10854242,Cancelled
POL002951,CUST01108,AG075,Travel,East,2025-08-05,2026-08-05,4229,253740,Active
POL002952,CUST02831,AG113,Travel,North,2026-08-03,2027-08-03,4388,206236,Renewed
POL002953,CUST00431,AG097,Motor,South,2025-04-21,2026-04-21,24044,504924,Renewed
POL002954,CUST02804,AG096,Commercial Property,North,2024-01-09,2025-01-08,926201,56498261,Renewed
POL002955,CUST01124,AG014,Travel,North,2024-09-27,2025-09-27,8452,515572,Cancelled
POL002956,CUST01096,AG090,Marine,West,2026-07-20,2027-07-20,150628,7230144,Cancelled
POL002957,CUST00385,AG086,Commercial Property,West,2024-08-07,2025-08-07,86100,6371400,Lapsed
POL002958,CUST02877,AG062,Marine,South,2023-10-15,2024-10-14,83286,4997160,Active
POL002959,CUST00474,AG067,Marine,North,2026-01-01,2027-01-01,24860,1516460,Lapsed
POL002960,CUST02313,AG003,Travel,West,2025-09-21,2026-09-21,12746,777506,Cancelled
POL002961,CUST00277,AG068,Motor,East,2025-12-23,2026-12-23,36659,1979586,Renewed
POL002962,CUST02484,AG078,Home,West,2025-09-28,2026-09-28,41117,1726914,Cancelled
POL002963,CUST01104,AG005,Motor,West,2024-07-01,2025-07-01,11216,762688,Expired
POL002964,CUST02058,AG103,Travel,North,2025-07-03,2026-07-03,2767,124515,Active
POL002965,CUST00572,AG113,Motor,South,2023-12-22,2024-12-21,12716,1144440,Expired
POL002966,CUST01991,AG064,Home,South,2026-07-13,2027-07-13,13328,493136,Cancelled
POL002967,CUST01740,AG023,Motor,South,2024-02-02,2025-02-01,39019,3043482,Active
POL002968,CUST02902,AG064,Marine,North,2024-04-22,2025-04-22,65735,2892340,Expired
POL002969,CUST00415,AG087,Home,East,2025-09-03,2026-09-03,23238,1371042,Expired
POL002970,CUST01971,AG034,Motor,East,2025-06-16,2026-06-16,17133,582522,Cancelled
POL002971,CUST01403,AG007,Commercial Property,West,2026-06-20,2027-06-20,200443,12427466,Lapsed
POL002972,CUST02354,AG047,Home,East,2025-03-21,2026-03-21,65009,4225585,Lapsed
POL002973,CUST00864,AG059,Travel,West,2026-04-04,2027-04-04,6968,654992,Cancelled
POL002974,CUST02790,AG101,Travel,South,2023-12-29,2024-12-28,4261,123569,Expired
POL002975,CUST02703,AG114,Commercial Property,South,2024-04-13,2025-04-13,156931,4550999,Expired
POL002976,CUST01528,AG098,Home,North,2025-07-21,2026-07-21,9925,248125,Expired
POL002977,CUST00865,AG018,Marine,West,2024-08-30,2025-08-30,95588,3441168,Expired
POL002978,CUST01318,AG114,Home,South,2024-09-16,2025-09-16,44550,3564000,Active
POL002979,CUST00049,AG068,Commercial Property,East,2025-07-06,2026-07-06,553356,35968140,Lapsed
POL002980,CUST00458,AG055,Travel,South,2024-06-08,2025-06-08,5059,455310,Expired
POL002981,CUST00277,AG048,Home,West,2025-07-27,2026-07-27,41807,1379631,Lapsed
POL002982,CUST02927,AG077,Home,North,2024-01-21,2025-01-20,63210,5625690,Lapsed
POL002983,CUST01793,AG114,Home,North,2025-09-11,2026-09-11,37115,1818635,Lapsed
POL002984,CUST02750,AG033,Motor,North,2026-04-19,2027-04-19,19636,1826148,Cancelled
POL002985,CUST00128,AG057,Travel,South,2025-04-15,2026-04-15,11261,923402,Active
POL002986,CUST02080,AG067,Motor,East,2026-04-15,2027-04-15,20246,728856,Expired
POL002987,CUST02275,AG104,Marine,North,2025-08-03,2026-08-03,154001,6468042,Lapsed
POL002988,CUST02016,AG062,Home,East,2026-01-12,2027-01-12,60820,5777900,Lapsed
POL002989,CUST00288,AG048,Home,East,2025-07-22,2026-07-22,39871,2950454,Cancelled
POL002990,CUST00067,AG049,Motor,East,2023-11-18,2024-11-17,20391,1468152,Renewed
POL002991,CUST02348,AG101,Travel,North,2025-04-27,2026-04-27,3969,111132,Renewed
POL002992,CUST01004,AG063,Motor,North,2025-04-04,2026-04-04,26783,1232018,Active
POL002993,CUST00317,AG060,Home,East,2023-10-09,2024-10-08,23097,485037,Expired
POL002994,CUST00562,AG113,Travel,South,2026-02-28,2027-02-28,18644,484744,Active
POL002995,CUST00396,AG051,Marine,East,2023-12-24,2024-12-23,31818,1368174,Cancelled
POL002996,CUST01959,AG032,Travel,East,2023-11-01,2024-10-31,19313,733894,Cancelled
POL002997,CUST02706,AG078,Marine,North,2024-05-21,2025-05-21,106107,2440461,Cancelled
POL002998,CUST00100,AG105,Home,West,2024-02-14,2025-02-13,48912,3766224,Expired
POL002999,CUST00960,AG041,Motor,East,2024-07-23,2025-07-23,36240,2210640,Active
POL003000,CUST01784,AG042,Commercial Property,North,2026-01-21,2027-01-21,387466,29834882,Lapsed
POL003001,CUST01067,AG008,Motor,West,2026-01-11,2027-01-11,22271,1469886,Active
POL003002,CUST00714,AG007,Marine,East,2024-05-27,2025-05-27,93559,3181006,Renewed
POL003003,CUST01055,AG111,Travel,East,2026-02-18,2027-02-18,3344,334400,Active
POL003004,CUST01588,AG081,Marine,North,2025-10-27,2026-10-27,184926,14979006,Active
POL003005,CUST01268,AG067,Commercial Property,North,2026-02-28,2027-02-28,426806,22193912,Active
POL003006,CUST01200,AG092,Motor,North,2024-08-19,2025-08-19,7634,549648,Cancelled
POL003007,CUST02998,AG069,Marine,East,2026-04-01,2027-04-01,158522,12047672,Cancelled
POL003008,CUST02479,AG019,Home,East,2025-06-07,2026-06-07,9240,517440,Renewed
POL003009,CUST00789,AG068,Travel,South,2025-03-19,2026-03-19,2983,74575,Renewed
POL003010,CUST02735,AG115,Commercial Property,East,2024-07-12,2025-07-12,228927,7554591,Renewed
POL003011,CUST02319,AG043,Marine,South,2025-09-19,2026-09-19,165980,16100060,Active
POL003012,CUST00290,AG100,Marine,South,2026-05-02,2027-05-02,25645,2128535,Cancelled
POL003013,CUST00773,AG105,Motor,West,2026-06-29,2027-06-29,22991,735712,Active
POL003014,CUST01933,AG008,Home,South,2023-11-06,2024-11-05,15971,638840,Cancelled
POL003015,CUST01139,AG049,Marine,West,2025-08-08,2026-08-08,153666,14598270,Renewed
POL003016,CUST01263,AG011,Marine,East,2024-01-29,2025-01-28,67189,5979821,Expired
POL003017,CUST00521,AG035,Home,North,2024-09-29,2025-09-29,64110,3526050,Renewed
POL003018,CUST02940,AG110,Commercial Property,South,2026-02-01,2027-02-01,146801,7927254,Cancelled
POL003019,CUST01268,AG050,Commercial Property,East,2024-11-17,2025-11-17,742636,46786068,Lapsed
POL003020,CUST01185,AG072,Marine,West,2024-09-04,2025-09-04,172053,14452452,Renewed
POL003021,CUST02729,AG082,Commercial Property,North,2023-08-26,2024-08-25,466596,37794276,Renewed
POL003022,CUST01017,AG036,Marine,West,2025-11-28,2026-11-28,159232,6050816,Cancelled
POL003023,CUST02205,AG074,Motor,North,2024-02-14,2025-02-13,34791,2678907,Cancelled
POL003024,CUST00235,AG089,Travel,West,2026-03-06,2027-03-06,14116,1383368,Active
POL003025,CUST01037,AG017,Commercial Property,North,2025-01-30,2026-01-30,449033,28289079,Lapsed
POL003026,CUST00064,AG068,Commercial Property,South,2024-02-14,2025-02-13,570321,37070865,Renewed
POL003027,CUST02674,AG056,Travel,East,2026-05-22,2027-05-22,13280,624160,Lapsed
POL003028,CUST01825,AG062,Travel,West,2024-09-16,2025-09-16,10092,817452,Active
POL003029,CUST00553,AG047,Marine,North,2026-08-03,2027-08-03,138038,3036836,Active
POL003030,CUST02622,AG107,Marine,East,2025-02-22,2026-02-22,181926,18010674,Lapsed
POL003031,CUST01596,AG081,Commercial Property,East,2024-06-10,2025-06-10,438185,20594695,Renewed
POL003032,CUST02741,AG084,Marine,East,2025-10-25,2026-10-25,108246,8659680,Renewed
POL003033,CUST00014,AG091,Travel,South,2026-08-02,2027-08-02,9896,613552,Active
POL003034,CUST01927,AG119,Commercial Property,East,2025-01-27,2026-01-27,218347,17467760,Expired
POL003035,CUST02079,AG113,Commercial Property,South,2023-09-30,2024-09-29,754906,68696446,Renewed
POL003036,CUST01652,AG003,Motor,East,2024-06-27,2025-06-27,15327,766350,Renewed
POL003037,CUST01255,AG034,Travel,North,2026-03-21,2027-03-21,15259,1358051,Expired
POL003038,CUST01975,AG078,Commercial Property,East,2026-04-23,2027-04-23,109383,7656810,Active
POL003039,CUST02153,AG033,Travel,East,2023-09-02,2024-09-01,16303,603211,Cancelled
POL003040,CUST00458,AG050,Travel,North,2024-07-27,2025-07-27,3117,137148,Renewed
POL003041,CUST00712,AG044,Commercial Property,East,2026-01-11,2027-01-11,891814,86505958,Expired
POL003042,CUST01750,AG079,Marine,North,2026-03-07,2027-03-07,178974,14317920,Lapsed
POL003043,CUST02744,AG006,Motor,West,2026-07-14,2027-07-14,38398,844756,Lapsed
POL003044,CUST00580,AG027,Motor,South,2025-11-13,2026-11-13,19139,1550259,Cancelled
POL003045,CUST01153,AG013,Home,South,2024-08-08,2025-08-08,45631,4106790,Active
POL003046,CUST02642,AG089,Motor,West,2026-07-22,2027-07-22,28098,1180116,Lapsed
POL003047,CUST02222,AG020,Marine,West,2025-10-28,2026-10-28,84822,7633980,Renewed
POL003048,CUST00337,AG084,Commercial Property,North,2026-02-20,2027-02-20,150546,5720748,Active
POL003049,CUST02786,AG056,Home,South,2026-07-02,2027-07-02,32080,3015520,Cancelled
POL003050,CUST00852,AG093,Home,South,2025-03-02,2026-03-02,62204,5038524,Cancelled
POL003051,CUST01942,AG093,Marine,South,2026-01-28,2027-01-28,98619,7988139,Expired
POL003052,CUST02995,AG023,Marine,East,2024-11-07,2025-11-07,83868,6457836,Renewed
POL003053,CUST00649,AG046,Home,North,2024-07-01,2025-07-01,45713,1142825,Cancelled
POL003054,CUST02682,AG082,Marine,South,2023-09-21,2024-09-20,136264,8039576,Lapsed
POL003055,CUST02898,AG063,Home,West,2025-08-26,2026-08-26,33858,3216510,Expired
POL003056,CUST01813,AG022,Commercial Property,East,2023-10-18,2024-10-17,507388,42620592,Renewed
POL003057,CUST00342,AG007,Travel,East,2024-05-01,2025-05-01,13568,773376,Active
POL003058,CUST00749,AG107,Travel,West,2025-09-27,2026-09-27,13481,754936,Active
POL003059,CUST00577,AG003,Marine,West,2025-07-19,2026-07-19,194514,10892784,Active
POL003060,CUST00552,AG077,Marine,North,2025-03-29,2026-03-29,46813,2574715,Expired
POL003061,CUST01794,AG068,Home,West,2024-04-03,2025-04-03,68679,2197728,Cancelled
POL003062,CUST00324,AG075,Commercial Property,West,2025-03-22,2026-03-22,81419,3745274,Cancelled
POL003063,CUST01238,AG048,Home,North,2026-03-03,2027-03-03,9989,699230,Renewed
POL003064,CUST02857,AG092,Home,North,2026-02-10,2027-02-10,39270,1099560,Renewed
POL003065,CUST00114,AG103,Marine,South,2024-11-03,2025-11-03,138229,11473007,Expired
POL003066,CUST00873,AG031,Motor,South,2024-07-01,2025-07-01,11793,1132128,Renewed
POL003067,CUST00704,AG053,Motor,North,2025-09-23,2026-09-23,5373,214920,Active
POL003068,CUST00001,AG054,Commercial Property,South,2025-06-21,2026-06-21,66305,1922845,Expired
POL003069,CUST00218,AG022,Commercial Property,West,2024-08-31,2025-08-31,472429,28345740,Active
POL003070,CUST01930,AG011,Marine,South,2025-02-22,2026-02-22,30859,864052,Lapsed
POL003071,CUST01294,AG096,Motor,North,2026-05-27,2027-05-27,24846,1267146,Active
POL003072,CUST02460,AG100,Motor,East,2026-02-19,2027-02-19,31636,1391984,Cancelled
POL003073,CUST02058,AG108,Travel,West,2023-12-30,2024-12-29,11726,727012,Renewed
POL003074,CUST00736,AG040,Home,East,2026-05-01,2027-05-01,30933,2196243,Cancelled
POL003075,CUST00450,AG100,Motor,West,2024-05-23,2025-05-23,22265,1825730,Cancelled
POL003076,CUST00475,AG039,Marine,North,2024-12-11,2025-12-11,150716,13715156,Lapsed
POL003077,CUST02325,AG064,Motor,West,2023-12-02,2024-12-01,8638,535556,Cancelled
POL003078,CUST01336,AG114,Travel,North,2024-07-14,2025-07-14,18970,474250,Cancelled
POL003079,CUST00563,AG080,Marine,East,2024-11-23,2025-11-23,98380,5214140,Expired
POL003080,CUST01420,AG109,Travel,West,2026-03-30,2027-03-30,2985,74625,Active
POL003081,CUST01701,AG099,Marine,North,2026-06-08,2027-06-08,195395,8206590,Renewed
POL003082,CUST00258,AG053,Commercial Property,East,2025-12-11,2026-12-11,317163,29178996,Lapsed
POL003083,CUST02702,AG069,Motor,East,2024-02-08,2025-02-07,14821,444630,Renewed
POL003084,CUST01745,AG047,Motor,North,2025-01-30,2026-01-30,33126,3080718,Renewed
POL003085,CUST00195,AG041,Home,South,2025-11-30,2026-11-30,33653,1749956,Active
POL003086,CUST00057,AG011,Travel,North,2025-02-26,2026-02-26,17197,1341366,Cancelled
POL003087,CUST01026,AG023,Motor,North,2026-06-08,2027-06-08,5356,449904,Cancelled
POL003088,CUST01753,AG118,Marine,East,2026-03-16,2027-03-16,46908,3799548,Renewed
POL003089,CUST02975,AG021,Motor,West,2026-03-06,2027-03-06,33040,1387680,Lapsed
POL003090,CUST02425,AG102,Home,East,2025-04-03,2026-04-03,24970,973830,Active
POL003091,CUST00910,AG026,Marine,South,2026-01-03,2027-01-03,115300,8532200,Renewed
POL003092,CUST02814,AG099,Marine,North,2024-03-05,2025-03-05,171055,4276375,Cancelled
POL003093,CUST02185,AG111,Commercial Property,East,2024-07-27,2025-07-27,669600,59594400,Active
POL003094,CUST02180,AG028,Motor,South,2024-07-02,2025-07-02,15824,1155152,Active
POL003095,CUST00287,AG109,Motor,North,2024-05-28,2025-05-28,14746,1046966,Expired
POL003096,CUST01523,AG119,Motor,West,2024-04-01,2025-04-01,20791,1309833,Lapsed
POL003097,CUST01552,AG097,Marine,North,2023-08-22,2024-08-21,122609,3555661,Renewed
POL003098,CUST01625,AG119,Travel,South,2024-01-01,2024-12-31,18750,825000,Renewed
POL003099,CUST00771,AG119,Motor,South,2025-04-29,2026-04-29,28576,1085888,Active
POL003100,CUST02252,AG117,Commercial Property,South,2026-02-15,2027-02-15,98235,2161170,Renewed
POL003101,CUST01897,AG105,Commercial Property,East,2023-08-18,2024-08-17,889654,40924084,Lapsed
POL003102,CUST00230,AG007,Travel,North,2023-11-20,2024-11-19,4842,96840,Renewed
POL003103,CUST02915,AG097,Travel,East,2023-12-28,2024-12-27,8892,818064,Expired
POL003104,CUST01283,AG108,Motor,North,2025-03-30,2026-03-30,23130,1688490,Active
POL003105,CUST02799,AG032,Commercial Property,West,2025-07-11,2026-07-11,954085,76326800,Cancelled
POL003106,CUST01290,AG096,Commercial Property,North,2026-02-25,2027-02-25,716320,64468800,Expired
POL003107,CUST02170,AG074,Motor,East,2025-12-24,2026-12-24,35794,823262,Expired
POL003108,CUST02809,AG099,Travel,West,2026-01-10,2027-01-10,7162,186212,Cancelled
POL003109,CUST01976,AG027,Motor,North,2025-05-07,2026-05-07,26480,2356720,Lapsed
POL003110,CUST00656,AG066,Motor,East,2025-03-18,2026-03-18,16793,688513,Lapsed
POL003111,CUST00753,AG002,Marine,North,2024-12-23,2025-12-23,110301,7390167,Expired
POL003112,CUST00773,AG043,Commercial Property,East,2024-10-25,2025-10-25,172752,6910080,Cancelled
POL003113,CUST01942,AG087,Travel,North,2026-07-03,2027-07-03,19116,1223424,Active
POL003114,CUST02174,AG082,Marine,North,2024-01-08,2025-01-07,183148,9889992,Active
POL003115,CUST00521,AG003,Commercial Property,North,2023-12-11,2024-12-10,156774,3135480,Renewed
POL003116,CUST01753,AG075,Marine,North,2025-07-05,2026-07-05,117958,11441926,Expired
POL003117,CUST01568,AG072,Home,South,2025-11-08,2026-11-08,34684,3225612,Lapsed
POL003118,CUST02324,AG120,Marine,West,2025-11-01,2026-11-01,142019,5538741,Cancelled
POL003119,CUST00814,AG053,Home,South,2025-07-01,2026-07-01,32607,815175,Renewed
POL003120,CUST00841,AG079,Motor,South,2024-10-25,2025-10-25,24770,1436660,Lapsed
POL003121,CUST01763,AG050,Motor,South,2025-07-31,2026-07-31,25508,2397752,Cancelled
POL003122,CUST02840,AG025,Home,West,2025-09-28,2026-09-28,21602,648060,Cancelled
POL003123,CUST00130,AG097,Marine,East,2024-08-11,2025-08-11,164683,14656787,Lapsed
POL003124,CUST01834,AG080,Marine,North,2026-06-16,2027-06-16,81003,7290270,Lapsed
POL003125,CUST00813,AG002,Travel,West,2025-05-20,2026-05-20,2519,138545,Expired
POL003126,CUST00981,AG014,Home,South,2025-08-20,2026-08-20,53318,4905256,Renewed
POL003127,CUST00067,AG034,Motor,South,2023-08-26,2024-08-25,26259,525180,Active
POL003128,CUST01242,AG060,Marine,South,2025-02-24,2026-02-24,119492,2987300,Renewed
POL003129,CUST01953,AG094,Home,West,2024-05-09,2025-05-09,56380,4735920,Lapsed
POL003130,CUST00841,AG063,Travel,West,2024-01-02,2025-01-01,1948,85712,Lapsed
POL003131,CUST00122,AG012,Motor,South,2024-10-06,2025-10-06,18188,1764236,Lapsed
POL003132,CUST02816,AG060,Commercial Property,South,2026-05-28,2027-05-28,711551,46962366,Active
POL003133,CUST02705,AG081,Commercial Property,West,2025-10-04,2026-10-04,581637,41877864,Expired
POL003134,CUST02658,AG084,Travel,West,2024-05-06,2025-05-06,6697,187516,Renewed
POL003135,CUST02066,AG088,Commercial Property,West,2025-08-13,2026-08-13,944979,82213173,Active
POL003136,CUST02230,AG087,Home,West,2024-09-11,2025-09-11,28419,1534626,Renewed
POL003137,CUST00550,AG021,Marine,North,2024-06-20,2025-06-20,39681,3968100,Cancelled
POL003138,CUST02284,AG008,Motor,West,2025-08-12,2026-08-12,34023,2960001,Expired
POL003139,CUST01868,AG071,Marine,North,2023-12-29,2024-12-28,87758,8161494,Active
POL003140,CUST01545,AG118,Marine,South,2024-04-25,2025-04-25,129177,10075806,Expired
POL003141,CUST02066,AG089,Travel,North,2025-01-24,2026-01-24,3301,75923,Renewed
POL003142,CUST02603,AG088,Travel,West,2023-11-01,2024-10-31,19938,1156404,Expired
POL003143,CUST00709,AG119,Motor,West,2025-06-25,2026-06-25,5564,344968,Expired
POL003144,CUST00095,AG037,Travel,North,2023-12-20,2024-12-19,18285,548550,Cancelled
POL003145,CUST02927,AG010,Marine,West,2024-10-28,2025-10-28,185606,10393936,Expired
POL003146,CUST02434,AG078,Motor,West,2024-05-21,2025-05-21,27165,1494075,Cancelled
POL003147,CUST00926,AG093,Home,South,2023-08-22,2024-08-21,40557,973368,Cancelled
POL003148,CUST01266,AG106,Commercial Property,West,2025-07-03,2026-07-03,603519,12673899,Renewed
POL003149,CUST01812,AG058,Commercial Property,East,2025-10-12,2026-10-12,398182,22696374,Renewed
POL003150,CUST02713,AG041,Travel,South,2026-06-28,2027-06-28,16918,1251932,Cancelled
POL003151,CUST01369,AG072,Home,East,2024-01-14,2025-01-13,51515,3812110,Renewed
POL003152,CUST00664,AG018,Travel,South,2026-01-02,2027-01-02,2796,204108,Renewed
POL003153,CUST01288,AG100,Commercial Property,East,2023-09-14,2024-09-13,153696,8145888,Active
POL003154,CUST02749,AG069,Home,South,2025-09-18,2026-09-18,55006,4785522,Expired
POL003155,CUST00565,AG020,Home,South,2026-07-27,2027-07-27,62677,4074005,Cancelled
POL003156,CUST00248,AG030,Travel,West,2023-08-20,2024-08-19,15114,997524,Renewed
POL003157,CUST01279,AG026,Marine,West,2024-09-06,2025-09-06,165395,13562390,Active
POL003158,CUST01498,AG001,Marine,South,2025-10-28,2026-10-28,146101,10373171,Active
POL003159,CUST01169,AG110,Motor,North,2024-06-23,2025-06-23,14741,1017129,Active
POL003160,CUST00343,AG001,Commercial Property,West,2024-01-03,2025-01-02,644088,16746288,Lapsed
POL003161,CUST01392,AG040,Motor,West,2025-05-21,2026-05-21,30705,1565955,Active
POL003162,CUST01639,AG017,Motor,North,2025-01-01,2026-01-01,36101,2960282,Cancelled
POL003163,CUST02764,AG071,Home,North,2026-04-13,2027-04-13,19855,1846515,Lapsed
POL003164,CUST01687,AG051,Travel,South,2026-02-14,2027-02-14,6172,413524,Renewed
POL003165,CUST02180,AG087,Commercial Property,North,2026-02-09,2027-02-09,707664,50244144,Active
POL003166,CUST02619,AG019,Motor,West,2025-10-06,2026-10-06,11108,722020,Active
POL003167,CUST01054,AG032,Motor,West,2024-09-11,2025-09-11,22677,1337943,Lapsed
POL003168,CUST01311,AG025,Marine,West,2025-07-29,2026-07-29,132998,7447888,Renewed
POL003169,CUST02083,AG048,Travel,East,2024-01-19,2025-01-18,1487,138291,Cancelled
POL003170,CUST01297,AG073,Home,West,2025-12-11,2026-12-11,31537,1356091,Active
POL003171,CUST02169,AG095,Marine,North,2025-11-29,2026-11-29,104711,4293151,Expired
POL003172,CUST02699,AG032,Motor,North,2026-04-12,2027-04-12,31172,3117200,Expired
POL003173,CUST01177,AG030,Commercial Property,West,2023-10-24,2024-10-23,724619,35506331,Expired
POL003174,CUST02044,AG089,Commercial Property,East,2025-05-21,2026-05-21,499406,27966736,Active
POL003175,CUST01123,AG117,Marine,West,2023-08-30,2024-08-29,88636,8774964,Renewed
POL003176,CUST01846,AG081,Home,South,2024-05-18,2025-05-18,14735,427315,Active
POL003177,CUST02372,AG073,Motor,West,2023-12-03,2024-12-02,24108,1229508,Active
POL003178,CUST01736,AG046,Travel,East,2024-03-30,2025-03-30,17474,1467816,Cancelled
POL003179,CUST02426,AG010,Commercial Property,West,2026-06-08,2027-06-08,590769,11815380,Cancelled
POL003180,CUST01084,AG087,Marine,West,2024-09-15,2025-09-15,158619,10151616,Renewed
POL003181,CUST01087,AG036,Marine,North,2025-12-18,2026-12-18,78446,2118042,Renewed
POL003182,CUST00981,AG076,Motor,North,2025-01-02,2026-01-02,32158,1993796,Lapsed
POL003183,CUST02687,AG118,Marine,South,2024-12-17,2025-12-17,137912,7447248,Cancelled
POL003184,CUST00670,AG010,Commercial Property,North,2025-03-22,2026-03-22,598454,19150528,Active
POL003185,CUST02093,AG011,Home,West,2026-01-17,2027-01-17,49771,2986260,Cancelled
POL003186,CUST01867,AG007,Marine,West,2023-08-11,2024-08-10,76992,6313344,Active
POL003187,CUST02956,AG003,Marine,North,2025-05-22,2026-05-22,182979,12991509,Expired
POL003188,CUST02924,AG085,Travel,South,2025-08-04,2026-08-04,6875,309375,Expired
POL003189,CUST02152,AG007,Travel,East,2024-02-24,2025-02-23,17253,897156,Renewed
POL003190,CUST02476,AG119,Motor,West,2023-10-08,2024-10-07,38647,3323642,Renewed
POL003191,CUST02413,AG080,Travel,East,2023-12-19,2024-12-18,7252,543900,Expired
POL003192,CUST00441,AG111,Travel,North,2024-11-12,2025-11-12,10080,957600,Lapsed
POL003193,CUST00679,AG052,Home,East,2024-12-24,2025-12-24,55068,2092584,Lapsed
POL003194,CUST02472,AG093,Motor,North,2025-10-13,2026-10-13,32486,3021198,Cancelled
POL003195,CUST01480,AG083,Home,West,2024-12-22,2025-12-22,37250,2309500,Expired
POL003196,CUST00933,AG010,Home,South,2025-05-02,2026-05-02,50441,2370727,Cancelled
POL003197,CUST00389,AG110,Travel,East,2023-10-30,2024-10-29,14861,1174019,Renewed
POL003198,CUST00178,AG022,Marine,North,2025-04-11,2026-04-11,25346,2103718,Lapsed
POL003199,CUST00021,AG045,Travel,East,2025-10-31,2026-10-31,16206,567210,Expired
POL003200,CUST02662,AG101,Marine,South,2024-11-19,2025-11-19,190877,13934021,Expired
POL003201,CUST01570,AG077,Motor,North,2024-12-11,2025-12-11,26686,1227556,Expired
POL003202,CUST01577,AG100,Commercial Property,West,2025-11-01,2026-11-01,758337,32608491,Expired
POL003203,CUST01426,AG021,Travel,West,2024-09-13,2025-09-13,3513,186189,Expired
POL003204,CUST01332,AG058,Commercial Property,West,2024-07-28,2025-07-28,516063,50058111,Expired
POL003205,CUST00472,AG076,Motor,East,2023-11-05,2024-11-04,24646,2267432,Renewed
POL003206,CUST00830,AG071,Marine,East,2024-09-09,2025-09-09,185935,10226425,Active
POL003207,CUST01454,AG058,Commercial Property,South,2026-05-24,2027-05-24,934784,45804416,Renewed
POL003208,CUST02761,AG015,Commercial Property,East,2026-01-08,2027-01-08,386062,34359518,Expired
POL003209,CUST02675,AG069,Marine,North,2025-03-11,2026-03-11,28000,2100000,Renewed
POL003210,CUST01138,AG107,Home,North,2024-10-04,2025-10-04,31273,2095291,Renewed
POL003211,CUST01542,AG102,Travel,North,2025-07-11,2026-07-11,16044,336924,Active
POL003212,CUST00333,AG001,Marine,North,2023-10-28,2024-10-27,91332,3927276,Renewed
POL003213,CUST01718,AG109,Marine,East,2025-09-12,2026-09-12,99717,6980190,Cancelled
POL003214,CUST01233,AG011,Travel,South,2024-04-27,2025-04-27,16617,448659,Cancelled
POL003215,CUST02976,AG020,Motor,West,2024-04-10,2025-04-10,39055,1952750,Expired
POL003216,CUST02880,AG063,Motor,East,2024-02-08,2025-02-07,32933,724526,Renewed
POL003217,CUST00052,AG042,Motor,West,2024-02-27,2025-02-26,26916,1238136,Cancelled
POL003218,CUST01712,AG020,Home,North,2023-10-08,2024-10-07,54487,5121778,Expired
POL003219,CUST00207,AG056,Motor,West,2025-05-10,2026-05-10,12302,861140,Active
POL003220,CUST02361,AG008,Travel,North,2026-03-19,2027-03-19,2890,156060,Active
POL003221,CUST00831,AG014,Motor,West,2025-02-06,2026-02-06,35754,3432384,Lapsed
POL003222,CUST00200,AG071,Marine,West,2026-01-13,2027-01-13,168822,13336938,Cancelled
POL003223,CUST02095,AG029,Commercial Property,West,2024-08-18,2025-08-18,684478,15058516,Lapsed
POL003224,CUST02068,AG020,Travel,East,2025-07-02,2026-07-02,18667,970684,Expired
POL003225,CUST01765,AG023,Travel,East,2024-05-27,2025-05-27,18625,1434125,Cancelled
POL003226,CUST01804,AG009,Commercial Property,South,2025-06-25,2026-06-25,797665,48657565,Cancelled
POL003227,CUST00886,AG050,Travel,East,2026-05-15,2027-05-15,7370,567490,Expired
POL003228,CUST01135,AG003,Motor,North,2024-08-13,2025-08-13,26464,2328832,Expired
POL003229,CUST02632,AG107,Commercial Property,South,2025-04-21,2026-04-21,688715,24105025,Expired
POL003230,CUST01141,AG086,Travel,North,2025-04-06,2026-04-06,2832,116112,Expired
POL003231,CUST00352,AG102,Motor,East,2024-02-09,2025-02-08,31759,1524432,Active
POL003232,CUST00989,AG049,Commercial Property,North,2024-12-14,2025-12-14,793611,74599434,Active
POL003233,CUST01251,AG037,Motor,East,2025-08-15,2026-08-15,33842,3248832,Cancelled
POL003234,CUST01045,AG117,Motor,East,2024-11-16,2025-11-16,9253,360867,Renewed
POL003235,CUST02191,AG077,Commercial Property,North,2025-05-03,2026-05-03,505097,13132522,Active
POL003236,CUST01194,AG040,Commercial Property,West,2025-06-26,2026-06-26,126142,3784260,Renewed
POL003237,CUST00624,AG107,Travel,West,2025-04-29,2026-04-29,16289,1580033,Cancelled
POL003238,CUST00123,AG044,Home,North,2023-12-08,2024-12-07,66233,5696038,Cancelled
POL003239,CUST02653,AG062,Commercial Property,South,2024-12-31,2025-12-31,703342,57674044,Lapsed
POL003240,CUST00241,AG026,Marine,West,2024-03-26,2025-03-26,21772,653160,Cancelled
POL003241,CUST01783,AG023,Motor,West,2025-04-30,2026-04-30,11053,431067,Cancelled
POL003242,CUST01108,AG076,Commercial Property,East,2024-04-24,2025-04-24,689653,44137792,Lapsed
POL003243,CUST00339,AG002,Home,South,2024-12-08,2025-12-08,12933,478521,Renewed
POL003244,CUST01815,AG118,Home,South,2026-07-29,2027-07-29,69096,5665872,Renewed
POL003245,CUST02074,AG023,Motor,East,2024-12-19,2025-12-19,25050,1252500,Lapsed
POL003246,CUST00745,AG012,Marine,East,2023-10-17,2024-10-16,92943,4647150,Lapsed
POL003247,CUST01661,AG078,Motor,North,2024-07-18,2025-07-18,12911,710105,Active
POL003248,CUST01018,AG021,Marine,North,2023-12-01,2024-11-30,163043,7499978,Renewed
POL003249,CUST00481,AG060,Marine,North,2024-04-06,2025-04-06,76546,4592760,Expired
POL003250,CUST02862,AG019,Marine,South,2024-03-09,2025-03-09,93075,2978400,Expired
POL003251,CUST01791,AG022,Commercial Property,East,2025-02-12,2026-02-12,391726,35255340,Active
POL003252,CUST02906,AG034,Travel,South,2026-04-27,2027-04-27,1403,85583,Cancelled
POL003253,CUST01199,AG006,Commercial Property,North,2025-05-06,2026-05-06,692882,55430560,Lapsed
POL003254,CUST00737,AG074,Home,West,2026-03-06,2027-03-06,31941,1405404,Renewed
POL003255,CUST02076,AG060,Motor,West,2024-05-13,2025-05-13,15304,719288,Renewed
POL003256,CUST02771,AG018,Motor,North,2025-10-31,2026-10-31,29064,2121672,Expired
POL003257,CUST00346,AG048,Home,North,2025-11-02,2026-11-02,38158,1717110,Expired
POL003258,CUST01170,AG120,Travel,North,2024-10-13,2025-10-13,4127,313652,Renewed
POL003259,CUST01998,AG012,Marine,West,2026-05-10,2027-05-10,197116,9855800,Renewed
POL003260,CUST02073,AG024,Commercial Property,West,2025-10-11,2026-10-11,310228,27610292,Lapsed
POL003261,CUST02506,AG050,Commercial Property,North,2026-06-16,2027-06-16,740974,45940388,Renewed
POL003262,CUST01181,AG043,Marine,South,2024-08-21,2025-08-21,121953,4146402,Expired
POL003263,CUST02219,AG113,Marine,West,2024-01-21,2025-01-20,64310,2958260,Cancelled
POL003264,CUST01584,AG016,Travel,East,2026-04-19,2027-04-19,19539,898794,Lapsed
POL003265,CUST02986,AG056,Motor,West,2024-08-20,2025-08-20,9926,913192,Lapsed
POL003266,CUST02168,AG026,Home,East,2025-08-25,2026-08-25,12865,1106390,Expired
POL003267,CUST01548,AG002,Commercial Property,South,2023-12-24,2024-12-23,816125,48151375,Expired
POL003268,CUST01727,AG084,Travel,East,2025-08-16,2026-08-16,2875,126500,Active
POL003269,CUST01295,AG081,Marine,West,2024-01-26,2025-01-25,190527,4572648,Lapsed
POL003270,CUST02241,AG068,Travel,East,2026-04-06,2027-04-06,11456,1019584,Lapsed
POL003271,CUST00128,AG068,Commercial Property,North,2024-12-24,2025-12-24,849567,23787876,Active
POL003272,CUST02884,AG052,Motor,West,2025-11-08,2026-11-08,11518,264914,Expired
POL003273,CUST02071,AG037,Travel,North,2026-02-11,2027-02-11,19296,1022688,Cancelled
POL003274,CUST01768,AG110,Home,West,2025-04-23,2026-04-23,59089,4904387,Renewed
POL003275,CUST02066,AG008,Travel,South,2026-07-06,2027-07-06,3487,202246,Expired
POL003276,CUST02000,AG043,Commercial Property,East,2025-03-15,2026-03-15,647682,44042376,Lapsed
POL003277,CUST00135,AG009,Marine,South,2024-09-10,2025-09-10,51858,4511646,Renewed
POL003278,CUST00504,AG021,Marine,West,2025-01-19,2026-01-19,43985,3034965,Cancelled
POL003279,CUST00538,AG088,Commercial Property,West,2025-04-21,2026-04-21,110043,5172021,Active
POL003280,CUST00070,AG040,Home,North,2024-02-23,2025-02-22,42591,1788822,Expired
POL003281,CUST00326,AG069,Home,West,2025-12-04,2026-12-04,42464,2547840,Lapsed
POL003282,CUST01561,AG045,Home,North,2024-03-07,2025-03-07,22329,803844,Renewed
POL003283,CUST02355,AG045,Home,West,2023-09-18,2024-09-17,44256,2124288,Active
POL003284,CUST01327,AG009,Motor,North,2023-12-22,2024-12-21,9551,458448,Renewed
POL003285,CUST00882,AG085,Home,South,2025-04-14,2026-04-14,43600,3357200,Active
POL003286,CUST00307,AG111,Home,North,2025-09-21,2026-09-21,62560,3440800,Renewed
POL003287,CUST01907,AG064,Commercial Property,West,2023-09-25,2024-09-24,87596,3328648,Renewed
POL003288,CUST00030,AG056,Home,North,2023-10-06,2024-10-05,31885,1466710,Cancelled
POL003289,CUST02910,AG024,Home,South,2024-12-09,2025-12-09,31751,2317823,Expired
POL003290,CUST00490,AG063,Marine,North,2024-04-21,2025-04-21,171045,8723295,Active
POL003291,CUST00515,AG004,Marine,North,2024-09-25,2025-09-25,74248,7053560,Renewed
POL003292,CUST00001,AG062,Travel,South,2025-05-03,2026-05-03,5909,348631,Active
POL003293,CUST02308,AG007,Home,East,2026-06-15,2027-06-15,35189,1689072,Renewed
POL003294,CUST00415,AG076,Home,East,2024-04-05,2025-04-05,26215,1572900,Lapsed
POL003295,CUST01606,AG019,Motor,North,2024-07-16,2025-07-16,6813,463284,Renewed
POL003296,CUST00988,AG083,Marine,North,2024-04-12,2025-04-12,101285,3544975,Cancelled
POL003297,CUST01048,AG099,Travel,East,2026-06-08,2027-06-08,8377,561259,Cancelled
POL003298,CUST00401,AG065,Commercial Property,East,2025-07-26,2026-07-26,111503,3679599,Lapsed
POL003299,CUST01426,AG014,Motor,South,2023-12-06,2024-12-05,18999,1823904,Lapsed
POL003300,CUST01994,AG099,Commercial Property,North,2023-08-09,2024-08-08,943013,60352832,Active
POL003301,CUST01891,AG061,Travel,East,2023-10-15,2024-10-14,6292,408980,Active
POL003302,CUST00596,AG087,Marine,West,2026-01-13,2027-01-13,122616,10422360,Cancelled
POL003303,CUST02618,AG064,Home,West,2024-01-21,2025-01-20,35851,1469891,Active
POL003304,CUST00123,AG107,Home,North,2023-10-28,2024-10-27,63398,3106502,Renewed
POL003305,CUST01035,AG038,Marine,South,2024-03-14,2025-03-14,118722,4511436,Renewed
POL003306,CUST01215,AG047,Motor,West,2023-11-28,2024-11-27,24361,2289934,Cancelled
POL003307,CUST02945,AG075,Marine,North,2025-11-14,2026-11-14,58049,3715136,Cancelled
POL003308,CUST01840,AG089,Travel,South,2024-11-27,2025-11-27,5431,200947,Lapsed
POL003309,CUST02500,AG004,Marine,South,2023-11-24,2024-11-23,44336,4078912,Lapsed
POL003310,CUST01082,AG091,Home,East,2024-03-27,2025-03-27,11715,878625,Cancelled
POL003311,CUST01801,AG038,Travel,North,2026-05-02,2027-05-02,14708,500072,Renewed
POL003312,CUST01375,AG042,Motor,West,2025-05-06,2026-05-06,5835,262575,Active
POL003313,CUST02237,AG004,Home,East,2026-03-28,2027-03-28,37498,3487314,Cancelled
POL003314,CUST01591,AG032,Marine,North,2025-10-30,2026-10-30,89704,6907208,Lapsed
POL003315,CUST01826,AG025,Motor,East,2024-09-14,2025-09-14,22574,2212252,Expired
POL003316,CUST02397,AG055,Home,West,2024-07-02,2025-07-02,9723,631995,Renewed
POL003317,CUST01138,AG093,Motor,South,2026-05-10,2027-05-10,8991,647352,Renewed
POL003318,CUST01356,AG116,Travel,East,2024-05-27,2025-05-27,13530,351780,Lapsed
POL003319,CUST01253,AG032,Marine,East,2023-10-04,2024-10-03,198389,18450177,Lapsed
POL003320,CUST00699,AG066,Commercial Property,South,2025-05-31,2026-05-31,977092,73281900,Active
POL003321,CUST00439,AG033,Motor,South,2023-12-11,2024-12-10,39142,1957100,Lapsed
POL003322,CUST02755,AG112,Home,East,2025-01-21,2026-01-21,17237,1534093,Renewed
POL003323,CUST01430,AG024,Marine,North,2023-10-29,2024-10-28,167534,14575458,Expired
POL003324,CUST00899,AG114,Commercial Property,North,2025-08-29,2026-08-29,562739,11817519,Lapsed
POL003325,CUST00429,AG095,Home,North,2023-10-14,2024-10-13,44832,3362400,Renewed
POL003326,CUST00072,AG043,Travel,West,2025-11-19,2026-11-19,5031,105651,Renewed
POL003327,CUST01256,AG045,Motor,West,2026-02-24,2027-02-24,7294,401170,Active
POL003328,CUST01778,AG061,Travel,North,2025-07-05,2026-07-05,15896,731216,Lapsed
POL003329,CUST01527,AG053,Marine,South,2023-11-08,2024-11-07,186130,15448790,Renewed
POL003330,CUST00738,AG095,Commercial Property,East,2023-08-21,2024-08-20,445452,32072544,Expired
POL003331,CUST00176,AG025,Home,West,2025-05-11,2026-05-11,18970,1859060,Active
POL003332,CUST00448,AG119,Commercial Property,North,2026-04-28,2027-04-28,766426,40620578,Active
POL003333,CUST02671,AG110,Home,East,2025-08-29,2026-08-29,9380,459620,Expired
POL003334,CUST02594,AG096,Commercial Property,West,2025-02-18,2026-02-18,722074,54155550,Active
POL003335,CUST01098,AG024,Marine,North,2025-07-30,2026-07-30,21948,1097400,Renewed
POL003336,CUST01022,AG069,Home,West,2023-12-05,2024-12-04,55768,1394200,Active
POL003337,CUST00772,AG045,Home,North,2026-07-06,2027-07-06,25222,2042982,Active
POL003338,CUST01176,AG060,Travel,South,2025-01-26,2026-01-26,4560,310080,Expired
POL003339,CUST00938,AG094,Motor,West,2023-10-23,2024-10-22,18433,1179712,Cancelled
POL003340,CUST01251,AG058,Motor,East,2023-09-08,2024-09-07,26208,1153152,Active
POL003341,CUST01649,AG030,Motor,West,2025-08-25,2026-08-25,38544,3083520,Active
POL003342,CUST01222,AG071,Motor,East,2023-09-25,2024-09-24,19653,1297098,Renewed
POL003343,CUST02169,AG007,Commercial Property,North,2025-12-05,2026-12-05,594297,31497741,Active
POL003344,CUST02932,AG024,Commercial Property,North,2026-02-17,2027-02-17,895602,81499782,Lapsed
POL003345,CUST01547,AG005,Home,West,2025-12-09,2026-12-09,38624,3437536,Renewed
POL003346,CUST02825,AG012,Home,West,2025-11-17,2026-11-17,13124,1128664,Active
POL003347,CUST00029,AG040,Home,West,2025-11-15,2026-11-15,58011,3654693,Active
POL003348,CUST00459,AG084,Home,North,2025-03-22,2026-03-22,59584,1787520,Renewed
POL003349,CUST01955,AG026,Marine,West,2025-09-11,2026-09-11,172208,15670928,Renewed
POL003350,CUST00539,AG114,Commercial Property,North,2026-04-19,2027-04-19,730500,29220000,Renewed
POL003351,CUST02375,AG024,Commercial Property,North,2026-03-22,2027-03-22,741181,48917946,Lapsed
POL003352,CUST01629,AG063,Commercial Property,South,2024-12-11,2025-12-11,259817,7274876,Renewed
POL003353,CUST01940,AG098,Motor,South,2025-05-21,2026-05-21,21013,1807118,Renewed
POL003354,CUST00059,AG061,Travel,North,2024-12-18,2025-12-18,11150,446000,Renewed
POL003355,CUST00361,AG054,Marine,North,2025-07-31,2026-07-31,27938,2262978,Lapsed
POL003356,CUST02497,AG082,Motor,South,2026-06-08,2027-06-08,39805,1910640,Lapsed
POL003357,CUST00636,AG102,Commercial Property,East,2026-05-15,2027-05-15,986127,42403461,Renewed
POL003358,CUST02432,AG041,Commercial Property,North,2026-02-25,2027-02-25,312068,15915468,Renewed
POL003359,CUST00686,AG081,Commercial Property,South,2023-10-25,2024-10-24,509980,29578840,Lapsed
POL003360,CUST00213,AG105,Travel,North,2025-01-23,2026-01-23,6219,429111,Renewed
POL003361,CUST02013,AG005,Commercial Property,North,2024-08-21,2025-08-21,454452,13633560,Cancelled
POL003362,CUST00650,AG005,Motor,South,2025-07-27,2026-07-27,5057,460187,Expired
POL003363,CUST01351,AG052,Travel,South,2024-05-09,2025-05-09,11078,476354,Expired
POL003364,CUST01852,AG059,Travel,West,2025-06-23,2026-06-23,5257,378504,Active
POL003365,CUST02283,AG073,Travel,South,2026-04-05,2027-04-05,8870,833780,Active
POL003366,CUST02248,AG033,Travel,East,2025-07-24,2026-07-24,14529,697392,Renewed
POL003367,CUST00351,AG116,Travel,South,2024-10-28,2025-10-28,14647,1230348,Cancelled
POL003368,CUST02032,AG114,Marine,South,2025-07-10,2026-07-10,138721,12068727,Cancelled
POL003369,CUST00302,AG069,Commercial Property,South,2025-09-12,2026-09-12,484108,41149180,Expired
POL003370,CUST02538,AG114,Travel,East,2024-02-25,2025-02-24,6445,438260,Active
POL003371,CUST01440,AG107,Marine,South,2026-02-16,2027-02-16,105038,7247622,Renewed
POL003372,CUST01364,AG102,Motor,South,2026-02-13,2027-02-13,12899,1225405,Lapsed
POL003373,CUST01795,AG093,Commercial Property,North,2024-07-16,2025-07-16,295521,21277512,Expired
POL003374,CUST00877,AG063,Home,East,2025-01-11,2026-01-11,22600,1175200,Active
POL003375,CUST00493,AG002,Home,West,2025-03-08,2026-03-08,41587,3618069,Renewed
POL003376,CUST02559,AG102,Motor,West,2025-08-29,2026-08-29,5201,239246,Active
POL003377,CUST01504,AG076,Home,South,2026-02-22,2027-02-22,10115,576555,Expired
POL003378,CUST01493,AG047,Marine,North,2026-02-18,2027-02-18,125784,7547040,Renewed
POL003379,CUST00045,AG088,Marine,West,2026-03-28,2027-03-28,58918,4890194,Active
POL003380,CUST00861,AG067,Marine,West,2025-05-30,2026-05-30,108443,10844300,Cancelled
POL003381,CUST00477,AG053,Motor,North,2025-10-28,2026-10-28,31524,882672,Cancelled
POL003382,CUST02839,AG022,Home,North,2024-09-07,2025-09-07,32803,1869771,Cancelled
POL003383,CUST00347,AG038,Marine,West,2025-08-29,2026-08-29,174631,8207657,Expired
POL003384,CUST01611,AG101,Travel,West,2025-09-29,2026-09-29,12860,282920,Renewed
POL003385,CUST01527,AG025,Commercial Property,South,2024-10-01,2025-10-01,72436,3621800,Lapsed
POL003386,CUST01640,AG049,Commercial Property,South,2025-11-07,2026-11-07,666966,17341116,Lapsed
POL003387,CUST00443,AG038,Motor,West,2026-07-25,2027-07-25,25986,571692,Expired
POL003388,CUST00432,AG018,Travel,South,2024-05-31,2025-05-31,9522,657018,Active
POL003389,CUST02683,AG096,Commercial Property,South,2025-05-07,2026-05-07,215848,20937256,Expired
POL003390,CUST00809,AG036,Motor,East,2025-05-11,2026-05-11,24287,1481507,Cancelled
POL003391,CUST01587,AG101,Travel,North,2025-11-27,2026-11-27,12227,1112657,Renewed
POL003392,CUST01428,AG058,Home,South,2026-01-28,2027-01-28,33007,2871609,Expired
POL003393,CUST00968,AG052,Travel,North,2025-12-25,2026-12-25,10332,847224,Renewed
POL003394,CUST00527,AG093,Travel,West,2024-07-30,2025-07-30,7610,273960,Cancelled
POL003395,CUST01728,AG061,Commercial Property,West,2026-01-08,2027-01-08,667981,40078860,Cancelled
POL003396,CUST01082,AG086,Travel,North,2026-05-12,2027-05-12,11018,253414,Expired
POL003397,CUST01545,AG108,Commercial Property,East,2023-08-28,2024-08-27,194962,18521390,Renewed
POL003398,CUST01995,AG035,Travel,East,2024-12-02,2025-12-02,13735,1222415,Lapsed
POL003399,CUST00951,AG073,Travel,West,2023-12-23,2024-12-22,17980,539400,Cancelled
POL003400,CUST00217,AG088,Motor,South,2023-10-25,2024-10-24,26204,1467424,Cancelled
POL003401,CUST00565,AG047,Marine,West,2023-11-17,2024-11-16,140072,8124176,Cancelled
POL003402,CUST02465,AG043,Marine,South,2025-12-20,2026-12-20,127994,6655688,Renewed
POL003403,CUST00371,AG112,Home,West,2026-01-01,2027-01-01,67298,6595204,Expired
POL003404,CUST02237,AG022,Commercial Property,North,2025-04-02,2026-04-02,520636,47377876,Active
POL003405,CUST00077,AG072,Home,East,2025-01-14,2026-01-14,42288,2833296,Lapsed
POL003406,CUST00436,AG025,Travel,West,2025-01-09,2026-01-09,12738,1184634,Lapsed
POL003407,CUST01248,AG099,Home,South,2024-02-26,2025-02-25,33800,2366000,Expired
POL003408,CUST01665,AG053,Motor,West,2026-03-31,2027-03-31,36613,2782588,Lapsed
POL003409,CUST02301,AG051,Travel,North,2024-08-31,2025-08-31,8420,387320,Lapsed
POL003410,CUST01680,AG017,Motor,South,2026-08-02,2027-08-02,5678,329324,Lapsed
POL003411,CUST01625,AG047,Commercial Property,West,2025-07-22,2026-07-22,471947,25957085,Lapsed
POL003412,CUST01217,AG035,Travel,West,2026-01-31,2027-01-31,8372,426972,Cancelled
POL003413,CUST01905,AG049,Commercial Property,East,2023-10-06,2024-10-05,734464,30113024,Active
POL003414,CUST01023,AG115,Commercial Property,North,2024-04-09,2025-04-09,695653,36173956,Lapsed
POL003415,CUST00077,AG046,Home,North,2025-05-22,2026-05-22,59764,3047964,Renewed
POL003416,CUST01747,AG080,Marine,North,2026-07-02,2027-07-02,113033,8251409,Lapsed
POL003417,CUST00367,AG101,Motor,North,2025-05-29,2026-05-29,10218,613080,Expired
POL003418,CUST01869,AG042,Marine,North,2024-05-08,2025-05-08,52199,4436915,Cancelled
POL003419,CUST00715,AG062,Home,West,2024-10-16,2025-10-16,41899,3226223,Lapsed
POL003420,CUST02522,AG040,Home,South,2026-06-29,2027-06-29,23664,922896,Active
POL003421,CUST01550,AG011,Motor,East,2024-04-21,2025-04-21,21809,1592057,Expired
POL003422,CUST00057,AG028,Commercial Property,East,2023-09-11,2024-09-10,118502,3436558,Lapsed
POL003423,CUST01671,AG048,Marine,North,2023-09-29,2024-09-28,84415,3123355,Expired
POL003424,CUST00261,AG017,Marine,West,2025-08-14,2026-08-14,114897,3102219,Expired
POL003425,CUST01067,AG039,Commercial Property,East,2024-04-21,2025-04-21,506752,13175552,Active
POL003426,CUST01230,AG087,Commercial Property,South,2025-09-26,2026-09-26,985971,45354666,Cancelled
POL003427,CUST02929,AG105,Home,East,2024-03-30,2025-03-30,62103,4657725,Expired
POL003428,CUST01017,AG101,Commercial Property,West,2024-01-26,2025-01-25,926282,77807688,Cancelled
POL003429,CUST02756,AG035,Travel,East,2025-06-07,2026-06-07,2421,239679,Active
POL003430,CUST01067,AG007,Commercial Property,East,2024-04-20,2025-04-20,752416,48154624,Cancelled
POL003431,CUST02527,AG003,Marine,West,2025-04-24,2026-04-24,54377,5437700,Renewed
POL003432,CUST02619,AG057,Motor,North,2025-12-13,2026-12-13,27857,1086423,Cancelled
POL003433,CUST01551,AG040,Home,North,2025-08-16,2026-08-16,15787,773563,Lapsed
POL003434,CUST02756,AG003,Marine,East,2025-11-20,2026-11-20,24305,656235,Lapsed
POL003435,CUST02295,AG064,Home,South,2023-10-29,2024-10-28,45682,2329782,Active
POL003436,CUST01113,AG082,Marine,South,2023-10-02,2024-10-01,29947,2994700,Expired
POL003437,CUST01493,AG099,Home,South,2024-06-28,2025-06-28,17318,1160306,Cancelled
POL003438,CUST01576,AG102,Travel,South,2026-01-23,2027-01-23,17312,1107968,Renewed
POL003439,CUST00294,AG004,Commercial Property,South,2024-04-16,2025-04-16,267601,25154494,Cancelled
POL003440,CUST02169,AG110,Motor,East,2026-08-01,2027-08-01,34158,717318,Lapsed
POL003441,CUST01826,AG067,Marine,West,2025-08-19,2026-08-19,153625,6913125,Active
POL003442,CUST01656,AG097,Motor,West,2025-02-05,2026-02-05,28682,631004,Renewed
POL003443,CUST01545,AG082,Marine,East,2023-11-26,2024-11-25,195456,15441024,Active
POL003444,CUST01461,AG067,Home,South,2026-06-04,2027-06-04,14514,1117578,Cancelled
POL003445,CUST02716,AG117,Motor,North,2026-03-02,2027-03-02,13661,491796,Active
POL003446,CUST02380,AG003,Marine,West,2024-05-25,2025-05-25,141296,14129600,Renewed
POL003447,CUST00611,AG039,Marine,East,2025-10-23,2026-10-23,69844,6984400,Cancelled
POL003448,CUST01982,AG011,Marine,North,2026-07-13,2027-07-13,186579,16605531,Lapsed
POL003449,CUST01629,AG063,Motor,North,2025-07-13,2026-07-13,9428,405404,Lapsed
POL003450,CUST02616,AG100,Motor,West,2025-06-26,2026-06-26,21559,1509130,Renewed
POL003451,CUST02348,AG029,Travel,East,2023-08-12,2024-08-11,17014,1088896,Expired
POL003452,CUST01016,AG014,Travel,East,2024-09-19,2025-09-19,1817,79948,Active
POL003453,CUST00732,AG012,Motor,North,2024-01-15,2025-01-14,30313,1879406,Expired
POL003454,CUST01570,AG113,Commercial Property,North,2025-12-24,2026-12-24,122839,8353052,Cancelled
POL003455,CUST02718,AG031,Home,North,2025-07-30,2026-07-30,9586,306752,Renewed
POL003456,CUST01033,AG036,Travel,South,2026-02-01,2027-02-01,13516,1081280,Active
POL003457,CUST01861,AG083,Motor,West,2024-06-02,2025-06-02,8161,408050,Renewed
POL003458,CUST00162,AG008,Travel,South,2026-06-13,2027-06-13,18805,1466790,Expired
POL003459,CUST02184,AG093,Commercial Property,North,2025-07-02,2026-07-02,700802,17520050,Active
POL003460,CUST01905,AG082,Motor,West,2024-10-24,2025-10-24,8994,665556,Cancelled
POL003461,CUST00088,AG114,Commercial Property,East,2025-07-01,2026-07-01,671350,32224800,Expired
POL003462,CUST02004,AG120,Travel,West,2024-12-30,2025-12-30,10158,985326,Active
POL003463,CUST01648,AG041,Motor,South,2025-02-16,2026-02-16,36659,1466360,Expired
POL003464,CUST00869,AG004,Motor,North,2024-03-28,2025-03-28,23940,1268820,Lapsed
POL003465,CUST00097,AG020,Commercial Property,South,2025-09-26,2026-09-26,52248,3657360,Renewed
POL003466,CUST02904,AG100,Marine,East,2024-06-02,2025-06-02,111020,10879960,Renewed
POL003467,CUST00331,AG014,Marine,North,2025-05-01,2026-05-01,158675,12694000,Expired
POL003468,CUST00368,AG061,Home,North,2026-06-22,2027-06-22,63226,2655492,Renewed
POL003469,CUST02611,AG082,Home,South,2025-11-25,2026-11-25,43657,916797,Lapsed
POL003470,CUST00085,AG039,Commercial Property,West,2024-11-27,2025-11-27,576508,33437464,Expired
POL003471,CUST00380,AG013,Motor,West,2026-03-28,2027-03-28,25877,957449,Renewed
POL003472,CUST00389,AG109,Motor,West,2024-05-17,2025-05-17,38851,3030378,Renewed
POL003473,CUST01714,AG062,Travel,South,2025-07-19,2026-07-19,11938,537210,Renewed
POL003474,CUST01682,AG068,Motor,North,2026-03-18,2027-03-18,5818,436350,Cancelled
POL003475,CUST02486,AG108,Travel,East,2024-09-07,2025-09-07,8707,513713,Renewed
POL003476,CUST01405,AG023,Commercial Property,East,2024-02-14,2025-02-13,244754,14685240,Renewed
POL003477,CUST02346,AG048,Travel,West,2025-05-01,2026-05-01,8245,255595,Renewed
POL003478,CUST01968,AG095,Travel,North,2025-12-01,2026-12-01,9164,210772,Active
POL003479,CUST01802,AG102,Marine,North,2023-11-18,2024-11-17,189471,5494659,Cancelled
POL003480,CUST01258,AG063,Motor,West,2025-07-01,2026-07-01,19581,1605642,Expired
POL003481,CUST02632,AG078,Marine,West,2024-07-06,2025-07-06,43976,2814464,Expired
POL003482,CUST00071,AG056,Home,East,2025-04-14,2026-04-14,33791,1453013,Lapsed
POL003483,CUST02711,AG107,Commercial Property,North,2024-01-08,2025-01-07,106171,4671524,Active
POL003484,CUST01078,AG120,Commercial Property,North,2025-11-20,2026-11-20,275931,12416895,Cancelled
POL003485,CUST00251,AG089,Commercial Property,South,2024-11-19,2025-11-19,603070,51864020,Renewed
POL003486,CUST02873,AG034,Travel,South,2024-01-13,2025-01-12,10659,341088,Renewed
POL003487,CUST01189,AG031,Travel,West,2023-10-01,2024-09-30,17081,375782,Lapsed
POL003488,CUST01601,AG068,Travel,East,2025-09-19,2026-09-19,7587,379350,Cancelled
POL003489,CUST01375,AG014,Commercial Property,West,2025-04-09,2026-04-09,662054,48329942,Expired
POL003490,CUST00633,AG049,Commercial Property,North,2026-01-01,2027-01-01,877978,32485186,Renewed
POL003491,CUST00394,AG017,Travel,South,2025-03-26,2026-03-26,12063,1097733,Renewed
POL003492,CUST00428,AG080,Travel,West,2025-08-02,2026-08-02,9392,713792,Cancelled
POL003493,CUST01643,AG109,Marine,West,2023-08-12,2024-08-11,67737,6638226,Renewed
POL003494,CUST01953,AG048,Commercial Property,East,2024-08-18,2025-08-18,119762,3473098,Renewed
POL003495,CUST02267,AG039,Motor,South,2025-03-08,2026-03-08,29350,1790350,Cancelled
POL003496,CUST01801,AG034,Travel,North,2025-10-14,2026-10-14,1753,108686,Lapsed
POL003497,CUST02121,AG039,Motor,West,2024-08-02,2025-08-02,32262,1096908,Expired
POL003498,CUST02030,AG069,Commercial Property,South,2025-09-13,2026-09-13,98719,4935950,Expired
POL003499,CUST00520,AG037,Marine,East,2025-02-07,2026-02-07,53435,4755715,Lapsed
POL003500,CUST01018,AG040,Motor,West,2026-03-24,2027-03-24,6013,198429,Renewed
POL003501,CUST00423,AG083,Travel,East,2025-03-30,2026-03-30,9586,901084,Active
POL003502,CUST02626,AG085,Motor,North,2026-01-03,2027-01-03,24195,725850,Expired
POL003503,CUST02909,AG002,Commercial Property,South,2025-06-10,2026-06-10,637258,20392256,Expired
POL003504,CUST00431,AG118,Travel,West,2024-12-27,2025-12-27,17051,1040111,Renewed
POL003505,CUST02420,AG013,Commercial Property,East,2023-11-26,2024-11-25,923531,71111887,Cancelled
POL003506,CUST00788,AG004,Marine,West,2025-04-16,2026-04-16,157929,13897752,Lapsed
POL003507,CUST00397,AG078,Home,South,2025-12-20,2026-12-20,64506,6386094,Renewed
POL003508,CUST01724,AG033,Marine,East,2025-10-18,2026-10-18,168123,10255503,Expired
POL003509,CUST00975,AG071,Travel,East,2026-05-12,2027-05-12,1467,101223,Cancelled
POL003510,CUST01496,AG075,Travel,South,2026-03-02,2027-03-02,19167,1705863,Active
POL003511,CUST01361,AG119,Motor,North,2023-10-01,2024-09-30,5453,239932,Renewed
POL003512,CUST00657,AG101,Commercial Property,South,2025-11-21,2026-11-21,710213,71021300,Expired
POL003513,CUST02222,AG009,Motor,South,2025-07-21,2026-07-21,5660,418840,Lapsed
POL003514,CUST02653,AG051,Home,South,2026-03-11,2027-03-11,65219,2673979,Active
POL003515,CUST00244,AG058,Marine,East,2025-04-03,2026-04-03,37763,755260,Expired
POL003516,CUST00634,AG085,Travel,South,2025-08-21,2026-08-21,11100,1010100,Renewed
POL003517,CUST01600,AG026,Home,East,2025-04-16,2026-04-16,28077,2555007,Lapsed
POL003518,CUST00363,AG007,Commercial Property,West,2026-01-24,2027-01-24,688590,67481820,Expired
POL003519,CUST01866,AG109,Home,South,2026-01-26,2027-01-26,31805,1240395,Lapsed
POL003520,CUST02495,AG013,Home,East,2024-01-22,2025-01-21,50912,3818400,Active
POL003521,CUST00852,AG003,Commercial Property,North,2025-10-06,2026-10-06,433441,16904199,Lapsed
POL003522,CUST02771,AG110,Travel,North,2025-05-11,2026-05-11,2871,281358,Cancelled
POL003523,CUST00173,AG024,Motor,West,2023-11-24,2024-11-23,35671,2818009,Lapsed
POL003524,CUST00291,AG072,Commercial Property,North,2026-04-27,2027-04-27,134805,13210890,Active
POL003525,CUST02196,AG095,Travel,South,2026-04-04,2027-04-04,17911,1450791,Cancelled
POL003526,CUST00714,AG054,Commercial Property,East,2025-04-03,2026-04-03,960950,41320850,Lapsed
POL003527,CUST02021,AG085,Commercial Property,West,2025-04-23,2026-04-23,978274,42065782,Active
POL003528,CUST02039,AG037,Motor,North,2024-12-07,2025-12-07,28297,1301662,Cancelled
POL003529,CUST01409,AG105,Travel,East,2024-11-28,2025-11-28,5222,349874,Renewed
POL003530,CUST00426,AG044,Commercial Property,North,2025-10-19,2026-10-19,51505,4686955,Active
POL003531,CUST00767,AG038,Home,South,2026-03-02,2027-03-02,64176,6353424,Cancelled
POL003532,CUST02837,AG006,Travel,North,2025-06-01,2026-06-01,4804,336280,Renewed
POL003533,CUST01473,AG104,Home,East,2025-12-10,2026-12-10,59190,4735200,Renewed
POL003534,CUST01583,AG032,Home,East,2023-08-29,2024-08-28,39405,1024530,Lapsed
POL003535,CUST00122,AG080,Home,East,2024-03-22,2025-03-22,16652,532864,Active
POL003536,CUST02571,AG099,Motor,West,2023-11-07,2024-11-06,21373,641190,Lapsed
POL003537,CUST00798,AG002,Motor,East,2024-02-15,2025-02-14,13822,829320,Lapsed
POL003538,CUST02673,AG097,Travel,East,2023-12-06,2024-12-05,15179,652697,Lapsed
POL003539,CUST00569,AG043,Travel,West,2025-08-04,2026-08-04,12705,1079925,Renewed
POL003540,CUST02969,AG055,Commercial Property,East,2023-12-31,2024-12-30,75658,5220402,Cancelled
POL003541,CUST02090,AG061,Commercial Property,West,2026-05-01,2027-05-01,374932,12747688,Expired
POL003542,CUST01660,AG083,Motor,North,2025-12-18,2026-12-18,8522,451666,Cancelled
POL003543,CUST00559,AG075,Home,South,2025-09-24,2026-09-24,37145,1968685,Lapsed
POL003544,CUST02864,AG040,Marine,East,2026-03-14,2027-03-14,95142,6374514,Active
POL003545,CUST01751,AG078,Marine,West,2023-09-24,2024-09-23,71334,4422708,Active
POL003546,CUST02642,AG057,Motor,North,2025-05-08,2026-05-08,30814,2033724,Lapsed
POL003547,CUST00423,AG086,Marine,East,2024-10-09,2025-10-09,66704,2934976,Expired
POL003548,CUST01893,AG093,Home,East,2023-10-23,2024-10-22,48370,1499470,Active
POL003549,CUST01888,AG038,Commercial Property,North,2025-01-01,2026-01-01,781000,34364000,Renewed
POL003550,CUST02473,AG020,Motor,East,2023-10-12,2024-10-11,5165,392540,Active
POL003551,CUST02476,AG027,Marine,South,2025-07-29,2026-07-29,91120,5376080,Renewed
POL003552,CUST00372,AG090,Travel,South,2026-05-01,2027-05-01,13811,1201557,Renewed
POL003553,CUST00229,AG070,Travel,West,2023-10-14,2024-10-13,18154,1034778,Expired
POL003554,CUST02312,AG095,Motor,West,2024-01-20,2025-01-19,25844,620256,Active
POL003555,CUST01305,AG090,Marine,South,2025-08-14,2026-08-14,130079,10666478,Cancelled
POL003556,CUST01505,AG069,Motor,South,2025-05-13,2026-05-13,39833,3027308,Renewed
POL003557,CUST02113,AG012,Commercial Property,East,2026-05-21,2027-05-21,485956,23811844,Active
POL003558,CUST02131,AG089,Travel,South,2024-04-06,2025-04-06,4578,228900,Cancelled
POL003559,CUST02388,AG092,Commercial Property,East,2024-04-09,2025-04-09,393704,16535568,Expired
POL003560,CUST01308,AG108,Home,East,2026-06-10,2027-06-10,11656,967448,Active
POL003561,CUST00851,AG043,Motor,West,2025-02-06,2026-02-06,16740,552420,Cancelled
POL003562,CUST02031,AG090,Commercial Property,South,2026-01-09,2027-01-09,190297,5138019,Expired
POL003563,CUST02150,AG096,Home,North,2026-04-06,2027-04-06,24805,719345,Active
POL003564,CUST00852,AG027,Travel,North,2023-10-22,2024-10-21,10723,589765,Renewed
POL003565,CUST01138,AG010,Motor,South,2025-04-29,2026-04-29,29599,2101529,Expired
POL003566,CUST00388,AG047,Commercial Property,West,2023-12-30,2024-12-29,208070,6450170,Cancelled
POL003567,CUST01562,AG119,Home,East,2025-01-11,2026-01-11,39119,3285996,Cancelled
POL003568,CUST00211,AG082,Motor,East,2025-03-15,2026-03-15,25446,966948,Expired
POL003569,CUST01309,AG119,Marine,East,2026-04-13,2027-04-13,64160,4234560,Expired
POL003570,CUST01091,AG047,Motor,West,2024-08-13,2025-08-13,10037,873219,Lapsed
POL003571,CUST01098,AG007,Home,West,2025-06-25,2026-06-25,63420,5327280,Renewed
POL003572,CUST01370,AG047,Motor,East,2025-10-31,2026-10-31,32448,2109120,Renewed
POL003573,CUST00860,AG079,Home,East,2024-05-27,2025-05-27,42459,3906228,Renewed
POL003574,CUST02915,AG027,Marine,West,2026-07-27,2027-07-27,110501,4972545,Lapsed
POL003575,CUST02368,AG087,Motor,West,2025-10-10,2026-10-10,13242,741552,Active
POL003576,CUST01864,AG104,Marine,East,2023-10-20,2024-10-19,117064,7023840,Active
POL003577,CUST02507,AG082,Marine,West,2025-04-26,2026-04-26,104735,2513640,Renewed
POL003578,CUST00694,AG038,Marine,West,2025-01-18,2026-01-18,54883,2359969,Active
POL003579,CUST00263,AG074,Marine,South,2025-03-19,2026-03-19,124673,4114209,Active
POL003580,CUST00992,AG044,Travel,West,2023-08-25,2024-08-24,13510,1283450,Active
POL003581,CUST01630,AG014,Motor,East,2025-12-22,2026-12-22,14632,541384,Expired
POL003582,CUST02932,AG099,Home,South,2023-10-08,2024-10-07,52520,1890720,Cancelled
POL003583,CUST01177,AG031,Marine,East,2024-03-17,2025-03-17,88484,1946648,Expired
POL003584,CUST00531,AG058,Home,South,2025-03-17,2026-03-17,8988,781956,Lapsed
POL003585,CUST02625,AG076,Home,South,2023-10-24,2024-10-23,51404,4215128,Lapsed
POL003586,CUST00478,AG082,Motor,South,2026-02-04,2027-02-04,26997,2213754,Renewed
POL003587,CUST01540,AG037,Home,East,2025-05-22,2026-05-22,26009,702243,Lapsed
POL003588,CUST00284,AG116,Commercial Property,West,2024-10-21,2025-10-21,444226,24432430,Active
POL003589,CUST00221,AG051,Commercial Property,South,2025-03-06,2026-03-06,676434,34498134,Expired
POL003590,CUST01370,AG055,Travel,North,2026-06-25,2027-06-25,4997,399760,Expired
POL003591,CUST02408,AG019,Travel,North,2026-05-10,2027-05-10,15068,858876,Cancelled
POL003592,CUST02975,AG095,Commercial Property,West,2025-06-29,2026-06-29,620311,26673373,Cancelled
POL003593,CUST00656,AG022,Home,South,2024-12-07,2025-12-07,26308,1131244,Expired
POL003594,CUST01333,AG023,Commercial Property,South,2026-02-06,2027-02-06,574395,22975800,Expired
POL003595,CUST02380,AG111,Marine,North,2024-11-27,2025-11-27,147230,8392110,Active
POL003596,CUST00658,AG024,Motor,East,2024-02-06,2025-02-05,24614,2338330,Expired
POL003597,CUST02726,AG106,Marine,East,2023-11-11,2024-11-10,197039,18127588,Expired
POL003598,CUST02844,AG079,Commercial Property,South,2024-05-20,2025-05-20,213859,9409796,Expired
POL003599,CUST02980,AG114,Travel,East,2024-01-31,2025-01-30,12206,598094,Expired
POL003600,CUST02557,AG011,Commercial Property,West,2025-05-18,2026-05-18,876030,85850940,Active
POL003601,CUST02300,AG062,Marine,South,2026-02-25,2027-02-25,187512,12375792,Lapsed
POL003602,CUST01954,AG017,Marine,North,2025-10-30,2026-10-30,68540,3289920,Expired
POL003603,CUST00287,AG072,Home,North,2025-07-01,2026-07-01,39591,2969325,Lapsed
POL003604,CUST02946,AG081,Marine,East,2024-08-17,2025-08-17,139637,8936768,Expired
POL003605,CUST01560,AG112,Commercial Property,North,2025-02-07,2026-02-07,727717,48029322,Active
POL003606,CUST02706,AG001,Commercial Property,West,2024-03-14,2025-03-14,935462,39289404,Cancelled
POL003607,CUST00453,AG096,Home,East,2026-07-24,2027-07-24,66478,1794906,Cancelled
POL003608,CUST01732,AG085,Marine,West,2024-09-09,2025-09-09,99503,7164216,Renewed
POL003609,CUST01238,AG062,Travel,North,2024-06-22,2025-06-22,19626,471024,Expired
POL003610,CUST00814,AG092,Home,West,2024-12-29,2025-12-29,19175,747825,Active
POL003611,CUST02597,AG009,Travel,East,2025-10-28,2026-10-28,5595,318915,Expired
POL003612,CUST02914,AG035,Marine,North,2025-04-02,2026-04-02,38663,1701172,Active
POL003613,CUST02665,AG117,Motor,North,2024-05-14,2025-05-14,26964,620172,Lapsed
POL003614,CUST00670,AG095,Marine,South,2025-04-26,2026-04-26,68846,4888066,Cancelled
POL003615,CUST01782,AG057,Commercial Property,West,2024-10-11,2025-10-11,114737,11473700,Renewed
POL003616,CUST01912,AG085,Marine,East,2026-06-17,2027-06-17,128416,2953568,Renewed
POL003617,CUST00554,AG038,Commercial Property,North,2025-07-03,2026-07-03,164437,9372909,Lapsed
POL003618,CUST00430,AG015,Motor,East,2025-11-30,2026-11-30,30672,2607120,Renewed
POL003619,CUST00224,AG085,Marine,North,2025-06-21,2026-06-21,87155,2353185,Renewed
POL003620,CUST00127,AG037,Home,South,2025-08-12,2026-08-12,55970,5149240,Lapsed
POL003621,CUST00533,AG010,Home,North,2025-03-05,2026-03-05,26950,727650,Renewed
POL003622,CUST00039,AG028,Motor,East,2026-02-10,2027-02-10,18562,575422,Cancelled
POL003623,CUST01764,AG057,Commercial Property,West,2026-03-13,2027-03-13,66168,4300920,Active
POL003624,CUST01361,AG052,Marine,North,2024-02-23,2025-02-22,79754,1754588,Lapsed
POL003625,CUST00212,AG088,Marine,North,2026-07-23,2027-07-23,54495,2125305,Active
POL003626,CUST00482,AG011,Marine,South,2026-07-15,2027-07-15,47451,3558825,Expired
POL003627,CUST00459,AG005,Travel,North,2024-09-06,2025-09-06,7317,512190,Active
POL003628,CUST01301,AG045,Travel,East,2025-04-05,2026-04-05,17348,815356,Active
POL003629,CUST00029,AG057,Motor,West,2024-11-22,2025-11-22,18111,688218,Cancelled
POL003630,CUST02248,AG067,Motor,East,2024-01-17,2025-01-16,26029,1952175,Active
POL003631,CUST00160,AG013,Commercial Property,West,2025-01-24,2026-01-24,477304,10023384,Lapsed
POL003632,CUST02889,AG108,Commercial Property,South,2024-02-05,2025-02-04,860593,46472022,Active
POL003633,CUST00454,AG102,Motor,North,2025-05-20,2026-05-20,15796,1500620,Expired
POL003634,CUST02422,AG111,Home,West,2024-09-18,2025-09-18,56036,2913872,Lapsed
POL003635,CUST01355,AG106,Home,East,2025-07-19,2026-07-19,49675,1241875,Expired
POL003636,CUST02182,AG120,Travel,West,2023-11-21,2024-11-20,16702,1252650,Lapsed
POL003637,CUST01370,AG009,Travel,West,2023-12-30,2024-12-29,3720,152520,Lapsed
POL003638,CUST01746,AG064,Home,West,2025-07-21,2026-07-21,61686,4934880,Renewed
POL003639,CUST00048,AG064,Commercial Property,South,2026-07-17,2027-07-17,119886,2397720,Lapsed
POL003640,CUST01469,AG011,Home,East,2024-06-21,2025-06-21,40985,1967280,Expired
POL003641,CUST00739,AG086,Motor,East,2025-11-01,2026-11-01,34779,1773729,Renewed
POL003642,CUST01828,AG106,Travel,North,2026-05-21,2027-05-21,1529,59631,Lapsed
POL003643,CUST02794,AG072,Marine,North,2024-10-15,2025-10-15,188928,13791744,Lapsed
POL003644,CUST00007,AG087,Travel,North,2025-11-11,2026-11-11,19175,958750,Lapsed
POL003645,CUST01688,AG003,Motor,South,2026-03-20,2027-03-20,36295,3157665,Renewed
POL003646,CUST01603,AG051,Home,South,2026-05-31,2027-05-31,61492,4365932,Renewed
POL003647,CUST00109,AG084,Travel,North,2024-10-26,2025-10-26,18240,437760,Cancelled
POL003648,CUST00197,AG089,Motor,North,2026-02-19,2027-02-19,19294,1832930,Lapsed
POL003649,CUST00319,AG075,Motor,East,2023-09-30,2024-09-29,29298,2724714,Cancelled
POL003650,CUST00198,AG048,Motor,South,2023-10-24,2024-10-23,22121,464541,Expired
POL003651,CUST02582,AG065,Commercial Property,North,2025-10-16,2026-10-16,849352,28877968,Cancelled
POL003652,CUST00059,AG031,Commercial Property,South,2026-03-29,2027-03-29,689541,25513017,Active
POL003653,CUST01959,AG056,Travel,West,2026-04-11,2027-04-11,4896,372096,Cancelled
POL003654,CUST02629,AG112,Marine,North,2025-09-14,2026-09-14,69355,3120975,Active
POL003655,CUST00727,AG080,Marine,West,2023-11-28,2024-11-27,194278,11850958,Active
POL003656,CUST01739,AG064,Commercial Property,South,2024-06-16,2025-06-16,273250,15575250,Lapsed
POL003657,CUST00834,AG099,Travel,West,2024-01-20,2025-01-19,16465,1004365,Active
POL003658,CUST02452,AG120,Marine,South,2025-06-04,2026-06-04,149447,5529539,Renewed
POL003659,CUST02930,AG004,Motor,North,2026-03-16,2027-03-16,16192,744832,Renewed
POL003660,CUST00587,AG103,Commercial Property,North,2023-10-28,2024-10-27,714810,14296200,Lapsed
POL003661,CUST02447,AG088,Home,South,2026-03-14,2027-03-14,67416,6606768,Active
POL003662,CUST01449,AG015,Commercial Property,West,2024-06-16,2025-06-16,895822,63603362,Renewed
POL003663,CUST01089,AG115,Motor,North,2025-10-09,2026-10-09,37681,3617376,Active
POL003664,CUST00307,AG056,Marine,South,2025-04-12,2026-04-12,196001,7448038,Expired
POL003665,CUST01395,AG035,Home,West,2024-07-11,2025-07-11,16666,399984,Expired
POL003666,CUST01689,AG046,Travel,North,2025-11-04,2026-11-04,10904,676048,Lapsed
POL003667,CUST02078,AG104,Home,North,2025-07-25,2026-07-25,46518,3302778,Cancelled
POL003668,CUST01443,AG025,Commercial Property,South,2024-12-01,2025-12-01,337759,32762623,Active
POL003669,CUST01806,AG053,Commercial Property,North,2024-04-30,2025-04-30,633488,19004640,Cancelled
POL003670,CUST00950,AG049,Marine,East,2026-02-27,2027-02-27,78875,1893000,Lapsed
POL003671,CUST01254,AG057,Motor,East,2024-07-28,2025-07-28,33728,2360960,Expired
POL003672,CUST00650,AG037,Motor,South,2025-06-28,2026-06-28,21706,2062070,Expired
POL003673,CUST02968,AG085,Travel,East,2026-04-20,2027-04-20,10679,320370,Cancelled
POL003674,CUST00019,AG106,Motor,South,2026-05-07,2027-05-07,12298,1057628,Lapsed
POL003675,CUST01300,AG065,Travel,North,2026-04-18,2027-04-18,14998,1484802,Renewed
POL003676,CUST02263,AG017,Commercial Property,South,2023-11-09,2024-11-08,428046,39808278,Expired
POL003677,CUST02700,AG039,Commercial Property,East,2024-07-31,2025-07-31,708457,40382049,Cancelled
POL003678,CUST01040,AG049,Motor,South,2025-10-04,2026-10-04,31175,2151075,Lapsed
POL003679,CUST00179,AG018,Motor,North,2023-09-05,2024-09-04,21874,2121778,Renewed
POL003680,CUST00315,AG045,Marine,South,2025-03-18,2026-03-18,165724,7457580,Active
POL003681,CUST00174,AG102,Travel,North,2024-09-07,2025-09-07,4421,251997,Lapsed
POL003682,CUST02912,AG098,Travel,West,2024-02-02,2025-02-01,3035,145680,Expired
POL003683,CUST02470,AG083,Marine,East,2023-09-04,2024-09-03,178906,9303112,Cancelled
POL003684,CUST02134,AG014,Marine,North,2023-08-26,2024-08-25,72245,4190210,Renewed
POL003685,CUST02156,AG109,Marine,South,2023-11-03,2024-11-02,140024,5180888,Active
POL003686,CUST01753,AG058,Home,East,2024-12-04,2025-12-04,50622,3897894,Cancelled
POL003687,CUST01306,AG062,Marine,North,2026-02-17,2027-02-17,104108,10410800,Renewed
POL003688,CUST01594,AG009,Motor,South,2025-03-12,2026-03-12,30720,1658880,Expired
POL003689,CUST01780,AG095,Marine,West,2024-11-30,2025-11-30,113398,5443104,Expired
POL003690,CUST02829,AG021,Commercial Property,East,2023-12-25,2024-12-24,582995,30898735,Expired
POL003691,CUST02849,AG058,Travel,East,2026-05-23,2027-05-23,18284,1206744,Renewed
POL003692,CUST01602,AG004,Travel,South,2024-11-13,2025-11-13,3238,97140,Renewed
POL003693,CUST02984,AG076,Marine,North,2025-06-14,2026-06-14,26724,1042236,Cancelled
POL003694,CUST00518,AG058,Travel,South,2024-08-03,2025-08-03,14979,1288194,Expired
POL003695,CUST00001,AG018,Commercial Property,West,2024-11-27,2025-11-27,323371,15521808,Cancelled
POL003696,CUST01117,AG085,Travel,North,2024-08-18,2025-08-18,7332,146640,Expired
POL003697,CUST00741,AG073,Commercial Property,South,2025-04-15,2026-04-15,408439,19605072,Renewed
POL003698,CUST01032,AG044,Travel,East,2026-08-02,2027-08-02,13118,695254,Active
POL003699,CUST01839,AG047,Home,East,2026-05-18,2027-05-18,57544,5696856,Cancelled
POL003700,CUST02810,AG007,Marine,South,2025-09-19,2026-09-19,98223,9232962,Cancelled
POL003701,CUST01630,AG046,Travel,North,2025-04-10,2026-04-10,17216,1446144,Expired
POL003702,CUST02832,AG112,Commercial Property,North,2024-09-10,2025-09-10,453796,44018212,Expired
POL003703,CUST01357,AG116,Travel,North,2025-11-21,2026-11-21,17758,674804,Lapsed
POL003704,CUST02669,AG084,Travel,North,2024-04-22,2025-04-22,8646,466884,Expired
POL003705,CUST01273,AG035,Motor,South,2023-11-20,2024-11-19,35549,1493058,Cancelled
POL003706,CUST02863,AG055,Motor,South,2024-09-15,2025-09-15,22008,1870680,Lapsed
POL003707,CUST00714,AG063,Travel,North,2023-08-24,2024-08-23,9353,383473,Cancelled
POL003708,CUST01869,AG025,Travel,West,2025-07-29,2026-07-29,15595,1263195,Lapsed
POL003709,CUST02003,AG028,Motor,East,2025-04-05,2026-04-05,31649,2152132,Renewed
POL003710,CUST01196,AG003,Motor,South,2023-12-22,2024-12-21,39572,1859884,Active
POL003711,CUST00695,AG040,Commercial Property,North,2025-03-25,2026-03-25,494803,34636210,Lapsed
POL003712,CUST00312,AG065,Commercial Property,West,2025-01-14,2026-01-14,822329,30426173,Expired
POL003713,CUST02672,AG114,Marine,West,2026-03-17,2027-03-17,87537,7878330,Renewed
POL003714,CUST02613,AG035,Travel,North,2023-08-15,2024-08-14,15520,1334720,Lapsed
POL003715,CUST02834,AG023,Marine,West,2026-04-18,2027-04-18,139564,6140816,Cancelled
POL003716,CUST00288,AG029,Home,North,2025-12-13,2026-12-13,59455,4518580,Expired
POL003717,CUST00393,AG009,Marine,East,2026-06-21,2027-06-21,94960,6077440,Cancelled
POL003718,CUST02318,AG043,Commercial Property,South,2024-10-27,2025-10-27,916808,27504240,Renewed
POL003719,CUST01934,AG084,Motor,North,2024-12-21,2025-12-21,34553,2556922,Lapsed
POL003720,CUST00999,AG071,Home,North,2024-12-30,2025-12-30,14369,646605,Expired
POL003721,CUST00914,AG047,Travel,East,2024-12-01,2025-12-01,1265,64515,Expired
POL003722,CUST02860,AG052,Home,North,2024-10-05,2025-10-05,14568,1121736,Cancelled
POL003723,CUST02339,AG098,Commercial Property,North,2024-09-22,2025-09-22,940319,72404563,Renewed
POL003724,CUST01756,AG069,Motor,South,2024-02-16,2025-02-15,11245,404820,Cancelled
POL003725,CUST00887,AG043,Commercial Property,South,2025-07-07,2026-07-07,890551,52542509,Cancelled
POL003726,CUST02812,AG103,Travel,South,2024-07-04,2025-07-04,17721,868329,Renewed
POL003727,CUST01278,AG093,Commercial Property,West,2026-03-02,2027-03-02,751557,44341863,Lapsed
POL003728,CUST00542,AG101,Commercial Property,North,2024-09-25,2025-09-25,838100,60343200,Renewed
POL003729,CUST02378,AG038,Home,South,2025-11-10,2026-11-10,32707,1242866,Lapsed
POL003730,CUST01831,AG034,Commercial Property,South,2026-06-01,2027-06-01,329294,15476818,Cancelled
POL003731,CUST02372,AG095,Motor,West,2023-11-19,2024-11-18,36674,1687004,Lapsed
POL003732,CUST02096,AG020,Travel,South,2023-10-17,2024-10-16,1606,152570,Lapsed
POL003733,CUST02730,AG100,Commercial Property,South,2025-06-21,2026-06-21,868943,58219181,Lapsed
POL003734,CUST00250,AG093,Marine,East,2024-05-29,2025-05-29,40611,4061100,Renewed
POL003735,CUST01339,AG088,Commercial Property,North,2024-01-26,2025-01-25,56429,3047166,Renewed
POL003736,CUST01124,AG028,Commercial Property,North,2024-10-22,2025-10-22,909945,45497250,Renewed
POL003737,CUST00442,AG016,Motor,East,2025-06-15,2026-06-15,37348,2390272,Cancelled
POL003738,CUST00442,AG077,Commercial Property,East,2024-11-16,2025-11-16,674149,45842132,Lapsed
POL003739,CUST02636,AG054,Motor,North,2024-05-16,2025-05-16,20397,1223820,Lapsed
POL003740,CUST00836,AG101,Home,North,2024-09-17,2025-09-17,45614,3192980,Active
POL003741,CUST00337,AG044,Commercial Property,North,2025-04-13,2026-04-13,162632,7643704,Renewed
POL003742,CUST02588,AG109,Motor,West,2023-09-02,2024-09-01,24135,1086075,Cancelled
POL003743,CUST02390,AG053,Commercial Property,West,2024-07-14,2025-07-14,941554,22597296,Active
POL003744,CUST00903,AG023,Marine,South,2026-07-25,2027-07-25,185336,11861504,Renewed
POL003745,CUST01085,AG053,Home,East,2024-12-02,2025-12-02,64633,3554815,Lapsed
POL003746,CUST03000,AG027,Marine,East,2025-12-25,2026-12-25,199084,7963360,Cancelled
POL003747,CUST00330,AG117,Motor,East,2024-01-26,2025-01-25,34521,3175932,Expired
POL003748,CUST02638,AG100,Marine,South,2023-11-30,2024-11-29,20385,1916190,Active
POL003749,CUST00297,AG065,Travel,West,2024-03-02,2025-03-02,12805,793910,Lapsed
POL003750,CUST02417,AG002,Travel,North,2025-11-05,2026-11-05,9533,228792,Lapsed
POL003751,CUST02106,AG102,Commercial Property,South,2026-02-08,2027-02-08,557582,25091190,Lapsed
POL003752,CUST01932,AG027,Commercial Property,North,2025-07-08,2026-07-08,524160,15724800,Expired
POL003753,CUST01454,AG027,Motor,East,2023-11-22,2024-11-21,31837,859599,Renewed
POL003754,CUST02961,AG076,Marine,West,2026-03-15,2027-03-15,69510,4448640,Active
POL003755,CUST00995,AG091,Marine,North,2025-12-14,2026-12-14,38847,2680443,Active
POL003756,CUST01466,AG039,Travel,North,2023-10-02,2024-10-01,17865,589545,Expired
POL003757,CUST02971,AG075,Home,East,2025-09-05,2026-09-05,68636,3843616,Cancelled
POL003758,CUST00599,AG042,Home,East,2026-06-05,2027-06-05,65939,4351974,Renewed
POL003759,CUST01825,AG008,Motor,East,2023-09-09,2024-09-08,22624,633472,Active
POL003760,CUST01048,AG014,Commercial Property,South,2024-05-12,2025-05-12,667415,55395445,Renewed
POL003761,CUST00646,AG033,Motor,North,2025-04-19,2026-04-19,11307,271368,Lapsed
POL003762,CUST00313,AG017,Travel,East,2025-08-12,2026-08-12,14478,506730,Renewed
POL003763,CUST00316,AG009,Travel,East,2024-10-30,2025-10-30,2977,122057,Expired
POL003764,CUST01563,AG044,Home,North,2025-02-27,2026-02-27,35509,2379103,Renewed
POL003765,CUST02069,AG040,Travel,South,2023-09-29,2024-09-28,7296,233472,Cancelled
POL003766,CUST02070,AG003,Home,East,2023-10-06,2024-10-05,33760,2768320,Cancelled
POL003767,CUST02625,AG002,Commercial Property,North,2024-07-10,2025-07-10,866526,54591138,Lapsed
POL003768,CUST02226,AG030,Marine,North,2024-03-06,2025-03-06,157549,11028430,Expired
POL003769,CUST02056,AG063,Marine,West,2025-06-09,2026-06-09,42487,1826941,Renewed
POL003770,CUST01887,AG116,Marine,North,2025-04-18,2026-04-18,117696,10945728,Lapsed
POL003771,CUST02429,AG046,Motor,East,2024-01-15,2025-01-14,27254,1826018,Expired
POL003772,CUST00565,AG013,Commercial Property,West,2026-01-16,2027-01-16,197388,15988428,Expired
POL003773,CUST02745,AG022,Home,East,2024-06-04,2025-06-04,25333,2330636,Lapsed
POL003774,CUST01880,AG023,Motor,South,2026-06-08,2027-06-08,6474,446706,Cancelled
POL003775,CUST01375,AG108,Motor,South,2024-03-15,2025-03-15,22216,1821712,Lapsed
POL003776,CUST02956,AG048,Motor,South,2023-12-07,2024-12-06,11992,587608,Active
POL003777,CUST00063,AG015,Home,North,2025-05-21,2026-05-21,26391,897294,Expired
POL003778,CUST01156,AG032,Motor,East,2026-01-20,2027-01-20,32806,2591674,Renewed
POL003779,CUST00546,AG115,Commercial Property,North,2025-11-03,2026-11-03,824882,66815442,Renewed
POL003780,CUST01637,AG080,Motor,South,2024-09-14,2025-09-14,33011,2640880,Lapsed
POL003781,CUST01253,AG010,Commercial Property,West,2025-05-07,2026-05-07,729441,20424348,Expired
POL003782,CUST02551,AG049,Marine,North,2023-12-10,2024-12-09,133891,10309607,Expired
POL003783,CUST00108,AG006,Travel,West,2024-01-23,2025-01-22,14463,1099188,Active
POL003784,CUST00754,AG017,Motor,East,2023-09-30,2024-09-29,37709,942725,Active
POL003785,CUST00527,AG090,Motor,South,2026-04-20,2027-04-20,36692,2458364,Lapsed
POL003786,CUST01248,AG030,Home,South,2025-01-03,2026-01-03,21777,1023519,Active
POL003787,CUST02778,AG040,Travel,North,2023-11-19,2024-11-18,16455,1184760,Lapsed
POL003788,CUST02940,AG075,Travel,North,2025-05-19,2026-05-19,18270,1132740,Active
POL003789,CUST00983,AG075,Motor,North,2024-08-20,2025-08-20,29253,789831,Expired
POL003790,CUST00043,AG024,Travel,North,2024-11-07,2025-11-07,17901,1270971,Cancelled
POL003791,CUST02087,AG069,Home,South,2025-06-14,2026-06-14,65021,3641176,Renewed
POL003792,CUST02259,AG064,Commercial Property,South,2024-05-21,2025-05-21,728377,46616128,Active
POL003793,CUST02039,AG068,Commercial Property,North,2024-05-11,2025-05-11,120777,6401181,Cancelled
POL003794,CUST02085,AG078,Marine,North,2025-08-30,2026-08-30,147755,7683260,Expired
POL003795,CUST01597,AG055,Marine,East,2024-05-20,2025-05-20,179234,4660084,Cancelled
POL003796,CUST00312,AG053,Marine,West,2026-01-27,2027-01-27,51333,1437324,Lapsed
POL003797,CUST01825,AG060,Home,West,2025-01-03,2026-01-03,50245,2813720,Lapsed
POL003798,CUST00514,AG060,Travel,West,2024-01-30,2025-01-29,13284,664200,Expired
POL003799,CUST01167,AG016,Motor,North,2025-07-03,2026-07-03,25817,1213399,Cancelled
POL003800,CUST00123,AG093,Marine,East,2023-10-21,2024-10-20,134867,10519626,Lapsed
POL003801,CUST02622,AG048,Motor,West,2025-05-23,2026-05-23,33964,2139732,Expired
POL003802,CUST01074,AG014,Motor,North,2026-06-10,2027-06-10,9668,377052,Renewed
POL003803,CUST02566,AG071,Home,East,2024-03-02,2025-03-02,15106,981890,Renewed
POL003804,CUST02645,AG118,Travel,South,2024-04-03,2025-04-03,12993,1299300,Expired
POL003805,CUST01766,AG042,Marine,North,2024-01-22,2025-01-21,95685,3731715,Renewed
POL003806,CUST02070,AG096,Marine,South,2024-07-23,2025-07-23,134757,4986009,Expired
POL003807,CUST01714,AG038,Motor,South,2026-05-27,2027-05-27,13335,1240155,Renewed
POL003808,CUST00253,AG107,Motor,West,2026-06-04,2027-06-04,15612,515196,Cancelled
POL003809,CUST00950,AG057,Commercial Property,West,2024-12-24,2025-12-24,523343,21457063,Cancelled
POL003810,CUST01597,AG093,Motor,North,2023-11-28,2024-11-27,20638,2043162,Expired
POL003811,CUST01423,AG006,Home,North,2024-02-21,2025-02-20,56003,3920210,Lapsed
POL003812,CUST01117,AG086,Travel,North,2024-02-21,2025-02-20,18034,1154176,Expired
POL003813,CUST00112,AG103,Home,West,2024-03-25,2025-03-25,46035,1104840,Expired
POL003814,CUST01688,AG019,Motor,West,2023-12-24,2024-12-23,37222,1898322,Expired
POL003815,CUST02468,AG049,Motor,East,2024-05-29,2025-05-29,12852,1028160,Lapsed
POL003816,CUST00960,AG011,Home,West,2024-09-30,2025-09-30,30106,1625724,Expired
POL003817,CUST01175,AG028,Marine,South,2026-06-02,2027-06-02,149830,4494900,Active
POL003818,CUST01040,AG080,Travel,West,2024-03-27,2025-03-27,19394,1861824,Cancelled
POL003819,CUST02981,AG051,Commercial Property,South,2023-12-27,2024-12-26,617003,14808072,Active
POL003820,CUST02059,AG098,Travel,West,2025-12-07,2026-12-07,15752,1354672,Active
POL003821,CUST01434,AG023,Motor,North,2026-03-16,2027-03-16,9177,862638,Expired
POL003822,CUST01907,AG064,Home,South,2025-04-26,2026-04-26,68544,4249728,Active
POL003823,CUST00992,AG081,Marine,East,2024-05-22,2025-05-22,27857,1197851,Cancelled
POL003824,CUST00450,AG119,Marine,West,2025-03-22,2026-03-22,29081,1192321,Renewed
POL003825,CUST01914,AG075,Motor,West,2026-03-14,2027-03-14,29014,1479714,Expired
POL003826,CUST01561,AG010,Commercial Property,West,2024-12-15,2025-12-15,752900,51950100,Lapsed
POL003827,CUST00610,AG079,Motor,East,2025-05-29,2026-05-29,36036,2666664,Cancelled
POL003828,CUST02005,AG060,Marine,East,2026-01-08,2027-01-08,31665,759960,Expired
POL003829,CUST00843,AG042,Commercial Property,West,2023-12-11,2024-12-10,61125,4401000,Expired
POL003830,CUST01100,AG099,Home,West,2024-03-18,2025-03-18,57349,3498289,Renewed
POL003831,CUST02430,AG005,Motor,East,2024-04-20,2025-04-20,28414,2017394,Cancelled
POL003832,CUST02479,AG010,Travel,South,2025-08-29,2026-08-29,14246,484364,Active
POL003833,CUST01861,AG023,Travel,East,2026-05-22,2027-05-22,6615,621810,Active
POL003834,CUST02486,AG019,Travel,East,2025-11-19,2026-11-19,5284,338176,Expired
POL003835,CUST01960,AG119,Commercial Property,East,2024-06-30,2025-06-30,879049,60654381,Active
POL003836,CUST02744,AG034,Travel,West,2026-02-02,2027-02-02,6301,415866,Lapsed
POL003837,CUST02293,AG028,Commercial Property,South,2024-02-12,2025-02-11,663738,33186900,Cancelled
POL003838,CUST02604,AG015,Motor,South,2024-11-02,2025-11-02,17747,1153555,Lapsed
POL003839,CUST02121,AG004,Home,West,2024-09-20,2025-09-20,42239,3759271,Active
POL003840,CUST00203,AG024,Travel,East,2025-03-29,2026-03-29,2666,101308,Renewed
POL003841,CUST01927,AG112,Marine,North,2026-05-10,2027-05-10,127260,2545200,Lapsed
POL003842,CUST00357,AG034,Home,North,2025-10-10,2026-10-10,66640,2532320,Active
POL003843,CUST02330,AG030,Home,West,2026-05-12,2027-05-12,37463,3521522,Expired
POL003844,CUST01066,AG021,Home,West,2025-02-25,2026-02-25,48770,4047910,Renewed
POL003845,CUST02093,AG028,Home,South,2024-01-05,2025-01-04,69596,2644648,Cancelled
POL003846,CUST02528,AG107,Motor,West,2024-12-08,2025-12-08,16394,1049216,Lapsed
POL003847,CUST02415,AG103,Commercial Property,North,2024-05-29,2025-05-29,76691,6442044,Active
POL003848,CUST01614,AG093,Commercial Property,North,2024-08-12,2025-08-12,292351,12278742,Renewed
POL003849,CUST01473,AG078,Home,East,2024-12-05,2025-12-05,29581,1567793,Expired
POL003850,CUST00760,AG115,Travel,West,2024-12-06,2025-12-06,16871,641098,Active
POL003851,CUST00395,AG051,Marine,East,2025-09-11,2026-09-11,103908,10286892,Lapsed
POL003852,CUST02887,AG086,Home,South,2025-11-20,2026-11-20,24620,1723400,Cancelled
POL003853,CUST01214,AG107,Motor,West,2026-04-20,2027-04-20,5276,501220,Cancelled
POL003854,CUST02956,AG001,Motor,South,2026-02-14,2027-02-14,18060,1137780,Renewed
POL003855,CUST02787,AG012,Marine,South,2025-04-22,2026-04-22,99908,8492180,Active
POL003856,CUST02349,AG016,Home,South,2026-02-19,2027-02-19,37718,3545492,Active
POL003857,CUST01683,AG120,Commercial Property,East,2024-10-06,2025-10-06,862939,40558133,Renewed
POL003858,CUST01478,AG046,Commercial Property,East,2023-11-03,2024-11-02,730321,72301779,Lapsed
POL003859,CUST00252,AG095,Commercial Property,North,2025-05-25,2026-05-25,475693,20454799,Expired
POL003860,CUST01424,AG088,Home,West,2026-02-05,2027-02-05,28076,926508,Cancelled
POL003861,CUST02785,AG033,Home,West,2026-06-23,2027-06-23,56362,2198118,Cancelled
POL003862,CUST02038,AG060,Commercial Property,North,2023-09-12,2024-09-11,175452,14036160,Cancelled
POL003863,CUST01236,AG017,Marine,South,2026-03-03,2027-03-03,45890,1514370,Lapsed
POL003864,CUST00953,AG033,Travel,South,2023-10-03,2024-10-02,19885,1511260,Expired
POL003865,CUST01497,AG070,Motor,West,2025-06-23,2026-06-23,26408,1320400,Lapsed
POL003866,CUST01942,AG013,Marine,North,2025-06-16,2026-06-16,73946,1700758,Cancelled
POL003867,CUST01747,AG094,Marine,South,2024-10-29,2025-10-29,77039,3466755,Cancelled
POL003868,CUST01560,AG030,Home,North,2025-08-23,2026-08-23,13101,589545,Cancelled
POL003869,CUST00865,AG032,Marine,West,2024-08-20,2025-08-20,113983,9574572,Expired
POL003870,CUST00577,AG089,Marine,East,2025-03-15,2026-03-15,127522,4845836,Active
POL003871,CUST02099,AG120,Travel,South,2024-01-31,2025-01-30,2361,136938,Cancelled
POL003872,CUST02640,AG066,Travel,North,2024-03-17,2025-03-17,19487,584610,Renewed
POL003873,CUST01239,AG042,Home,East,2024-05-21,2025-05-21,47119,2403069,Renewed
POL003874,CUST00914,AG054,Marine,North,2026-05-25,2027-05-25,155605,12292795,Cancelled
POL003875,CUST01117,AG031,Travel,North,2025-05-04,2026-05-04,1355,65040,Renewed
POL003876,CUST02041,AG090,Motor,West,2025-09-23,2026-09-23,20527,1087931,Renewed
POL003877,CUST01858,AG102,Motor,West,2024-02-05,2025-02-04,29567,2572329,Lapsed
POL003878,CUST01746,AG058,Marine,North,2025-04-01,2026-04-01,138240,5253120,Active
POL003879,CUST02523,AG097,Marine,North,2024-07-05,2025-07-05,180656,5961648,Renewed
POL003880,CUST01057,AG063,Travel,West,2023-09-27,2024-09-26,13619,721807,Active
POL003881,CUST01372,AG042,Motor,South,2026-07-21,2027-07-21,28830,576600,Cancelled
POL003882,CUST01114,AG007,Travel,North,2026-06-24,2027-06-24,8666,424634,Lapsed
POL003883,CUST01803,AG054,Travel,South,2024-06-08,2025-06-08,10219,970805,Active
POL003884,CUST00254,AG079,Commercial Property,East,2023-09-22,2024-09-21,742142,48239230,Renewed
POL003885,CUST01320,AG021,Home,West,2025-01-30,2026-01-30,22291,1872444,Lapsed
POL003886,CUST02539,AG055,Home,South,2025-01-23,2026-01-23,69639,5710398,Lapsed
POL003887,CUST02799,AG086,Home,East,2025-04-14,2026-04-14,69176,4565616,Lapsed
POL003888,CUST02099,AG047,Commercial Property,North,2024-11-26,2025-11-26,309243,26285655,Renewed
POL003889,CUST01998,AG089,Commercial Property,South,2024-04-12,2025-04-12,287588,20706336,Expired
POL003890,CUST01891,AG104,Travel,West,2025-03-07,2026-03-07,4176,141984,Renewed
POL003891,CUST02481,AG035,Marine,South,2025-07-01,2026-07-01,107251,7185817,Active
POL003892,CUST01080,AG069,Travel,East,2026-03-13,2027-03-13,5209,375048,Expired
POL003893,CUST02572,AG036,Motor,West,2025-06-01,2026-06-01,14861,520135,Renewed
POL003894,CUST02319,AG091,Commercial Property,South,2025-10-07,2026-10-07,377398,13208930,Cancelled
POL003895,CUST01645,AG060,Home,North,2024-06-21,2025-06-21,24543,1693467,Expired
POL003896,CUST00093,AG100,Marine,South,2025-10-20,2026-10-20,88603,5936401,Expired
POL003897,CUST01766,AG049,Travel,West,2025-06-17,2026-06-17,9240,452760,Active
POL003898,CUST00116,AG051,Travel,West,2025-09-11,2026-09-11,1015,65975,Active
POL003899,CUST01672,AG014,Commercial Property,East,2024-01-03,2025-01-02,344115,22711590,Active
POL003900,CUST02309,AG020,Marine,North,2025-03-29,2026-03-29,33073,1223701,Active
POL003901,CUST00735,AG075,Commercial Property,South,2025-11-07,2026-11-07,54585,3548025,Active
POL003902,CUST02527,AG074,Motor,North,2024-09-08,2025-09-08,24913,672651,Cancelled
POL003903,CUST02844,AG080,Marine,East,2023-12-16,2024-12-15,146244,3363612,Cancelled
POL003904,CUST02229,AG037,Commercial Property,West,2026-05-30,2027-05-30,445044,24922464,Expired
POL003905,CUST01260,AG114,Travel,South,2025-04-16,2026-04-16,19287,1407951,Cancelled
POL003906,CUST00218,AG072,Motor,North,2023-11-26,2024-11-25,18577,687349,Cancelled
POL003907,CUST02711,AG099,Motor,South,2025-06-20,2026-06-20,7696,400192,Cancelled
POL003908,CUST01191,AG119,Commercial Property,North,2025-06-17,2026-06-17,304894,10671290,Renewed
POL003909,CUST02903,AG081,Travel,South,2024-10-07,2025-10-07,8658,216450,Renewed
POL003910,CUST01569,AG086,Motor,South,2025-03-18,2026-03-18,11545,253990,Renewed
POL003911,CUST02601,AG086,Home,South,2025-08-28,2026-08-28,12392,1065712,Active
POL003912,CUST00988,AG114,Motor,North,2024-04-11,2025-04-11,8981,637651,Lapsed
POL003913,CUST02491,AG113,Travel,North,2023-10-18,2024-10-17,12661,759660,Expired
POL003914,CUST00285,AG078,Marine,West,2025-02-25,2026-02-25,192846,8485224,Cancelled
POL003915,CUST02317,AG090,Marine,West,2025-11-17,2026-11-17,122417,8569190,Expired
POL003916,CUST00590,AG008,Marine,North,2025-06-03,2026-06-03,151648,7279104,Active
POL003917,CUST00182,AG077,Travel,East,2025-02-04,2026-02-04,1328,30544,Expired
POL003918,CUST00990,AG079,Commercial Property,East,2024-02-09,2025-02-08,695622,43824186,Expired
POL003919,CUST00873,AG118,Commercial Property,North,2025-10-14,2026-10-14,280874,24155164,Expired
POL003920,CUST02744,AG007,Travel,West,2024-10-07,2025-10-07,10682,448644,Cancelled
POL003921,CUST00702,AG031,Commercial Property,West,2024-04-22,2025-04-22,788530,71756230,Cancelled
POL003922,CUST00007,AG088,Commercial Property,East,2024-07-12,2025-07-12,126993,4317762,Cancelled
POL003923,CUST00579,AG001,Marine,East,2024-04-10,2025-04-10,101275,7798175,Cancelled
POL003924,CUST00774,AG087,Motor,East,2024-02-16,2025-02-15,11871,439227,Expired
POL003925,CUST01411,AG100,Motor,West,2025-08-28,2026-08-28,34901,1814852,Lapsed
POL003926,CUST02831,AG036,Commercial Property,South,2023-11-02,2024-11-01,56539,1865787,Active
POL003927,CUST02448,AG059,Home,West,2024-04-18,2025-04-18,41305,1734810,Lapsed
POL003928,CUST00880,AG060,Marine,West,2024-08-25,2025-08-25,49995,1349865,Active
POL003929,CUST01430,AG014,Travel,West,2023-12-12,2024-12-11,6920,546680,Renewed
POL003930,CUST00673,AG063,Travel,West,2024-01-28,2025-01-27,6710,375760,Renewed
POL003931,CUST02937,AG045,Home,North,2024-06-24,2025-06-24,22030,2004730,Expired
POL003932,CUST00262,AG075,Commercial Property,East,2025-02-02,2026-02-02,217372,8912252,Lapsed
POL003933,CUST01223,AG064,Marine,North,2025-11-15,2026-11-15,97854,6458364,Expired
POL003934,CUST00719,AG045,Travel,West,2024-04-06,2025-04-06,19207,1402111,Cancelled
POL003935,CUST01711,AG075,Commercial Property,East,2025-12-16,2026-12-16,508194,33032610,Cancelled
POL003936,CUST01497,AG107,Travel,West,2025-04-25,2026-04-25,19374,503724,Renewed
POL003937,CUST01533,AG075,Travel,West,2025-10-05,2026-10-05,3183,63660,Cancelled
POL003938,CUST01272,AG112,Commercial Property,South,2025-10-19,2026-10-19,52912,2169392,Renewed
POL003939,CUST02988,AG070,Marine,West,2023-10-12,2024-10-11,113614,2953964,Cancelled
POL003940,CUST02078,AG091,Travel,West,2025-06-30,2026-06-30,13771,592153,Lapsed
POL003941,CUST01904,AG043,Marine,North,2025-09-06,2026-09-06,129452,2589040,Expired
POL003942,CUST00919,AG072,Motor,South,2024-03-04,2025-03-04,16830,353430,Expired
POL003943,CUST02018,AG049,Commercial Property,East,2025-07-27,2026-07-27,991651,50574201,Cancelled
POL003944,CUST00376,AG041,Motor,East,2025-10-22,2026-10-22,38521,1232672,Expired
POL003945,CUST02238,AG041,Commercial Property,East,2026-04-29,2027-04-29,815593,39148464,Expired
POL003946,CUST01427,AG119,Marine,East,2023-11-18,2024-11-17,174767,16777632,Cancelled
POL003947,CUST00532,AG001,Home,South,2026-05-30,2027-05-30,50747,4719471,Active
POL003948,CUST01022,AG099,Motor,North,2024-07-02,2025-07-02,37541,1051148,Active
POL003949,CUST00105,AG073,Motor,East,2024-12-11,2025-12-11,32739,2913771,Lapsed
POL003950,CUST01320,AG078,Motor,North,2025-04-15,2026-04-15,25611,1767159,Active
POL003951,CUST02011,AG047,Commercial Property,West,2025-10-31,2026-10-31,696979,59940194,Expired
POL003952,CUST00068,AG092,Marine,East,2026-02-13,2027-02-13,91447,5303926,Expired
POL003953,CUST02569,AG119,Motor,East,2025-08-07,2026-08-07,10885,783720,Cancelled
POL003954,CUST01348,AG005,Marine,North,2024-04-21,2025-04-21,136114,9119638,Cancelled
POL003955,CUST01876,AG048,Motor,East,2024-12-31,2025-12-31,12916,994532,Renewed
POL003956,CUST02747,AG055,Motor,West,2025-06-29,2026-06-29,29842,2834990,Cancelled
POL003957,CUST02220,AG034,Motor,South,2024-05-05,2025-05-05,28923,2631993,Expired
POL003958,CUST01985,AG060,Travel,East,2026-01-14,2027-01-14,18632,503064,Renewed
POL003959,CUST01535,AG050,Commercial Property,South,2023-09-18,2024-09-17,910487,83764804,Cancelled
POL003960,CUST00730,AG064,Commercial Property,North,2024-11-10,2025-11-10,726334,53748716,Active
POL003961,CUST00316,AG085,Motor,North,2025-02-21,2026-02-21,16122,596514,Active
POL003962,CUST01923,AG027,Commercial Property,East,2025-10-31,2026-10-31,400568,21230104,Lapsed
POL003963,CUST00838,AG062,Marine,South,2024-11-27,2025-11-27,186401,12116065,Lapsed
POL003964,CUST02895,AG068,Commercial Property,East,2025-03-14,2026-03-14,983861,81660463,Active
POL003965,CUST01939,AG079,Motor,North,2023-11-12,2024-11-11,10728,654408,Expired
POL003966,CUST00334,AG081,Home,South,2025-01-26,2026-01-26,25429,1932604,Active
POL003967,CUST02465,AG054,Travel,North,2023-11-29,2024-11-28,16897,844850,Expired
POL003968,CUST02766,AG023,Commercial Property,West,2026-04-21,2027-04-21,251307,10554894,Active
POL003969,CUST02127,AG038,Commercial Property,South,2024-11-20,2025-11-20,345620,17281000,Cancelled
POL003970,CUST01047,AG076,Motor,West,2024-05-09,2025-05-09,38744,2518360,Renewed
POL003971,CUST02422,AG003,Motor,North,2024-01-06,2025-01-05,24065,505365,Expired
POL003972,CUST00180,AG091,Commercial Property,East,2024-06-01,2025-06-01,572781,20047335,Lapsed
POL003973,CUST01055,AG005,Home,North,2025-11-29,2026-11-29,40402,1939296,Active
POL003974,CUST00915,AG029,Marine,West,2025-11-27,2026-11-27,187541,9564591,Cancelled
POL003975,CUST00665,AG007,Commercial Property,North,2026-03-18,2027-03-18,846979,25409370,Cancelled
POL003976,CUST00720,AG011,Home,West,2025-05-02,2026-05-02,44243,1371533,Renewed
POL003977,CUST00561,AG014,Travel,North,2025-06-02,2026-06-02,2427,87372,Cancelled
POL003978,CUST00873,AG050,Motor,West,2024-10-31,2025-10-31,29739,1159821,Lapsed
POL003979,CUST00412,AG014,Home,North,2026-01-27,2027-01-27,66237,3311850,Cancelled
POL003980,CUST02308,AG011,Marine,West,2023-09-29,2024-09-28,174638,15193506,Cancelled
POL003981,CUST02433,AG057,Commercial Property,East,2024-03-23,2025-03-23,821003,31198114,Cancelled
POL003982,CUST01027,AG101,Marine,West,2025-01-05,2026-01-05,34434,2031606,Expired
POL003983,CUST02404,AG001,Motor,West,2023-10-25,2024-10-24,28640,1517920,Renewed
POL003984,CUST02842,AG103,Marine,North,2024-09-17,2025-09-17,87789,5794074,Renewed
POL003985,CUST00552,AG091,Marine,North,2024-09-11,2025-09-11,103414,8790190,Lapsed
POL003986,CUST02295,AG079,Commercial Property,West,2024-09-25,2025-09-25,977757,47910093,Active
POL003987,CUST00314,AG031,Marine,South,2026-02-02,2027-02-02,166303,15965088,Active
POL003988,CUST02521,AG028,Home,West,2026-07-20,2027-07-20,30297,2484354,Renewed
POL003989,CUST00621,AG021,Travel,South,2026-01-23,2027-01-23,12863,668876,Active
POL003990,CUST00863,AG036,Home,East,2024-05-28,2025-05-28,54961,1758752,Expired
POL003991,CUST00179,AG057,Marine,West,2025-11-14,2026-11-14,80183,4650614,Active
POL003992,CUST00213,AG110,Commercial Property,West,2025-08-22,2026-08-22,757568,56060032,Expired
POL003993,CUST01528,AG021,Home,South,2026-06-24,2027-06-24,69473,2223136,Active
POL003994,CUST01460,AG088,Commercial Property,East,2023-10-12,2024-10-11,433470,38578830,Expired
POL003995,CUST01514,AG113,Travel,South,2026-01-31,2027-01-31,10212,326784,Active
POL003996,CUST02737,AG012,Commercial Property,East,2024-06-24,2025-06-24,794488,69120456,Active
POL003997,CUST02912,AG072,Motor,East,2025-02-26,2026-02-26,16884,844200,Cancelled
POL003998,CUST02410,AG096,Home,North,2025-10-06,2026-10-06,24725,1483500,Cancelled
POL003999,CUST01859,AG092,Home,East,2024-08-29,2025-08-29,20293,649376,Lapsed
POL004000,CUST00884,AG024,Travel,South,2023-10-04,2024-10-03,19517,1112469,Expired
POL004001,CUST01883,AG029,Marine,South,2026-08-03,2027-08-03,26401,897634,Renewed
POL004002,CUST02694,AG067,Home,South,2026-07-16,2027-07-16,27227,2259841,Expired
POL004003,CUST00117,AG119,Marine,East,2025-06-30,2026-06-30,82683,6780006,Active
POL004004,CUST01769,AG120,Home,North,2024-10-11,2025-10-11,31973,3069408,Active
POL004005,CUST02700,AG023,Motor,South,2025-11-21,2026-11-21,24876,1990080,Expired
POL004006,CUST02337,AG075,Marine,East,2024-04-07,2025-04-07,29782,2978200,Active
POL004007,CUST02020,AG065,Marine,South,2024-01-02,2025-01-01,43599,4054707,Cancelled
POL004008,CUST02191,AG007,Motor,West,2026-03-09,2027-03-09,31587,821262,Cancelled
POL004009,CUST01597,AG008,Marine,East,2025-11-09,2026-11-09,57729,1962786,Expired
POL004010,CUST00378,AG004,Home,North,2024-06-29,2025-06-29,17018,408432,Active
POL004011,CUST01279,AG031,Home,West,2025-02-11,2026-02-11,57178,5374732,Renewed
POL004012,CUST01500,AG065,Home,East,2024-03-23,2025-03-23,49870,1446230,Renewed
POL004013,CUST00652,AG025,Home,North,2023-12-02,2024-12-01,15022,1081584,Expired
POL004014,CUST02441,AG085,Travel,South,2024-07-12,2025-07-12,4059,349074,Active
POL004015,CUST01805,AG004,Home,North,2025-07-26,2026-07-26,18107,1195062,Active
POL004016,CUST00625,AG074,Travel,West,2024-09-01,2025-09-01,12482,499280,Cancelled
POL004017,CUST01541,AG029,Marine,West,2026-05-02,2027-05-02,196266,5691714,Renewed
POL004018,CUST01577,AG044,Commercial Property,North,2025-06-11,2026-06-11,266323,12783504,Cancelled
POL004019,CUST01738,AG058,Marine,South,2026-04-07,2027-04-07,61735,4259715,Expired
POL004020,CUST02638,AG057,Home,West,2024-10-24,2025-10-24,33548,3187060,Active
POL004021,CUST02966,AG097,Marine,East,2025-01-06,2026-01-06,63548,2605468,Active
POL004022,CUST01843,AG069,Marine,West,2026-08-04,2027-08-04,116002,3016052,Renewed
POL004023,CUST02846,AG083,Marine,South,2024-08-22,2025-08-22,181843,8001092,Cancelled
POL004024,CUST00504,AG045,Commercial Property,West,2024-06-26,2025-06-26,98640,6707520,Cancelled
POL004025,CUST02619,AG094,Home,East,2025-12-15,2026-12-15,68750,4125000,Cancelled
POL004026,CUST01070,AG028,Home,East,2024-04-02,2025-04-02,14120,1115480,Lapsed
POL004027,CUST02160,AG092,Motor,West,2024-08-13,2025-08-13,6753,452451,Cancelled
POL004028,CUST02302,AG058,Commercial Property,South,2024-10-24,2025-10-24,714427,47866609,Lapsed
POL004029,CUST02589,AG075,Travel,West,2024-05-03,2025-05-03,10582,285714,Cancelled
POL004030,CUST02110,AG033,Home,West,2024-05-20,2025-05-20,18982,1784308,Renewed
POL004031,CUST02626,AG112,Commercial Property,East,2023-10-24,2024-10-23,953714,71528550,Renewed
POL004032,CUST02171,AG001,Home,East,2026-03-30,2027-03-30,11717,1042813,Renewed
POL004033,CUST00651,AG103,Travel,East,2024-01-29,2025-01-28,8289,464184,Renewed
POL004034,CUST01799,AG116,Travel,North,2024-03-27,2025-03-27,6605,217965,Active
POL004035,CUST01304,AG010,Motor,South,2023-11-19,2024-11-18,29127,2650557,Renewed
POL004036,CUST02305,AG092,Marine,West,2025-04-07,2026-04-07,73453,3746103,Renewed
POL004037,CUST01669,AG036,Motor,South,2026-01-26,2027-01-26,6319,208527,Lapsed
POL004038,CUST01751,AG064,Travel,South,2025-03-04,2026-03-04,2879,175619,Lapsed
POL004039,CUST00291,AG012,Motor,West,2024-03-02,2025-03-02,19557,1525446,Active
POL004040,CUST01884,AG013,Home,North,2024-08-23,2025-08-23,54327,4726449,Cancelled
POL004041,CUST02860,AG030,Travel,West,2025-07-17,2026-07-17,16600,1328000,Expired
POL004042,CUST01268,AG053,Motor,West,2025-07-13,2026-07-13,14384,373984,Active
POL004043,CUST01197,AG007,Motor,North,2023-11-28,2024-11-27,31195,623900,Lapsed
POL004044,CUST02580,AG087,Travel,North,2025-04-11,2026-04-11,5334,373380,Renewed
POL004045,CUST00999,AG104,Motor,North,2024-10-19,2025-10-19,29767,2321826,Active
POL004046,CUST00614,AG097,Motor,West,2024-07-24,2025-07-24,9086,336182,Expired
POL004047,CUST00393,AG109,Motor,South,2026-02-08,2027-02-08,30936,742464,Active
POL004048,CUST02409,AG015,Motor,North,2024-01-03,2025-01-02,29825,596500,Renewed
POL004049,CUST00451,AG037,Travel,West,2024-06-04,2025-06-04,3122,305956,Cancelled
POL004050,CUST00622,AG047,Motor,North,2024-10-23,2025-10-23,32888,1118192,Lapsed
POL004051,CUST02586,AG050,Travel,East,2025-01-18,2026-01-18,11792,412720,Renewed
POL004052,CUST00639,AG105,Travel,South,2026-05-11,2027-05-11,1647,100467,Cancelled
POL004053,CUST01129,AG119,Marine,West,2024-12-21,2025-12-21,29445,1177800,Active
POL004054,CUST01358,AG090,Commercial Property,South,2026-06-24,2027-06-24,102849,8125071,Cancelled
POL004055,CUST01032,AG084,Commercial Property,East,2025-02-27,2026-02-27,198531,7345647,Renewed
POL004056,CUST01897,AG081,Home,South,2026-07-19,2027-07-19,19759,1205299,Cancelled
POL004057,CUST00010,AG020,Commercial Property,West,2024-02-20,2025-02-19,211096,4644112,Renewed
POL004058,CUST02147,AG054,Motor,South,2026-02-22,2027-02-22,13536,1042272,Renewed
POL004059,CUST02004,AG071,Travel,East,2026-05-27,2027-05-27,6828,143388,Renewed
POL004060,CUST00129,AG090,Home,North,2025-09-06,2026-09-06,68370,6426780,Renewed
POL004061,CUST01550,AG005,Travel,West,2024-05-19,2025-05-19,6722,672200,Expired
POL004062,CUST00171,AG033,Commercial Property,West,2026-05-02,2027-05-02,718400,59627200,Active
POL004063,CUST02057,AG109,Travel,East,2024-10-02,2025-10-02,11509,609977,Cancelled
POL004064,CUST02594,AG058,Travel,East,2024-09-16,2025-09-16,9032,307088,Cancelled
POL004065,CUST00715,AG067,Home,East,2026-06-17,2027-06-17,38512,3042448,Expired
POL004066,CUST01053,AG097,Home,South,2024-04-09,2025-04-09,58299,5130312,Cancelled
POL004067,CUST02821,AG040,Home,West,2025-08-01,2026-08-01,58363,3676869,Cancelled
POL004068,CUST00411,AG109,Motor,South,2024-10-20,2025-10-20,6970,404260,Expired
POL004069,CUST00825,AG071,Travel,West,2023-12-26,2024-12-25,10630,956700,Expired
POL004070,CUST01430,AG050,Home,South,2025-05-28,2026-05-28,28031,2046263,Lapsed
POL004071,CUST01984,AG086,Home,South,2024-05-17,2025-05-17,47234,3164678,Cancelled
POL004072,CUST00464,AG026,Commercial Property,South,2025-10-21,2026-10-21,50759,2487191,Renewed
POL004073,CUST00033,AG013,Travel,North,2024-09-13,2025-09-13,15972,942348,Active
POL004074,CUST01559,AG108,Motor,North,2024-07-31,2025-07-31,28339,1105221,Expired
POL004075,CUST00301,AG015,Motor,East,2024-11-08,2025-11-08,20948,1361620,Lapsed
POL004076,CUST00828,AG115,Travel,West,2024-04-25,2025-04-25,3103,297888,Renewed
POL004077,CUST01519,AG009,Marine,North,2025-08-15,2026-08-15,135126,3243024,Lapsed
POL004078,CUST01085,AG038,Commercial Property,North,2025-01-14,2026-01-14,946489,45431472,Active
POL004079,CUST00058,AG087,Motor,South,2025-06-13,2026-06-13,35109,2387412,Cancelled
POL004080,CUST00773,AG071,Travel,East,2024-11-12,2025-11-12,14535,305235,Lapsed
POL004081,CUST01824,AG054,Home,West,2026-05-08,2027-05-08,69226,3322848,Active
POL004082,CUST00937,AG111,Motor,East,2024-01-03,2025-01-02,21153,2030688,Lapsed
POL004083,CUST02955,AG115,Travel,North,2025-11-17,2026-11-17,7093,404301,Expired
POL004084,CUST01563,AG114,Commercial Property,South,2025-04-20,2026-04-20,816023,27744782,Cancelled
POL004085,CUST01231,AG091,Home,South,2025-07-09,2026-07-09,65152,2410624,Lapsed
POL004086,CUST01165,AG085,Commercial Property,East,2026-07-23,2027-07-23,608159,48652720,Cancelled
POL004087,CUST02082,AG076,Home,East,2025-02-16,2026-02-16,65483,5304123,Expired
POL004088,CUST02225,AG023,Marine,East,2024-01-03,2025-01-02,167828,7216604,Cancelled
POL004089,CUST00501,AG003,Marine,East,2024-05-09,2025-05-09,190715,4005015,Active
POL004090,CUST01318,AG103,Marine,West,2025-10-08,2026-10-08,144052,7922860,Cancelled
POL004091,CUST01575,AG120,Home,North,2024-05-14,2025-05-14,36847,1326492,Renewed
POL004092,CUST00989,AG119,Commercial Property,South,2026-01-23,2027-01-23,890125,18692625,Active
POL004093,CUST02699,AG024,Home,East,2024-05-01,2025-05-01,69756,4673652,Renewed
POL004094,CUST01470,AG021,Home,West,2024-08-14,2025-08-14,51790,3055610,Cancelled
POL004095,CUST00480,AG009,Commercial Property,West,2024-01-31,2025-01-30,823943,62619668,Cancelled
POL004096,CUST00804,AG053,Motor,West,2026-04-20,2027-04-20,20572,781736,Cancelled
POL004097,CUST02373,AG040,Commercial Property,South,2025-02-13,2026-02-13,499566,29474394,Expired
POL004098,CUST01326,AG088,Commercial Property,West,2026-05-15,2027-05-15,292200,28343400,Expired
POL004099,CUST00714,AG043,Marine,North,2024-06-17,2025-06-17,111701,8377575,Expired
POL004100,CUST00828,AG110,Travel,South,2024-03-08,2025-03-08,7524,263340,Renewed
POL004101,CUST01724,AG085,Motor,South,2026-05-04,2027-05-04,5012,441056,Renewed
POL004102,CUST00422,AG041,Commercial Property,East,2024-04-12,2025-04-12,396569,19035312,Renewed
POL004103,CUST01449,AG005,Travel,South,2025-07-04,2026-07-04,15404,1062876,Renewed
POL004104,CUST01622,AG067,Commercial Property,North,2024-11-19,2025-11-19,946808,58702096,Lapsed
POL004105,CUST00842,AG013,Marine,East,2023-09-27,2024-09-26,94877,2846310,Active
POL004106,CUST00513,AG013,Marine,West,2023-09-10,2024-09-09,27467,2362162,Active
POL004107,CUST00946,AG088,Travel,North,2024-11-07,2025-11-07,9186,615462,Active
POL004108,CUST01451,AG052,Commercial Property,East,2026-03-23,2027-03-23,498308,15447548,Expired
POL004109,CUST00322,AG083,Motor,West,2025-07-01,2026-07-01,20758,1183206,Lapsed
POL004110,CUST01902,AG083,Marine,East,2024-01-18,2025-01-17,72120,4110840,Cancelled
POL004111,CUST01203,AG116,Travel,West,2024-11-05,2025-11-05,4968,362664,Cancelled
POL004112,CUST00717,AG114,Motor,South,2024-04-08,2025-04-08,11362,749892,Expired
POL004113,CUST01447,AG060,Home,West,2025-09-26,2026-09-26,10605,890820,Renewed
POL004114,CUST01870,AG093,Travel,North,2026-04-13,2027-04-13,12028,817904,Renewed
POL004115,CUST02112,AG120,Travel,North,2026-05-11,2027-05-11,12702,838332,Expired
POL004116,CUST01418,AG111,Travel,North,2023-09-10,2024-09-09,14426,663596,Expired
POL004117,CUST00740,AG087,Travel,East,2023-11-30,2024-11-29,9509,513486,Active
POL004118,CUST00862,AG041,Marine,South,2023-09-25,2024-09-24,94326,8866644,Renewed
POL004119,CUST02812,AG020,Motor,North,2025-02-05,2026-02-05,5350,107000,Lapsed
POL004120,CUST02259,AG016,Travel,North,2024-04-25,2025-04-25,18405,1748475,Expired
POL004121,CUST02427,AG074,Commercial Property,South,2025-03-13,2026-03-13,580530,27865440,Lapsed
POL004122,CUST00399,AG109,Motor,West,2024-09-09,2025-09-09,13426,1168062,Active
POL004123,CUST00132,AG067,Travel,East,2026-07-28,2027-07-28,4360,327000,Renewed
POL004124,CUST00355,AG043,Marine,South,2026-01-20,2027-01-20,54384,1957824,Lapsed
POL004125,CUST01788,AG044,Commercial Property,South,2026-07-07,2027-07-07,964676,28940280,Renewed
POL004126,CUST01187,AG073,Travel,South,2025-11-12,2026-11-12,16102,821202,Active
POL004127,CUST00747,AG101,Home,East,2025-01-01,2026-01-01,54739,3503296,Cancelled
POL004128,CUST00381,AG111,Commercial Property,South,2024-02-18,2025-02-17,115650,9945900,Expired
POL004129,CUST00879,AG077,Marine,West,2024-04-19,2025-04-19,108489,3688626,Renewed
POL004130,CUST02840,AG025,Home,West,2024-08-02,2025-08-02,58283,4196376,Expired
POL004131,CUST01368,AG004,Commercial Property,North,2026-01-30,2027-01-30,872306,38381464,Expired
POL004132,CUST01704,AG109,Marine,West,2024-12-06,2025-12-06,144096,12104064,Renewed
POL004133,CUST01292,AG039,Marine,West,2025-11-06,2026-11-06,97535,5071820,Lapsed
POL004134,CUST02285,AG085,Home,North,2025-02-14,2026-02-14,63531,2668302,Active
POL004135,CUST01145,AG106,Home,East,2024-03-24,2025-03-24,41430,1035750,Cancelled
POL004136,CUST02726,AG049,Motor,South,2026-06-19,2027-06-19,9267,620889,Active
POL004137,CUST02826,AG096,Commercial Property,West,2025-05-30,2026-05-30,499661,23983728,Lapsed
POL004138,CUST01262,AG012,Travel,East,2026-01-12,2027-01-12,3562,146042,Cancelled
POL004139,CUST01510,AG100,Home,South,2024-02-21,2025-02-20,64617,5040126,Expired
POL004140,CUST00644,AG092,Commercial Property,West,2025-04-12,2026-04-12,492296,12307400,Renewed
POL004141,CUST01540,AG057,Travel,North,2024-10-21,2025-10-21,8638,708316,Renewed
POL004142,CUST00832,AG075,Marine,East,2024-05-07,2025-05-07,199227,15938160,Active
POL004143,CUST01128,AG005,Motor,South,2025-03-24,2026-03-24,8602,851598,Expired
POL004144,CUST01990,AG026,Marine,South,2024-01-26,2025-01-25,199352,7376024,Active
POL004145,CUST01785,AG090,Home,North,2025-01-18,2026-01-18,36648,2418768,Active
POL004146,CUST02632,AG080,Commercial Property,East,2024-11-09,2025-11-09,800932,63273628,Lapsed
POL004147,CUST01457,AG060,Commercial Property,East,2024-05-19,2025-05-19,699297,65733918,Renewed
POL004148,CUST02465,AG108,Motor,North,2024-02-27,2025-02-26,24154,1376778,Renewed
POL004149,CUST02940,AG074,Motor,North,2023-08-24,2024-08-23,29613,1924845,Active
POL004150,CUST01608,AG067,Motor,South,2026-03-21,2027-03-21,13709,1014466,Lapsed
POL004151,CUST01579,AG104,Commercial Property,East,2024-10-28,2025-10-28,246382,15275684,Active
POL004152,CUST00396,AG035,Home,North,2024-01-03,2025-01-02,68021,2788861,Active
POL004153,CUST01382,AG023,Travel,West,2025-04-28,2026-04-28,8305,764060,Cancelled
POL004154,CUST02583,AG097,Commercial Property,East,2025-03-07,2026-03-07,796583,73285636,Renewed
POL004155,CUST02943,AG076,Motor,North,2024-11-23,2025-11-23,22725,1840725,Active
POL004156,CUST01632,AG009,Marine,East,2025-10-14,2026-10-14,131190,4985220,Lapsed
POL004157,CUST00804,AG043,Travel,West,2024-02-09,2025-02-08,4720,273760,Cancelled
POL004158,CUST00809,AG120,Travel,North,2024-02-08,2025-02-07,4948,420580,Expired
POL004159,CUST00207,AG005,Marine,East,2024-09-04,2025-09-04,37402,3216572,Cancelled
POL004160,CUST00426,AG087,Commercial Property,North,2025-06-27,2026-06-27,343252,26430404,Active
POL004161,CUST01017,AG028,Home,West,2026-01-20,2027-01-20,20014,580406,Expired
POL004162,CUST02100,AG074,Marine,South,2024-09-25,2025-09-25,96639,7827759,Renewed
POL004163,CUST00578,AG083,Home,North,2025-09-07,2026-09-07,59358,5817084,Expired
POL004164,CUST01096,AG070,Motor,North,2025-12-26,2026-12-26,11790,436230,Active
POL004165,CUST02009,AG088,Marine,North,2025-03-16,2026-03-16,108364,9969488,Renewed
POL004166,CUST02977,AG120,Home,North,2024-08-07,2025-08-07,17422,958210,Lapsed
POL004167,CUST02500,AG051,Travel,North,2023-09-22,2024-09-21,11452,801640,Expired
POL004168,CUST01297,AG119,Travel,North,2023-10-07,2024-10-06,2688,236544,Renewed
POL004169,CUST01524,AG090,Commercial Property,West,2024-11-06,2025-11-06,586366,45150182,Renewed
POL004170,CUST02338,AG025,Motor,West,2025-01-31,2026-01-31,13059,1266723,Active
POL004171,CUST00047,AG001,Travel,West,2024-10-24,2025-10-24,17038,613368,Expired
POL004172,CUST00750,AG057,Travel,West,2026-04-20,2027-04-20,11029,926436,Cancelled
POL004173,CUST02051,AG082,Home,North,2024-11-27,2025-11-27,22379,559475,Renewed
POL004174,CUST02445,AG012,Marine,West,2024-02-15,2025-02-14,167858,14939362,Renewed
POL004175,CUST00731,AG001,Commercial Property,East,2024-01-07,2025-01-06,782720,36005120,Lapsed
POL004176,CUST00105,AG083,Home,South,2024-04-13,2025-04-13,44235,2034810,Renewed
POL004177,CUST01983,AG091,Marine,East,2023-08-24,2024-08-23,116479,8037051,Cancelled
POL004178,CUST00074,AG117,Home,North,2023-11-15,2024-11-14,25082,2106888,Active
POL004179,CUST00079,AG034,Home,South,2025-12-06,2026-12-06,19357,561353,Expired
POL004180,CUST00013,AG074,Home,West,2025-05-29,2026-05-29,28048,1542640,Cancelled
POL004181,CUST02702,AG055,Marine,West,2023-11-16,2024-11-15,95096,7037104,Expired
POL004182,CUST02276,AG020,Home,East,2025-04-30,2026-04-30,36730,3085320,Active
POL004183,CUST02153,AG099,Travel,North,2026-07-11,2027-07-11,9358,814146,Renewed
POL004184,CUST02470,AG108,Marine,North,2024-07-17,2025-07-17,174019,12007311,Lapsed
POL004185,CUST02071,AG026,Travel,South,2023-10-20,2024-10-19,7654,344430,Lapsed
POL004186,CUST02380,AG102,Travel,West,2026-01-04,2027-01-04,14059,1223133,Expired
POL004187,CUST00420,AG117,Marine,North,2025-08-27,2026-08-27,166089,11294052,Cancelled
POL004188,CUST02601,AG078,Home,South,2023-12-24,2024-12-23,29798,2979800,Lapsed
POL004189,CUST00467,AG075,Home,West,2025-05-07,2026-05-07,23259,2256123,Lapsed
POL004190,CUST02732,AG026,Motor,West,2025-08-07,2026-08-07,38843,1786778,Cancelled
POL004191,CUST02948,AG020,Home,East,2024-07-11,2025-07-11,43466,3129552,Renewed
POL004192,CUST01820,AG104,Home,North,2023-09-03,2024-09-02,37459,3296392,Renewed
POL004193,CUST00186,AG046,Travel,South,2024-03-18,2025-03-18,3215,298995,Renewed
POL004194,CUST00890,AG005,Marine,West,2024-02-20,2025-02-19,170512,11253792,Expired
POL004195,CUST00575,AG050,Travel,East,2026-02-28,2027-02-28,6171,215985,Active
POL004196,CUST00770,AG050,Home,South,2026-04-21,2027-04-21,26327,1684928,Active
POL004197,CUST01612,AG011,Commercial Property,East,2024-03-09,2025-03-09,840933,39523851,Expired
POL004198,CUST00748,AG034,Commercial Property,East,2025-03-06,2026-03-06,545507,43095053,Renewed
POL004199,CUST02866,AG067,Home,East,2025-03-21,2026-03-21,58166,3548126,Active
POL004200,CUST00929,AG066,Motor,West,2025-10-02,2026-10-02,14166,920790,Lapsed
POL004201,CUST02857,AG035,Motor,North,2024-11-01,2025-11-01,38486,2309160,Active
POL004202,CUST01914,AG096,Marine,North,2026-03-09,2027-03-09,27524,1321152,Cancelled
POL004203,CUST01318,AG031,Commercial Property,West,2024-01-06,2025-01-05,883460,60075280,Cancelled
POL004204,CUST02956,AG118,Commercial Property,West,2026-06-26,2027-06-26,573731,53356983,Lapsed
POL004205,CUST01759,AG040,Travel,West,2026-03-19,2027-03-19,5632,382976,Active
POL004206,CUST00046,AG018,Marine,South,2024-08-25,2025-08-25,22746,1774188,Cancelled
POL004207,CUST02839,AG056,Motor,West,2026-06-21,2027-06-21,32490,2989080,Expired
POL004208,CUST02270,AG049,Commercial Property,North,2026-07-30,2027-07-30,301993,28991328,Active
POL004209,CUST00154,AG064,Motor,West,2024-04-26,2025-04-26,38798,2444274,Active
POL004210,CUST01499,AG068,Motor,North,2025-07-21,2026-07-21,31381,2008384,Lapsed
POL004211,CUST01458,AG056,Home,South,2026-04-30,2027-04-30,64795,4082085,Expired
POL004212,CUST01267,AG036,Home,South,2024-10-16,2025-10-16,14285,428550,Expired
POL004213,CUST02457,AG026,Commercial Property,East,2026-02-20,2027-02-20,641406,29504676,Active
POL004214,CUST00171,AG062,Home,North,2024-09-10,2025-09-10,36439,765219,Cancelled
POL004215,CUST00459,AG084,Travel,East,2024-03-18,2025-03-18,7837,219436,Expired
POL004216,CUST01858,AG106,Commercial Property,West,2025-04-19,2026-04-19,116947,5145668,Active
POL004217,CUST00543,AG070,Travel,South,2024-09-11,2025-09-11,10024,761824,Lapsed
POL004218,CUST02629,AG024,Commercial Property,West,2025-04-09,2026-04-09,57806,5202540,Cancelled
POL004219,CUST01313,AG050,Motor,East,2026-05-02,2027-05-02,14470,376220,Lapsed
POL004220,CUST01076,AG090,Home,North,2024-06-05,2025-06-05,17815,1585535,Cancelled
POL004221,CUST02245,AG035,Commercial Property,West,2026-04-19,2027-04-19,121263,6548202,Active
POL004222,CUST02549,AG099,Commercial Property,South,2023-09-30,2024-09-29,122754,5278422,Renewed
POL004223,CUST01934,AG005,Motor,East,2024-01-12,2025-01-11,21612,1361556,Renewed
POL004224,CUST00028,AG075,Travel,South,2026-03-25,2027-03-25,13174,777266,Cancelled
POL004225,CUST02756,AG100,Travel,North,2026-07-25,2027-07-25,5539,265872,Cancelled
POL004226,CUST00227,AG109,Motor,West,2026-05-22,2027-05-22,30869,2037354,Active
POL004227,CUST01876,AG055,Marine,North,2025-08-18,2026-08-18,114575,7103650,Renewed
POL004228,CUST01264,AG063,Commercial Property,South,2026-03-07,2027-03-07,681075,36778050,Expired
POL004229,CUST00625,AG011,Travel,South,2024-01-27,2025-01-26,11669,1073548,Renewed
POL004230,CUST01115,AG064,Motor,North,2025-07-20,2026-07-20,6763,196127,Cancelled
POL004231,CUST02591,AG075,Home,East,2023-11-17,2024-11-16,19032,494832,Expired
POL004232,CUST02591,AG120,Travel,West,2026-01-29,2027-01-29,15746,1417140,Active
POL004233,CUST01078,AG048,Home,South,2024-04-12,2025-04-12,48112,1924480,Expired
POL004234,CUST00804,AG095,Travel,North,2024-12-15,2025-12-15,8106,348558,Lapsed
POL004235,CUST01653,AG116,Travel,East,2025-03-28,2026-03-28,14659,1319310,Renewed
POL004236,CUST00204,AG092,Travel,North,2025-01-20,2026-01-20,2334,154044,Lapsed
POL004237,CUST01526,AG111,Commercial Property,East,2025-03-07,2026-03-07,541907,14089582,Active
POL004238,CUST02214,AG014,Marine,East,2024-08-30,2025-08-30,162474,14785134,Active
POL004239,CUST02173,AG067,Travel,West,2023-12-27,2024-12-26,10242,348228,Cancelled
POL004240,CUST02444,AG085,Motor,East,2024-07-05,2025-07-05,22766,2185536,Cancelled
POL004241,CUST01666,AG118,Marine,North,2023-08-31,2024-08-30,29314,1934724,Renewed
POL004242,CUST01190,AG110,Home,West,2026-07-02,2027-07-02,36062,2163720,Cancelled
POL004243,CUST01477,AG078,Home,West,2023-12-20,2024-12-19,40612,4020588,Cancelled
POL004244,CUST00544,AG030,Commercial Property,North,2025-04-25,2026-04-25,345250,31417750,Active
POL004245,CUST01269,AG079,Travel,South,2026-03-10,2027-03-10,9826,324258,Lapsed
POL004246,CUST00958,AG052,Travel,North,2024-08-24,2025-08-24,18978,891966,Cancelled
POL004247,CUST02697,AG047,Commercial Property,North,2025-09-30,2026-09-30,140914,4227420,Expired
POL004248,CUST00020,AG021,Motor,South,2024-11-01,2025-11-01,27643,2266726,Lapsed
POL004249,CUST02367,AG101,Marine,West,2024-10-21,2025-10-21,100404,4417776,Renewed
POL004250,CUST01558,AG010,Home,South,2026-05-27,2027-05-27,58450,5728100,Renewed
POL004251,CUST02730,AG067,Commercial Property,South,2025-05-19,2026-05-19,407695,22015530,Expired
POL004252,CUST00062,AG068,Motor,South,2025-08-07,2026-08-07,25584,1969968,Cancelled
POL004253,CUST01953,AG020,Travel,East,2025-03-11,2026-03-11,7399,688107,Renewed
POL004254,CUST02416,AG074,Motor,West,2024-08-28,2025-08-28,27754,749358,Renewed
POL004255,CUST00354,AG065,Motor,South,2025-11-02,2026-11-02,23950,574800,Lapsed
POL004256,CUST00428,AG048,Marine,East,2024-01-08,2025-01-07,40428,1455408,Lapsed
POL004257,CUST01745,AG109,Travel,South,2023-12-22,2024-12-21,1198,37138,Renewed
POL004258,CUST01333,AG028,Motor,West,2025-09-01,2026-09-01,21509,1096959,Renewed
POL004259,CUST00392,AG036,Marine,South,2024-03-30,2025-03-30,114217,8566275,Active
POL004260,CUST01947,AG055,Travel,East,2023-12-26,2024-12-25,8467,728162,Cancelled
POL004261,CUST00282,AG002,Motor,North,2025-03-08,2026-03-08,18212,1802988,Active
POL004262,CUST01226,AG116,Travel,North,2025-12-16,2026-12-16,4346,278144,Active
POL004263,CUST02180,AG100,Marine,East,2024-09-20,2025-09-20,172677,7597788,Lapsed
POL004264,CUST02437,AG051,Travel,South,2024-07-28,2025-07-28,16302,1206348,Active
POL004265,CUST00281,AG049,Commercial Property,North,2025-09-11,2026-09-11,977891,87032299,Cancelled
POL004266,CUST00096,AG106,Commercial Property,South,2024-05-15,2025-05-15,733818,70446528,Lapsed
POL004267,CUST01028,AG044,Motor,West,2026-04-29,2027-04-29,6145,122900,Expired
POL004268,CUST02922,AG093,Motor,North,2025-08-18,2026-08-18,29750,1041250,Lapsed
POL004269,CUST00865,AG007,Commercial Property,North,2026-04-14,2027-04-14,291981,6715563,Expired
POL004270,CUST00682,AG027,Travel,West,2024-06-20,2025-06-20,15974,1325842,Expired
POL004271,CUST01581,AG114,Travel,East,2026-07-06,2027-07-06,5788,144700,Cancelled
POL004272,CUST01341,AG108,Commercial Property,North,2023-12-12,2024-12-11,271086,10301268,Expired
POL004273,CUST01409,AG111,Travel,East,2025-12-16,2026-12-16,2717,124982,Lapsed
POL004274,CUST02774,AG085,Travel,South,2026-01-23,2027-01-23,4163,266432,Lapsed
POL004275,CUST01556,AG106,Commercial Property,West,2025-11-24,2026-11-24,714226,19284102,Active
POL004276,CUST01288,AG012,Commercial Property,West,2023-10-27,2024-10-26,784692,41588676,Expired
POL004277,CUST00820,AG056,Motor,West,2023-10-29,2024-10-28,24068,1588488,Renewed
POL004278,CUST00710,AG055,Marine,North,2026-07-31,2027-07-31,114556,2863900,Active
POL004279,CUST00835,AG047,Travel,South,2024-02-21,2025-02-20,18060,1426740,Lapsed
POL004280,CUST02304,AG073,Commercial Property,South,2026-02-19,2027-02-19,435123,17840043,Expired
POL004281,CUST02444,AG035,Marine,North,2024-11-30,2025-11-30,147438,14596362,Renewed
POL004282,CUST02110,AG109,Travel,East,2025-08-27,2026-08-27,4346,369410,Lapsed
POL004283,CUST01671,AG055,Marine,West,2025-06-07,2026-06-07,69319,4436416,Renewed
POL004284,CUST00523,AG081,Motor,South,2024-12-13,2025-12-13,10261,297569,Expired
POL004285,CUST00302,AG039,Home,West,2026-03-24,2027-03-24,59513,3332728,Lapsed
POL004286,CUST02310,AG065,Home,East,2023-09-26,2024-09-25,52295,4549665,Expired
POL004287,CUST00618,AG048,Commercial Property,West,2024-02-25,2025-02-24,429602,24057712,Expired
POL004288,CUST00263,AG046,Motor,South,2025-02-20,2026-02-20,27386,766808,Renewed
POL004289,CUST02965,AG074,Home,East,2026-06-18,2027-06-18,35523,3268116,Expired
POL004290,CUST00432,AG003,Marine,West,2024-06-02,2025-06-02,144734,12881326,Active
POL004291,CUST00421,AG092,Motor,North,2024-10-14,2025-10-14,18981,702297,Expired
POL004292,CUST01711,AG077,Commercial Property,East,2024-06-22,2025-06-22,951948,80915580,Expired
POL004293,CUST01073,AG017,Home,South,2024-06-18,2025-06-18,44404,1820564,Renewed
POL004294,CUST01082,AG041,Home,South,2025-05-24,2026-05-24,56747,2553615,Renewed
POL004295,CUST02531,AG051,Motor,East,2024-10-31,2025-10-31,7382,605324,Lapsed
POL004296,CUST00511,AG082,Travel,West,2023-12-21,2024-12-20,3570,232050,Lapsed
POL004297,CUST00802,AG117,Motor,South,2024-02-15,2025-02-14,16705,701610,Renewed
POL004298,CUST02788,AG006,Home,East,2025-09-27,2026-09-27,59976,2758896,Expired
POL004299,CUST02325,AG059,Travel,South,2025-01-10,2026-01-10,15563,793713,Expired
POL004300,CUST01860,AG072,Home,North,2025-10-14,2026-10-14,27220,2177600,Renewed
POL004301,CUST01760,AG037,Home,West,2024-05-04,2025-05-04,65637,1444014,Lapsed
POL004302,CUST02967,AG048,Home,North,2023-09-30,2024-09-29,41346,868266,Renewed
POL004303,CUST02341,AG078,Commercial Property,West,2025-11-10,2026-11-10,647167,59539364,Expired
POL004304,CUST02302,AG105,Commercial Property,North,2024-12-15,2025-12-15,354498,27650844,Cancelled
POL004305,CUST02851,AG085,Travel,North,2023-09-20,2024-09-19,3735,78435,Active
POL004306,CUST01339,AG067,Home,East,2025-12-22,2026-12-22,31742,2221940,Expired
POL004307,CUST01940,AG005,Travel,South,2025-09-03,2026-09-03,6433,231588,Lapsed
POL004308,CUST02184,AG048,Commercial Property,West,2025-03-24,2026-03-24,898599,79975311,Cancelled
POL004309,CUST02918,AG086,Home,North,2024-08-22,2025-08-22,33245,2360395,Cancelled
POL004310,CUST02514,AG120,Motor,East,2025-04-17,2026-04-17,21584,1532464,Cancelled
POL004311,CUST02029,AG009,Marine,South,2026-06-10,2027-06-10,109106,2727650,Expired
POL004312,CUST02283,AG118,Motor,South,2023-12-20,2024-12-19,35208,3520800,Lapsed
POL004313,CUST02136,AG039,Commercial Property,East,2026-02-06,2027-02-06,397855,18301330,Cancelled
POL004314,CUST01366,AG022,Home,South,2025-08-10,2026-08-10,25153,804896,Expired
POL004315,CUST02559,AG115,Marine,West,2026-04-11,2027-04-11,56424,4796040,Active
POL004316,CUST02952,AG094,Commercial Property,North,2024-04-07,2025-04-07,965198,95554602,Lapsed
POL004317,CUST00009,AG046,Motor,East,2024-04-30,2025-04-30,13134,354618,Lapsed
POL004318,CUST02578,AG035,Marine,North,2024-06-13,2025-06-13,83474,3338960,Lapsed
POL004319,CUST01688,AG039,Travel,South,2026-07-21,2027-07-21,6984,537768,Expired
POL004320,CUST01395,AG028,Marine,East,2024-12-01,2025-12-01,170704,16387584,Renewed
POL004321,CUST01858,AG037,Motor,East,2026-05-27,2027-05-27,13289,1328900,Cancelled
POL004322,CUST02668,AG044,Home,East,2025-07-16,2026-07-16,68889,6888900,Expired
POL004323,CUST00401,AG071,Travel,West,2023-11-11,2024-11-10,1627,146430,Active
POL004324,CUST01064,AG114,Home,South,2024-03-12,2025-03-12,59337,2373480,Lapsed
POL004325,CUST02892,AG002,Motor,West,2024-09-30,2025-09-30,5104,495088,Renewed
POL004326,CUST00318,AG010,Home,East,2024-03-10,2025-03-10,62461,4996880,Cancelled
POL004327,CUST01435,AG115,Home,South,2026-02-20,2027-02-20,36826,1693996,Expired
POL004328,CUST02651,AG031,Travel,West,2023-12-30,2024-12-29,2685,212115,Renewed
POL004329,CUST00354,AG064,Marine,West,2024-08-27,2025-08-27,116415,4307355,Active
POL004330,CUST00818,AG119,Motor,East,2023-08-12,2024-08-11,20100,864300,Cancelled
POL004331,CUST00967,AG009,Travel,West,2025-06-12,2026-06-12,3200,102400,Cancelled
POL004332,CUST02836,AG039,Motor,West,2024-07-27,2025-07-27,37974,1518960,Expired
POL004333,CUST00870,AG003,Travel,West,2025-05-24,2026-05-24,10916,1037020,Lapsed
POL004334,CUST00312,AG046,Motor,South,2024-06-06,2025-06-06,25393,1726724,Cancelled
POL004335,CUST01254,AG054,Home,West,2024-01-21,2025-01-20,40514,1823130,Cancelled
POL004336,CUST02617,AG018,Motor,East,2026-02-20,2027-02-20,26287,1235489,Expired
POL004337,CUST00766,AG106,Marine,South,2025-12-28,2026-12-28,193001,18528096,Renewed
POL004338,CUST01869,AG041,Commercial Property,South,2025-11-04,2026-11-04,509408,45846720,Expired
POL004339,CUST02800,AG050,Home,East,2025-07-14,2026-07-14,15817,901569,Active
POL004340,CUST01151,AG006,Travel,East,2024-04-28,2025-04-28,3500,136500,Cancelled
POL004341,CUST01369,AG002,Marine,West,2024-09-01,2025-09-01,22186,732138,Renewed
POL004342,CUST01104,AG074,Home,South,2026-08-02,2027-08-02,49575,1685550,Cancelled
POL004343,CUST01694,AG120,Motor,North,2025-11-26,2026-11-26,27691,1606078,Expired
POL004344,CUST01284,AG037,Travel,South,2025-02-18,2026-02-18,9568,430560,Renewed
POL004345,CUST02700,AG040,Travel,West,2025-05-09,2026-05-09,15204,1049076,Renewed
POL004346,CUST00365,AG089,Home,West,2025-08-02,2026-08-02,34760,1703240,Expired
POL004347,CUST00388,AG107,Home,South,2025-02-17,2026-02-17,48307,3719639,Active
POL004348,CUST00289,AG038,Home,West,2026-02-08,2027-02-08,15905,1542785,Cancelled
POL004349,CUST01731,AG016,Commercial Property,North,2026-02-23,2027-02-23,421915,30799795,Active
POL004350,CUST01716,AG066,Home,East,2023-12-25,2024-12-24,53288,2291384,Expired
POL004351,CUST00347,AG097,Commercial Property,West,2025-10-02,2026-10-02,371754,7806834,Lapsed
POL004352,CUST00779,AG021,Travel,West,2025-07-06,2026-07-06,6561,413343,Renewed
POL004353,CUST00062,AG025,Commercial Property,North,2025-03-01,2026-03-01,646067,17443809,Expired
POL004354,CUST01921,AG028,Marine,West,2023-11-15,2024-11-14,68236,1569428,Expired
POL004355,CUST02565,AG020,Home,East,2024-05-26,2025-05-26,54021,1296504,Renewed
POL004356,CUST02267,AG020,Home,South,2025-09-04,2026-09-04,10995,527760,Expired
POL004357,CUST02540,AG075,Commercial Property,East,2023-10-31,2024-10-30,706906,58673198,Renewed
POL004358,CUST01793,AG069,Home,West,2024-10-07,2025-10-07,36770,1470800,Expired
POL004359,CUST01672,AG043,Travel,North,2026-03-10,2027-03-10,13556,447348,Cancelled
POL004360,CUST00811,AG004,Marine,East,2024-09-02,2025-09-02,108816,7725936,Expired
POL004361,CUST01224,AG104,Motor,West,2026-01-25,2027-01-25,39592,3642464,Lapsed
POL004362,CUST00258,AG027,Motor,West,2025-11-25,2026-11-25,14255,299355,Active
POL004363,CUST00491,AG038,Commercial Property,East,2024-09-23,2025-09-23,663429,19902870,Lapsed
POL004364,CUST01681,AG032,Commercial Property,North,2026-06-05,2027-06-05,669584,29461696,Active
POL004365,CUST00217,AG112,Marine,North,2025-03-27,2026-03-27,93286,5224016,Cancelled
POL004366,CUST02288,AG114,Home,South,2023-10-06,2024-10-05,14345,286900,Expired
POL004367,CUST02762,AG049,Commercial Property,East,2023-09-21,2024-09-20,140669,13363555,Expired
POL004368,CUST02156,AG099,Travel,South,2024-06-14,2025-06-14,18027,1117674,Active
POL004369,CUST02008,AG002,Travel,South,2026-06-14,2027-06-14,4400,264000,Renewed
POL004370,CUST00718,AG054,Marine,North,2026-03-07,2027-03-07,144736,8973632,Lapsed
POL004371,CUST02157,AG045,Marine,North,2026-07-15,2027-07-15,114404,3432120,Renewed
POL004372,CUST01159,AG101,Home,East,2025-10-06,2026-10-06,41883,2303565,Renewed
POL004373,CUST02539,AG008,Travel,East,2024-09-21,2025-09-21,6590,210880,Active
POL004374,CUST00495,AG108,Home,North,2024-03-04,2025-03-04,42171,1349472,Lapsed
POL004375,CUST01573,AG006,Marine,North,2025-10-31,2026-10-31,33940,1221840,Expired
POL004376,CUST00668,AG066,Marine,South,2024-03-17,2025-03-17,175201,16644095,Active
POL004377,CUST00993,AG044,Motor,East,2025-11-20,2026-11-20,8152,603248,Expired
POL004378,CUST00586,AG058,Motor,West,2026-03-27,2027-03-27,37452,1198464,Renewed
POL004379,CUST01125,AG112,Commercial Property,South,2025-11-13,2026-11-13,633002,50007158,Lapsed
POL004380,CUST02179,AG030,Travel,North,2026-07-14,2027-07-14,7512,443208,Renewed
POL004381,CUST00953,AG001,Travel,North,2025-03-12,2026-03-12,9372,937200,Lapsed
POL004382,CUST02885,AG011,Motor,South,2024-06-26,2025-06-26,38892,2255736,Lapsed
POL004383,CUST01123,AG098,Home,East,2023-11-11,2024-11-10,62460,3560220,Cancelled
POL004384,CUST01343,AG073,Travel,West,2026-05-06,2027-05-06,10721,771912,Expired
POL004385,CUST02155,AG093,Marine,North,2024-09-19,2025-09-19,43969,4264993,Expired
POL004386,CUST02534,AG047,Home,East,2024-06-22,2025-06-22,8473,262663,Active
POL004387,CUST01599,AG010,Home,North,2024-08-18,2025-08-18,9725,787725,Active
POL004388,CUST01097,AG110,Travel,North,2026-07-31,2027-07-31,19230,1384560,Cancelled
POL004389,CUST00519,AG068,Commercial Property,South,2025-09-13,2026-09-13,562489,33186851,Lapsed
POL004390,CUST01151,AG033,Motor,North,2025-11-26,2026-11-26,30508,1586416,Active
POL004391,CUST01890,AG022,Marine,East,2026-07-15,2027-07-15,101025,3030750,Expired
POL004392,CUST02897,AG075,Commercial Property,West,2026-03-12,2027-03-12,76845,2228505,Renewed
POL004393,CUST00794,AG009,Motor,East,2025-08-26,2026-08-26,24303,2405997,Active
POL004394,CUST02159,AG118,Motor,West,2025-04-05,2026-04-05,8663,589084,Expired
POL004395,CUST02273,AG074,Travel,South,2023-11-28,2024-11-27,12895,606065,Cancelled
POL004396,CUST01500,AG089,Commercial Property,East,2024-04-28,2025-04-28,91308,7122024,Active
POL004397,CUST02839,AG036,Home,West,2024-11-13,2025-11-13,33445,1070240,Renewed
POL004398,CUST01878,AG099,Marine,West,2026-06-30,2027-06-30,139944,4758096,Active
POL004399,CUST02140,AG089,Motor,South,2024-12-26,2025-12-26,7554,166188,Cancelled
POL004400,CUST02416,AG104,Commercial Property,South,2025-04-24,2026-04-24,711805,30607615,Renewed
POL004401,CUST00321,AG045,Home,East,2024-05-04,2025-05-04,16994,390862,Expired
POL004402,CUST02113,AG054,Home,East,2025-11-08,2026-11-08,50310,1408680,Lapsed
POL004403,CUST00595,AG021,Travel,South,2025-07-04,2026-07-04,7689,730455,Lapsed
POL004404,CUST02917,AG031,Travel,East,2026-01-05,2027-01-05,1109,53232,Lapsed
POL004405,CUST00195,AG032,Commercial Property,South,2024-02-05,2025-02-04,57715,4732630,Renewed
POL004406,CUST01390,AG056,Marine,East,2023-09-08,2024-09-07,99701,6181462,Active
POL004407,CUST02449,AG006,Home,East,2024-02-24,2025-02-23,43931,4305238,Cancelled
POL004408,CUST01111,AG051,Commercial Property,North,2024-11-13,2025-11-13,57274,2520056,Renewed
POL004409,CUST01093,AG068,Commercial Property,North,2024-11-29,2025-11-29,490376,43643464,Expired
POL004410,CUST02870,AG025,Travel,South,2025-12-10,2026-12-10,3605,248745,Renewed
POL004411,CUST02449,AG053,Travel,North,2025-12-28,2026-12-28,11429,1062897,Cancelled
POL004412,CUST02516,AG060,Home,West,2025-02-02,2026-02-02,31430,2797270,Lapsed
POL004413,CUST00672,AG102,Motor,East,2026-06-16,2027-06-16,11310,859560,Renewed
POL004414,CUST01385,AG006,Motor,East,2024-03-07,2025-03-07,7501,457561,Renewed
POL004415,CUST02955,AG069,Home,East,2024-04-29,2025-04-29,63220,5563360,Renewed
POL004416,CUST02364,AG026,Travel,East,2025-06-09,2026-06-09,19808,1723296,Renewed
POL004417,CUST00690,AG003,Motor,West,2026-01-24,2027-01-24,23243,743776,Expired
POL004418,CUST00308,AG120,Marine,East,2023-10-03,2024-10-02,65728,3877952,Active
POL004419,CUST02816,AG094,Marine,West,2024-12-01,2025-12-01,144454,6500430,Cancelled
POL004420,CUST00931,AG030,Travel,South,2023-09-15,2024-09-14,6326,164476,Lapsed
POL004421,CUST01626,AG084,Commercial Property,North,2024-10-24,2025-10-24,374939,31494876,Cancelled
POL004422,CUST02463,AG050,Home,South,2024-09-22,2025-09-22,56978,5184998,Renewed
POL004423,CUST01935,AG073,Motor,West,2025-06-20,2026-06-20,35179,703580,Lapsed
POL004424,CUST01718,AG009,Commercial Property,North,2024-05-11,2025-05-11,517576,40888504,Active
POL004425,CUST01439,AG052,Commercial Property,East,2025-03-15,2026-03-15,799471,31978840,Cancelled
POL004426,CUST02158,AG004,Travel,West,2023-12-16,2024-12-15,2103,134592,Renewed
POL004427,CUST01052,AG039,Commercial Property,East,2025-03-13,2026-03-13,852327,46877985,Active
POL004428,CUST02979,AG058,Marine,West,2025-03-19,2026-03-19,82452,3298080,Renewed
POL004429,CUST00466,AG058,Marine,West,2025-04-30,2026-04-30,69121,4147260,Lapsed
POL004430,CUST01883,AG004,Commercial Property,South,2024-12-30,2025-12-30,253302,8865570,Expired
POL004431,CUST00020,AG086,Travel,West,2024-10-05,2025-10-05,15955,749885,Expired
POL004432,CUST01973,AG118,Marine,South,2025-02-17,2026-02-17,189882,12532212,Renewed
POL004433,CUST02234,AG042,Travel,West,2024-02-08,2025-02-07,13712,630752,Expired
POL004434,CUST02661,AG072,Marine,North,2026-02-17,2027-02-17,94165,9134005,Lapsed
POL004435,CUST02596,AG120,Commercial Property,North,2026-05-18,2027-05-18,960398,53782288,Renewed
POL004436,CUST01226,AG047,Marine,East,2025-04-01,2026-04-01,117443,3640733,Lapsed
POL004437,CUST01581,AG069,Home,East,2026-03-18,2027-03-18,37389,1346004,Lapsed
POL004438,CUST02733,AG067,Commercial Property,East,2024-01-25,2025-01-24,242507,19885574,Expired
POL004439,CUST01611,AG031,Marine,North,2025-06-11,2026-06-11,142400,7547200,Active
POL004440,CUST01823,AG053,Marine,East,2024-10-31,2025-10-31,147197,6623865,Lapsed
POL004441,CUST01798,AG110,Travel,North,2025-06-03,2026-06-03,18166,762972,Renewed
POL004442,CUST02138,AG086,Travel,West,2024-09-26,2025-09-26,18673,1269764,Renewed
POL004443,CUST01329,AG061,Marine,South,2024-09-26,2025-09-26,199843,17586184,Cancelled
POL004444,CUST01073,AG099,Travel,South,2024-07-01,2025-07-01,14279,1028088,Cancelled
POL004445,CUST00352,AG017,Motor,West,2026-03-25,2027-03-25,25839,723492,Cancelled
POL004446,CUST01984,AG080,Motor,South,2023-11-11,2024-11-10,39161,1018186,Lapsed
POL004447,CUST01679,AG104,Travel,West,2026-04-07,2027-04-07,9305,241930,Active
POL004448,CUST00152,AG014,Travel,North,2024-04-13,2025-04-13,14591,904642,Cancelled
POL004449,CUST01581,AG116,Home,South,2024-03-01,2025-03-01,28200,1889400,Cancelled
POL004450,CUST00470,AG049,Home,East,2026-01-18,2027-01-18,44781,3985509,Expired
POL004451,CUST00878,AG084,Home,North,2024-09-23,2025-09-23,18427,552810,Lapsed
POL004452,CUST00131,AG093,Motor,North,2026-01-22,2027-01-22,14379,1265352,Cancelled
POL004453,CUST01189,AG088,Travel,East,2023-11-25,2024-11-24,16921,795287,Expired
POL004454,CUST00522,AG085,Commercial Property,South,2025-08-22,2026-08-22,247378,6926584,Lapsed
POL004455,CUST01468,AG076,Home,West,2024-07-04,2025-07-04,46020,3911700,Active
POL004456,CUST00567,AG074,Commercial Property,East,2026-08-01,2027-08-01,266336,20774208,Cancelled
POL004457,CUST02654,AG025,Commercial Property,East,2024-12-24,2025-12-24,162227,12815933,Active
POL004458,CUST01425,AG073,Home,East,2026-01-19,2027-01-19,33714,3000546,Lapsed
POL004459,CUST01915,AG068,Motor,North,2025-03-11,2026-03-11,29877,1344465,Active
POL004460,CUST02179,AG119,Travel,South,2025-06-11,2026-06-11,11865,1091580,Lapsed
POL004461,CUST00994,AG011,Commercial Property,West,2024-06-14,2025-06-14,457728,17393664,Lapsed
POL004462,CUST02400,AG032,Marine,South,2026-01-18,2027-01-18,65287,6006404,Active
POL004463,CUST00304,AG044,Commercial Property,North,2023-12-17,2024-12-16,240493,7695776,Expired
POL004464,CUST00132,AG042,Commercial Property,East,2024-06-07,2025-06-07,342435,19518795,Active
POL004465,CUST02202,AG111,Travel,East,2026-04-15,2027-04-15,1257,96789,Renewed
POL004466,CUST00721,AG021,Travel,East,2026-04-01,2027-04-01,2515,188625,Active
POL004467,CUST01176,AG031,Travel,South,2026-07-31,2027-07-31,17694,707760,Renewed
POL004468,CUST00898,AG010,Travel,East,2024-06-30,2025-06-30,9918,267786,Expired
POL004469,CUST01055,AG032,Home,South,2024-08-23,2025-08-23,43701,3364977,Renewed
POL004470,CUST02204,AG023,Travel,South,2025-04-26,2026-04-26,18956,549724,Lapsed
POL004471,CUST00609,AG018,Travel,East,2025-07-14,2026-07-14,14748,796392,Expired
POL004472,CUST02056,AG079,Motor,South,2025-12-19,2026-12-19,10238,880468,Expired
POL004473,CUST01095,AG015,Commercial Property,South,2024-01-27,2025-01-26,175291,6310476,Cancelled
POL004474,CUST02539,AG091,Travel,North,2024-11-02,2025-11-02,15983,687269,Cancelled
POL004475,CUST02468,AG057,Marine,East,2025-10-08,2026-10-08,142918,4001704,Active
POL004476,CUST01993,AG027,Home,North,2025-01-20,2026-01-20,60970,2072980,Active
POL004477,CUST02971,AG103,Home,East,2024-06-28,2025-06-28,33375,2469750,Expired
POL004478,CUST00876,AG091,Commercial Property,East,2026-05-01,2027-05-01,588495,18831840,Active
POL004479,CUST01413,AG065,Commercial Property,North,2024-07-08,2025-07-08,762294,60983520,Expired
POL004480,CUST00768,AG063,Travel,South,2025-08-20,2026-08-20,12467,361543,Lapsed
POL004481,CUST00964,AG071,Home,West,2025-04-12,2026-04-12,20075,1525700,Expired
POL004482,CUST02925,AG082,Commercial Property,North,2024-11-23,2025-11-23,823209,48569331,Lapsed
POL004483,CUST02910,AG080,Travel,North,2024-12-29,2025-12-29,11252,225040,Active
POL004484,CUST01696,AG019,Commercial Property,West,2026-05-09,2027-05-09,412274,18140056,Lapsed
POL004485,CUST02084,AG061,Marine,North,2023-12-30,2024-12-29,40265,805300,Active
POL004486,CUST00966,AG017,Motor,North,2023-12-04,2024-12-03,14175,581175,Active
POL004487,CUST02165,AG004,Commercial Property,South,2025-09-13,2026-09-13,648996,36992772,Renewed
POL004488,CUST01926,AG111,Travel,North,2026-03-24,2027-03-24,4019,353672,Expired
POL004489,CUST00499,AG116,Marine,West,2024-06-29,2025-06-29,168179,13790678,Expired
POL004490,CUST01651,AG066,Commercial Property,North,2026-04-27,2027-04-27,821981,71512347,Lapsed
POL004491,CUST00807,AG016,Marine,West,2025-11-01,2026-11-01,30152,2231248,Active
POL004492,CUST01614,AG106,Home,East,2026-02-03,2027-02-03,18074,813330,Expired
POL004493,CUST01751,AG078,Travel,North,2024-01-31,2025-01-30,3884,201968,Cancelled
POL004494,CUST01625,AG099,Travel,East,2026-07-15,2027-07-15,13415,697580,Renewed
POL004495,CUST00072,AG001,Commercial Property,North,2024-04-16,2025-04-16,58764,1234044,Active
POL004496,CUST02004,AG094,Home,West,2024-11-09,2025-11-09,20541,657312,Active
POL004497,CUST00604,AG042,Travel,South,2026-04-20,2027-04-20,7241,644449,Expired
POL004498,CUST00857,AG093,Home,West,2024-01-05,2025-01-04,59143,2957150,Cancelled
POL004499,CUST02023,AG052,Marine,North,2024-10-27,2025-10-27,92336,6186512,Renewed
POL004500,CUST00078,AG114,Commercial Property,West,2025-11-09,2026-11-09,87475,5598400,Lapsed
POL004501,CUST02998,AG035,Motor,North,2023-11-28,2024-11-27,39712,3296096,Lapsed
POL004502,CUST01169,AG008,Home,South,2025-08-03,2026-08-03,27751,999036,Renewed
POL004503,CUST01438,AG087,Commercial Property,West,2023-12-28,2024-12-27,714125,62128875,Active
POL004504,CUST00404,AG089,Motor,West,2024-03-08,2025-03-08,29283,1376301,Active
POL004505,CUST02726,AG095,Commercial Property,South,2024-02-03,2025-02-02,106853,9403064,Cancelled
POL004506,CUST00432,AG086,Marine,East,2026-05-07,2027-05-07,187301,8428545,Lapsed
POL004507,CUST00448,AG071,Motor,South,2025-06-24,2026-06-24,38197,2253623,Expired
POL004508,CUST00189,AG009,Commercial Property,South,2023-11-15,2024-11-14,525603,42048240,Renewed
POL004509,CUST01730,AG047,Home,South,2025-12-19,2026-12-19,51326,2258344,Renewed
POL004510,CUST00754,AG061,Motor,East,2025-02-18,2026-02-18,24301,2259993,Expired
POL004511,CUST02655,AG062,Motor,North,2024-10-29,2025-10-29,39996,3159684,Cancelled
POL004512,CUST02071,AG056,Travel,North,2026-06-13,2027-06-13,10852,1063496,Renewed
POL004513,CUST02278,AG024,Motor,East,2024-09-28,2025-09-28,30180,2716200,Lapsed
POL004514,CUST01247,AG029,Home,North,2024-09-26,2025-09-26,39510,2607660,Lapsed
POL004515,CUST01546,AG026,Home,North,2025-10-14,2026-10-14,29087,988958,Cancelled
POL004516,CUST00387,AG067,Commercial Property,South,2026-02-28,2027-02-28,656984,46645864,Active
POL004517,CUST01300,AG085,Travel,East,2025-06-09,2026-06-09,8141,447755,Lapsed
POL004518,CUST02326,AG115,Travel,East,2024-03-17,2025-03-17,14633,1360869,Expired
POL004519,CUST00812,AG103,Marine,East,2024-03-27,2025-03-27,83072,5316608,Lapsed
POL004520,CUST01188,AG079,Motor,West,2024-02-25,2025-02-24,29132,932224,Active
POL004521,CUST00350,AG115,Commercial Property,East,2023-08-27,2024-08-26,301655,29260535,Expired
POL004522,CUST00859,AG037,Travel,South,2024-09-19,2025-09-19,17583,457158,Renewed
POL004523,CUST00365,AG050,Commercial Property,South,2025-03-27,2026-03-27,633966,50717280,Active
POL004524,CUST00179,AG023,Travel,West,2025-07-07,2026-07-07,8402,218452,Renewed
POL004525,CUST01072,AG014,Home,West,2026-02-05,2027-02-05,40643,3251440,Lapsed
POL004526,CUST00063,AG113,Motor,East,2025-06-15,2026-06-15,39633,1228623,Expired
POL004527,CUST02243,AG076,Home,North,2024-12-20,2025-12-20,55280,1216160,Cancelled
POL004528,CUST00447,AG046,Motor,North,2024-08-08,2025-08-08,11137,1013467,Active
POL004529,CUST01183,AG032,Commercial Property,South,2025-10-09,2026-10-09,329515,25372655,Renewed
POL004530,CUST02298,AG074,Marine,East,2025-01-26,2026-01-26,155714,4982848,Cancelled
POL004531,CUST01816,AG040,Commercial Property,South,2023-08-09,2024-08-08,701205,57498810,Active
POL004532,CUST00759,AG090,Commercial Property,North,2026-03-04,2027-03-04,682561,66208417,Active
POL004533,CUST01540,AG045,Commercial Property,South,2025-12-28,2026-12-28,933758,69098092,Active
POL004534,CUST01652,AG053,Commercial Property,West,2025-08-28,2026-08-28,445309,43640282,Lapsed
POL004535,CUST00110,AG087,Motor,West,2025-07-14,2026-07-14,15343,1288812,Renewed
POL004536,CUST01738,AG048,Travel,East,2023-11-22,2024-11-21,18662,1791552,Renewed
POL004537,CUST02834,AG086,Travel,East,2025-08-29,2026-08-29,16807,1680700,Lapsed
POL004538,CUST00546,AG025,Motor,North,2023-08-10,2024-08-09,35301,1800351,Renewed
POL004539,CUST00383,AG119,Home,South,2026-06-27,2027-06-27,26287,1104054,Renewed
POL004540,CUST02641,AG105,Travel,West,2025-09-11,2026-09-11,15639,1391871,Cancelled
POL004541,CUST01884,AG113,Marine,West,2024-06-23,2025-06-23,114214,5253844,Expired
POL004542,CUST01798,AG088,Motor,South,2024-01-21,2025-01-20,19277,1754207,Lapsed
POL004543,CUST02690,AG105,Home,North,2024-03-29,2025-03-29,54809,3507776,Cancelled
POL004544,CUST00882,AG064,Travel,West,2025-04-21,2026-04-21,18125,435000,Renewed
POL004545,CUST02713,AG084,Commercial Property,North,2025-03-03,2026-03-03,768262,23047860,Cancelled
POL004546,CUST02016,AG040,Marine,South,2026-01-29,2027-01-29,183749,14332422,Active
POL004547,CUST01802,AG097,Commercial Property,East,2025-06-01,2026-06-01,787422,31496880,Cancelled
POL004548,CUST01531,AG107,Commercial Property,East,2025-03-19,2026-03-19,493016,12818416,Lapsed
POL004549,CUST00732,AG035,Marine,North,2024-11-03,2025-11-03,57034,1197714,Lapsed
POL004550,CUST00342,AG114,Commercial Property,West,2024-07-26,2025-07-26,109565,5587815,Expired
POL004551,CUST02773,AG111,Motor,East,2025-05-05,2026-05-05,31092,3078108,Active
POL004552,CUST01367,AG092,Commercial Property,West,2023-08-23,2024-08-22,330770,32415460,Lapsed
POL004553,CUST02492,AG071,Commercial Property,South,2025-01-18,2026-01-18,958497,21086934,Expired
POL004554,CUST01283,AG005,Home,North,2025-02-03,2026-02-03,14857,653708,Cancelled
POL004555,CUST01977,AG116,Travel,North,2026-07-04,2027-07-04,10678,555256,Active
POL004556,CUST00751,AG032,Marine,West,2025-02-25,2026-02-25,98651,4537946,Cancelled
POL004557,CUST02687,AG053,Marine,North,2024-04-21,2025-04-21,99087,7035177,Expired
POL004558,CUST02929,AG040,Motor,South,2024-12-19,2025-12-19,30024,2552040,Renewed
POL004559,CUST01334,AG023,Marine,North,2024-07-17,2025-07-17,97216,5832960,Active
POL004560,CUST01889,AG003,Motor,North,2024-03-15,2025-03-15,32080,2245600,Renewed
POL004561,CUST00852,AG034,Commercial Property,West,2024-01-22,2025-01-21,912200,25541600,Cancelled
POL004562,CUST01126,AG099,Marine,South,2025-04-11,2026-04-11,92211,8667834,Active
POL004563,CUST02739,AG034,Marine,South,2024-09-16,2025-09-16,26424,1189080,Cancelled
POL004564,CUST00629,AG077,Motor,East,2024-04-06,2025-04-06,7574,393848,Renewed
POL004565,CUST00142,AG039,Marine,North,2026-01-11,2027-01-11,139475,13808025,Lapsed
POL004566,CUST01087,AG097,Motor,South,2025-06-17,2026-06-17,33132,2650560,Active
POL004567,CUST02481,AG013,Commercial Property,North,2024-01-21,2025-01-20,101065,6973485,Expired
POL004568,CUST02387,AG029,Home,South,2025-08-08,2026-08-08,61623,2280051,Lapsed
POL004569,CUST02489,AG022,Travel,East,2025-06-17,2026-06-17,4641,264537,Lapsed
POL004570,CUST00109,AG055,Motor,South,2024-05-15,2025-05-15,38479,1616118,Expired
POL004571,CUST01492,AG015,Commercial Property,North,2023-08-06,2024-08-05,331284,24183732,Renewed
POL004572,CUST02930,AG074,Commercial Property,North,2024-11-22,2025-11-22,765113,57383475,Active
POL004573,CUST00936,AG091,Travel,North,2026-07-10,2027-07-10,5893,359473,Lapsed
POL004574,CUST01530,AG032,Motor,South,2025-04-12,2026-04-12,18734,1217710,Renewed
POL004575,CUST02596,AG003,Home,West,2024-07-23,2025-07-23,55078,2974212,Active
POL004576,CUST01758,AG071,Commercial Property,East,2025-10-09,2026-10-09,144432,5921712,Lapsed
POL004577,CUST01170,AG050,Commercial Property,South,2024-11-24,2025-11-24,354323,31889070,Expired
POL004578,CUST00869,AG067,Motor,West,2025-12-05,2026-12-05,17752,1331400,Cancelled
POL004579,CUST00566,AG033,Travel,South,2025-03-29,2026-03-29,8133,325320,Renewed
POL004580,CUST01395,AG033,Home,West,2025-03-29,2026-03-29,33738,1113354,Cancelled
POL004581,CUST01954,AG045,Marine,South,2025-08-10,2026-08-10,147176,14423248,Active
POL004582,CUST01279,AG028,Marine,East,2023-08-19,2024-08-18,43665,2357910,Cancelled
POL004583,CUST02999,AG005,Motor,North,2025-02-12,2026-02-12,27556,1901364,Cancelled
POL004584,CUST00526,AG035,Home,East,2025-02-27,2026-02-27,19573,1135234,Cancelled
POL004585,CUST02406,AG048,Commercial Property,South,2025-06-13,2026-06-13,654773,39286380,Active
POL004586,CUST02937,AG070,Commercial Property,West,2023-11-14,2024-11-13,192911,6751885,Cancelled
POL004587,CUST02922,AG001,Travel,North,2025-09-24,2026-09-24,12346,407418,Renewed
POL004588,CUST00512,AG034,Home,South,2023-08-20,2024-08-19,27710,2715580,Cancelled
POL004589,CUST00530,AG055,Commercial Property,West,2023-09-23,2024-09-22,662856,22537104,Cancelled
POL004590,CUST02983,AG007,Home,South,2024-09-26,2025-09-26,29149,2652559,Active
POL004591,CUST00018,AG077,Commercial Property,South,2023-09-27,2024-09-26,945164,79393776,Lapsed
POL004592,CUST02565,AG015,Home,South,2026-01-18,2027-01-18,46028,920560,Lapsed
POL004593,CUST02314,AG011,Marine,South,2025-06-05,2026-06-05,110571,5196837,Active
POL004594,CUST01291,AG012,Home,West,2024-10-06,2025-10-06,46501,1023022,Active
POL004595,CUST01480,AG108,Home,South,2025-11-29,2026-11-29,47169,3726351,Lapsed
POL004596,CUST00692,AG056,Commercial Property,South,2024-11-10,2025-11-10,271958,6526992,Expired
POL004597,CUST02658,AG060,Home,South,2024-08-03,2025-08-03,11222,897760,Active
POL004598,CUST00434,AG101,Motor,South,2024-04-21,2025-04-21,36533,2338112,Active
POL004599,CUST02090,AG115,Travel,East,2024-12-20,2025-12-20,1442,131222,Lapsed
POL004600,CUST00346,AG100,Marine,South,2023-08-22,2024-08-21,105607,4541101,Expired
POL004601,CUST02553,AG092,Commercial Property,West,2024-09-26,2025-09-26,661718,51614004,Cancelled
POL004602,CUST02387,AG115,Commercial Property,East,2025-02-01,2026-02-01,441412,11918124,Expired
POL004603,CUST00516,AG090,Travel,East,2024-12-07,2025-12-07,9129,584256,Lapsed
POL004604,CUST02074,AG036,Motor,North,2025-11-10,2026-11-10,14567,1252762,Expired
POL004605,CUST02705,AG055,Marine,South,2024-04-21,2025-04-21,199597,19959700,Renewed
POL004606,CUST02999,AG106,Motor,East,2026-02-07,2027-02-07,25462,2342504,Cancelled
POL004607,CUST02751,AG112,Commercial Property,East,2026-02-20,2027-02-20,510657,42384531,Active
POL004608,CUST01502,AG025,Motor,West,2024-03-16,2025-03-16,10786,517728,Renewed
POL004609,CUST00828,AG035,Home,East,2023-10-30,2024-10-29,15497,325437,Cancelled
POL004610,CUST01015,AG105,Motor,East,2024-07-16,2025-07-16,26006,884204,Cancelled
POL004611,CUST01245,AG019,Home,West,2024-04-24,2025-04-24,32601,1108434,Active
POL004612,CUST02909,AG050,Commercial Property,East,2024-03-16,2025-03-16,810435,49436535,Lapsed
POL004613,CUST01598,AG055,Marine,North,2024-02-08,2025-02-07,81020,4780180,Lapsed
POL004614,CUST01081,AG003,Motor,East,2025-07-06,2026-07-06,19616,392320,Active
POL004615,CUST01679,AG032,Commercial Property,North,2024-08-14,2025-08-14,990676,90151516,Expired
POL004616,CUST01088,AG118,Home,East,2023-09-27,2024-09-26,23414,2154088,Cancelled
POL004617,CUST01335,AG009,Motor,North,2024-03-10,2025-03-10,36923,2843071,Lapsed
POL004618,CUST02286,AG116,Motor,East,2023-11-09,2024-11-08,23677,591925,Expired
POL004619,CUST01162,AG079,Marine,East,2024-05-08,2025-05-08,175839,9495306,Active
POL004620,CUST01335,AG052,Commercial Property,North,2025-11-15,2026-11-15,665050,65174900,Lapsed
POL004621,CUST01928,AG076,Motor,South,2024-03-05,2025-03-05,17334,710694,Renewed
POL004622,CUST01422,AG001,Travel,East,2024-05-16,2025-05-16,2578,162414,Lapsed
POL004623,CUST00247,AG049,Commercial Property,North,2023-11-08,2024-11-07,170932,13161764,Active
POL004624,CUST00073,AG103,Motor,North,2026-03-26,2027-03-26,33941,2070401,Lapsed
POL004625,CUST02373,AG035,Home,North,2026-03-22,2027-03-22,29506,1917890,Cancelled
POL004626,CUST02994,AG056,Commercial Property,South,2025-03-07,2026-03-07,959862,66230478,Cancelled
POL004627,CUST00606,AG099,Marine,South,2024-08-19,2025-08-19,141168,10164096,Lapsed
POL004628,CUST01540,AG091,Commercial Property,North,2026-07-10,2027-07-10,965600,96560000,Expired
POL004629,CUST00893,AG003,Home,North,2024-11-25,2025-11-25,47205,3870810,Lapsed
POL004630,CUST01374,AG118,Motor,West,2025-05-30,2026-05-30,32775,2851425,Lapsed
POL004631,CUST00404,AG113,Motor,North,2025-09-08,2026-09-08,12623,833118,Active
POL004632,CUST01079,AG050,Commercial Property,North,2024-05-05,2025-05-05,182973,14454867,Renewed
POL004633,CUST01414,AG078,Motor,North,2025-08-30,2026-08-30,21643,1644868,Renewed
POL004634,CUST01434,AG070,Marine,West,2025-11-10,2026-11-10,108764,6308312,Renewed
POL004635,CUST02350,AG110,Commercial Property,East,2025-01-05,2026-01-05,316617,31028466,Active
POL004636,CUST01244,AG120,Motor,East,2026-03-08,2027-03-08,6838,396604,Cancelled
POL004637,CUST00449,AG054,Commercial Property,West,2026-07-21,2027-07-21,918488,58783232,Expired
POL004638,CUST01654,AG050,Commercial Property,West,2026-06-01,2027-06-01,529710,37609410,Renewed
POL004639,CUST00986,AG014,Marine,South,2025-02-14,2026-02-14,97989,5977329,Renewed
POL004640,CUST00420,AG017,Commercial Property,West,2024-08-22,2025-08-22,118892,6539060,Cancelled
POL004641,CUST01341,AG006,Motor,West,2024-04-15,2025-04-15,33682,3334518,Renewed
POL004642,CUST00491,AG098,Commercial Property,North,2024-02-16,2025-02-15,531842,38824466,Renewed
POL004643,CUST00348,AG060,Home,South,2026-03-11,2027-03-11,31470,3147000,Renewed
POL004644,CUST00836,AG017,Home,West,2025-07-05,2026-07-05,30005,2250375,Active
POL004645,CUST00023,AG011,Home,East,2026-04-18,2027-04-18,69456,6251040,Expired
POL004646,CUST00681,AG042,Home,South,2026-01-17,2027-01-17,50181,2408688,Active
POL004647,CUST01857,AG013,Marine,West,2024-06-08,2025-06-08,100968,8986152,Cancelled
POL004648,CUST01209,AG090,Home,South,2025-01-03,2026-01-03,57818,4856712,Expired
POL004649,CUST00792,AG088,Marine,West,2023-09-06,2024-09-05,165633,5465889,Lapsed
POL004650,CUST00454,AG045,Marine,South,2026-07-19,2027-07-19,95415,3721185,Lapsed
POL004651,CUST01573,AG025,Travel,East,2024-08-14,2025-08-14,3068,300664,Expired
POL004652,CUST02262,AG092,Motor,South,2026-01-30,2027-01-30,13688,1163480,Active
POL004653,CUST02871,AG106,Travel,North,2025-04-01,2026-04-01,3742,232004,Cancelled
POL004654,CUST00731,AG014,Travel,East,2024-08-14,2025-08-14,13048,1161272,Lapsed
POL004655,CUST02356,AG092,Home,South,2023-11-05,2024-11-04,8997,260913,Lapsed
POL004656,CUST01790,AG095,Marine,East,2025-02-16,2026-02-16,115867,7994823,Lapsed
POL004657,CUST00423,AG014,Travel,South,2026-01-17,2027-01-17,15788,1294616,Active
POL004658,CUST01100,AG016,Home,North,2024-09-24,2025-09-24,27993,2799300,Renewed
POL004659,CUST00024,AG007,Marine,West,2023-08-15,2024-08-14,182181,6558516,Expired
POL004660,CUST01578,AG040,Marine,South,2025-03-05,2026-03-05,137991,6761559,Expired
POL004661,CUST00655,AG118,Home,East,2025-11-10,2026-11-10,61155,1712340,Active
POL004662,CUST00036,AG108,Motor,East,2024-05-28,2025-05-28,13748,1347304,Lapsed
POL004663,CUST01052,AG017,Home,North,2026-05-30,2027-05-30,61204,1591304,Active
POL004664,CUST02510,AG112,Motor,West,2026-01-29,2027-01-29,21094,717196,Active
POL004665,CUST00192,AG040,Marine,West,2025-01-09,2026-01-09,106912,10049728,Cancelled
POL004666,CUST00821,AG071,Travel,West,2025-06-03,2026-06-03,3914,375744,Cancelled
POL004667,CUST02350,AG116,Home,West,2026-04-26,2027-04-26,16877,725711,Lapsed
POL004668,CUST01098,AG068,Motor,South,2026-02-14,2027-02-14,27317,2431213,Lapsed
POL004669,CUST01938,AG102,Motor,West,2024-05-18,2025-05-18,31818,2259078,Cancelled
POL004670,CUST00410,AG033,Marine,South,2026-07-28,2027-07-28,63042,4665108,Expired
POL004671,CUST01858,AG034,Motor,South,2026-06-05,2027-06-05,24362,2290028,Active
POL004672,CUST01907,AG070,Motor,West,2025-02-16,2026-02-16,7232,253120,Lapsed
POL004673,CUST01111,AG082,Home,South,2026-03-05,2027-03-05,21990,2045070,Cancelled
POL004674,CUST02724,AG051,Marine,West,2025-03-08,2026-03-08,99630,9863370,Cancelled
POL004675,CUST02578,AG048,Marine,East,2024-08-05,2025-08-05,88806,7015674,Expired
POL004676,CUST00264,AG029,Commercial Property,North,2024-06-24,2025-06-24,552948,24882660,Lapsed
POL004677,CUST01652,AG101,Motor,East,2025-10-26,2026-10-26,20355,1139880,Renewed
POL004678,CUST01082,AG047,Motor,South,2026-01-17,2027-01-17,18864,716832,Cancelled
POL004679,CUST01693,AG102,Commercial Property,North,2025-01-18,2026-01-18,914132,72216428,Renewed
POL004680,CUST02505,AG079,Home,North,2025-01-30,2026-01-30,44807,2105929,Cancelled
POL004681,CUST02307,AG015,Travel,West,2025-08-05,2026-08-05,12261,1177056,Active
POL004682,CUST00344,AG066,Commercial Property,South,2024-01-16,2025-01-15,913124,42003704,Cancelled
POL004683,CUST02616,AG042,Motor,West,2024-02-13,2025-02-12,20481,1290303,Active
POL004684,CUST02805,AG012,Marine,North,2025-03-21,2026-03-21,51186,2712858,Renewed
POL004685,CUST00293,AG061,Home,West,2024-07-13,2025-07-13,29867,2090690,Expired
POL004686,CUST01250,AG035,Travel,South,2025-08-02,2026-08-02,5034,332244,Renewed
POL004687,CUST00834,AG084,Marine,North,2023-08-06,2024-08-05,177951,4270824,Active
POL004688,CUST01072,AG042,Marine,East,2024-04-25,2025-04-25,75687,4616907,Cancelled
POL004689,CUST00301,AG117,Marine,North,2025-03-11,2026-03-11,191819,18798262,Lapsed
POL004690,CUST01466,AG113,Commercial Property,East,2025-03-01,2026-03-01,106274,10308578,Expired
POL004691,CUST02918,AG006,Motor,South,2026-01-18,2027-01-18,6559,268919,Cancelled
POL004692,CUST02785,AG052,Motor,West,2024-09-25,2025-09-25,32965,2867955,Expired
POL004693,CUST00248,AG088,Commercial Property,South,2024-09-08,2025-09-08,353586,7778892,Active
POL004694,CUST02698,AG053,Commercial Property,West,2023-11-24,2024-11-23,658527,28316661,Cancelled
POL004695,CUST00891,AG047,Commercial Property,East,2024-07-11,2025-07-11,145160,8999920,Expired
POL004696,CUST00814,AG056,Motor,North,2025-01-29,2026-01-29,15603,826959,Renewed
POL004697,CUST01345,AG118,Travel,South,2023-08-17,2024-08-16,16583,1243725,Cancelled
POL004698,CUST00719,AG024,Marine,North,2026-02-15,2027-02-15,42624,1491840,Active
POL004699,CUST01422,AG048,Commercial Property,East,2026-04-29,2027-04-29,69723,4183380,Expired
POL004700,CUST01329,AG113,Home,North,2024-08-02,2025-08-02,61114,3972410,Cancelled
POL004701,CUST01505,AG002,Motor,South,2025-10-24,2026-10-24,30395,1975675,Lapsed
POL004702,CUST02060,AG037,Home,West,2026-02-02,2027-02-02,38315,3601610,Lapsed
POL004703,CUST01590,AG065,Home,South,2026-06-29,2027-06-29,49567,4659298,Lapsed
POL004704,CUST02965,AG024,Motor,North,2024-07-17,2025-07-17,7040,612480,Cancelled
POL004705,CUST00866,AG096,Marine,East,2026-02-21,2027-02-21,102316,7571384,Active
POL004706,CUST01887,AG082,Marine,North,2025-08-04,2026-08-04,81225,3249000,Renewed
POL004707,CUST00751,AG084,Marine,South,2025-01-05,2026-01-05,192698,19077102,Cancelled
POL004708,CUST02298,AG066,Motor,West,2025-06-09,2026-06-09,19863,595890,Active
POL004709,CUST01470,AG111,Marine,East,2024-05-10,2025-05-10,111245,5895985,Expired
POL004710,CUST00430,AG099,Marine,West,2025-01-08,2026-01-08,185932,10969988,Renewed
POL004711,CUST01999,AG105,Motor,East,2025-02-25,2026-02-25,5415,503595,Cancelled
POL004712,CUST02423,AG015,Motor,East,2024-05-27,2025-05-27,31252,1406340,Renewed
POL004713,CUST02762,AG002,Commercial Property,North,2024-08-21,2025-08-21,345648,20393232,Renewed
POL004714,CUST02627,AG077,Travel,South,2025-03-05,2026-03-05,11153,356896,Cancelled
POL004715,CUST01914,AG113,Motor,East,2025-03-20,2026-03-20,17187,1168716,Renewed
POL004716,CUST01822,AG036,Travel,East,2024-03-13,2025-03-13,8930,642960,Renewed
POL004717,CUST01548,AG038,Travel,East,2026-01-23,2027-01-23,15525,776250,Renewed
POL004718,CUST01522,AG113,Motor,North,2026-02-04,2027-02-04,11186,413882,Cancelled
POL004719,CUST02010,AG071,Motor,West,2025-09-12,2026-09-12,12711,508440,Cancelled
POL004720,CUST00360,AG002,Travel,South,2025-12-11,2026-12-11,6678,233730,Active
POL004721,CUST02732,AG099,Motor,South,2023-11-03,2024-11-02,39303,1100484,Cancelled
POL004722,CUST00335,AG083,Motor,North,2025-03-14,2026-03-14,10559,823602,Cancelled
POL004723,CUST01787,AG013,Travel,East,2023-11-18,2024-11-17,16567,1573865,Cancelled
POL004724,CUST01055,AG042,Home,South,2024-09-03,2025-09-03,11702,1029776,Expired
POL004725,CUST02395,AG024,Marine,West,2025-09-13,2026-09-13,26573,2099267,Lapsed
POL004726,CUST01181,AG021,Marine,West,2024-07-28,2025-07-28,70613,4378006,Cancelled
POL004727,CUST00443,AG081,Home,East,2024-05-30,2025-05-30,11981,718860,Cancelled
POL004728,CUST00007,AG062,Travel,West,2023-12-23,2024-12-22,5312,223104,Lapsed
POL004729,CUST02144,AG083,Travel,South,2025-09-10,2026-09-10,4805,365180,Active
POL004730,CUST00945,AG075,Commercial Property,West,2024-12-26,2025-12-26,417426,31724376,Cancelled
POL004731,CUST01320,AG050,Motor,South,2023-09-02,2024-09-01,6334,608064,Lapsed
POL004732,CUST02120,AG026,Motor,South,2025-09-26,2026-09-26,24867,1815291,Expired
POL004733,CUST01876,AG077,Travel,East,2024-03-19,2025-03-19,10611,286497,Cancelled
POL004734,CUST02010,AG082,Marine,West,2026-05-11,2027-05-11,110758,10743526,Expired
POL004735,CUST02800,AG067,Travel,North,2024-05-28,2025-05-28,5232,198816,Active
POL004736,CUST01726,AG082,Motor,North,2025-10-19,2026-10-19,16291,1319571,Lapsed
POL004737,CUST00020,AG079,Home,East,2025-10-30,2026-10-30,28582,1086116,Expired
POL004738,CUST01634,AG080,Home,South,2024-03-23,2025-03-23,16374,360228,Expired
POL004739,CUST02028,AG019,Marine,South,2023-12-25,2024-12-24,59184,2840832,Cancelled
POL004740,CUST00878,AG072,Marine,South,2025-06-28,2026-06-28,122744,10678728,Active
POL004741,CUST00785,AG017,Marine,East,2024-12-23,2025-12-23,63012,2646504,Lapsed
POL004742,CUST00333,AG006,Marine,West,2026-07-26,2027-07-26,177736,15107560,Active
POL004743,CUST00929,AG058,Commercial Property,West,2026-04-28,2027-04-28,724414,43464840,Expired
POL004744,CUST01830,AG017,Motor,East,2025-02-06,2026-02-06,27592,1076088,Renewed
POL004745,CUST01079,AG099,Motor,North,2024-01-21,2025-01-20,22310,1160120,Expired
POL004746,CUST01037,AG066,Home,East,2026-07-15,2027-07-15,21149,1395834,Active
POL004747,CUST00207,AG097,Commercial Property,South,2025-07-16,2026-07-16,202104,5254704,Renewed
POL004748,CUST01781,AG096,Motor,South,2026-07-07,2027-07-07,5129,348772,Renewed
POL004749,CUST01300,AG060,Marine,East,2024-05-22,2025-05-22,147539,7229411,Expired
POL004750,CUST02416,AG005,Home,East,2024-07-24,2025-07-24,40868,1757324,Expired
POL004751,CUST01879,AG049,Commercial Property,East,2024-01-29,2025-01-28,762029,25146957,Lapsed
POL004752,CUST02481,AG081,Home,West,2025-06-11,2026-06-11,15851,1125421,Expired
POL004753,CUST00545,AG097,Marine,North,2024-10-11,2025-10-11,61915,4829370,Cancelled
POL004754,CUST00223,AG011,Travel,North,2025-07-27,2026-07-27,15634,1250720,Active
POL004755,CUST02841,AG051,Motor,North,2025-04-19,2026-04-19,34242,2670876,Renewed
POL004756,CUST01715,AG059,Marine,West,2024-02-28,2025-02-27,49328,2861024,Cancelled
POL004757,CUST02014,AG067,Marine,North,2025-02-25,2026-02-25,124481,10580885,Active
POL004758,CUST02763,AG087,Home,North,2023-09-29,2024-09-28,26767,535340,Active
POL004759,CUST00494,AG100,Commercial Property,South,2024-11-26,2025-11-26,553123,33187380,Cancelled
POL004760,CUST00041,AG025,Motor,South,2024-10-02,2025-10-02,17721,1187307,Cancelled
POL004761,CUST02914,AG074,Home,North,2025-02-09,2026-02-09,36902,2472434,Active
POL004762,CUST02319,AG060,Marine,North,2025-08-24,2026-08-24,115677,5668173,Expired
POL004763,CUST00964,AG113,Home,South,2025-05-05,2026-05-05,42418,3944874,Lapsed
POL004764,CUST00128,AG036,Travel,South,2024-04-07,2025-04-07,14747,1091278,Renewed
POL004765,CUST00261,AG110,Commercial Property,West,2024-05-01,2025-05-01,619212,42725628,Lapsed
POL004766,CUST01556,AG090,Motor,East,2025-08-08,2026-08-08,30750,3013500,Lapsed
POL004767,CUST02236,AG045,Travel,East,2024-01-31,2025-01-30,3105,93150,Active
POL004768,CUST00718,AG042,Motor,East,2026-01-11,2027-01-11,22217,1377454,Renewed
POL004769,CUST00556,AG044,Home,North,2025-07-28,2026-07-28,41036,3447024,Cancelled
POL004770,CUST00737,AG063,Home,South,2026-06-23,2027-06-23,16599,1112133,Expired
POL004771,CUST00283,AG111,Motor,East,2024-06-18,2025-06-18,16012,560420,Cancelled
POL004772,CUST00958,AG070,Home,East,2025-03-11,2026-03-11,55725,2229000,Renewed
POL004773,CUST01906,AG057,Travel,West,2025-11-08,2026-11-08,15390,1215810,Active
POL004774,CUST01234,AG051,Commercial Property,East,2026-01-28,2027-01-28,786577,48767774,Renewed
POL004775,CUST02829,AG083,Marine,North,2024-03-21,2025-03-21,161095,14176360,Renewed
POL004776,CUST00649,AG079,Commercial Property,West,2025-01-06,2026-01-06,876944,31569984,Lapsed
POL004777,CUST00080,AG042,Motor,West,2024-06-15,2025-06-15,36476,1823800,Lapsed
POL004778,CUST01975,AG109,Motor,North,2025-09-18,2026-09-18,10596,847680,Lapsed
POL004779,CUST01953,AG082,Home,North,2024-12-19,2025-12-19,62510,3250520,Active
POL004780,CUST00232,AG094,Commercial Property,West,2024-12-26,2025-12-26,383150,32567750,Active
POL004781,CUST01945,AG112,Commercial Property,South,2025-03-05,2026-03-05,218712,11591736,Cancelled
POL004782,CUST00657,AG057,Marine,East,2025-12-10,2026-12-10,94342,8113412,Renewed
POL004783,CUST00311,AG059,Commercial Property,South,2024-03-24,2025-03-24,905227,53408393,Active
POL004784,CUST01069,AG017,Travel,West,2024-06-29,2025-06-29,19935,398700,Renewed
POL004785,CUST00678,AG025,Motor,South,2025-12-06,2026-12-06,35958,2768766,Renewed
POL004786,CUST02231,AG064,Motor,South,2024-07-24,2025-07-24,25784,2217424,Renewed
POL004787,CUST00338,AG021,Commercial Property,North,2024-05-11,2025-05-11,234737,16666327,Expired
POL004788,CUST00709,AG116,Marine,North,2025-02-26,2026-02-26,145371,10030599,Expired
POL004789,CUST01718,AG017,Home,East,2025-02-03,2026-02-03,47835,4018140,Cancelled
POL004790,CUST02049,AG033,Marine,South,2024-10-31,2025-10-31,68047,1565081,Active
POL004791,CUST00763,AG006,Home,East,2025-03-23,2026-03-23,11825,1087900,Active
POL004792,CUST01195,AG062,Commercial Property,South,2024-10-25,2025-10-25,210937,20882763,Renewed
POL004793,CUST00400,AG063,Travel,West,2025-06-11,2026-06-11,1852,75932,Lapsed
POL004794,CUST00873,AG063,Marine,North,2024-01-17,2025-01-16,144668,10560764,Lapsed
POL004795,CUST02440,AG095,Marine,North,2024-06-28,2025-06-28,191181,13000308,Renewed
POL004796,CUST00629,AG001,Commercial Property,North,2026-04-06,2027-04-06,703942,59835070,Cancelled
POL004797,CUST02335,AG034,Commercial Property,West,2024-07-17,2025-07-17,145615,3640375,Cancelled
POL004798,CUST01033,AG007,Travel,East,2024-12-28,2025-12-28,8015,256480,Active
POL004799,CUST00571,AG111,Travel,East,2026-03-03,2027-03-03,16526,1041138,Renewed
POL004800,CUST01018,AG115,Marine,North,2025-04-20,2026-04-20,65796,2302860,Expired
POL004801,CUST02336,AG104,Home,West,2025-03-13,2026-03-13,32433,2140578,Cancelled
POL004802,CUST00543,AG043,Motor,South,2023-12-27,2024-12-26,5875,305500,Renewed
POL004803,CUST02732,AG063,Travel,West,2025-02-21,2026-02-21,13293,1143198,Expired
POL004804,CUST02227,AG001,Commercial Property,North,2025-11-11,2026-11-11,261352,18555992,Renewed
POL004805,CUST02845,AG075,Home,West,2026-06-20,2027-06-20,48731,1169544,Renewed
POL004806,CUST01599,AG036,Home,West,2025-08-21,2026-08-21,19129,1683352,Active
POL004807,CUST01028,AG004,Home,West,2025-07-04,2026-07-04,26724,1149132,Lapsed
POL004808,CUST02141,AG036,Motor,East,2024-10-14,2025-10-14,30056,2735096,Cancelled
POL004809,CUST01344,AG092,Motor,East,2025-09-29,2026-09-29,16770,1190670,Active
POL004810,CUST01998,AG099,Home,South,2025-09-03,2026-09-03,31364,1819112,Lapsed
POL004811,CUST00190,AG045,Travel,South,2025-12-27,2026-12-27,18705,1646040,Cancelled
POL004812,CUST01382,AG086,Travel,North,2024-08-31,2025-08-31,9613,317229,Renewed
POL004813,CUST00269,AG113,Marine,South,2026-02-09,2027-02-09,62074,1489776,Lapsed
POL004814,CUST01028,AG058,Marine,East,2026-01-31,2027-01-31,189085,17963075,Renewed
POL004815,CUST02915,AG078,Motor,South,2026-02-04,2027-02-04,32645,3166565,Renewed
POL004816,CUST01937,AG076,Marine,East,2026-02-20,2027-02-20,103893,9973728,Renewed
POL004817,CUST00177,AG080,Commercial Property,North,2026-07-10,2027-07-10,715785,50820735,Cancelled
POL004818,CUST01241,AG091,Motor,North,2024-06-06,2025-06-06,38251,3060080,Expired
POL004819,CUST01323,AG038,Home,North,2025-04-02,2026-04-02,49972,2998320,Renewed
POL004820,CUST02613,AG102,Marine,West,2024-03-04,2025-03-04,124025,7813575,Cancelled
POL004821,CUST02946,AG030,Commercial Property,South,2026-05-25,2027-05-25,347352,14241432,Renewed
POL004822,CUST00616,AG061,Marine,East,2026-06-21,2027-06-21,104345,8138910,Active
POL004823,CUST02556,AG073,Motor,East,2025-11-16,2026-11-16,30088,2647744,Active
POL004824,CUST00185,AG072,Commercial Property,North,2024-09-01,2025-09-01,77800,4745800,Cancelled
POL004825,CUST01638,AG088,Travel,South,2024-11-20,2025-11-20,14404,1022684,Cancelled
POL004826,CUST02845,AG106,Commercial Property,South,2024-05-18,2025-05-18,394923,34753224,Expired
POL004827,CUST02382,AG032,Commercial Property,South,2026-01-09,2027-01-09,326216,12722424,Cancelled
POL004828,CUST00033,AG120,Marine,East,2025-05-10,2026-05-10,185197,12963790,Renewed
POL004829,CUST00360,AG005,Travel,East,2024-10-03,2025-10-03,15695,1443940,Active
POL004830,CUST00688,AG096,Motor,South,2023-08-21,2024-08-20,10401,759273,Renewed
POL004831,CUST02095,AG106,Travel,North,2025-09-28,2026-09-28,17650,1253150,Cancelled
POL004832,CUST01696,AG045,Marine,North,2026-08-04,2027-08-04,149546,2990920,Expired
POL004833,CUST00546,AG105,Commercial Property,East,2024-01-29,2025-01-28,211616,19680288,Active
POL004834,CUST00641,AG062,Marine,South,2025-07-05,2026-07-05,139670,4050430,Lapsed
POL004835,CUST01183,AG018,Travel,West,2026-05-20,2027-05-20,13319,1291943,Expired
POL004836,CUST01944,AG113,Home,North,2024-05-15,2025-05-15,61750,1543750,Active
POL004837,CUST00906,AG038,Travel,West,2025-04-26,2026-04-26,1646,149786,Renewed
POL004838,CUST02243,AG098,Marine,North,2024-10-05,2025-10-05,104787,4715415,Active
POL004839,CUST02452,AG064,Home,South,2024-11-16,2025-11-16,15555,1057740,Expired
POL004840,CUST02611,AG029,Motor,West,2025-08-15,2026-08-15,23790,1831830,Cancelled
POL004841,CUST01673,AG089,Motor,East,2023-08-09,2024-08-08,11976,826344,Lapsed
POL004842,CUST00536,AG057,Commercial Property,South,2025-10-24,2026-10-24,729245,63444315,Renewed
POL004843,CUST01474,AG047,Motor,South,2024-11-22,2025-11-22,39455,2564575,Active
POL004844,CUST00332,AG034,Motor,South,2026-01-12,2027-01-12,9350,888250,Lapsed
POL004845,CUST00970,AG001,Marine,South,2025-05-08,2026-05-08,108311,3249330,Lapsed
POL004846,CUST02555,AG111,Travel,East,2024-04-24,2025-04-24,2903,165471,Cancelled
POL004847,CUST00561,AG005,Marine,North,2026-03-15,2027-03-15,58748,2702408,Lapsed
POL004848,CUST02602,AG055,Commercial Property,West,2024-06-10,2025-06-10,308884,6795448,Cancelled
POL004849,CUST01173,AG053,Home,North,2025-12-05,2026-12-05,68145,6064905,Renewed
POL004850,CUST00248,AG068,Commercial Property,West,2024-09-08,2025-09-08,991508,55524448,Lapsed
POL004851,CUST01776,AG091,Travel,East,2024-04-30,2025-04-30,11851,1019186,Renewed
POL004852,CUST01091,AG037,Home,South,2024-04-25,2025-04-25,48457,1550624,Renewed
POL004853,CUST02460,AG094,Motor,North,2024-02-21,2025-02-20,27753,1054614,Lapsed
POL004854,CUST02784,AG067,Home,West,2026-04-05,2027-04-05,38515,3196745,Expired
POL004855,CUST02359,AG086,Home,East,2024-09-21,2025-09-21,58955,3655210,Active
POL004856,CUST00096,AG006,Travel,East,2025-03-12,2026-03-12,16225,957275,Lapsed
POL004857,CUST01019,AG113,Home,North,2025-10-28,2026-10-28,33607,1377887,Cancelled
POL004858,CUST00960,AG020,Marine,South,2025-02-24,2026-02-24,100470,7032900,Expired
POL004859,CUST00864,AG059,Home,East,2025-09-20,2026-09-20,35893,1794650,Expired
POL004860,CUST01978,AG047,Home,North,2025-05-13,2026-05-13,25043,575989,Expired
POL004861,CUST01292,AG089,Commercial Property,North,2025-10-02,2026-10-02,617735,25327135,Active
POL004862,CUST00081,AG036,Home,West,2024-10-09,2025-10-09,63363,3421602,Expired
POL004863,CUST02380,AG076,Home,North,2025-04-17,2026-04-17,58036,2901800,Cancelled
POL004864,CUST01656,AG065,Motor,West,2025-03-10,2026-03-10,6293,358701,Lapsed
POL004865,CUST00667,AG045,Travel,East,2024-12-09,2025-12-09,10934,470162,Renewed
POL004866,CUST02840,AG056,Travel,West,2023-10-11,2024-10-10,11995,683715,Cancelled
POL004867,CUST02470,AG027,Home,South,2026-03-17,2027-03-17,40354,1533452,Cancelled
POL004868,CUST00767,AG098,Home,West,2024-09-26,2025-09-26,28456,1195152,Active
POL004869,CUST02086,AG102,Travel,West,2024-07-16,2025-07-16,6724,221892,Cancelled
POL004870,CUST00090,AG094,Commercial Property,West,2025-09-28,2026-09-28,832989,39983472,Cancelled
POL004871,CUST01039,AG007,Travel,West,2026-04-16,2027-04-16,4938,281466,Lapsed
POL004872,CUST02009,AG044,Home,West,2026-07-21,2027-07-21,32577,2084928,Expired
POL004873,CUST02664,AG056,Home,West,2025-08-06,2026-08-06,49399,2321753,Active
POL004874,CUST01766,AG046,Travel,East,2023-11-15,2024-11-14,15877,920866,Renewed
POL004875,CUST02005,AG029,Commercial Property,North,2024-08-29,2025-08-29,647671,14896433,Expired
POL004876,CUST02771,AG089,Travel,East,2023-10-25,2024-10-24,9792,577728,Expired
POL004877,CUST02557,AG003,Commercial Property,South,2026-03-20,2027-03-20,170019,13261482,Cancelled
POL004878,CUST01447,AG047,Motor,East,2025-07-09,2026-07-09,30941,990112,Active
POL004879,CUST02482,AG112,Travel,East,2025-01-29,2026-01-29,14153,962404,Active
POL004880,CUST00295,AG094,Motor,East,2025-02-01,2026-02-01,39587,3325308,Renewed
POL004881,CUST01699,AG065,Home,West,2024-12-12,2025-12-12,61978,2912966,Active
POL004882,CUST01599,AG007,Marine,West,2025-03-04,2026-03-04,88371,5920857,Active
POL004883,CUST01089,AG032,Motor,West,2024-09-04,2025-09-04,36552,2266224,Expired
POL004884,CUST02384,AG094,Travel,South,2024-05-09,2025-05-09,15663,313260,Expired
POL004885,CUST02856,AG061,Home,South,2024-04-02,2025-04-02,54286,2768586,Expired
POL004886,CUST00984,AG104,Marine,West,2023-08-22,2024-08-21,56723,1361352,Expired
POL004887,CUST00335,AG057,Marine,North,2023-09-05,2024-09-04,85869,3177153,Active
POL004888,CUST02835,AG050,Motor,East,2026-04-21,2027-04-21,30893,2409654,Active
POL004889,CUST01210,AG047,Motor,West,2023-09-02,2024-09-01,18712,1852488,Expired
POL004890,CUST01816,AG001,Motor,North,2025-02-15,2026-02-15,19571,1820103,Lapsed
POL004891,CUST02668,AG109,Travel,South,2025-10-14,2026-10-14,8732,192104,Cancelled
POL004892,CUST01978,AG015,Marine,North,2024-05-19,2025-05-19,127942,11642722,Renewed
POL004893,CUST00362,AG038,Home,East,2024-09-24,2025-09-24,34806,2157972,Expired
POL004894,CUST00093,AG105,Commercial Property,East,2025-12-19,2026-12-19,868983,66042708,Lapsed
POL004895,CUST00222,AG023,Marine,East,2024-01-19,2025-01-18,106312,3827232,Expired
POL004896,CUST02270,AG007,Travel,West,2024-04-26,2025-04-26,5247,388278,Renewed
POL004897,CUST02977,AG094,Travel,South,2026-05-05,2027-05-05,7289,408184,Cancelled
POL004898,CUST01803,AG063,Marine,East,2024-04-17,2025-04-17,174337,10111546,Expired
POL004899,CUST01134,AG038,Motor,North,2024-02-17,2025-02-16,17600,792000,Renewed
POL004900,CUST02978,AG045,Motor,North,2024-11-02,2025-11-02,39002,2106108,Expired
POL004901,CUST01869,AG017,Home,West,2025-05-13,2026-05-13,30125,1777375,Lapsed
POL004902,CUST00108,AG024,Travel,South,2026-05-10,2027-05-10,8246,354578,Renewed
POL004903,CUST00943,AG067,Travel,East,2025-10-13,2026-10-13,1240,64480,Renewed
POL004904,CUST02024,AG113,Motor,South,2025-12-16,2026-12-16,36248,2972336,Cancelled
POL004905,CUST00185,AG005,Home,South,2024-10-15,2025-10-15,59681,3521179,Active
POL004906,CUST02777,AG106,Home,South,2024-03-06,2025-03-06,16707,1486923,Renewed
POL004907,CUST00135,AG102,Home,East,2025-03-04,2026-03-04,68248,1774448,Expired
POL004908,CUST01547,AG054,Motor,East,2025-02-17,2026-02-17,31959,2940228,Cancelled
POL004909,CUST00291,AG078,Home,West,2024-08-13,2025-08-13,41276,3838668,Renewed
POL004910,CUST01292,AG093,Commercial Property,East,2024-06-18,2025-06-18,358026,21839586,Expired
POL004911,CUST01292,AG075,Home,West,2024-08-19,2025-08-19,40592,2394928,Expired
POL004912,CUST02693,AG051,Commercial Property,South,2025-11-21,2026-11-21,600865,19828545,Renewed
POL004913,CUST02098,AG104,Travel,West,2024-03-28,2025-03-28,7054,169296,Lapsed
POL004914,CUST00706,AG038,Motor,North,2024-11-10,2025-11-10,27227,2641019,Renewed
POL004915,CUST00290,AG119,Travel,North,2025-02-12,2026-02-12,19804,1049612,Active
POL004916,CUST00744,AG119,Travel,East,2025-10-23,2026-10-23,12579,930846,Renewed
POL004917,CUST00821,AG066,Marine,North,2026-04-15,2027-04-15,79151,4036701,Cancelled
POL004918,CUST01237,AG086,Marine,West,2026-07-07,2027-07-07,168182,16145472,Cancelled
POL004919,CUST02888,AG114,Travel,East,2025-06-07,2026-06-07,6030,283410,Active
POL004920,CUST01749,AG058,Commercial Property,East,2023-10-14,2024-10-13,645141,46450152,Cancelled
POL004921,CUST00895,AG030,Travel,North,2025-10-31,2026-10-31,18962,1099796,Cancelled
POL004922,CUST02999,AG095,Motor,East,2025-09-15,2026-09-15,30027,1381242,Lapsed
POL004923,CUST01173,AG083,Commercial Property,South,2024-12-20,2025-12-20,896660,86079360,Expired
POL004924,CUST00196,AG067,Travel,South,2025-02-02,2026-02-02,6228,298944,Active
POL004925,CUST01080,AG100,Motor,West,2024-05-25,2025-05-25,38730,2982210,Lapsed
POL004926,CUST02179,AG012,Travel,West,2024-06-24,2025-06-24,15991,511712,Renewed
POL004927,CUST01614,AG097,Commercial Property,East,2025-02-25,2026-02-25,200031,19403007,Renewed
POL004928,CUST02950,AG074,Motor,West,2025-05-30,2026-05-30,8727,794157,Renewed
POL004929,CUST00265,AG075,Marine,North,2024-08-18,2025-08-18,91268,8579192,Lapsed
POL004930,CUST00691,AG050,Marine,East,2025-01-21,2026-01-21,52022,1560660,Cancelled
POL004931,CUST00336,AG022,Home,South,2025-04-22,2026-04-22,28335,1161735,Lapsed
POL004932,CUST00967,AG045,Marine,South,2025-03-24,2026-03-24,166692,12835284,Cancelled
POL004933,CUST02386,AG119,Home,North,2024-11-25,2025-11-25,10427,437934,Cancelled
POL004934,CUST01470,AG034,Travel,North,2025-10-07,2026-10-07,18762,1726104,Lapsed
POL004935,CUST01372,AG007,Travel,South,2023-08-29,2024-08-28,4283,364055,Active
POL004936,CUST00530,AG095,Motor,West,2025-10-07,2026-10-07,33668,3164792,Cancelled
POL004937,CUST01587,AG035,Travel,North,2025-05-19,2026-05-19,2509,97851,Lapsed
POL004938,CUST02183,AG065,Home,South,2026-01-14,2027-01-14,45256,3710992,Renewed
POL004939,CUST00720,AG011,Commercial Property,North,2023-10-20,2024-10-19,129549,5052411,Expired
POL004940,CUST02047,AG006,Marine,West,2023-09-27,2024-09-26,177877,12451390,Expired
POL004941,CUST02917,AG102,Travel,South,2024-09-15,2025-09-15,13823,635858,Renewed
POL004942,CUST00237,AG091,Motor,North,2025-08-10,2026-08-10,21107,1287527,Renewed
POL004943,CUST02038,AG094,Motor,West,2025-02-10,2026-02-10,15597,1044999,Cancelled
POL004944,CUST01045,AG053,Commercial Property,West,2024-02-05,2025-02-04,501550,17554250,Cancelled
POL004945,CUST02960,AG006,Travel,East,2025-08-21,2026-08-21,12549,439215,Renewed
POL004946,CUST01364,AG030,Travel,East,2025-02-08,2026-02-08,18259,675583,Cancelled
POL004947,CUST00930,AG083,Commercial Property,West,2023-08-14,2024-08-13,93200,6524000,Active
POL004948,CUST02220,AG119,Commercial Property,South,2026-02-11,2027-02-11,872755,61092850,Active
POL004949,CUST00818,AG058,Marine,West,2024-11-15,2025-11-15,69616,6056592,Active
POL004950,CUST01319,AG069,Home,West,2024-06-15,2025-06-15,38625,3437625,Active
POL004951,CUST01030,AG108,Travel,East,2024-07-15,2025-07-15,5803,417816,Cancelled
POL004952,CUST02828,AG050,Marine,East,2025-10-19,2026-10-19,133797,6154662,Renewed
POL004953,CUST02703,AG104,Home,North,2026-07-08,2027-07-08,68059,2518183,Expired
POL004954,CUST00946,AG063,Home,North,2025-04-16,2026-04-16,57506,5520576,Lapsed
POL004955,CUST02306,AG092,Commercial Property,South,2023-08-09,2024-08-08,517640,24329080,Renewed
POL004956,CUST01833,AG107,Motor,North,2024-10-02,2025-10-02,16431,1511652,Expired
POL004957,CUST02460,AG017,Travel,West,2024-08-27,2025-08-27,3647,346465,Lapsed
POL004958,CUST00060,AG096,Home,South,2023-12-16,2024-12-15,12451,697256,Cancelled
POL004959,CUST02966,AG120,Travel,East,2026-02-11,2027-02-11,11546,923680,Cancelled
POL004960,CUST00551,AG026,Commercial Property,North,2024-04-11,2025-04-11,614716,44259552,Lapsed
POL004961,CUST00919,AG012,Travel,East,2024-11-10,2025-11-10,15176,758800,Lapsed
POL004962,CUST00964,AG118,Motor,North,2024-08-21,2025-08-21,19293,1446975,Renewed
POL004963,CUST02758,AG053,Home,West,2025-08-08,2026-08-08,27606,800574,Lapsed
POL004964,CUST00442,AG065,Marine,East,2023-10-26,2024-10-25,195536,6648224,Active
POL004965,CUST00673,AG120,Motor,West,2024-01-15,2025-01-14,23904,1195200,Active
POL004966,CUST00862,AG083,Commercial Property,West,2024-10-22,2025-10-22,659134,25047092,Active
POL004967,CUST00649,AG030,Motor,North,2024-07-16,2025-07-16,38939,1479682,Expired
POL004968,CUST02560,AG114,Travel,East,2023-10-28,2024-10-27,2134,125906,Cancelled
POL004969,CUST01104,AG033,Motor,North,2026-02-20,2027-02-20,38354,1495806,Cancelled
POL004970,CUST02032,AG065,Home,West,2024-03-18,2025-03-18,17087,1059394,Lapsed
POL004971,CUST00535,AG065,Marine,West,2023-11-10,2024-11-09,60709,2671196,Active
POL004972,CUST01197,AG083,Motor,North,2025-06-26,2026-06-26,29522,1476100,Lapsed
POL004973,CUST00625,AG109,Travel,South,2024-05-09,2025-05-09,1922,111476,Expired
POL004974,CUST00230,AG118,Marine,North,2024-11-05,2025-11-05,122247,8312796,Expired
POL004975,CUST01918,AG101,Travel,East,2026-06-12,2027-06-12,18962,1422150,Lapsed
POL004976,CUST02185,AG057,Commercial Property,West,2024-01-21,2025-01-20,714528,30724704,Lapsed
POL004977,CUST02906,AG070,Travel,South,2024-01-30,2025-01-29,17135,1713500,Active
POL004978,CUST02980,AG020,Motor,North,2024-09-27,2025-09-27,25224,1614336,Lapsed
POL004979,CUST01961,AG053,Home,South,2024-01-10,2025-01-09,33356,3035396,Expired
POL004980,CUST00108,AG006,Marine,North,2026-08-02,2027-08-02,59842,3530678,Lapsed
POL004981,CUST01530,AG108,Travel,North,2024-01-30,2025-01-29,19478,486950,Lapsed
POL004982,CUST00204,AG098,Marine,East,2026-06-02,2027-06-02,23766,1330896,Renewed
POL004983,CUST01808,AG043,Home,North,2023-10-15,2024-10-14,62314,2243304,Renewed
POL004984,CUST00474,AG030,Home,South,2025-06-07,2026-06-07,65132,3191468,Expired
POL004985,CUST01968,AG096,Marine,North,2025-12-10,2026-12-10,39373,3189213,Active
POL004986,CUST00571,AG026,Motor,South,2025-12-07,2026-12-07,20643,1279866,Active
POL004987,CUST01516,AG061,Travel,South,2024-06-27,2025-06-27,3709,96434,Lapsed
POL004988,CUST00393,AG049,Commercial Property,South,2026-04-03,2027-04-03,326684,10453888,Cancelled
POL004989,CUST02654,AG091,Home,East,2024-07-25,2025-07-25,22407,1882188,Lapsed
POL004990,CUST01173,AG084,Home,East,2024-01-21,2025-01-20,51536,3762128,Cancelled
POL004991,CUST00181,AG086,Home,South,2025-06-14,2026-06-14,11699,737037,Lapsed
POL004992,CUST01406,AG001,Motor,North,2024-06-23,2025-06-23,28614,2146050,Expired
POL004993,CUST02444,AG103,Commercial Property,South,2023-09-20,2024-09-19,819358,78658368,Cancelled
POL004994,CUST00976,AG028,Commercial Property,North,2023-09-04,2024-09-03,255342,7149576,Expired
POL004995,CUST02259,AG044,Commercial Property,South,2026-03-16,2027-03-16,472553,12758931,Expired
POL004996,CUST02895,AG039,Home,North,2023-08-30,2024-08-29,9182,762106,Lapsed
POL004997,CUST01147,AG051,Home,West,2025-09-30,2026-09-30,12280,749080,Active
POL004998,CUST01781,AG015,Commercial Property,South,2026-07-25,2027-07-25,317398,31739800,Expired
POL004999,CUST01125,AG003,Motor,North,2025-08-25,2026-08-25,22390,447800,Renewed
POL005000,CUST00128,AG072,Travel,North,2025-06-11,2026-06-11,4276,205248,Active
POL005001,CUST00832,AG023,Travel,South,2024-08-12,2025-08-12,19509,624288,Cancelled
POL005002,CUST01313,AG026,Marine,South,2024-06-26,2025-06-26,181653,5994549,Renewed
POL005003,CUST00095,AG115,Marine,South,2026-07-14,2027-07-14,68478,1780428,Active
POL005004,CUST02184,AG030,Home,East,2025-01-19,2026-01-19,40375,2543625,Active
POL005005,CUST02749,AG068,Motor,South,2026-07-29,2027-07-29,14527,1380065,Renewed
POL005006,CUST01419,AG011,Marine,West,2023-09-11,2024-09-10,88468,8846800,Lapsed
POL005007,CUST01236,AG075,Motor,South,2025-11-24,2026-11-24,33430,1236910,Lapsed
POL005008,CUST01170,AG063,Commercial Property,East,2024-10-28,2025-10-28,967847,76459913,Lapsed
POL005009,CUST01417,AG048,Home,West,2024-08-30,2025-08-30,48116,1443480,Cancelled
POL005010,CUST00947,AG002,Travel,North,2024-07-11,2025-07-11,7184,409488,Expired
POL005011,CUST00586,AG089,Marine,East,2024-04-11,2025-04-11,168669,11638161,Lapsed
POL005012,CUST00457,AG034,Travel,East,2026-05-06,2027-05-06,17137,1713700,Active
POL005013,CUST02815,AG102,Home,North,2024-12-04,2025-12-04,9318,186360,Expired
POL005014,CUST02014,AG045,Commercial Property,North,2025-06-14,2026-06-14,63068,4225556,Lapsed
POL005015,CUST02073,AG040,Travel,West,2023-12-26,2024-12-25,8043,450408,Expired
POL005016,CUST01453,AG003,Motor,East,2024-10-15,2025-10-15,18977,1613045,Expired
POL005017,CUST01615,AG011,Home,South,2026-03-21,2027-03-21,49629,2431821,Renewed
POL005018,CUST00588,AG117,Motor,East,2026-04-05,2027-04-05,38777,3179714,Active
POL005019,CUST02188,AG040,Marine,West,2024-01-09,2025-01-08,109975,8248125,Lapsed
POL005020,CUST00684,AG026,Travel,South,2026-03-17,2027-03-17,7857,683559,Expired
POL005021,CUST00576,AG062,Home,South,2024-12-17,2025-12-17,11968,682176,Active
POL005022,CUST00740,AG034,Home,West,2025-07-27,2026-07-27,30469,2010954,Lapsed
POL005023,CUST02080,AG013,Motor,South,2025-07-15,2026-07-15,20442,1717128,Cancelled
POL005024,CUST00966,AG085,Marine,North,2024-05-05,2025-05-05,198703,17088458,Lapsed
POL005025,CUST02369,AG006,Home,West,2024-03-18,2025-03-18,39986,3798670,Lapsed
POL005026,CUST00827,AG106,Marine,East,2024-06-08,2025-06-08,160023,6080874,Cancelled
POL005027,CUST00389,AG030,Motor,West,2023-09-30,2024-09-29,14816,696352,Cancelled
POL005028,CUST00692,AG111,Marine,West,2025-01-14,2026-01-14,84814,5173654,Cancelled
POL005029,CUST01087,AG015,Marine,West,2025-06-27,2026-06-27,185245,12040925,Renewed
POL005030,CUST00554,AG019,Travel,North,2024-05-06,2025-05-06,9248,406912,Lapsed
POL005031,CUST00431,AG082,Travel,West,2023-08-26,2024-08-25,12982,688046,Active
POL005032,CUST01299,AG085,Commercial Property,North,2026-03-16,2027-03-16,341613,26304201,Cancelled
POL005033,CUST00073,AG063,Marine,West,2025-10-08,2026-10-08,172438,12760412,Expired
POL005034,CUST00945,AG064,Home,West,2023-09-16,2024-09-15,35228,1197752,Expired
POL005035,CUST02658,AG111,Motor,East,2023-11-14,2024-11-13,30830,832410,Lapsed
POL005036,CUST01608,AG028,Marine,South,2026-07-08,2027-07-08,65013,2535507,Expired
POL005037,CUST01153,AG062,Motor,North,2026-04-13,2027-04-13,16607,880171,Cancelled
POL005038,CUST00589,AG013,Commercial Property,South,2025-06-24,2026-06-24,391560,27800760,Active
POL005039,CUST01869,AG104,Commercial Property,South,2024-12-08,2025-12-08,670921,36900655,Active
POL005040,CUST01948,AG104,Commercial Property,South,2023-11-27,2024-11-26,343213,32948448,Expired
POL005041,CUST00431,AG095,Marine,South,2023-10-16,2024-10-15,122121,7449381,Cancelled
POL005042,CUST00333,AG068,Home,West,2025-07-13,2026-07-13,62467,5497096,Lapsed
POL005043,CUST00268,AG075,Home,West,2026-06-27,2027-06-27,12031,372961,Renewed
POL005044,CUST02634,AG059,Travel,West,2024-07-22,2025-07-22,4943,380611,Cancelled
POL005045,CUST00731,AG004,Commercial Property,East,2026-01-07,2027-01-07,552418,30382990,Cancelled
POL005046,CUST00415,AG090,Home,South,2024-11-18,2025-11-18,55929,4194675,Expired
POL005047,CUST01677,AG085,Travel,West,2024-09-11,2025-09-11,9017,234442,Renewed
POL005048,CUST00852,AG091,Home,North,2023-11-21,2024-11-20,38520,1810440,Lapsed
POL005049,CUST02570,AG047,Commercial Property,North,2024-04-29,2025-04-29,746589,54500997,Expired
POL005050,CUST00424,AG095,Commercial Property,South,2023-08-27,2024-08-26,631039,43541691,Expired
POL005051,CUST01447,AG109,Travel,West,2026-06-01,2027-06-01,4838,478962,Renewed
POL005052,CUST00009,AG005,Home,East,2024-06-03,2025-06-03,59168,5857632,Cancelled
POL005053,CUST00959,AG110,Travel,East,2026-04-15,2027-04-15,6363,451773,Active
POL005054,CUST01823,AG074,Travel,West,2024-06-12,2025-06-12,2329,83844,Lapsed
POL005055,CUST01752,AG030,Travel,West,2024-06-10,2025-06-10,17053,1688247,Renewed
POL005056,CUST00047,AG003,Travel,South,2025-07-29,2026-07-29,8821,679217,Cancelled
POL005057,CUST00468,AG091,Marine,North,2023-09-08,2024-09-07,190690,8581050,Lapsed
POL005058,CUST02229,AG083,Home,North,2025-07-03,2026-07-03,12347,444492,Active
POL005059,CUST02974,AG069,Travel,North,2023-10-21,2024-10-20,17466,1240086,Active
POL005060,CUST01069,AG006,Commercial Property,South,2024-12-20,2025-12-20,497104,20381264,Lapsed
POL005061,CUST01233,AG038,Motor,South,2024-12-12,2025-12-12,6712,463128,Renewed
POL005062,CUST01774,AG051,Motor,West,2025-08-18,2026-08-18,26348,1897056,Expired
POL005063,CUST02231,AG104,Travel,East,2023-09-12,2024-09-11,10788,938556,Expired
POL005064,CUST02551,AG074,Home,South,2025-01-29,2026-01-29,52141,1824935,Expired
POL005065,CUST01497,AG058,Travel,North,2024-01-25,2025-01-24,19874,1510424,Cancelled
POL005066,CUST01073,AG008,Home,West,2026-05-27,2027-05-27,62929,4908462,Active
POL005067,CUST01098,AG109,Marine,East,2026-06-15,2027-06-15,32603,2249607,Cancelled
POL005068,CUST01931,AG015,Home,West,2024-09-06,2025-09-06,54978,4618152,Lapsed
POL005069,CUST02928,AG015,Motor,West,2025-12-31,2026-12-31,31855,796375,Active
POL005070,CUST00191,AG007,Motor,West,2026-02-17,2027-02-17,35868,1506456,Expired
POL005071,CUST00536,AG028,Motor,North,2024-09-21,2025-09-21,21381,1817385,Expired
POL005072,CUST02468,AG040,Home,South,2023-10-25,2024-10-24,28943,926176,Expired
POL005073,CUST00095,AG022,Marine,East,2024-12-12,2025-12-12,186034,12278244,Cancelled
POL005074,CUST01650,AG043,Motor,East,2026-02-02,2027-02-02,11940,632820,Cancelled
POL005075,CUST01703,AG092,Home,East,2024-04-07,2025-04-07,14392,1410416,Lapsed
POL005076,CUST02456,AG084,Home,West,2026-04-05,2027-04-05,63580,2670360,Renewed
POL005077,CUST02988,AG085,Home,West,2026-03-18,2027-03-18,52330,2302520,Active
POL005078,CUST00727,AG066,Marine,South,2026-01-26,2027-01-26,46518,3907512,Cancelled
POL005079,CUST02449,AG074,Commercial Property,East,2024-07-18,2025-07-18,484678,43621020,Active
POL005080,CUST01057,AG039,Commercial Property,South,2024-06-03,2025-06-03,112782,10601508,Active
POL005081,CUST01737,AG070,Travel,North,2026-02-05,2027-02-05,14835,1453830,Active
POL005082,CUST02453,AG013,Travel,West,2025-04-11,2026-04-11,1841,69958,Renewed
POL005083,CUST02047,AG043,Travel,North,2026-01-11,2027-01-11,18739,543431,Lapsed
POL005084,CUST02366,AG058,Commercial Property,East,2023-11-11,2024-11-10,927709,24120434,Expired
POL005085,CUST00126,AG033,Commercial Property,West,2024-07-05,2025-07-05,53365,1654315,Cancelled
POL005086,CUST01233,AG016,Home,South,2026-05-03,2027-05-03,55764,1171044,Cancelled
POL005087,CUST02853,AG112,Home,South,2024-07-30,2025-07-30,69064,6215760,Renewed
POL005088,CUST02302,AG063,Marine,West,2025-04-19,2026-04-19,69800,6072600,Active
POL005089,CUST01167,AG057,Commercial Property,South,2026-01-14,2027-01-14,116693,6534808,Renewed
POL005090,CUST02902,AG081,Travel,East,2025-10-16,2026-10-16,11377,591604,Active
POL005091,CUST01147,AG029,Marine,West,2025-02-12,2026-02-12,69776,2721264,Active
POL005092,CUST01895,AG036,Commercial Property,West,2025-05-02,2026-05-02,169691,4411966,Expired
POL005093,CUST01110,AG016,Marine,South,2024-07-03,2025-07-03,107077,8244929,Expired
POL005094,CUST02009,AG104,Travel,South,2024-06-09,2025-06-09,19512,1209744,Cancelled
POL005095,CUST02737,AG120,Motor,South,2024-03-07,2025-03-07,16931,558723,Cancelled
POL005096,CUST02419,AG020,Motor,South,2025-11-23,2026-11-23,13617,517446,Active
POL005097,CUST02868,AG006,Home,South,2026-04-23,2027-04-23,10000,470000,Lapsed
POL005098,CUST00143,AG053,Travel,North,2026-04-14,2027-04-14,10788,399156,Lapsed
POL005099,CUST01513,AG106,Travel,South,2025-11-11,2026-11-11,5529,187986,Lapsed
POL005100,CUST02558,AG093,Travel,South,2025-08-21,2026-08-21,13571,678550,Active
POL005101,CUST02990,AG092,Travel,North,2024-08-23,2025-08-23,14931,851067,Lapsed
POL005102,CUST02171,AG108,Travel,West,2025-11-08,2026-11-08,4132,111564,Renewed
POL005103,CUST00146,AG090,Commercial Property,East,2026-07-26,2027-07-26,160529,15410784,Cancelled
POL005104,CUST01601,AG061,Home,North,2026-07-27,2027-07-27,64140,5772600,Cancelled
POL005105,CUST00535,AG078,Commercial Property,West,2026-07-29,2027-07-29,168953,6420214,Lapsed
POL005106,CUST02580,AG086,Commercial Property,North,2023-11-18,2024-11-17,627719,38290859,Expired
POL005107,CUST00177,AG104,Marine,West,2025-12-31,2026-12-31,113767,9556428,Cancelled
POL005108,CUST02590,AG100,Marine,East,2025-08-18,2026-08-18,108055,2701375,Renewed
POL005109,CUST02110,AG068,Commercial Property,North,2025-10-22,2026-10-22,548131,48783659,Lapsed
POL005110,CUST00159,AG019,Commercial Property,East,2025-06-14,2026-06-14,464823,32072787,Lapsed
POL005111,CUST02318,AG068,Motor,East,2025-09-19,2026-09-19,25150,2338950,Lapsed
POL005112,CUST00795,AG007,Motor,South,2023-12-26,2024-12-25,5058,445104,Lapsed
POL005113,CUST00831,AG050,Motor,East,2024-07-02,2025-07-02,20062,1584898,Renewed
POL005114,CUST01448,AG030,Motor,East,2025-07-18,2026-07-18,14246,1267894,Cancelled
POL005115,CUST00919,AG019,Motor,South,2025-07-04,2026-07-04,34417,2305939,Expired
POL005116,CUST01066,AG099,Home,South,2024-11-30,2025-11-30,42082,925804,Cancelled
POL005117,CUST00399,AG017,Motor,West,2025-05-08,2026-05-08,16324,555016,Active
POL005118,CUST01436,AG002,Marine,East,2026-03-06,2027-03-06,189607,7205066,Cancelled
POL005119,CUST02188,AG012,Travel,North,2023-12-10,2024-12-09,13742,274840,Renewed
POL005120,CUST00061,AG080,Motor,South,2025-05-08,2026-05-08,36590,3659000,Cancelled
POL005121,CUST02022,AG023,Motor,East,2024-03-30,2025-03-30,30805,831735,Cancelled
POL005122,CUST01163,AG039,Motor,South,2023-10-21,2024-10-20,16666,366652,Active
POL005123,CUST02622,AG114,Home,North,2025-07-17,2026-07-17,44422,2043412,Cancelled
POL005124,CUST00134,AG011,Home,West,2026-04-04,2027-04-04,25949,1037960,Lapsed
POL005125,CUST02197,AG112,Motor,East,2024-06-11,2025-06-11,20651,1528174,Renewed
POL005126,CUST02500,AG104,Travel,West,2025-03-10,2026-03-10,14086,1183224,Expired
POL005127,CUST01157,AG067,Travel,South,2024-09-30,2025-09-30,2139,68448,Renewed
POL005128,CUST02444,AG001,Commercial Property,East,2026-06-01,2027-06-01,741808,64537296,Renewed
POL005129,CUST00233,AG101,Motor,North,2025-03-18,2026-03-18,24943,2494300,Expired
POL005130,CUST00948,AG012,Travel,South,2025-11-10,2026-11-10,16124,951316,Renewed
POL005131,CUST02119,AG094,Marine,South,2025-03-03,2026-03-03,27553,1157226,Expired
POL005132,CUST02568,AG093,Home,East,2026-04-26,2027-04-26,48909,2885631,Renewed
POL005133,CUST02423,AG092,Travel,South,2025-02-10,2026-02-10,6143,251863,Lapsed
POL005134,CUST01612,AG010,Home,North,2026-02-03,2027-02-03,23106,1987116,Renewed
POL005135,CUST00613,AG117,Commercial Property,East,2025-03-11,2026-03-11,667075,51364775,Cancelled
POL005136,CUST02146,AG022,Marine,North,2025-11-12,2026-11-12,126604,8609072,Active
POL005137,CUST00290,AG020,Travel,North,2025-06-21,2026-06-21,18115,1141245,Lapsed
POL005138,CUST02456,AG057,Motor,South,2024-07-25,2025-07-25,25974,1402596,Renewed
POL005139,CUST00603,AG035,Travel,North,2023-11-09,2024-11-08,2910,96030,Cancelled
POL005140,CUST01619,AG008,Home,West,2023-09-27,2024-09-26,32589,1694628,Renewed
POL005141,CUST01252,AG060,Marine,South,2026-06-21,2027-06-21,27096,1896720,Renewed
POL005142,CUST02167,AG027,Motor,East,2024-04-02,2025-04-02,19280,1523120,Cancelled
POL005143,CUST01935,AG094,Travel,West,2025-06-12,2026-06-12,8348,676188,Expired
POL005144,CUST02834,AG010,Marine,South,2026-03-18,2027-03-18,146532,6154344,Lapsed
POL005145,CUST00433,AG021,Travel,West,2024-06-16,2025-06-16,5738,315590,Lapsed
POL005146,CUST02069,AG010,Commercial Property,West,2024-05-28,2025-05-28,740719,69627586,Cancelled
POL005147,CUST00370,AG093,Motor,West,2024-01-31,2025-01-30,12980,272580,Cancelled
POL005148,CUST02135,AG120,Motor,West,2025-12-13,2026-12-13,35946,2516220,Lapsed
POL005149,CUST00305,AG050,Marine,North,2024-06-08,2025-06-08,61868,3959552,Renewed
POL005150,CUST00105,AG044,Commercial Property,South,2024-10-18,2025-10-18,241216,12784448,Active
POL005151,CUST01227,AG060,Marine,South,2025-08-31,2026-08-31,146746,11886426,Active
POL005152,CUST00981,AG025,Motor,West,2025-09-09,2026-09-09,29597,2012596,Expired
POL005153,CUST00854,AG104,Travel,North,2024-01-10,2025-01-09,19343,1547440,Lapsed
POL005154,CUST01207,AG111,Commercial Property,East,2023-10-26,2024-10-25,393684,18896832,Cancelled
POL005155,CUST02318,AG104,Motor,South,2025-03-17,2026-03-17,6254,456542,Expired
POL005156,CUST00161,AG008,Commercial Property,East,2026-04-26,2027-04-26,406035,22331925,Cancelled
POL005157,CUST01530,AG072,Motor,North,2025-08-23,2026-08-23,31159,2648515,Active
POL005158,CUST02621,AG084,Commercial Property,East,2025-03-25,2026-03-25,657320,55214880,Active
POL005159,CUST00691,AG015,Marine,South,2025-02-16,2026-02-16,118213,3901029,Renewed
POL005160,CUST02208,AG078,Commercial Property,West,2026-02-08,2027-02-08,907767,39033981,Lapsed
POL005161,CUST01780,AG111,Motor,East,2023-08-22,2024-08-21,38154,3624630,Active
POL005162,CUST00771,AG050,Travel,North,2024-12-19,2025-12-19,19100,592100,Active
POL005163,CUST02619,AG109,Marine,South,2026-05-18,2027-05-18,119051,7024009,Cancelled
POL005164,CUST00954,AG038,Commercial Property,South,2024-02-09,2025-02-08,104994,3989772,Renewed
POL005165,CUST00265,AG014,Travel,East,2025-11-22,2026-11-22,15229,944198,Cancelled
POL005166,CUST02752,AG008,Travel,North,2026-06-20,2027-06-20,13546,907582,Renewed
POL005167,CUST02232,AG021,Commercial Property,West,2024-04-29,2025-04-29,543887,53844813,Renewed
POL005168,CUST02217,AG093,Motor,East,2025-05-18,2026-05-18,35872,825056,Expired
POL005169,CUST00459,AG106,Travel,West,2025-12-26,2026-12-26,7629,724755,Lapsed
POL005170,CUST01947,AG038,Travel,East,2025-01-28,2026-01-28,5997,401799,Renewed
POL005171,CUST01212,AG106,Marine,East,2026-01-17,2027-01-17,164960,9567680,Expired
POL005172,CUST01244,AG048,Commercial Property,North,2023-08-17,2024-08-16,161516,12759764,Lapsed
POL005173,CUST02594,AG055,Marine,East,2023-09-27,2024-09-26,164944,12700688,Lapsed
POL005174,CUST00344,AG025,Commercial Property,West,2024-10-13,2025-10-13,495004,10890088,Expired
POL005175,CUST00370,AG051,Home,South,2024-06-27,2025-06-27,65192,6519200,Lapsed
POL005176,CUST02144,AG060,Marine,West,2026-04-30,2027-04-30,171477,11831913,Cancelled
POL005177,CUST00329,AG087,Commercial Property,West,2024-09-07,2025-09-07,609119,49338639,Cancelled
POL005178,CUST02353,AG116,Home,East,2023-10-16,2024-10-15,46072,4561128,Renewed
POL005179,CUST00894,AG106,Marine,North,2025-10-24,2026-10-24,147255,8246280,Cancelled
POL005180,CUST00415,AG114,Motor,West,2024-03-08,2025-03-08,8267,570423,Expired
POL005181,CUST01864,AG101,Travel,West,2026-07-01,2027-07-01,6326,531384,Expired
POL005182,CUST00267,AG073,Home,South,2025-12-25,2026-12-25,32856,2365632,Lapsed
POL005183,CUST00518,AG114,Home,East,2026-04-10,2027-04-10,35552,888800,Active
POL005184,CUST01518,AG055,Travel,West,2026-06-23,2027-06-23,16029,1506726,Active
POL005185,CUST02767,AG099,Marine,West,2025-09-16,2026-09-16,61335,5826825,Cancelled
POL005186,CUST00112,AG063,Marine,East,2025-03-01,2026-03-01,120102,3963366,Cancelled
POL005187,CUST00680,AG071,Motor,North,2025-05-21,2026-05-21,33280,2063360,Expired
POL005188,CUST02678,AG066,Motor,North,2024-10-04,2025-10-04,22062,1566402,Lapsed
POL005189,CUST01577,AG119,Marine,South,2025-10-06,2026-10-06,53028,3393792,Lapsed
POL005190,CUST00556,AG082,Travel,West,2025-12-03,2026-12-03,10728,289656,Active
POL005191,CUST02939,AG049,Commercial Property,North,2024-09-23,2025-09-23,51337,4620330,Renewed
POL005192,CUST02151,AG061,Home,North,2024-03-31,2025-03-31,9798,225354,Lapsed
POL005193,CUST01981,AG014,Motor,West,2025-05-14,2026-05-14,30414,1155732,Expired
POL005194,CUST01628,AG104,Motor,East,2024-01-24,2025-01-23,30531,2015046,Lapsed
POL005195,CUST02236,AG105,Commercial Property,North,2024-05-02,2025-05-02,425353,14036649,Expired
POL005196,CUST01541,AG111,Travel,West,2026-04-07,2027-04-07,2262,63336,Active
POL005197,CUST02339,AG119,Home,North,2025-09-24,2026-09-24,64215,4366620,Expired
POL005198,CUST02241,AG010,Commercial Property,East,2025-05-06,2026-05-06,605395,32691330,Renewed
POL005199,CUST01919,AG073,Motor,South,2025-12-23,2026-12-23,22043,1278494,Expired
POL005200,CUST01512,AG049,Marine,East,2025-06-25,2026-06-25,49596,3670104,Renewed
POL005201,CUST02391,AG120,Motor,West,2026-05-04,2027-05-04,17178,738654,Lapsed
POL005202,CUST01576,AG011,Marine,North,2023-10-05,2024-10-04,197131,4928275,Expired
POL005203,CUST01883,AG020,Home,North,2025-06-03,2026-06-03,30260,2057680,Renewed
POL005204,CUST02147,AG069,Motor,East,2025-07-04,2026-07-04,9960,468120,Active
POL005205,CUST01617,AG086,Commercial Property,North,2024-01-10,2025-01-09,141767,11341360,Expired
POL005206,CUST00136,AG012,Commercial Property,North,2023-08-14,2024-08-13,867467,78939497,Cancelled
POL005207,CUST00321,AG098,Commercial Property,North,2025-08-05,2026-08-05,166451,14980590,Renewed
POL005208,CUST00441,AG021,Travel,East,2025-06-10,2026-06-10,7087,602395,Renewed
POL005209,CUST00224,AG013,Marine,North,2024-09-10,2025-09-10,155345,14291740,Cancelled
POL005210,CUST01112,AG033,Commercial Property,South,2024-12-30,2025-12-30,774122,41028466,Active
POL005211,CUST00725,AG089,Travel,West,2026-05-16,2027-05-16,19797,712692,Expired
POL005212,CUST02214,AG050,Motor,West,2026-05-02,2027-05-02,30228,846384,Lapsed
POL005213,CUST00899,AG023,Home,South,2025-11-05,2026-11-05,60667,1759343,Active
POL005214,CUST01410,AG010,Travel,South,2025-06-19,2026-06-19,2986,253810,Expired
POL005215,CUST02156,AG064,Motor,North,2025-07-22,2026-07-22,32126,1092284,Expired
POL005216,CUST00804,AG020,Marine,South,2025-08-08,2026-08-08,100458,5324274,Expired
POL005217,CUST02330,AG099,Motor,East,2026-01-06,2027-01-06,35426,2373542,Lapsed
POL005218,CUST01964,AG108,Home,East,2026-03-13,2027-03-13,9686,900798,Expired
POL005219,CUST02521,AG069,Commercial Property,North,2023-11-12,2024-11-11,831307,24107903,Active
POL005220,CUST00742,AG090,Travel,South,2026-03-24,2027-03-24,16732,1254900,Active
POL005221,CUST02038,AG007,Travel,West,2024-07-14,2025-07-14,6927,270153,Expired
POL005222,CUST00400,AG003,Marine,North,2023-08-24,2024-08-23,63418,5580784,Expired
POL005223,CUST02906,AG029,Motor,South,2024-07-10,2025-07-10,17231,603085,Lapsed
POL005224,CUST02775,AG009,Home,East,2026-06-12,2027-06-12,59252,5095672,Lapsed
POL005225,CUST02409,AG060,Home,South,2024-08-09,2025-08-09,39572,1503736,Lapsed
POL005226,CUST00862,AG118,Commercial Property,West,2026-06-30,2027-06-30,126384,3159600,Cancelled
POL005227,CUST00093,AG095,Home,South,2025-05-19,2026-05-19,38738,3680110,Active
POL005228,CUST02942,AG059,Motor,West,2024-10-03,2025-10-03,35074,2735772,Active
POL005229,CUST01008,AG108,Commercial Property,West,2026-01-21,2027-01-21,441220,41915900,Lapsed
POL005230,CUST00502,AG111,Motor,South,2024-06-02,2025-06-02,39306,3065868,Cancelled
POL005231,CUST01152,AG022,Marine,East,2025-05-26,2026-05-26,172677,8288496,Expired
POL005232,CUST02074,AG047,Marine,East,2024-11-11,2025-11-11,117781,7302422,Active
POL005233,CUST02144,AG086,Motor,South,2024-10-31,2025-10-31,11778,906906,Cancelled
POL005234,CUST02762,AG106,Commercial Property,East,2025-11-23,2026-11-23,351379,24596530,Active
POL005235,CUST02032,AG064,Commercial Property,West,2024-06-26,2025-06-26,573678,35568036,Expired
POL005236,CUST01510,AG025,Commercial Property,North,2024-01-08,2025-01-07,285620,10282320,Cancelled
POL005237,CUST01750,AG020,Travel,North,2024-01-11,2025-01-10,4878,165852,Lapsed
POL005238,CUST00826,AG012,Commercial Property,West,2024-06-25,2025-06-25,658848,48095904,Lapsed
POL005239,CUST02518,AG003,Motor,East,2025-04-16,2026-04-16,9802,813566,Active
POL005240,CUST02359,AG112,Marine,East,2024-05-31,2025-05-31,177098,7615214,Expired
POL005241,CUST01962,AG084,Motor,West,2026-01-05,2027-01-05,32903,1776762,Lapsed
POL005242,CUST01901,AG016,Marine,South,2025-04-19,2026-04-19,90451,8683296,Expired
POL005243,CUST02376,AG004,Motor,West,2024-08-06,2025-08-06,24427,2125149,Renewed
POL005244,CUST00835,AG021,Marine,South,2025-03-19,2026-03-19,191423,10336842,Expired
POL005245,CUST02931,AG120,Marine,East,2026-01-18,2027-01-18,70009,5040648,Lapsed
POL005246,CUST01702,AG073,Marine,East,2024-03-04,2025-03-04,84146,4039008,Cancelled
POL005247,CUST00800,AG085,Marine,North,2023-08-21,2024-08-20,150097,12458051,Renewed
POL005248,CUST00495,AG065,Travel,South,2025-05-17,2026-05-17,19436,1652060,Lapsed
POL005249,CUST02559,AG055,Marine,South,2026-06-22,2027-06-22,49135,2948100,Renewed
POL005250,CUST01069,AG003,Marine,East,2025-05-08,2026-05-08,77137,3548302,Cancelled
POL005251,CUST01255,AG001,Travel,West,2026-02-13,2027-02-13,9728,710144,Renewed
POL005252,CUST00774,AG051,Commercial Property,East,2025-05-17,2026-05-17,590228,55481432,Expired
POL005253,CUST00717,AG015,Motor,North,2024-08-26,2025-08-26,9813,431772,Lapsed
POL005254,CUST00120,AG104,Commercial Property,South,2026-05-05,2027-05-05,778509,50603085,Renewed
POL005255,CUST02733,AG016,Marine,West,2026-05-20,2027-05-20,73200,5270400,Active
POL005256,CUST02984,AG119,Motor,West,2024-10-19,2025-10-19,9578,718350,Cancelled
POL005257,CUST01480,AG096,Motor,West,2024-07-14,2025-07-14,26799,777171,Lapsed
POL005258,CUST01451,AG005,Marine,North,2024-08-17,2025-08-17,149496,7474800,Active
POL005259,CUST00917,AG024,Commercial Property,East,2024-04-01,2025-04-01,456657,18722937,Lapsed
POL005260,CUST01670,AG106,Marine,East,2024-09-08,2025-09-08,78605,1572100,Expired
POL005261,CUST02351,AG085,Home,East,2023-12-23,2024-12-22,65112,2409144,Active
POL005262,CUST00084,AG020,Motor,South,2024-03-13,2025-03-13,9548,744744,Active
POL005263,CUST01087,AG059,Commercial Property,North,2026-05-03,2027-05-03,141800,14180000,Lapsed
POL005264,CUST00889,AG005,Travel,North,2024-01-18,2025-01-17,8969,852055,Cancelled
POL005265,CUST01090,AG026,Travel,West,2026-08-02,2027-08-02,12034,637802,Renewed
POL005266,CUST01651,AG108,Marine,East,2025-01-27,2026-01-27,180036,8281656,Renewed
POL005267,CUST02985,AG001,Home,South,2025-12-01,2026-12-01,69415,3748410,Renewed
POL005268,CUST02672,AG023,Motor,West,2025-07-24,2026-07-24,31543,2081838,Expired
POL005269,CUST01181,AG002,Motor,North,2025-07-29,2026-07-29,13240,264800,Active
POL005270,CUST02960,AG065,Motor,South,2026-06-16,2027-06-16,27541,908853,Lapsed
POL005271,CUST01711,AG084,Travel,East,2024-06-09,2025-06-09,12401,620050,Renewed
POL005272,CUST02702,AG061,Motor,West,2024-09-21,2025-09-21,7439,327316,Renewed
POL005273,CUST01316,AG045,Marine,North,2025-05-19,2026-05-19,117973,6252569,Renewed
POL005274,CUST01658,AG050,Home,South,2026-05-06,2027-05-06,52632,1263168,Active
POL005275,CUST00374,AG083,Commercial Property,West,2025-06-09,2026-06-09,653506,25486734,Renewed
POL005276,CUST01219,AG013,Motor,South,2024-04-29,2025-04-29,29479,2623631,Cancelled
POL005277,CUST01646,AG043,Commercial Property,East,2025-07-01,2026-07-01,684847,51363525,Active
POL005278,CUST01115,AG077,Commercial Property,East,2026-04-03,2027-04-03,752888,45173280,Renewed
POL005279,CUST00273,AG021,Commercial Property,West,2023-10-31,2024-10-30,970500,49495500,Cancelled
POL005280,CUST02509,AG004,Motor,North,2025-10-24,2026-10-24,10367,590919,Active
POL005281,CUST02942,AG104,Motor,East,2024-11-26,2025-11-26,6679,360666,Expired
POL005282,CUST00760,AG006,Motor,North,2025-12-18,2026-12-18,14685,1395075,Cancelled
POL005283,CUST01217,AG111,Home,East,2025-12-07,2026-12-07,20283,608490,Lapsed
POL005284,CUST01183,AG015,Commercial Property,East,2025-12-25,2026-12-25,271255,13562750,Renewed
POL005285,CUST02020,AG013,Home,South,2024-01-14,2025-01-13,55022,2586034,Renewed
POL005286,CUST02427,AG047,Motor,West,2025-10-17,2026-10-17,35562,1635852,Cancelled
POL005287,CUST02603,AG095,Home,East,2024-07-03,2025-07-03,28891,2860209,Lapsed
POL005288,CUST01725,AG119,Marine,North,2023-08-27,2024-08-26,47623,1238198,Cancelled
POL005289,CUST02215,AG066,Home,West,2024-11-01,2025-11-01,66320,3780240,Lapsed
POL005290,CUST01230,AG095,Travel,North,2026-04-06,2027-04-06,4894,190866,Cancelled
POL005291,CUST01990,AG074,Motor,West,2024-04-29,2025-04-29,17589,457314,Active
POL005292,CUST01754,AG026,Marine,East,2024-03-02,2025-03-02,163077,15166161,Cancelled
POL005293,CUST01314,AG115,Commercial Property,East,2025-10-24,2026-10-24,707920,30440560,Lapsed
POL005294,CUST01684,AG093,Travel,East,2024-06-16,2025-06-16,9330,783720,Active
POL005295,CUST01456,AG013,Commercial Property,East,2023-11-25,2024-11-24,106837,9294819,Expired
POL005296,CUST01073,AG082,Marine,East,2026-07-20,2027-07-20,140004,11480328,Active
POL005297,CUST00985,AG081,Motor,East,2023-08-21,2024-08-20,16626,748170,Renewed
POL005298,CUST00634,AG113,Commercial Property,South,2024-01-10,2025-01-09,87228,2878524,Active
POL005299,CUST02573,AG081,Motor,East,2025-01-31,2026-01-31,27664,2766400,Cancelled
POL005300,CUST02375,AG028,Travel,North,2023-11-07,2024-11-06,11039,242858,Lapsed
POL005301,CUST00510,AG054,Travel,West,2025-10-25,2026-10-25,11154,758472,Active
POL005302,CUST01069,AG046,Marine,East,2025-12-03,2026-12-03,69853,4400739,Cancelled
POL005303,CUST02460,AG081,Home,West,2023-12-25,2024-12-24,60785,2856895,Active
POL005304,CUST00167,AG028,Home,North,2025-06-16,2026-06-16,44393,3950977,Renewed
POL005305,CUST02046,AG101,Travel,South,2024-03-04,2025-03-04,15619,1421329,Lapsed
POL005306,CUST01706,AG111,Commercial Property,North,2025-04-03,2026-04-03,777274,53631906,Renewed
POL005307,CUST01313,AG005,Commercial Property,East,2025-04-27,2026-04-27,504601,48441696,Lapsed
POL005308,CUST00575,AG101,Home,South,2025-07-16,2026-07-16,12327,702639,Lapsed
POL005309,CUST02441,AG030,Motor,North,2025-02-08,2026-02-08,22658,1246190,Renewed
POL005310,CUST01155,AG032,Commercial Property,East,2024-11-15,2025-11-15,968239,91982705,Cancelled
POL005311,CUST01378,AG099,Home,West,2024-07-08,2025-07-08,32085,1572165,Cancelled
POL005312,CUST00748,AG108,Commercial Property,East,2025-12-28,2026-12-28,264403,12691344,Active
POL005313,CUST02689,AG069,Home,North,2024-03-24,2025-03-24,67824,4815504,Active
POL005314,CUST01492,AG047,Motor,West,2026-01-15,2027-01-15,20015,1300975,Active
POL005315,CUST00376,AG039,Marine,North,2024-07-28,2025-07-28,142283,5691320,Renewed
POL005316,CUST01956,AG098,Travel,South,2023-08-09,2024-08-08,14497,289940,Cancelled
POL005317,CUST00732,AG083,Motor,North,2025-07-03,2026-07-03,6040,422800,Cancelled
POL005318,CUST02155,AG076,Commercial Property,North,2025-05-28,2026-05-28,321217,20879105,Renewed
POL005319,CUST00880,AG012,Marine,South,2023-11-17,2024-11-16,148884,11315184,Renewed
POL005320,CUST01467,AG053,Commercial Property,North,2025-06-06,2026-06-06,233405,14937920,Renewed
POL005321,CUST01260,AG070,Home,South,2023-10-30,2024-10-29,20970,1887300,Lapsed
POL005322,CUST01028,AG023,Motor,North,2025-01-30,2026-01-30,6652,146344,Active
POL005323,CUST00545,AG048,Home,West,2023-09-23,2024-09-22,32608,3065152,Cancelled
POL005324,CUST02998,AG065,Travel,West,2026-04-22,2027-04-22,4183,246797,Lapsed
POL005325,CUST02586,AG020,Marine,South,2025-03-17,2026-03-17,65984,1913536,Lapsed
POL005326,CUST02308,AG109,Marine,North,2024-05-18,2025-05-18,143954,4462574,Expired
POL005327,CUST01207,AG098,Travel,West,2025-01-01,2026-01-01,14682,1394790,Lapsed
POL005328,CUST00520,AG058,Commercial Property,North,2025-01-01,2026-01-01,771265,74041440,Cancelled
POL005329,CUST01908,AG031,Motor,East,2024-12-01,2025-12-01,27964,1314308,Expired
POL005330,CUST01123,AG108,Motor,West,2024-01-12,2025-01-11,8043,329763,Lapsed
POL005331,CUST01827,AG081,Commercial Property,East,2024-07-25,2025-07-25,694906,34050394,Cancelled
POL005332,CUST01069,AG062,Marine,East,2023-11-29,2024-11-28,74929,3896308,Lapsed
POL005333,CUST00289,AG100,Travel,East,2024-09-14,2025-09-14,3722,249374,Expired
POL005334,CUST02182,AG010,Home,North,2024-03-25,2025-03-25,14113,564520,Expired
POL005335,CUST00952,AG019,Travel,West,2023-09-03,2024-09-02,19109,955450,Cancelled
POL005336,CUST00677,AG023,Motor,North,2024-06-18,2025-06-18,21148,1290028,Cancelled
POL005337,CUST01924,AG052,Commercial Property,East,2025-11-19,2026-11-19,133852,11912828,Active
POL005338,CUST00221,AG109,Motor,North,2024-05-26,2025-05-26,19063,1544103,Expired
POL005339,CUST01798,AG046,Motor,North,2023-11-29,2024-11-28,24171,1836996,Cancelled
POL005340,CUST00950,AG097,Marine,East,2024-11-03,2025-11-03,190430,8378920,Active
POL005341,CUST01607,AG048,Motor,West,2024-05-02,2025-05-02,27196,2094092,Lapsed
POL005342,CUST02606,AG087,Motor,East,2024-11-29,2025-11-29,9820,304420,Renewed
POL005343,CUST00218,AG115,Home,West,2024-06-06,2025-06-06,18103,615502,Renewed
POL005344,CUST02766,AG017,Motor,East,2026-01-26,2027-01-26,36700,3559900,Cancelled
POL005345,CUST01575,AG037,Marine,South,2026-01-11,2027-01-11,126285,7198245,Active
POL005346,CUST01332,AG093,Commercial Property,North,2023-12-30,2024-12-29,594233,28523184,Lapsed
POL005347,CUST00439,AG090,Motor,East,2024-07-09,2025-07-09,15453,1514394,Lapsed
POL005348,CUST00413,AG014,Motor,West,2024-11-14,2025-11-14,32915,2995265,Renewed
POL005349,CUST01069,AG089,Motor,West,2025-05-31,2026-05-31,39034,3669196,Active
POL005350,CUST00202,AG087,Travel,West,2023-10-19,2024-10-18,15207,1414251,Lapsed
POL005351,CUST00485,AG094,Travel,West,2025-10-13,2026-10-13,18529,1371146,Lapsed
POL005352,CUST02114,AG047,Home,North,2024-08-19,2025-08-19,44482,3514078,Lapsed
POL005353,CUST00342,AG086,Marine,North,2023-11-11,2024-11-10,108386,7261862,Active
POL005354,CUST00374,AG011,Travel,East,2025-06-19,2026-06-19,19124,1300432,Renewed
POL005355,CUST01313,AG015,Commercial Property,West,2025-11-20,2026-11-20,636674,33107048,Lapsed
POL005356,CUST01560,AG074,Travel,West,2024-01-19,2025-01-18,4281,256860,Cancelled
POL005357,CUST02812,AG050,Motor,South,2024-02-14,2025-02-13,17583,1600053,Expired
POL005358,CUST02602,AG082,Commercial Property,West,2025-03-02,2026-03-02,902668,88461464,Cancelled
POL005359,CUST01424,AG009,Travel,North,2026-07-19,2027-07-19,18924,1892400,Expired
POL005360,CUST01824,AG104,Home,East,2024-10-03,2025-10-03,19412,1708256,Lapsed
POL005361,CUST01907,AG051,Home,North,2025-05-20,2026-05-20,43209,1123434,Cancelled
POL005362,CUST02308,AG021,Motor,West,2026-02-12,2027-02-12,17056,665184,Cancelled
POL005363,CUST00023,AG093,Commercial Property,East,2025-09-19,2026-09-19,174547,16058324,Lapsed
POL005364,CUST00557,AG103,Marine,South,2025-06-24,2026-06-24,136623,3415575,Renewed
POL005365,CUST02365,AG064,Travel,West,2026-02-14,2027-02-14,1488,69936,Active
POL005366,CUST01047,AG048,Home,West,2025-08-17,2026-08-17,51656,1394712,Lapsed
POL005367,CUST00569,AG073,Commercial Property,South,2024-12-28,2025-12-28,910333,48247649,Lapsed
POL005368,CUST00611,AG075,Motor,West,2023-11-10,2024-11-09,8381,486098,Expired
POL005369,CUST02523,AG067,Travel,North,2024-08-09,2025-08-09,15810,363630,Active
POL005370,CUST02281,AG091,Marine,West,2024-04-20,2025-04-20,63673,2610593,Expired
POL005371,CUST00160,AG111,Commercial Property,West,2025-10-11,2026-10-11,549217,15378076,Cancelled
POL005372,CUST00182,AG119,Home,East,2026-01-29,2027-01-29,25529,919044,Lapsed
POL005373,CUST01933,AG084,Commercial Property,South,2025-01-16,2026-01-16,473585,25100005,Active
POL005374,CUST02036,AG004,Motor,South,2025-04-25,2026-04-25,27326,2595970,Lapsed
POL005375,CUST00972,AG100,Home,North,2025-06-06,2026-06-06,63968,3518240,Expired
POL005376,CUST00890,AG113,Motor,West,2026-07-17,2027-07-17,11857,296425,Cancelled
POL005377,CUST02609,AG046,Marine,East,2026-07-10,2027-07-10,164000,15744000,Lapsed
POL005378,CUST02260,AG088,Travel,East,2025-12-23,2026-12-23,10179,590382,Renewed
POL005379,CUST02201,AG052,Travel,East,2025-06-23,2026-06-23,6602,343304,Expired
POL005380,CUST02854,AG108,Marine,North,2024-01-15,2025-01-14,93049,7630018,Cancelled
POL005381,CUST01223,AG118,Home,West,2024-02-17,2025-02-16,61408,1596608,Renewed
POL005382,CUST00288,AG056,Travel,North,2025-12-08,2026-12-08,1835,44040,Active
POL005383,CUST02829,AG053,Home,East,2023-12-27,2024-12-26,62649,1628874,Renewed
POL005384,CUST02660,AG117,Travel,South,2025-04-21,2026-04-21,14100,564000,Renewed
POL005385,CUST02995,AG003,Home,North,2024-10-19,2025-10-19,44765,1790600,Active
POL005386,CUST00143,AG118,Travel,South,2026-03-21,2027-03-21,3220,305900,Expired
POL005387,CUST01217,AG001,Marine,East,2024-02-18,2025-02-17,173384,11096576,Renewed
POL005388,CUST00506,AG091,Commercial Property,West,2024-12-12,2025-12-12,831280,68164960,Expired
POL005389,CUST02150,AG111,Marine,West,2024-08-24,2025-08-24,148995,13558545,Lapsed
POL005390,CUST01595,AG019,Travel,North,2024-04-24,2025-04-24,11115,244530,Expired
POL005391,CUST02363,AG080,Travel,East,2023-08-22,2024-08-21,16582,480878,Renewed
POL005392,CUST00593,AG012,Travel,South,2026-06-28,2027-06-28,3425,109600,Cancelled
POL005393,CUST01559,AG106,Motor,West,2024-12-09,2025-12-09,10086,595074,Lapsed
POL005394,CUST00909,AG109,Home,North,2023-08-08,2024-08-07,11755,1081460,Cancelled
POL005395,CUST01220,AG063,Home,West,2025-05-24,2026-05-24,63741,1721007,Renewed
POL005396,CUST01824,AG103,Marine,South,2025-09-18,2026-09-18,53506,1712192,Renewed
POL005397,CUST00668,AG034,Marine,North,2024-09-14,2025-09-14,151331,5296585,Cancelled
POL005398,CUST00894,AG078,Home,East,2025-07-22,2026-07-22,36110,2924910,Active
POL005399,CUST00988,AG046,Commercial Property,North,2025-12-05,2026-12-05,267420,22195860,Cancelled
POL005400,CUST01658,AG059,Commercial Property,West,2024-09-01,2025-09-01,988093,64226045,Renewed
POL005401,CUST01047,AG074,Marine,West,2023-08-20,2024-08-19,118862,3684722,Expired
POL005402,CUST00871,AG022,Marine,North,2025-02-12,2026-02-12,173148,10042584,Expired
POL005403,CUST02875,AG018,Home,North,2026-07-15,2027-07-15,53983,3023048,Cancelled
POL005404,CUST01164,AG074,Home,North,2024-10-01,2025-10-01,34155,2903175,Expired
POL005405,CUST02532,AG072,Marine,North,2023-11-27,2024-11-26,151651,6672644,Renewed
POL005406,CUST02439,AG086,Marine,North,2025-10-19,2026-10-19,172372,5171160,Lapsed
POL005407,CUST00136,AG005,Home,West,2025-08-04,2026-08-04,31162,1900882,Renewed
POL005408,CUST02040,AG046,Commercial Property,South,2024-08-22,2025-08-22,101840,2444160,Lapsed
POL005409,CUST00859,AG117,Marine,North,2024-08-17,2025-08-17,91404,6855300,Cancelled
POL005410,CUST02776,AG072,Motor,South,2024-12-21,2025-12-21,24551,1522162,Lapsed
POL005411,CUST02860,AG108,Marine,North,2024-03-25,2025-03-25,46117,1475744,Cancelled
POL005412,CUST02489,AG089,Marine,East,2023-12-28,2024-12-27,65313,4963788,Active
POL005413,CUST00189,AG016,Travel,West,2025-10-28,2026-10-28,13421,1194469,Active
POL005414,CUST02747,AG032,Motor,West,2025-03-12,2026-03-12,5018,195702,Cancelled
POL005415,CUST02849,AG091,Home,South,2024-12-04,2025-12-04,12640,1251360,Active
POL005416,CUST01277,AG107,Travel,South,2026-05-28,2027-05-28,12073,1074497,Active
POL005417,CUST00729,AG049,Motor,North,2025-02-05,2026-02-05,24284,825656,Active
POL005418,CUST00856,AG070,Travel,South,2025-10-03,2026-10-03,5001,260052,Cancelled
POL005419,CUST00917,AG012,Motor,South,2024-01-09,2025-01-08,28758,1294110,Active
POL005420,CUST00811,AG033,Home,North,2024-10-01,2025-10-01,60646,4123928,Renewed
POL005421,CUST01371,AG030,Travel,South,2025-04-10,2026-04-10,6843,650085,Cancelled
POL005422,CUST02982,AG015,Marine,North,2023-11-13,2024-11-12,40153,1445508,Active
POL005423,CUST02536,AG026,Marine,East,2025-02-05,2026-02-05,138423,10243302,Active
POL005424,CUST02807,AG025,Motor,West,2025-03-26,2026-03-26,24413,1635671,Expired
POL005425,CUST01815,AG045,Home,South,2026-08-05,2027-08-05,67539,2296326,Lapsed
POL005426,CUST02193,AG019,Motor,North,2025-11-21,2026-11-21,34383,2166129,Cancelled
POL005427,CUST00578,AG026,Marine,South,2025-02-18,2026-02-18,166428,10484964,Lapsed
POL005428,CUST02878,AG095,Travel,North,2025-06-08,2026-06-08,7741,743136,Active
POL005429,CUST01583,AG102,Travel,South,2024-05-26,2025-05-26,18329,934779,Renewed
POL005430,CUST02466,AG095,Travel,West,2025-02-13,2026-02-13,8002,568142,Expired
POL005431,CUST01369,AG040,Commercial Property,West,2024-10-04,2025-10-04,531177,43556514,Active
POL005432,CUST02911,AG046,Motor,North,2025-02-16,2026-02-16,16900,1639300,Expired
POL005433,CUST00611,AG117,Commercial Property,South,2024-12-26,2025-12-26,586599,51620712,Lapsed
POL005434,CUST01204,AG007,Motor,East,2026-06-12,2027-06-12,32307,1356894,Lapsed
POL005435,CUST01150,AG070,Travel,East,2026-03-02,2027-03-02,1610,48300,Expired
POL005436,CUST01164,AG119,Home,East,2025-11-03,2026-11-03,42243,1520748,Expired
POL005437,CUST02425,AG032,Marine,North,2024-01-19,2025-01-18,155539,14776205,Expired
POL005438,CUST02224,AG091,Commercial Property,West,2026-06-21,2027-06-21,255871,9723098,Expired
POL005439,CUST02058,AG088,Commercial Property,North,2026-04-06,2027-04-06,782228,62578240,Cancelled
POL005440,CUST00787,AG085,Marine,East,2024-07-30,2025-07-30,198224,6937840,Lapsed
POL005441,CUST02446,AG113,Travel,West,2025-05-11,2026-05-11,16558,976922,Lapsed
POL005442,CUST00533,AG059,Motor,South,2026-01-13,2027-01-13,32016,2657328,Active
POL005443,CUST02964,AG030,Commercial Property,East,2025-01-29,2026-01-29,166029,11788059,Cancelled
POL005444,CUST02222,AG065,Marine,West,2023-12-31,2024-12-30,171636,9611616,Cancelled
POL005445,CUST00816,AG012,Motor,North,2024-10-04,2025-10-04,21762,2067390,Renewed
POL005446,CUST02797,AG085,Motor,West,2024-10-28,2025-10-28,14382,1236852,Cancelled
POL005447,CUST00120,AG034,Marine,South,2025-01-25,2026-01-25,187542,12377772,Cancelled
POL005448,CUST00475,AG021,Commercial Property,North,2025-10-04,2026-10-04,440670,14542110,Renewed
POL005449,CUST02974,AG096,Marine,East,2026-06-19,2027-06-19,118100,5786900,Renewed
POL005450,CUST01879,AG006,Marine,North,2025-05-08,2026-05-08,143023,5720920,Expired
POL005451,CUST02088,AG024,Travel,North,2024-03-24,2025-03-24,13346,453764,Expired
POL005452,CUST02528,AG081,Motor,South,2026-01-03,2027-01-03,29125,2213500,Lapsed
POL005453,CUST00614,AG034,Marine,North,2024-04-15,2025-04-15,67717,1625208,Cancelled
POL005454,CUST02328,AG086,Marine,West,2023-09-14,2024-09-13,115226,11407374,Lapsed
POL005455,CUST01798,AG062,Commercial Property,East,2025-04-12,2026-04-12,691088,16586112,Expired
POL005456,CUST01167,AG018,Marine,East,2026-07-26,2027-07-26,103798,4151920,Active
POL005457,CUST02367,AG015,Marine,East,2024-12-16,2025-12-16,138535,5957005,Lapsed
POL005458,CUST02814,AG031,Commercial Property,West,2024-05-13,2025-05-13,759003,59202234,Active
POL005459,CUST00305,AG057,Travel,South,2025-03-15,2026-03-15,1115,33450,Lapsed
POL005460,CUST02439,AG114,Marine,East,2025-07-20,2026-07-20,132766,8895322,Active
POL005461,CUST01937,AG035,Travel,West,2023-08-21,2024-08-20,14865,1352715,Renewed
POL005462,CUST02634,AG003,Home,West,2025-01-26,2026-01-26,61515,2891205,Renewed
POL005463,CUST01581,AG081,Travel,South,2025-08-29,2026-08-29,2766,235110,Renewed
POL005464,CUST01367,AG029,Motor,West,2024-04-25,2025-04-25,26860,752080,Lapsed
POL005465,CUST02077,AG066,Commercial Property,West,2025-12-12,2026-12-12,245442,19635360,Renewed
POL005466,CUST00043,AG032,Motor,West,2026-07-23,2027-07-23,15281,871017,Active
POL005467,CUST00966,AG048,Motor,East,2024-01-30,2025-01-29,16310,505610,Renewed
POL005468,CUST00084,AG078,Motor,East,2025-02-22,2026-02-22,34157,2766717,Active
POL005469,CUST00712,AG088,Travel,East,2026-05-02,2027-05-02,3352,204472,Expired
POL005470,CUST01370,AG024,Marine,West,2023-11-17,2024-11-16,105159,5573427,Active
POL005471,CUST00262,AG015,Home,West,2023-12-09,2024-12-08,11527,564823,Active
POL005472,CUST01777,AG082,Commercial Property,South,2024-09-25,2025-09-25,855742,84718458,Cancelled
POL005473,CUST00225,AG107,Motor,East,2024-11-21,2025-11-21,13350,1201500,Lapsed
POL005474,CUST01571,AG050,Travel,North,2025-12-31,2026-12-31,8105,640295,Active
POL005475,CUST01407,AG092,Commercial Property,North,2023-11-13,2024-11-12,105573,2850471,Renewed
POL005476,CUST00730,AG071,Marine,North,2023-12-29,2024-12-28,43097,2370335,Active
POL005477,CUST00828,AG117,Motor,East,2026-05-20,2027-05-20,23379,2010594,Lapsed
POL005478,CUST00600,AG111,Home,East,2025-05-14,2026-05-14,14635,834195,Renewed
POL005479,CUST02906,AG011,Motor,East,2023-12-12,2024-12-11,28481,797468,Expired
POL005480,CUST01700,AG094,Marine,North,2026-07-10,2027-07-10,164757,14828130,Lapsed
POL005481,CUST00715,AG061,Home,West,2025-10-21,2026-10-21,43358,2167900,Lapsed
POL005482,CUST02933,AG119,Home,West,2024-05-11,2025-05-11,43794,3153168,Lapsed
POL005483,CUST00212,AG078,Marine,East,2026-01-04,2027-01-04,184977,8693919,Active
POL005484,CUST02316,AG014,Commercial Property,East,2025-07-31,2026-07-31,396449,17047307,Expired
POL005485,CUST00892,AG001,Commercial Property,East,2025-11-25,2026-11-25,696752,55043408,Lapsed
POL005486,CUST02442,AG084,Marine,East,2024-12-22,2025-12-22,151653,4094631,Expired
POL005487,CUST01269,AG084,Home,North,2024-12-16,2025-12-16,61513,4244397,Cancelled
POL005488,CUST01024,AG057,Motor,South,2025-05-08,2026-05-08,32650,2350800,Lapsed
POL005489,CUST02848,AG083,Motor,North,2026-03-08,2027-03-08,38468,1846464,Renewed
POL005490,CUST00014,AG066,Commercial Property,North,2025-05-29,2026-05-29,531339,28692306,Cancelled
POL005491,CUST01663,AG061,Marine,East,2024-08-28,2025-08-28,80372,2973764,Active
POL005492,CUST01117,AG047,Motor,East,2025-03-15,2026-03-15,9971,358956,Renewed
POL005493,CUST01229,AG104,Marine,South,2025-12-09,2026-12-09,109504,8212800,Expired
POL005494,CUST02135,AG084,Motor,North,2025-04-28,2026-04-28,5450,436000,Renewed
POL005495,CUST00656,AG023,Marine,North,2026-04-12,2027-04-12,140023,11761932,Cancelled
POL005496,CUST01455,AG037,Marine,West,2024-05-13,2025-05-13,93122,8194736,Lapsed
POL005497,CUST02915,AG109,Motor,North,2025-05-31,2026-05-31,37260,1080540,Lapsed
POL005498,CUST00363,AG013,Commercial Property,North,2025-01-21,2026-01-21,309071,6490491,Expired
POL005499,CUST01353,AG070,Marine,South,2023-10-03,2024-10-02,103467,6208020,Active
POL005500,CUST00082,AG064,Marine,North,2025-01-08,2026-01-08,91848,4867944,Renewed
POL005501,CUST00334,AG014,Travel,South,2024-02-16,2025-02-15,18096,1574352,Lapsed
POL005502,CUST02729,AG099,Home,North,2024-09-17,2025-09-17,36785,3421005,Cancelled
POL005503,CUST02836,AG057,Marine,West,2024-06-09,2025-06-09,57774,4564146,Renewed
POL005504,CUST01529,AG114,Commercial Property,West,2023-08-27,2024-08-26,930867,50266818,Lapsed
POL005505,CUST02244,AG082,Travel,West,2026-07-09,2027-07-09,1248,99840,Expired
POL005506,CUST00479,AG020,Travel,South,2024-05-05,2025-05-05,12821,435914,Renewed
POL005507,CUST02820,AG024,Travel,South,2025-11-10,2026-11-10,18119,1467639,Expired
POL005508,CUST01627,AG070,Marine,South,2025-06-18,2026-06-18,35396,2159156,Cancelled
POL005509,CUST02159,AG074,Marine,West,2026-06-23,2027-06-23,191532,11874984,Lapsed
POL005510,CUST00940,AG025,Commercial Property,South,2024-10-07,2025-10-07,753850,18092400,Cancelled
POL005511,CUST01228,AG089,Marine,South,2025-04-22,2026-04-22,178596,15716448,Cancelled
POL005512,CUST01699,AG022,Travel,East,2024-10-28,2025-10-28,10280,544840,Active
POL005513,CUST02969,AG085,Marine,East,2026-05-06,2027-05-06,76551,5282019,Cancelled
POL005514,CUST01805,AG076,Motor,West,2024-02-14,2025-02-13,8602,189244,Cancelled
POL005515,CUST02757,AG051,Travel,East,2024-05-23,2025-05-23,2281,50182,Cancelled
POL005516,CUST00540,AG093,Commercial Property,North,2026-08-04,2027-08-04,839207,76367837,Lapsed
POL005517,CUST01798,AG104,Motor,West,2024-03-16,2025-03-16,8416,319808,Cancelled
POL005518,CUST02300,AG089,Home,North,2023-12-05,2024-12-04,29594,2249144,Renewed
POL005519,CUST01604,AG120,Home,South,2023-12-18,2024-12-17,62695,4764820,Expired
POL005520,CUST01331,AG092,Marine,East,2025-08-08,2026-08-08,134377,3225048,Active
POL005521,CUST02916,AG038,Commercial Property,East,2024-09-14,2025-09-14,120681,8326989,Cancelled
POL005522,CUST00586,AG057,Motor,West,2024-11-05,2025-11-05,37528,1050784,Lapsed
POL005523,CUST01717,AG061,Marine,South,2026-04-14,2027-04-14,146646,3959442,Lapsed
POL005524,CUST01791,AG033,Travel,South,2025-11-11,2026-11-11,3218,286402,Cancelled
POL005525,CUST01336,AG071,Marine,West,2023-10-11,2024-10-10,77348,2397788,Lapsed
POL005526,CUST00146,AG039,Travel,South,2024-06-06,2025-06-06,8474,423700,Renewed
POL005527,CUST02636,AG094,Home,East,2025-03-19,2026-03-19,45166,4381102,Expired
POL005528,CUST01557,AG022,Motor,East,2025-05-24,2026-05-24,10261,574616,Active
POL005529,CUST01781,AG088,Marine,West,2026-06-06,2027-06-06,27266,763448,Lapsed
POL005530,CUST00609,AG074,Marine,North,2023-09-03,2024-09-02,158726,14126614,Renewed
POL005531,CUST00071,AG086,Marine,South,2025-08-12,2026-08-12,49570,1437530,Lapsed
POL005532,CUST01901,AG039,Motor,West,2025-12-30,2026-12-30,28795,1295775,Renewed
POL005533,CUST02706,AG085,Motor,South,2023-09-14,2024-09-13,27240,1879560,Active
POL005534,CUST02925,AG021,Commercial Property,North,2024-05-26,2025-05-26,904071,25313988,Expired
POL005535,CUST00185,AG088,Motor,South,2024-01-26,2025-01-25,18915,1305135,Active
POL005536,CUST00931,AG060,Home,South,2026-07-09,2027-07-09,46625,3683375,Cancelled
POL005537,CUST00565,AG005,Travel,East,2024-08-14,2025-08-14,11093,898533,Expired
POL005538,CUST02394,AG039,Marine,East,2024-06-12,2025-06-12,149834,4495020,Expired
POL005539,CUST00639,AG092,Home,North,2024-12-03,2025-12-03,64655,2392235,Cancelled
POL005540,CUST01398,AG111,Marine,East,2024-05-24,2025-05-24,52838,1532302,Cancelled
POL005541,CUST01292,AG068,Motor,South,2025-01-03,2026-01-03,30692,2301900,Active
POL005542,CUST01425,AG055,Home,South,2024-09-10,2025-09-10,68799,2201568,Expired
POL005543,CUST00573,AG027,Motor,North,2024-09-16,2025-09-16,13116,957468,Renewed
POL005544,CUST01518,AG093,Commercial Property,North,2024-05-05,2025-05-05,827280,82728000,Expired
POL005545,CUST00123,AG074,Home,North,2025-06-05,2026-06-05,13019,1171710,Expired
POL005546,CUST02463,AG084,Motor,West,2025-10-02,2026-10-02,18976,531328,Expired
POL005547,CUST02090,AG020,Commercial Property,North,2025-10-18,2026-10-18,68748,6256068,Lapsed
POL005548,CUST01302,AG119,Travel,North,2023-11-09,2024-11-08,7682,660652,Renewed
POL005549,CUST02224,AG068,Home,South,2024-11-12,2025-11-12,41127,3166779,Renewed
POL005550,CUST02028,AG073,Commercial Property,West,2024-02-10,2025-02-09,633513,16471338,Expired
POL005551,CUST02688,AG045,Marine,East,2026-01-02,2027-01-02,91664,8524752,Lapsed
POL005552,CUST01933,AG004,Travel,East,2026-03-24,2027-03-24,7087,269306,Lapsed
POL005553,CUST02624,AG034,Motor,West,2024-11-30,2025-11-30,29421,2647890,Lapsed
POL005554,CUST02362,AG071,Commercial Property,North,2024-11-25,2025-11-25,617156,28389176,Renewed
POL005555,CUST02087,AG049,Home,North,2023-10-03,2024-10-02,66691,4868443,Lapsed
POL005556,CUST01033,AG114,Motor,East,2023-12-03,2024-12-02,8543,538209,Cancelled
POL005557,CUST00706,AG117,Marine,South,2025-10-22,2026-10-22,168553,12304369,Expired
POL005558,CUST02743,AG010,Home,East,2024-10-13,2025-10-13,52720,1528880,Renewed
POL005559,CUST02704,AG055,Marine,West,2025-03-12,2026-03-12,42774,2951406,Cancelled
POL005560,CUST00504,AG007,Commercial Property,East,2024-07-22,2025-07-22,543453,44019693,Active
POL005561,CUST02699,AG028,Travel,North,2026-03-25,2027-03-25,6763,426069,Lapsed
POL005562,CUST01442,AG023,Travel,North,2025-05-28,2026-05-28,18072,759024,Lapsed
POL005563,CUST01112,AG069,Marine,North,2025-03-04,2026-03-04,76223,6478955,Cancelled
POL005564,CUST01324,AG057,Commercial Property,West,2025-09-15,2026-09-15,348027,20881620,Renewed
POL005565,CUST02860,AG087,Travel,South,2024-11-15,2025-11-15,15209,319389,Active
POL005566,CUST01455,AG079,Commercial Property,West,2024-07-19,2025-07-19,494574,11869776,Renewed
POL005567,CUST01219,AG120,Travel,East,2025-04-23,2026-04-23,8046,160920,Lapsed
POL005568,CUST02847,AG087,Travel,North,2024-06-20,2025-06-20,1973,88785,Expired
POL005569,CUST00550,AG088,Home,East,2026-01-03,2027-01-03,56911,4666702,Cancelled
POL005570,CUST00961,AG096,Commercial Property,West,2026-01-05,2027-01-05,423482,22021064,Active
POL005571,CUST01359,AG096,Home,West,2024-01-18,2025-01-17,62147,5344642,Cancelled
POL005572,CUST00189,AG057,Home,West,2025-08-29,2026-08-29,67168,5776448,Cancelled
POL005573,CUST00578,AG005,Travel,West,2025-10-01,2026-10-01,10218,684606,Cancelled
POL005574,CUST02092,AG023,Home,North,2024-01-19,2025-01-18,13917,1113360,Expired
POL005575,CUST00377,AG037,Travel,South,2024-02-26,2025-02-25,17689,1627388,Renewed
POL005576,CUST00518,AG060,Travel,East,2023-09-26,2024-09-25,17485,524550,Cancelled
POL005577,CUST02206,AG072,Motor,South,2025-11-07,2026-11-07,12208,451696,Renewed
POL005578,CUST00955,AG048,Travel,South,2024-03-30,2025-03-30,9622,740894,Active
POL005579,CUST01912,AG037,Commercial Property,West,2023-09-30,2024-09-29,292105,18110510,Renewed
POL005580,CUST01865,AG077,Motor,East,2025-06-23,2026-06-23,34304,1543680,Active
POL005581,CUST01737,AG057,Commercial Property,North,2023-10-02,2024-10-01,249394,21198490,Active
POL005582,CUST00899,AG057,Home,North,2026-06-14,2027-06-14,31238,1593138,Lapsed
POL005583,CUST00422,AG033,Commercial Property,West,2025-06-11,2026-06-11,760937,47939031,Lapsed
POL005584,CUST00618,AG032,Commercial Property,West,2024-08-11,2025-08-11,254112,17025504,Lapsed
POL005585,CUST01314,AG097,Motor,West,2025-03-10,2026-03-10,20880,1315440,Cancelled
POL005586,CUST00278,AG104,Commercial Property,East,2026-01-11,2027-01-11,207233,4144660,Lapsed
POL005587,CUST02909,AG001,Commercial Property,West,2026-01-14,2027-01-14,477193,13361404,Lapsed
POL005588,CUST02382,AG073,Travel,West,2026-04-05,2027-04-05,19753,849379,Renewed
POL005589,CUST02127,AG077,Commercial Property,South,2026-07-29,2027-07-29,659823,16495575,Lapsed
POL005590,CUST00961,AG090,Travel,South,2026-06-25,2027-06-25,19889,1014339,Lapsed
POL005591,CUST00534,AG036,Motor,North,2026-02-11,2027-02-11,12086,241720,Lapsed
POL005592,CUST02896,AG049,Home,North,2024-11-23,2025-11-23,59789,3168817,Renewed
POL005593,CUST00792,AG094,Travel,East,2025-09-11,2026-09-11,14473,607866,Expired
POL005594,CUST02140,AG111,Marine,North,2024-06-17,2025-06-17,190046,16343956,Cancelled
POL005595,CUST01175,AG024,Commercial Property,North,2024-07-15,2025-07-15,552425,11048500,Active
POL005596,CUST00386,AG038,Home,South,2024-03-10,2025-03-10,27908,1172136,Cancelled
POL005597,CUST01117,AG078,Home,North,2024-11-15,2025-11-15,24116,964640,Lapsed
POL005598,CUST01718,AG041,Commercial Property,East,2026-01-04,2027-01-04,686405,56285210,Expired
POL005599,CUST00447,AG023,Commercial Property,East,2023-12-11,2024-12-10,932436,36365004,Active
POL005600,CUST02227,AG082,Travel,South,2025-06-01,2026-06-01,19688,511888,Cancelled
POL005601,CUST02032,AG084,Travel,North,2023-11-13,2024-11-12,5919,142056,Expired
POL005602,CUST00070,AG008,Home,North,2023-12-12,2024-12-11,59230,4086870,Lapsed
POL005603,CUST00946,AG072,Marine,North,2024-12-09,2025-12-09,58907,3887862,Cancelled
POL005604,CUST00031,AG005,Marine,North,2026-04-12,2027-04-12,173808,15121296,Expired
POL005605,CUST00162,AG081,Home,East,2026-05-28,2027-05-28,52656,3633264,Active
POL005606,CUST00497,AG075,Motor,East,2025-02-01,2026-02-01,25824,1136256,Renewed
POL005607,CUST00447,AG114,Marine,North,2024-08-12,2025-08-12,45845,1604575,Lapsed
POL005608,CUST02917,AG112,Home,South,2026-06-21,2027-06-21,26840,1100440,Lapsed
POL005609,CUST00798,AG113,Marine,North,2025-07-23,2026-07-23,53330,2133200,Active
POL005610,CUST00765,AG064,Home,South,2024-09-02,2025-09-02,68716,3367084,Cancelled
POL005611,CUST00382,AG007,Motor,South,2023-09-20,2024-09-19,14011,420330,Lapsed
POL005612,CUST01347,AG079,Commercial Property,East,2025-08-22,2026-08-22,50068,4055508,Lapsed
POL005613,CUST01326,AG108,Marine,South,2023-08-12,2024-08-11,96886,3391010,Lapsed
POL005614,CUST00356,AG063,Marine,North,2024-06-26,2025-06-26,178962,12885264,Expired
POL005615,CUST00857,AG094,Motor,North,2023-12-23,2024-12-22,11720,398480,Renewed
POL005616,CUST01236,AG087,Travel,North,2025-01-03,2026-01-03,4594,418054,Lapsed
POL005617,CUST00597,AG083,Home,North,2026-01-23,2027-01-23,25194,2519400,Active
POL005618,CUST01508,AG019,Motor,South,2024-11-10,2025-11-10,16562,1523704,Expired
POL005619,CUST02612,AG041,Commercial Property,West,2026-01-15,2027-01-15,103868,7063024,Cancelled
POL005620,CUST00294,AG115,Travel,West,2023-08-08,2024-08-07,15571,591698,Renewed
POL005621,CUST00090,AG045,Commercial Property,East,2026-03-12,2027-03-12,289369,26911317,Renewed
POL005622,CUST02581,AG075,Home,East,2025-02-03,2026-02-03,24257,1892046,Active
POL005623,CUST02245,AG066,Travel,South,2025-07-07,2026-07-07,14937,1194960,Lapsed
POL005624,CUST02846,AG019,Travel,North,2024-03-17,2025-03-17,5471,486919,Cancelled
POL005625,CUST00379,AG055,Marine,North,2026-06-25,2027-06-25,57099,3939831,Lapsed
POL005626,CUST02673,AG017,Marine,East,2025-11-29,2026-11-29,103693,4251413,Cancelled
POL005627,CUST00054,AG038,Commercial Property,East,2024-01-18,2025-01-17,477265,29590430,Lapsed
POL005628,CUST01941,AG005,Commercial Property,South,2023-12-08,2024-12-07,994052,62625276,Renewed
POL005629,CUST00508,AG022,Marine,West,2025-11-04,2026-11-04,146808,10423368,Lapsed
POL005630,CUST01472,AG029,Commercial Property,North,2024-12-29,2025-12-29,333763,14685572,Lapsed
POL005631,CUST02464,AG059,Marine,South,2025-10-27,2026-10-27,186946,15703464,Lapsed
POL005632,CUST01397,AG089,Home,South,2025-03-05,2026-03-05,11302,440778,Active
POL005633,CUST00775,AG034,Marine,West,2023-10-03,2024-10-02,181051,9414652,Active
POL005634,CUST02392,AG105,Marine,East,2025-02-14,2026-02-14,181508,14520640,Cancelled
POL005635,CUST02886,AG090,Home,East,2025-08-18,2026-08-18,24455,2249860,Expired
POL005636,CUST00356,AG024,Motor,East,2024-06-06,2025-06-06,23351,2031537,Expired
POL005637,CUST02391,AG038,Motor,North,2024-05-17,2025-05-17,34669,1872126,Expired
POL005638,CUST02733,AG065,Home,South,2025-02-21,2026-02-21,48897,3813966,Cancelled
POL005639,CUST01140,AG079,Home,West,2025-01-26,2026-01-26,56589,3451929,Cancelled
POL005640,CUST01168,AG009,Motor,East,2026-01-07,2027-01-07,33932,2544900,Expired
POL005641,CUST01378,AG093,Commercial Property,South,2024-09-02,2025-09-02,806132,74164144,Expired
POL005642,CUST02982,AG113,Marine,North,2025-12-30,2026-12-30,51516,2884896,Renewed
POL005643,CUST01511,AG050,Home,South,2024-08-06,2025-08-06,13473,646704,Renewed
POL005644,CUST02782,AG105,Home,North,2024-08-03,2025-08-03,69266,3047704,Expired
POL005645,CUST01878,AG086,Marine,North,2025-12-24,2026-12-24,123922,12392200,Cancelled
POL005646,CUST02982,AG117,Marine,West,2023-12-05,2024-12-04,44055,3348180,Expired
POL005647,CUST00609,AG048,Marine,South,2026-01-02,2027-01-02,198113,15849040,Renewed
POL005648,CUST02816,AG051,Marine,North,2025-09-24,2026-09-24,130979,7858740,Renewed
POL005649,CUST01465,AG044,Travel,East,2024-04-30,2025-04-30,8982,763470,Renewed
POL005650,CUST01675,AG059,Motor,West,2025-12-28,2026-12-28,12588,1170684,Renewed
POL005651,CUST00929,AG040,Commercial Property,South,2024-08-28,2025-08-28,211814,11861584,Expired
POL005652,CUST01703,AG024,Travel,South,2025-11-19,2026-11-19,3736,325032,Expired
POL005653,CUST02047,AG095,Travel,East,2025-02-08,2026-02-08,10492,493124,Expired
POL005654,CUST01741,AG062,Home,West,2026-08-01,2027-08-01,15587,1075503,Active
POL005655,CUST01345,AG120,Marine,South,2024-06-23,2025-06-23,107762,9698580,Active
POL005656,CUST02777,AG051,Travel,East,2025-02-13,2026-02-13,2814,92862,Lapsed
POL005657,CUST02143,AG086,Marine,West,2024-01-24,2025-01-23,149500,10016500,Renewed
POL005658,CUST01540,AG113,Travel,East,2026-03-17,2027-03-17,7675,345375,Expired
POL005659,CUST00404,AG118,Marine,South,2026-04-18,2027-04-18,66816,6614784,Expired
POL005660,CUST01716,AG059,Motor,West,2025-12-22,2026-12-22,19661,963389,Lapsed
POL005661,CUST02788,AG064,Motor,West,2026-02-18,2027-02-18,7901,316040,Expired
POL005662,CUST02861,AG056,Travel,East,2024-06-10,2025-06-10,9481,682632,Cancelled
POL005663,CUST01618,AG015,Travel,North,2026-07-05,2027-07-05,6125,220500,Expired
POL005664,CUST02823,AG034,Marine,East,2024-12-05,2025-12-05,137593,13208928,Active
POL005665,CUST01234,AG103,Travel,West,2024-03-16,2025-03-16,14850,1291950,Active
POL005666,CUST00835,AG067,Motor,East,2026-06-07,2027-06-07,36347,799634,Renewed
POL005667,CUST01712,AG062,Motor,South,2025-02-21,2026-02-21,20663,433923,Cancelled
POL005668,CUST02194,AG026,Home,South,2025-05-18,2026-05-18,42917,3819613,Renewed
POL005669,CUST02243,AG078,Motor,West,2025-07-06,2026-07-06,31384,2071344,Renewed
POL005670,CUST02410,AG057,Commercial Property,North,2025-02-18,2026-02-18,618889,40227785,Lapsed
POL005671,CUST01215,AG099,Travel,South,2025-11-30,2026-11-30,2801,151254,Active
POL005672,CUST00015,AG051,Travel,North,2024-09-04,2025-09-04,4201,189045,Cancelled
POL005673,CUST00053,AG038,Marine,East,2026-07-28,2027-07-28,129932,11044220,Active
POL005674,CUST01074,AG112,Commercial Property,North,2024-12-22,2025-12-22,988246,92895124,Lapsed
POL005675,CUST01230,AG098,Travel,East,2025-05-25,2026-05-25,2752,261440,Expired
POL005676,CUST02451,AG098,Commercial Property,West,2024-04-15,2025-04-15,679106,25806028,Renewed
POL005677,CUST01101,AG044,Commercial Property,South,2026-05-20,2027-05-20,769609,68495201,Lapsed
POL005678,CUST02423,AG096,Motor,East,2025-09-27,2026-09-27,33682,3233472,Cancelled
POL005679,CUST02784,AG057,Home,West,2026-03-14,2027-03-14,58225,5007350,Expired
POL005680,CUST00193,AG046,Marine,East,2023-12-01,2024-11-30,79851,2714934,Expired
POL005681,CUST00366,AG059,Commercial Property,North,2026-01-23,2027-01-23,289683,14773833,Expired
POL005682,CUST02340,AG098,Home,East,2025-04-28,2026-04-28,44104,2734448,Renewed
POL005683,CUST02890,AG032,Motor,North,2025-07-10,2026-07-10,12503,675162,Expired
POL005684,CUST01318,AG052,Motor,West,2025-08-07,2026-08-07,15063,647709,Active
POL005685,CUST00709,AG003,Home,East,2026-07-24,2027-07-24,23682,1444602,Renewed
POL005686,CUST00011,AG049,Marine,South,2025-12-01,2026-12-01,187754,15771336,Expired
POL005687,CUST00137,AG019,Commercial Property,West,2024-06-23,2025-06-23,520858,27084616,Cancelled
POL005688,CUST00206,AG061,Travel,East,2024-09-10,2025-09-10,4905,343350,Lapsed
POL005689,CUST00167,AG071,Motor,West,2024-04-19,2025-04-19,6946,645978,Renewed
POL005690,CUST02401,AG099,Travel,East,2024-03-11,2025-03-11,11580,555840,Cancelled
POL005691,CUST01486,AG113,Marine,West,2024-08-18,2025-08-18,196395,14533230,Expired
POL005692,CUST02853,AG087,Home,West,2025-02-03,2026-02-03,34725,1041750,Expired
POL005693,CUST01635,AG064,Home,South,2024-01-31,2025-01-30,19784,791360,Renewed
POL005694,CUST01684,AG077,Commercial Property,East,2026-01-26,2027-01-26,140548,3513700,Expired
POL005695,CUST01640,AG019,Marine,North,2026-04-03,2027-04-03,91258,7665672,Lapsed
POL005696,CUST00409,AG081,Marine,North,2025-12-26,2026-12-26,96507,2798703,Renewed
POL005697,CUST01010,AG082,Commercial Property,South,2026-03-26,2027-03-26,878027,59705836,Renewed
POL005698,CUST02791,AG034,Commercial Property,East,2026-05-10,2027-05-10,891566,61518054,Renewed
POL005699,CUST00108,AG095,Travel,West,2024-12-04,2025-12-04,7807,640174,Expired
POL005700,CUST02024,AG038,Travel,North,2025-02-06,2026-02-06,15843,1188225,Cancelled
POL005701,CUST02755,AG058,Home,East,2024-11-24,2025-11-24,42394,975062,Cancelled
POL005702,CUST01505,AG082,Marine,East,2023-08-07,2024-08-06,62932,5349220,Lapsed
POL005703,CUST02228,AG006,Travel,East,2025-09-20,2026-09-20,9732,622848,Cancelled
POL005704,CUST00492,AG067,Travel,East,2025-12-31,2026-12-31,8614,637436,Active
POL005705,CUST02702,AG091,Commercial Property,North,2025-02-28,2026-02-28,290477,27595315,Lapsed
POL005706,CUST02885,AG033,Marine,West,2024-11-04,2025-11-04,131064,5635752,Renewed
POL005707,CUST02153,AG113,Motor,South,2025-09-06,2026-09-06,31948,3194800,Lapsed
POL005708,CUST01504,AG028,Marine,South,2024-04-19,2025-04-19,154719,11139768,Expired
POL005709,CUST00167,AG033,Marine,West,2025-04-10,2026-04-10,121516,9235216,Lapsed
POL005710,CUST00703,AG048,Motor,East,2026-05-30,2027-05-30,25318,2152030,Expired
POL005711,CUST01061,AG042,Marine,North,2024-04-05,2025-04-05,21744,2022192,Expired
POL005712,CUST01969,AG050,Motor,South,2025-08-18,2026-08-18,11407,981002,Renewed
POL005713,CUST00340,AG050,Commercial Property,East,2025-06-29,2026-06-29,936683,57137663,Renewed
POL005714,CUST01854,AG098,Motor,East,2023-08-30,2024-08-29,11797,696023,Active
POL005715,CUST00731,AG109,Motor,East,2023-11-07,2024-11-06,31290,1720950,Renewed
POL005716,CUST01698,AG044,Home,North,2024-08-25,2025-08-25,69531,3407019,Cancelled
POL005717,CUST00116,AG029,Travel,West,2023-08-19,2024-08-18,7994,303772,Active
POL005718,CUST01467,AG113,Motor,South,2024-03-29,2025-03-29,23171,1274405,Renewed
POL005719,CUST01426,AG009,Commercial Property,East,2026-03-16,2027-03-16,761338,73088448,Lapsed
POL005720,CUST02184,AG076,Travel,South,2025-06-17,2026-06-17,5624,562400,Active
POL005721,CUST02426,AG054,Commercial Property,South,2023-08-15,2024-08-14,441867,9279207,Expired
POL005722,CUST01006,AG020,Home,South,2023-11-16,2024-11-15,9331,765142,Expired
POL005723,CUST02922,AG092,Home,East,2024-01-27,2025-01-26,53795,1721440,Active
POL005724,CUST02063,AG048,Travel,South,2025-09-08,2026-09-08,15621,453009,Active
POL005725,CUST00477,AG089,Marine,West,2024-08-30,2025-08-30,51248,3074880,Lapsed
POL005726,CUST01616,AG113,Home,North,2026-07-31,2027-07-31,17327,589118,Active
POL005727,CUST02917,AG088,Commercial Property,North,2024-09-07,2025-09-07,860396,46461384,Active
POL005728,CUST02711,AG072,Home,West,2026-07-11,2027-07-11,51787,4609043,Lapsed
POL005729,CUST02086,AG102,Travel,East,2024-02-24,2025-02-23,11006,660360,Lapsed
POL005730,CUST01029,AG119,Marine,South,2025-09-10,2026-09-10,180164,17656072,Expired
POL005731,CUST01849,AG041,Commercial Property,West,2025-09-05,2026-09-05,504536,24722264,Lapsed
POL005732,CUST00871,AG097,Travel,West,2024-08-07,2025-08-07,12223,1161185,Expired
POL005733,CUST00771,AG103,Marine,North,2025-07-23,2026-07-23,73158,3072636,Renewed
POL005734,CUST01174,AG072,Marine,North,2024-09-02,2025-09-02,177471,16504803,Active
POL005735,CUST01461,AG079,Home,North,2026-07-18,2027-07-18,27440,2579360,Active
POL005736,CUST01054,AG091,Commercial Property,South,2025-04-22,2026-04-22,498792,27433560,Lapsed
POL005737,CUST01283,AG019,Home,West,2024-05-27,2025-05-27,60800,5168000,Renewed
POL005738,CUST01172,AG055,Motor,North,2024-12-04,2025-12-04,12877,862759,Expired
POL005739,CUST01190,AG029,Motor,South,2025-10-16,2026-10-16,14920,1178680,Renewed
POL005740,CUST01504,AG118,Home,South,2025-03-05,2026-03-05,35776,2611648,Renewed
POL005741,CUST00275,AG106,Travel,North,2024-05-16,2025-05-16,15412,400712,Lapsed
POL005742,CUST02165,AG093,Marine,East,2026-07-25,2027-07-25,112614,4054104,Cancelled
POL005743,CUST02651,AG099,Travel,East,2025-05-18,2026-05-18,4369,126701,Lapsed
POL005744,CUST02239,AG011,Marine,West,2024-08-26,2025-08-26,36405,3058020,Lapsed
POL005745,CUST02415,AG101,Travel,East,2025-06-02,2026-06-02,12777,447195,Lapsed
POL005746,CUST01095,AG008,Travel,South,2024-12-18,2025-12-18,16286,1368024,Renewed
POL005747,CUST00725,AG098,Motor,East,2025-04-23,2026-04-23,36248,1196184,Active
POL005748,CUST02340,AG097,Motor,North,2024-10-09,2025-10-09,21931,1250067,Active
POL005749,CUST00226,AG025,Travel,East,2024-12-16,2025-12-16,2259,171684,Active
POL005750,CUST00841,AG076,Commercial Property,West,2024-06-15,2025-06-15,937863,28135890,Active
POL005751,CUST02074,AG025,Home,West,2025-08-30,2026-08-30,19360,1490720,Renewed
POL005752,CUST00381,AG019,Home,South,2024-10-21,2025-10-21,55427,3879890,Active
POL005753,CUST02409,AG021,Marine,West,2024-12-06,2025-12-06,53767,2634583,Renewed
POL005754,CUST00417,AG033,Home,North,2023-09-08,2024-09-07,23211,1972935,Renewed
POL005755,CUST00537,AG065,Travel,South,2024-01-01,2024-12-31,17401,591634,Active
POL005756,CUST02133,AG070,Commercial Property,North,2025-06-10,2026-06-10,770994,47801628,Expired
POL005757,CUST02759,AG055,Marine,North,2024-08-07,2025-08-07,111526,5687826,Renewed
POL005758,CUST00580,AG039,Marine,West,2024-11-30,2025-11-30,157171,9744602,Lapsed
POL005759,CUST00494,AG101,Motor,West,2025-05-30,2026-05-30,39981,3278442,Expired
POL005760,CUST00750,AG091,Home,South,2023-12-02,2024-12-01,18338,1430364,Cancelled
POL005761,CUST01526,AG119,Marine,North,2026-04-03,2027-04-03,158898,9533880,Cancelled
POL005762,CUST01442,AG025,Marine,North,2026-03-23,2027-03-23,97938,4211334,Cancelled
POL005763,CUST01954,AG005,Motor,South,2024-11-25,2025-11-25,32591,1303640,Cancelled
POL005764,CUST01925,AG111,Commercial Property,North,2024-04-04,2025-04-04,773578,24754496,Renewed
POL005765,CUST01460,AG095,Commercial Property,West,2025-07-28,2026-07-28,837331,38517226,Renewed
POL005766,CUST02041,AG078,Motor,North,2023-12-20,2024-12-19,23084,1292704,Expired
POL005767,CUST00681,AG116,Travel,East,2026-02-19,2027-02-19,15901,1113070,Lapsed
POL005768,CUST02333,AG061,Marine,South,2025-10-20,2026-10-20,87031,3046085,Expired
POL005769,CUST02610,AG115,Home,West,2023-09-19,2024-09-18,69322,3466100,Renewed
POL005770,CUST00589,AG045,Commercial Property,South,2023-12-03,2024-12-02,864239,73460315,Cancelled
POL005771,CUST02081,AG119,Home,East,2026-06-29,2027-06-29,16809,1563237,Cancelled
POL005772,CUST00314,AG027,Home,West,2024-06-23,2025-06-23,69534,5771322,Cancelled
POL005773,CUST00912,AG116,Commercial Property,West,2024-01-31,2025-01-30,927268,76035976,Renewed
POL005774,CUST02950,AG118,Commercial Property,South,2024-10-01,2025-10-01,397005,36921465,Lapsed
POL005775,CUST01985,AG078,Home,North,2024-04-03,2025-04-03,27302,1528912,Active
POL005776,CUST01120,AG078,Marine,North,2024-08-22,2025-08-22,47107,989247,Renewed
POL005777,CUST00044,AG115,Motor,South,2024-02-29,2025-02-28,26633,1837677,Active
POL005778,CUST00430,AG120,Motor,East,2025-02-04,2026-02-04,7594,751806,Cancelled
POL005779,CUST01074,AG001,Home,West,2025-06-25,2026-06-25,44442,4044222,Lapsed
POL005780,CUST00870,AG010,Commercial Property,East,2024-08-27,2025-08-27,738691,25854185,Cancelled
POL005781,CUST01000,AG089,Marine,East,2024-05-26,2025-05-26,98371,9345245,Lapsed
POL005782,CUST02430,AG059,Home,South,2025-01-14,2026-01-14,63329,3293108,Active
POL005783,CUST01445,AG063,Commercial Property,West,2026-01-19,2027-01-19,815770,26104640,Lapsed
POL005784,CUST02814,AG057,Commercial Property,West,2025-02-23,2026-02-23,104508,6584004,Cancelled
POL005785,CUST00411,AG096,Travel,West,2025-11-22,2026-11-22,19161,862245,Active
POL005786,CUST01646,AG023,Motor,South,2024-02-18,2025-02-17,15550,342100,Renewed
POL005787,CUST00348,AG076,Travel,West,2023-08-16,2024-08-15,8877,887700,Cancelled
POL005788,CUST01652,AG026,Motor,North,2024-12-27,2025-12-27,16899,1436415,Active
POL005789,CUST02291,AG007,Home,West,2026-05-05,2027-05-05,57649,2824801,Active
POL005790,CUST02156,AG011,Marine,North,2025-02-06,2026-02-06,132939,10103364,Renewed
POL005791,CUST00959,AG054,Home,South,2025-02-17,2026-02-17,38685,3365595,Active
POL005792,CUST01341,AG018,Home,South,2023-08-07,2024-08-06,29324,2169976,Active
POL005793,CUST00759,AG118,Motor,North,2025-07-07,2026-07-07,10810,551310,Active
POL005794,CUST00314,AG081,Travel,South,2025-04-17,2026-04-17,3004,114152,Expired
POL005795,CUST00523,AG106,Motor,South,2026-03-12,2027-03-12,22295,713440,Active
POL005796,CUST00732,AG117,Motor,North,2026-03-17,2027-03-17,34028,884728,Cancelled
POL005797,CUST01318,AG065,Motor,North,2024-09-27,2025-09-27,10241,235543,Lapsed
POL005798,CUST02721,AG090,Marine,North,2024-04-26,2025-04-26,36571,2121118,Active
POL005799,CUST02064,AG059,Home,South,2025-12-07,2026-12-07,11905,738110,Active
POL005800,CUST00226,AG076,Commercial Property,South,2023-09-21,2024-09-20,643614,52776348,Expired
POL005801,CUST02479,AG031,Commercial Property,North,2024-04-12,2025-04-12,348057,28888731,Active
POL005802,CUST00501,AG033,Commercial Property,North,2024-03-30,2025-03-30,367709,25004212,Lapsed
POL005803,CUST02319,AG045,Commercial Property,North,2025-01-04,2026-01-04,94177,8570107,Expired
POL005804,CUST00653,AG060,Marine,South,2025-04-05,2026-04-05,176276,10929112,Expired
POL005805,CUST00751,AG098,Travel,South,2024-02-09,2025-02-08,2833,138817,Expired
POL005806,CUST01983,AG071,Marine,West,2024-01-10,2025-01-09,171300,7537200,Cancelled
POL005807,CUST02586,AG086,Travel,South,2026-06-08,2027-06-08,2149,143983,Lapsed
POL005808,CUST01947,AG011,Marine,North,2025-07-01,2026-07-01,117283,9382640,Active
POL005809,CUST01892,AG010,Travel,West,2025-08-11,2026-08-11,15201,410427,Renewed
POL005810,CUST01937,AG027,Motor,North,2024-05-29,2025-05-29,23681,1515584,Expired
POL005811,CUST02551,AG107,Commercial Property,West,2026-02-23,2027-02-23,387515,30613685,Lapsed
POL005812,CUST00477,AG118,Motor,North,2025-01-09,2026-01-09,35601,2634474,Lapsed
POL005813,CUST01911,AG042,Motor,North,2023-09-13,2024-09-12,39125,2347500,Active
POL005814,CUST00971,AG098,Travel,East,2026-03-27,2027-03-27,10802,1026190,Cancelled
POL005815,CUST00888,AG077,Marine,West,2025-08-18,2026-08-18,124557,7971648,Active
POL005816,CUST02870,AG112,Commercial Property,North,2026-06-08,2027-06-08,342866,33600868,Cancelled
POL005817,CUST02529,AG021,Motor,East,2026-05-13,2027-05-13,27097,2140663,Renewed
POL005818,CUST02478,AG106,Travel,West,2023-12-23,2024-12-22,18478,1330416,Active
POL005819,CUST00994,AG106,Travel,North,2024-12-19,2025-12-19,4421,442100,Renewed
POL005820,CUST02481,AG101,Commercial Property,West,2024-10-31,2025-10-31,740422,58493338,Lapsed
POL005821,CUST01847,AG061,Commercial Property,South,2023-10-22,2024-10-21,866888,32941744,Cancelled
POL005822,CUST01699,AG024,Commercial Property,East,2024-10-12,2025-10-12,947780,58762360,Active
POL005823,CUST01370,AG114,Commercial Property,East,2023-10-15,2024-10-14,53922,1078440,Renewed
POL005824,CUST00641,AG111,Commercial Property,North,2024-04-26,2025-04-26,819794,68862696,Lapsed
POL005825,CUST00105,AG057,Commercial Property,West,2025-10-26,2026-10-26,326118,6848478,Cancelled
POL005826,CUST00427,AG064,Motor,North,2023-09-13,2024-09-12,16361,1259797,Expired
POL005827,CUST00061,AG043,Home,West,2026-01-20,2027-01-20,57888,2778624,Expired
POL005828,CUST01156,AG058,Motor,North,2024-07-19,2025-07-19,15498,340956,Cancelled
POL005829,CUST01018,AG100,Commercial Property,East,2024-05-24,2025-05-24,136382,10501414,Cancelled
POL005830,CUST00213,AG028,Marine,West,2026-02-20,2027-02-20,110311,8824880,Active
POL005831,CUST00908,AG115,Marine,North,2025-05-05,2026-05-05,87279,7418715,Expired
POL005832,CUST02939,AG101,Travel,South,2026-06-01,2027-06-01,2128,70224,Cancelled
POL005833,CUST01933,AG074,Home,West,2024-10-18,2025-10-18,11146,735636,Renewed
POL005834,CUST02457,AG101,Marine,West,2024-11-05,2025-11-05,152529,11744733,Expired
POL005835,CUST01736,AG044,Marine,North,2025-11-22,2026-11-22,176052,14964420,Renewed
POL005836,CUST02592,AG045,Commercial Property,East,2025-01-11,2026-01-11,175245,5783085,Active
POL005837,CUST01352,AG109,Motor,North,2025-11-19,2026-11-19,37340,2912520,Active
POL005838,CUST00453,AG062,Commercial Property,North,2025-03-19,2026-03-19,804130,57897360,Cancelled
POL005839,CUST01907,AG107,Commercial Property,North,2025-05-07,2026-05-07,892491,60689388,Active
POL005840,CUST02822,AG008,Travel,North,2026-05-04,2027-05-04,12644,973588,Cancelled
POL005841,CUST00654,AG108,Commercial Property,East,2026-05-09,2027-05-09,611623,44648479,Cancelled
POL005842,CUST00849,AG036,Motor,South,2025-06-28,2026-06-28,22676,612252,Expired
POL005843,CUST02094,AG059,Commercial Property,East,2025-08-26,2026-08-26,109208,8409016,Active
POL005844,CUST02007,AG075,Travel,East,2024-05-29,2025-05-29,9093,181860,Expired
POL005845,CUST00250,AG002,Commercial Property,North,2023-11-12,2024-11-11,219366,17329914,Expired
POL005846,CUST00014,AG014,Commercial Property,West,2024-11-12,2025-11-12,516531,18078585,Expired
POL005847,CUST01074,AG074,Travel,South,2025-07-02,2026-07-02,5469,415644,Renewed
POL005848,CUST02637,AG088,Motor,South,2026-02-22,2027-02-22,25335,1722780,Active
POL005849,CUST00540,AG034,Motor,South,2026-05-31,2027-05-31,11675,770550,Expired
POL005850,CUST00571,AG099,Motor,North,2024-10-12,2025-10-12,25580,1765020,Cancelled
POL005851,CUST01065,AG053,Home,South,2025-07-20,2026-07-20,15663,1159062,Renewed
POL005852,CUST00753,AG082,Marine,West,2024-02-29,2025-02-28,85584,8044896,Active
POL005853,CUST01738,AG039,Motor,South,2025-01-04,2026-01-04,34001,2244066,Renewed
POL005854,CUST02492,AG071,Travel,North,2024-09-21,2025-09-21,6301,485177,Renewed
POL005855,CUST02779,AG032,Marine,North,2025-12-03,2026-12-03,144307,4040596,Lapsed
POL005856,CUST02055,AG021,Motor,South,2025-10-03,2026-10-03,29805,2771865,Renewed
POL005857,CUST00346,AG099,Travel,West,2025-08-10,2026-08-10,17231,499699,Expired
POL005858,CUST02418,AG037,Marine,North,2024-10-18,2025-10-18,126639,12283983,Cancelled
POL005859,CUST01972,AG036,Commercial Property,South,2024-11-06,2025-11-06,548735,31277895,Renewed
POL005860,CUST01353,AG110,Home,South,2025-06-22,2026-06-22,29741,1962906,Cancelled
POL005861,CUST01647,AG006,Commercial Property,West,2026-06-07,2027-06-07,770294,40825582,Active
POL005862,CUST01578,AG075,Home,North,2025-09-23,2026-09-23,40762,3872390,Cancelled
POL005863,CUST01551,AG028,Marine,East,2024-10-05,2025-10-05,167060,7016520,Cancelled
POL005864,CUST02964,AG091,Travel,North,2026-03-04,2027-03-04,13172,711288,Renewed
POL005865,CUST01569,AG072,Motor,South,2025-12-11,2026-12-11,8253,206325,Lapsed
POL005866,CUST02599,AG077,Motor,West,2025-06-21,2026-06-21,16879,1350320,Renewed
POL005867,CUST02198,AG029,Travel,West,2025-07-19,2026-07-19,19607,1823451,Active
POL005868,CUST02057,AG068,Commercial Property,West,2023-10-06,2024-10-05,430163,24949454,Active
POL005869,CUST01211,AG088,Commercial Property,East,2026-02-26,2027-02-26,916091,31147094,Active
POL005870,CUST00188,AG090,Commercial Property,North,2024-12-16,2025-12-16,523776,11523072,Renewed
POL005871,CUST02094,AG010,Motor,West,2023-11-21,2024-11-20,19073,438679,Renewed
POL005872,CUST00289,AG072,Home,West,2025-09-15,2026-09-15,68967,4620789,Active
POL005873,CUST01257,AG006,Commercial Property,South,2025-01-15,2026-01-15,310220,19543860,Cancelled
POL005874,CUST00459,AG061,Travel,East,2023-09-13,2024-09-12,1664,106496,Expired
POL005875,CUST00101,AG038,Marine,North,2026-02-22,2027-02-22,139090,13213550,Expired
POL005876,CUST01989,AG004,Marine,West,2024-04-02,2025-04-02,44541,1291689,Cancelled
POL005877,CUST02208,AG031,Home,South,2024-12-09,2025-12-09,40433,3841135,Expired
POL005878,CUST00507,AG094,Commercial Property,North,2026-04-10,2027-04-10,754752,22642560,Lapsed
POL005879,CUST00588,AG050,Travel,East,2024-12-16,2025-12-16,9258,379578,Lapsed
POL005880,CUST00170,AG094,Marine,South,2024-06-09,2025-06-09,193147,19314700,Expired
POL005881,CUST00597,AG037,Marine,West,2024-11-26,2025-11-26,175405,14207805,Expired
POL005882,CUST01014,AG083,Home,South,2025-07-21,2026-07-21,26779,1365729,Expired
POL005883,CUST02812,AG087,Marine,South,2024-04-20,2025-04-20,119292,5606724,Expired
POL005884,CUST02665,AG114,Home,South,2025-01-31,2026-01-31,29647,1927055,Lapsed
POL005885,CUST00104,AG080,Home,East,2026-01-14,2027-01-14,52004,4368336,Active
POL005886,CUST00449,AG104,Commercial Property,North,2023-12-04,2024-12-03,343569,14086329,Lapsed
POL005887,CUST00660,AG018,Travel,South,2026-04-13,2027-04-13,17130,1456050,Lapsed
POL005888,CUST02008,AG099,Home,South,2024-12-16,2025-12-16,57858,3066474,Lapsed
POL005889,CUST00945,AG053,Commercial Property,North,2025-10-10,2026-10-10,690686,52492136,Renewed
POL005890,CUST02434,AG040,Commercial Property,East,2023-09-16,2024-09-15,332732,18632992,Cancelled
POL005891,CUST01755,AG072,Marine,South,2024-03-17,2025-03-17,78325,3446300,Expired
POL005892,CUST02759,AG046,Home,South,2025-01-27,2026-01-27,42929,2876243,Renewed
POL005893,CUST00313,AG014,Home,West,2025-11-23,2026-11-23,14053,969657,Cancelled
POL005894,CUST01562,AG089,Home,North,2024-04-14,2025-04-14,64362,6307476,Renewed
POL005895,CUST01962,AG012,Travel,East,2024-11-18,2025-11-18,16652,1099032,Lapsed
POL005896,CUST01620,AG022,Motor,South,2025-04-26,2026-04-26,20072,2007200,Cancelled
POL005897,CUST00464,AG098,Marine,North,2026-05-30,2027-05-30,107878,2912706,Expired
POL005898,CUST02712,AG018,Marine,North,2026-07-31,2027-07-31,81083,1864909,Expired
POL005899,CUST02213,AG023,Home,North,2024-09-09,2025-09-09,69777,2511972,Renewed
POL005900,CUST00944,AG001,Motor,West,2024-02-14,2025-02-13,30812,2495772,Active
POL005901,CUST00936,AG119,Commercial Property,West,2026-06-01,2027-06-01,891378,85572288,Lapsed
POL005902,CUST00693,AG080,Commercial Property,West,2025-01-16,2026-01-16,654154,60182168,Cancelled
POL005903,CUST02384,AG084,Commercial Property,North,2025-02-26,2026-02-26,370018,17020828,Lapsed
POL005904,CUST01816,AG048,Home,East,2025-04-13,2026-04-13,61446,2703624,Expired
POL005905,CUST02815,AG085,Commercial Property,West,2024-01-08,2025-01-07,250401,9014436,Active
POL005906,CUST00808,AG026,Motor,South,2023-10-31,2024-10-30,5856,240096,Expired
POL005907,CUST01558,AG040,Commercial Property,West,2023-12-05,2024-12-04,445586,15149924,Active
POL005908,CUST01365,AG078,Marine,North,2026-05-05,2027-05-05,195318,7422084,Expired
POL005909,CUST00620,AG056,Commercial Property,West,2023-12-08,2024-12-07,638727,60040338,Active
POL005910,CUST00768,AG021,Motor,North,2025-10-27,2026-10-27,5233,382009,Active
POL005911,CUST02844,AG035,Motor,East,2024-01-04,2025-01-03,17436,1726164,Renewed
POL005912,CUST02167,AG083,Home,North,2026-07-28,2027-07-28,31929,3065184,Expired
POL005913,CUST00594,AG031,Motor,South,2024-09-01,2025-09-01,5534,403982,Active
POL005914,CUST02289,AG080,Travel,North,2024-02-21,2025-02-20,17123,1712300,Expired
POL005915,CUST00399,AG047,Commercial Property,South,2024-07-30,2025-07-30,91120,2915840,Active
POL005916,CUST01975,AG087,Travel,North,2025-11-16,2026-11-16,10911,250953,Cancelled
POL005917,CUST01748,AG086,Home,North,2025-02-24,2026-02-24,52119,2605950,Active
POL005918,CUST02979,AG110,Motor,North,2025-11-14,2026-11-14,25313,2531300,Cancelled
POL005919,CUST01937,AG011,Home,South,2025-12-27,2026-12-27,33143,1756579,Renewed
POL005920,CUST00935,AG105,Home,East,2024-08-31,2025-08-31,39578,1424808,Renewed
POL005921,CUST00910,AG011,Marine,North,2024-05-12,2025-05-12,100908,8375364,Cancelled
POL005922,CUST01787,AG092,Commercial Property,South,2024-05-24,2025-05-24,135683,11533055,Renewed
POL005923,CUST00667,AG020,Travel,South,2024-02-20,2025-02-19,7556,453360,Renewed
POL005924,CUST00488,AG057,Marine,East,2025-01-24,2026-01-24,125605,3014520,Active
POL005925,CUST01810,AG072,Home,North,2025-01-26,2026-01-26,17410,1497260,Expired
POL005926,CUST00559,AG028,Home,South,2024-08-24,2025-08-24,52405,2882275,Expired
POL005927,CUST01238,AG010,Home,South,2026-04-13,2027-04-13,67544,1485968,Active
POL005928,CUST01600,AG101,Marine,East,2026-05-19,2027-05-19,21410,1348830,Renewed
POL005929,CUST02613,AG020,Travel,West,2026-03-16,2027-03-16,4539,295035,Active
POL005930,CUST02218,AG040,Travel,East,2026-01-15,2027-01-15,5086,254300,Lapsed
POL005931,CUST01688,AG034,Commercial Property,South,2023-08-11,2024-08-10,684047,47199243,Renewed
POL005932,CUST01196,AG096,Commercial Property,North,2025-02-14,2026-02-14,548562,49919142,Cancelled
POL005933,CUST00604,AG036,Motor,North,2025-01-26,2026-01-26,34190,2803580,Renewed
POL005934,CUST01753,AG073,Commercial Property,East,2023-09-11,2024-09-10,872928,34917120,Renewed
POL005935,CUST01864,AG090,Marine,North,2024-12-30,2025-12-30,61956,3593448,Renewed
POL005936,CUST01553,AG032,Commercial Property,East,2024-03-19,2025-03-19,540537,30810609,Cancelled
POL005937,CUST02716,AG050,Travel,South,2025-11-02,2026-11-02,7277,618545,Expired
POL005938,CUST02767,AG034,Marine,South,2024-05-27,2025-05-27,81481,3422202,Active
POL005939,CUST02685,AG064,Marine,West,2025-02-25,2026-02-25,102069,2755863,Cancelled
POL005940,CUST02256,AG025,Travel,South,2024-06-27,2025-06-27,15894,397350,Active
POL005941,CUST00200,AG118,Home,North,2023-10-08,2024-10-07,10523,862886,Renewed
POL005942,CUST01477,AG113,Commercial Property,North,2025-11-08,2026-11-08,143277,6304188,Expired
POL005943,CUST01387,AG002,Home,East,2025-05-16,2026-05-16,64087,4742438,Expired
POL005944,CUST02441,AG069,Travel,North,2025-09-06,2026-09-06,7549,498234,Cancelled
POL005945,CUST02892,AG056,Marine,North,2024-10-07,2025-10-07,137954,5104298,Lapsed
POL005946,CUST00543,AG052,Motor,West,2025-02-14,2026-02-14,26140,1568400,Cancelled
POL005947,CUST02664,AG009,Travel,South,2025-02-16,2026-02-16,6383,370214,Active
POL005948,CUST02166,AG064,Marine,South,2025-03-26,2026-03-26,137925,3723975,Active
POL005949,CUST02610,AG077,Motor,East,2024-09-09,2025-09-09,22766,1047236,Cancelled
POL005950,CUST02683,AG015,Travel,West,2024-12-15,2025-12-15,17874,768582,Expired
POL005951,CUST00192,AG051,Marine,East,2023-10-12,2024-10-11,191105,7453095,Active
POL005952,CUST02041,AG005,Home,West,2024-08-07,2025-08-07,11677,899129,Expired
POL005953,CUST00371,AG056,Travel,South,2025-02-10,2026-02-10,2420,234740,Renewed
POL005954,CUST01575,AG083,Travel,North,2025-07-21,2026-07-21,1462,109650,Active
POL005955,CUST02373,AG036,Motor,East,2024-02-22,2025-02-21,26970,2508210,Expired
POL005956,CUST01491,AG080,Marine,East,2024-02-20,2025-02-19,190620,4765500,Expired
POL005957,CUST01329,AG044,Commercial Property,West,2025-08-30,2026-08-30,196170,12162540,Renewed
POL005958,CUST02596,AG079,Marine,North,2024-10-17,2025-10-17,110387,2649288,Renewed
POL005959,CUST02385,AG083,Travel,North,2025-03-29,2026-03-29,9704,300824,Renewed
POL005960,CUST01548,AG026,Motor,West,2026-02-21,2027-02-21,19301,1100157,Cancelled
POL005961,CUST01583,AG033,Home,North,2025-05-01,2026-05-01,51643,2840365,Cancelled
POL005962,CUST00393,AG102,Marine,North,2025-05-30,2026-05-30,173374,10749188,Expired
POL005963,CUST01691,AG060,Commercial Property,West,2023-12-06,2024-12-05,429210,24894180,Active
POL005964,CUST00068,AG086,Travel,East,2025-12-05,2026-12-05,1956,174084,Active
POL005965,CUST00637,AG090,Home,East,2024-06-22,2025-06-22,64084,6280232,Lapsed
POL005966,CUST01279,AG061,Home,South,2026-04-19,2027-04-19,67829,1763554,Renewed
POL005967,CUST00075,AG100,Travel,East,2023-08-31,2024-08-30,2078,45716,Expired
POL005968,CUST02643,AG057,Motor,West,2025-09-06,2026-09-06,34213,684260,Cancelled
POL005969,CUST00285,AG019,Commercial Property,West,2025-08-26,2026-08-26,467709,27594831,Renewed
POL005970,CUST00577,AG109,Travel,South,2025-05-10,2026-05-10,12364,828388,Active
POL005971,CUST01565,AG117,Travel,South,2025-12-13,2026-12-13,1963,64779,Cancelled
POL005972,CUST01176,AG050,Home,South,2024-01-12,2025-01-11,68372,6495340,Renewed
POL005973,CUST02487,AG036,Commercial Property,East,2026-02-04,2027-02-04,127249,11325161,Active
POL005974,CUST00175,AG096,Marine,East,2024-11-03,2025-11-03,108246,4005102,Renewed
POL005975,CUST00549,AG014,Home,North,2025-06-24,2026-06-24,14671,630853,Lapsed
POL005976,CUST02390,AG026,Motor,East,2025-05-08,2026-05-08,39212,2744840,Expired
POL005977,CUST01046,AG055,Travel,South,2025-02-25,2026-02-25,10876,250148,Renewed
POL005978,CUST00525,AG014,Commercial Property,North,2024-06-01,2025-06-01,987999,93859905,Expired
POL005979,CUST00269,AG040,Commercial Property,East,2026-03-23,2027-03-23,177537,7634091,Expired
POL005980,CUST02384,AG089,Motor,North,2024-12-11,2025-12-11,28755,2214135,Active
POL005981,CUST02708,AG005,Marine,South,2026-01-10,2027-01-10,65597,3935820,Expired
POL005982,CUST01421,AG108,Commercial Property,East,2026-06-25,2027-06-25,340325,9869425,Expired
POL005983,CUST00827,AG010,Commercial Property,South,2026-05-23,2027-05-23,333481,6669620,Renewed
POL005984,CUST01152,AG023,Marine,North,2025-06-18,2026-06-18,138269,10508444,Expired
POL005985,CUST01991,AG008,Motor,North,2025-01-23,2026-01-23,15935,1163255,Lapsed
POL005986,CUST01113,AG008,Commercial Property,South,2023-12-20,2024-12-19,903298,27098940,Active
POL005987,CUST01702,AG070,Travel,South,2025-05-30,2026-05-30,3877,93048,Renewed
POL005988,CUST01503,AG081,Home,South,2023-08-15,2024-08-14,14860,356640,Renewed
POL005989,CUST01718,AG117,Travel,South,2026-07-09,2027-07-09,1606,102784,Active
POL005990,CUST00095,AG007,Marine,West,2026-03-13,2027-03-13,117100,4566900,Renewed
POL005991,CUST01874,AG057,Travel,North,2025-03-30,2026-03-30,5417,325020,Expired
POL005992,CUST02570,AG081,Commercial Property,East,2025-02-25,2026-02-25,782535,57907590,Active
POL005993,CUST00474,AG065,Motor,West,2024-06-10,2025-06-10,38893,2605831,Lapsed
POL005994,CUST01125,AG078,Home,South,2025-10-27,2026-10-27,69266,2632108,Expired
POL005995,CUST02578,AG014,Commercial Property,East,2026-06-21,2027-06-21,470497,33875784,Renewed
POL005996,CUST00084,AG109,Motor,North,2024-09-23,2025-09-23,29389,2733177,Expired
POL005997,CUST01318,AG046,Motor,West,2024-02-22,2025-02-21,20133,1610640,Active
POL005998,CUST00782,AG034,Commercial Property,East,2026-04-30,2027-04-30,94909,2657452,Expired
POL005999,CUST02779,AG117,Commercial Property,West,2025-12-02,2026-12-02,570635,27961115,Renewed
POL006000,CUST00784,AG045,Home,West,2025-01-18,2026-01-18,30579,2996742,Expired
POL006001,CUST00191,AG004,Motor,South,2026-02-21,2027-02-21,12684,1230348,Lapsed
POL006002,CUST02980,AG105,Commercial Property,North,2025-04-03,2026-04-03,240565,12990510,Lapsed
POL006003,CUST00779,AG113,Travel,North,2024-10-02,2025-10-02,4176,254736,Lapsed
POL006004,CUST02417,AG012,Motor,West,2023-11-06,2024-11-05,35487,1454967,Active
POL006005,CUST01543,AG029,Marine,East,2023-12-15,2024-12-14,144712,12445232,Cancelled
POL006006,CUST00465,AG080,Marine,South,2025-05-17,2026-05-17,92247,6734031,Renewed
POL006007,CUST01602,AG026,Home,South,2026-03-12,2027-03-12,8593,678847,Cancelled
POL006008,CUST02205,AG107,Travel,North,2025-03-28,2026-03-28,3088,64848,Renewed
POL006009,CUST01682,AG009,Travel,South,2025-01-23,2026-01-23,18250,1040250,Cancelled
POL006010,CUST00910,AG009,Travel,East,2024-06-02,2025-06-02,12486,337122,Active
POL006011,CUST00749,AG061,Home,West,2025-05-04,2026-05-04,44614,2676840,Renewed
POL006012,CUST01433,AG017,Motor,East,2025-09-15,2026-09-15,39300,3890700,Active
POL006013,CUST01025,AG036,Travel,East,2024-03-12,2025-03-12,17239,1327403,Cancelled
POL006014,CUST01709,AG068,Motor,North,2024-10-25,2025-10-25,26873,1504888,Lapsed
POL006015,CUST00694,AG112,Home,West,2026-07-21,2027-07-21,31638,2752506,Expired
POL006016,CUST02136,AG095,Home,East,2025-02-05,2026-02-05,61295,5761730,Active
POL006017,CUST01282,AG005,Home,South,2024-06-19,2025-06-19,20750,684750,Active
POL006018,CUST02828,AG076,Home,South,2024-10-21,2025-10-21,15611,421497,Active
POL006019,CUST02979,AG034,Commercial Property,East,2024-12-09,2025-12-09,915814,90665586,Active
POL006020,CUST01516,AG105,Commercial Property,South,2023-12-26,2024-12-25,643762,20600384,Active
POL006021,CUST01213,AG080,Motor,West,2025-09-27,2026-09-27,34585,968380,Active
POL006022,CUST01856,AG060,Travel,South,2025-11-11,2026-11-11,19261,1406053,Expired
POL006023,CUST00856,AG117,Commercial Property,West,2023-09-27,2024-09-26,686272,13725440,Renewed
POL006024,CUST02654,AG075,Home,North,2024-07-05,2025-07-05,63260,2340620,Renewed
POL006025,CUST01612,AG038,Commercial Property,North,2024-09-05,2025-09-05,939348,39452616,Lapsed
POL006026,CUST00782,AG087,Travel,South,2023-09-14,2024-09-13,15484,1021944,Lapsed
POL006027,CUST01182,AG094,Travel,South,2026-03-02,2027-03-02,8048,788704,Expired
POL006028,CUST01192,AG040,Marine,West,2023-11-01,2024-10-31,103813,4983024,Active
POL006029,CUST00832,AG054,Home,South,2025-12-03,2026-12-03,65233,5479572,Expired
POL006030,CUST00016,AG110,Home,South,2026-07-22,2027-07-22,48810,4197660,Cancelled
POL006031,CUST02166,AG120,Travel,West,2025-05-14,2026-05-14,5367,134175,Active
POL006032,CUST01041,AG072,Commercial Property,West,2024-07-21,2025-07-21,616979,18509370,Cancelled
POL006033,CUST00665,AG064,Home,West,2024-11-21,2025-11-21,53638,3271918,Active
POL006034,CUST01245,AG008,Travel,South,2024-09-28,2025-09-28,7138,499660,Expired
POL006035,CUST02631,AG108,Home,South,2026-04-28,2027-04-28,33380,3137720,Renewed
POL006036,CUST01945,AG030,Commercial Property,North,2023-08-31,2024-08-30,77623,5666479,Renewed
POL006037,CUST02416,AG056,Motor,West,2024-07-09,2025-07-09,34986,3358656,Renewed
POL006038,CUST00388,AG097,Commercial Property,North,2025-08-19,2026-08-19,563453,30426462,Active
POL006039,CUST00223,AG057,Travel,South,2024-10-26,2025-10-26,17154,806238,Expired
POL006040,CUST01452,AG016,Motor,South,2025-04-24,2026-04-24,34624,3427776,Renewed
POL006041,CUST01757,AG061,Motor,West,2026-04-02,2027-04-02,15073,693358,Cancelled
POL006042,CUST01697,AG095,Commercial Property,South,2025-11-03,2026-11-03,594831,18439761,Renewed
POL006043,CUST02664,AG015,Commercial Property,East,2025-03-12,2026-03-12,415516,14958576,Active
POL006044,CUST01951,AG113,Travel,North,2026-07-13,2027-07-13,17789,907239,Renewed
POL006045,CUST01983,AG013,Motor,North,2025-04-29,2026-04-29,22727,1499982,Lapsed
POL006046,CUST01465,AG077,Commercial Property,South,2025-10-15,2026-10-15,770791,64746444,Expired
POL006047,CUST01720,AG065,Home,North,2023-12-25,2024-12-24,66159,4829607,Cancelled
POL006048,CUST01601,AG009,Home,North,2023-11-08,2024-11-07,12435,248700,Lapsed
POL006049,CUST01292,AG049,Motor,South,2025-01-27,2026-01-27,39567,2532288,Expired
POL006050,CUST00643,AG054,Commercial Property,South,2026-02-26,2027-02-26,289381,17073479,Expired
POL006051,CUST01074,AG119,Travel,West,2025-11-17,2026-11-17,1908,70596,Expired
POL006052,CUST01158,AG005,Marine,South,2025-08-04,2026-08-04,180809,14103102,Active
POL006053,CUST02165,AG092,Travel,South,2023-10-06,2024-10-05,9500,560500,Lapsed
POL006054,CUST00327,AG091,Travel,North,2025-07-28,2026-07-28,4857,106854,Renewed
POL006055,CUST02521,AG039,Travel,West,2023-11-20,2024-11-19,17253,1069686,Active
POL006056,CUST02692,AG034,Home,East,2023-08-14,2024-08-13,8419,724034,Active
POL006057,CUST02432,AG107,Travel,North,2026-01-31,2027-01-31,12099,798534,Active
POL006058,CUST00929,AG061,Home,West,2025-03-25,2026-03-25,52707,3215127,Active
POL006059,CUST00649,AG062,Marine,East,2024-09-01,2025-09-01,68455,6229405,Cancelled
POL006060,CUST02820,AG067,Travel,South,2024-10-09,2025-10-09,13305,612030,Renewed
POL006061,CUST00591,AG028,Marine,East,2025-04-17,2026-04-17,146699,3227378,Renewed
POL006062,CUST00092,AG053,Motor,North,2024-09-18,2025-09-18,26514,2041578,Cancelled
POL006063,CUST00538,AG037,Motor,East,2025-12-19,2026-12-19,39390,866580,Lapsed
POL006064,CUST00070,AG059,Travel,East,2024-11-11,2025-11-11,13117,813254,Renewed
POL006065,CUST02345,AG024,Travel,East,2024-01-13,2025-01-12,9114,291648,Cancelled
POL006066,CUST00253,AG110,Commercial Property,North,2024-12-23,2025-12-23,800630,44835280,Expired
POL006067,CUST00306,AG092,Travel,East,2024-06-13,2025-06-13,3596,266104,Active
POL006068,CUST01729,AG064,Motor,South,2026-08-03,2027-08-03,14043,1348128,Lapsed
POL006069,CUST01139,AG116,Home,West,2025-01-31,2026-01-31,16809,537888,Renewed
POL006070,CUST02500,AG091,Commercial Property,North,2023-12-16,2024-12-15,613286,42316734,Cancelled
POL006071,CUST00478,AG089,Commercial Property,West,2023-10-15,2024-10-14,738872,21427288,Lapsed
POL006072,CUST00370,AG022,Home,West,2025-06-04,2026-06-04,57190,2401980,Lapsed
POL006073,CUST01263,AG119,Travel,West,2025-08-28,2026-08-28,9213,737040,Active
POL006074,CUST02469,AG007,Commercial Property,West,2025-09-16,2026-09-16,988826,51418952,Active
POL006075,CUST02999,AG067,Commercial Property,North,2026-04-21,2027-04-21,797695,39087055,Cancelled
POL006076,CUST02404,AG028,Marine,West,2025-05-14,2026-05-14,68244,2047320,Lapsed
POL006077,CUST01373,AG028,Motor,South,2025-02-10,2026-02-10,9185,918500,Expired
POL006078,CUST02855,AG023,Marine,North,2024-10-27,2025-10-27,131162,3279050,Renewed
POL006079,CUST00624,AG066,Commercial Property,East,2026-05-05,2027-05-05,792428,71318520,Cancelled
POL006080,CUST00540,AG004,Marine,North,2025-03-04,2026-03-04,40222,1246882,Cancelled
POL006081,CUST01042,AG093,Motor,South,2024-11-05,2025-11-05,29630,1155570,Renewed
POL006082,CUST00559,AG112,Travel,North,2025-07-11,2026-07-11,11210,964060,Lapsed
POL006083,CUST00088,AG104,Travel,West,2025-03-26,2026-03-26,17612,1743588,Active
POL006084,CUST00448,AG095,Marine,East,2025-12-01,2026-12-01,27255,2289420,Cancelled
POL006085,CUST02291,AG014,Marine,West,2024-09-05,2025-09-05,72937,2406921,Expired
POL006086,CUST01664,AG030,Home,South,2025-07-11,2026-07-11,27853,2033269,Renewed
POL006087,CUST02231,AG044,Commercial Property,North,2024-09-23,2025-09-23,330943,30446756,Lapsed
POL006088,CUST02004,AG005,Travel,East,2024-09-07,2025-09-07,12359,333693,Cancelled
POL006089,CUST00790,AG113,Travel,South,2026-01-29,2027-01-29,10298,391324,Lapsed
POL006090,CUST02519,AG088,Motor,North,2026-06-05,2027-06-05,11106,566406,Lapsed
POL006091,CUST00419,AG002,Marine,West,2026-07-29,2027-07-29,120169,2403380,Expired
POL006092,CUST01718,AG119,Travel,East,2025-07-06,2026-07-06,1294,126812,Lapsed
POL006093,CUST02803,AG042,Travel,North,2024-12-22,2025-12-22,16295,1254715,Active
POL006094,CUST02801,AG037,Marine,East,2025-07-28,2026-07-28,56242,4668086,Renewed
POL006095,CUST02090,AG102,Marine,West,2023-10-28,2024-10-27,93926,6293042,Lapsed
POL006096,CUST01282,AG077,Motor,East,2025-11-23,2026-11-23,12870,1274130,Active
POL006097,CUST01663,AG098,Marine,West,2024-07-05,2025-07-05,76413,2827281,Cancelled
POL006098,CUST02086,AG060,Motor,North,2023-10-23,2024-10-22,20259,486216,Expired
POL006099,CUST01716,AG086,Home,North,2026-05-27,2027-05-27,26110,2584890,Renewed
POL006100,CUST02081,AG007,Commercial Property,West,2025-06-03,2026-06-03,109381,10828719,Active
POL006101,CUST00701,AG023,Motor,West,2024-11-04,2025-11-04,15227,852712,Lapsed
POL006102,CUST00831,AG034,Marine,East,2025-02-25,2026-02-25,185546,8349570,Cancelled
POL006103,CUST00956,AG084,Commercial Property,North,2025-06-09,2026-06-09,105419,10541900,Cancelled
POL006104,CUST00899,AG120,Travel,North,2024-07-06,2025-07-06,8436,497724,Lapsed
POL006105,CUST01760,AG027,Marine,South,2026-03-30,2027-03-30,148629,10552659,Lapsed
POL006106,CUST02386,AG084,Marine,South,2023-10-22,2024-10-21,124590,6104910,Cancelled
POL006107,CUST00416,AG084,Motor,North,2024-04-14,2025-04-14,28847,2048137,Cancelled
POL006108,CUST01209,AG008,Motor,West,2025-09-23,2026-09-23,24454,1736234,Lapsed
POL006109,CUST02286,AG023,Travel,East,2025-03-04,2026-03-04,5614,437892,Expired
POL006110,CUST00256,AG075,Marine,West,2025-11-11,2026-11-11,183740,6982120,Expired
POL006111,CUST01442,AG091,Marine,North,2025-01-01,2026-01-01,144176,6343744,Renewed
POL006112,CUST00271,AG014,Travel,South,2024-11-16,2025-11-16,10535,663705,Expired
POL006113,CUST00030,AG074,Motor,South,2024-08-13,2025-08-13,33401,3173095,Renewed
POL006114,CUST00411,AG030,Motor,West,2025-09-23,2026-09-23,17463,541353,Active
POL006115,CUST02438,AG038,Home,West,2025-04-26,2026-04-26,69500,2224000,Expired
POL006116,CUST01841,AG039,Home,North,2026-03-26,2027-03-26,64884,3893040,Expired
POL006117,CUST00560,AG047,Travel,West,2024-08-12,2025-08-12,9309,670248,Expired
POL006118,CUST00633,AG009,Commercial Property,East,2024-05-09,2025-05-09,164802,16315398,Active
POL006119,CUST01277,AG043,Marine,East,2024-12-09,2025-12-09,70288,3865840,Active
POL006120,CUST01044,AG056,Home,South,2024-12-28,2025-12-28,54828,2851056,Expired
POL006121,CUST00304,AG116,Home,East,2024-05-09,2025-05-09,45234,4478166,Expired
POL006122,CUST02762,AG067,Motor,West,2024-07-22,2025-07-22,24833,1713477,Expired
POL006123,CUST02065,AG114,Commercial Property,West,2026-07-19,2027-07-19,718550,40238800,Cancelled
POL006124,CUST02571,AG056,Home,North,2026-01-18,2027-01-18,58071,4355325,Active
POL006125,CUST00923,AG095,Marine,North,2025-12-28,2026-12-28,171932,12722968,Lapsed
POL006126,CUST02843,AG012,Travel,North,2025-08-19,2026-08-19,3495,307560,Cancelled
POL006127,CUST01302,AG033,Travel,East,2026-07-02,2027-07-02,3034,154734,Active
POL006128,CUST00761,AG029,Home,South,2024-10-08,2025-10-08,54705,2133495,Renewed
POL006129,CUST00141,AG113,Home,East,2024-07-29,2025-07-29,59011,2832528,Lapsed
POL006130,CUST02395,AG042,Commercial Property,South,2024-04-24,2025-04-24,702123,30191289,Expired
POL006131,CUST01213,AG100,Home,East,2023-11-09,2024-11-08,55713,2395659,Expired
POL006132,CUST00989,AG098,Travel,West,2025-05-25,2026-05-25,18969,1214016,Active
POL006133,CUST01597,AG006,Marine,East,2025-02-28,2026-02-28,196422,11981742,Cancelled
POL006134,CUST02342,AG076,Home,East,2024-12-21,2025-12-21,30924,989568,Lapsed
POL006135,CUST02802,AG120,Commercial Property,North,2026-02-11,2027-02-11,531528,27639456,Cancelled
POL006136,CUST00288,AG029,Commercial Property,East,2023-09-26,2024-09-25,179681,4671706,Lapsed
POL006137,CUST01749,AG013,Home,South,2025-05-11,2026-05-11,66937,5154149,Renewed
POL006138,CUST02781,AG013,Home,East,2024-07-10,2025-07-10,57790,1329170,Expired
POL006139,CUST00579,AG084,Commercial Property,South,2026-02-03,2027-02-03,391680,32901120,Active
POL006140,CUST02708,AG084,Motor,North,2025-08-25,2026-08-25,34135,3003880,Renewed
POL006141,CUST01123,AG101,Motor,North,2025-04-22,2026-04-22,28347,1445697,Lapsed
POL006142,CUST02686,AG010,Motor,North,2025-01-08,2026-01-08,29938,1796280,Expired
POL006143,CUST00987,AG120,Commercial Property,South,2026-03-24,2027-03-24,858027,84086646,Expired
POL006144,CUST02785,AG040,Travel,East,2025-05-16,2026-05-16,9765,732375,Cancelled
POL006145,CUST02147,AG047,Commercial Property,South,2025-03-31,2026-03-31,634615,16499990,Renewed
POL006146,CUST00757,AG085,Home,South,2025-02-24,2026-02-24,38361,3797739,Active
POL006147,CUST00764,AG027,Travel,West,2024-09-27,2025-09-27,5215,187740,Active
POL006148,CUST00138,AG063,Commercial Property,West,2025-05-29,2026-05-29,406570,8537970,Active
POL006149,CUST01949,AG047,Home,North,2025-01-19,2026-01-19,63921,5497206,Lapsed
POL006150,CUST01315,AG076,Home,South,2024-03-21,2025-03-21,39390,3860220,Expired
POL006151,CUST02069,AG106,Motor,West,2025-11-14,2026-11-14,38687,3133647,Expired
POL006152,CUST02842,AG052,Marine,North,2025-09-01,2026-09-01,161580,12280080,Renewed
POL006153,CUST02317,AG105,Motor,South,2023-09-14,2024-09-13,36508,2592068,Renewed
POL006154,CUST02356,AG119,Home,North,2024-01-09,2025-01-08,34788,3235284,Lapsed
POL006155,CUST00792,AG044,Marine,West,2024-05-08,2025-05-08,28656,2321136,Lapsed
POL006156,CUST02506,AG095,Home,South,2024-05-06,2025-05-06,49932,3944628,Active
POL006157,CUST00577,AG080,Commercial Property,South,2024-08-30,2025-08-30,444319,29769373,Expired
POL006158,CUST01941,AG102,Travel,East,2024-07-19,2025-07-19,18655,1529710,Renewed
POL006159,CUST01553,AG066,Marine,East,2024-09-16,2025-09-16,151396,3027920,Lapsed
POL006160,CUST01598,AG037,Commercial Property,North,2023-09-19,2024-09-18,677480,38616360,Lapsed
POL006161,CUST01375,AG107,Motor,West,2025-05-14,2026-05-14,28287,1386063,Lapsed
POL006162,CUST00113,AG098,Motor,South,2024-11-19,2025-11-19,28023,1233012,Active
POL006163,CUST02713,AG023,Commercial Property,West,2024-12-20,2025-12-20,103171,8253680,Lapsed
POL006164,CUST00466,AG108,Travel,North,2023-09-24,2024-09-23,5366,338058,Lapsed
POL006165,CUST01413,AG068,Home,West,2024-01-28,2025-01-27,10602,784548,Renewed
POL006166,CUST02537,AG068,Marine,South,2024-08-25,2025-08-25,96542,8302612,Expired
POL006167,CUST03000,AG117,Home,West,2025-05-03,2026-05-03,56218,3373080,Active
POL006168,CUST02094,AG067,Travel,North,2026-06-26,2027-06-26,3133,65793,Renewed
POL006169,CUST00499,AG114,Commercial Property,East,2026-02-27,2027-02-27,663854,36511970,Expired
POL006170,CUST01602,AG103,Commercial Property,West,2026-07-27,2027-07-27,315176,28365840,Renewed
POL006171,CUST01867,AG071,Home,West,2025-12-27,2026-12-27,33482,1071424,Expired
POL006172,CUST01333,AG109,Travel,West,2026-06-15,2027-06-15,16439,986340,Lapsed
POL006173,CUST02939,AG019,Commercial Property,South,2023-09-15,2024-09-14,479199,38815119,Active
POL006174,CUST01488,AG054,Marine,North,2026-07-04,2027-07-04,51184,1842624,Expired
POL006175,CUST01645,AG064,Home,South,2024-09-22,2025-09-22,63158,2652636,Lapsed
POL006176,CUST02013,AG112,Motor,North,2023-10-04,2024-10-03,20376,550152,Lapsed
POL006177,CUST01219,AG042,Marine,North,2024-01-31,2025-01-30,71275,4704150,Expired
POL006178,CUST00083,AG047,Commercial Property,North,2025-06-11,2026-06-11,721204,58417524,Active
POL006179,CUST00992,AG103,Commercial Property,South,2023-08-07,2024-08-06,485776,9715520,Expired
POL006180,CUST02630,AG053,Motor,West,2023-09-25,2024-09-24,38084,2018452,Expired
POL006181,CUST02001,AG079,Commercial Property,East,2024-10-25,2025-10-25,727593,64028184,Active
POL006182,CUST00816,AG007,Home,South,2025-12-17,2026-12-17,59231,5271559,Lapsed
POL006183,CUST01196,AG116,Commercial Property,South,2024-03-28,2025-03-28,141624,3115728,Expired
POL006184,CUST01159,AG008,Motor,East,2023-09-04,2024-09-03,18752,750080,Renewed
POL006185,CUST00692,AG106,Travel,North,2024-04-03,2025-04-03,18886,1605310,Lapsed
POL006186,CUST00564,AG085,Home,South,2024-03-08,2025-03-08,22364,849832,Expired
POL006187,CUST00458,AG094,Motor,West,2024-06-13,2025-06-13,37726,2074930,Expired
POL006188,CUST00089,AG062,Travel,West,2026-07-19,2027-07-19,12095,895030,Expired
POL006189,CUST02779,AG018,Motor,East,2026-01-05,2027-01-05,12909,361452,Cancelled
POL006190,CUST01080,AG113,Home,North,2025-03-31,2026-03-31,32723,916244,Active
POL006191,CUST00102,AG088,Travel,East,2026-02-17,2027-02-17,7103,660579,Cancelled
POL006192,CUST00397,AG077,Motor,South,2024-06-23,2025-06-23,22723,1340657,Renewed
POL006193,CUST02096,AG086,Marine,South,2026-06-27,2027-06-27,183737,14698960,Lapsed
POL006194,CUST00999,AG092,Commercial Property,South,2023-11-19,2024-11-18,839462,57083416,Renewed
POL006195,CUST02840,AG100,Travel,North,2024-01-07,2025-01-06,5802,162456,Renewed
POL006196,CUST00374,AG087,Motor,North,2026-06-01,2027-06-01,17592,703680,Active
POL006197,CUST02536,AG032,Marine,East,2026-05-24,2027-05-24,89230,1784600,Lapsed
POL006198,CUST02277,AG067,Travel,North,2026-02-23,2027-02-23,14246,327658,Cancelled
POL006199,CUST00503,AG007,Motor,North,2023-12-02,2024-12-01,16885,1604075,Active
POL006200,CUST01597,AG061,Travel,North,2024-04-10,2025-04-10,19727,1065258,Renewed
POL006201,CUST02341,AG101,Commercial Property,West,2025-12-16,2026-12-16,347984,15311296,Active
POL006202,CUST01501,AG047,Travel,South,2026-07-13,2027-07-13,18819,1430244,Cancelled
POL006203,CUST02012,AG057,Commercial Property,North,2023-10-16,2024-10-15,137427,4535091,Cancelled
POL006204,CUST00966,AG020,Marine,West,2024-02-03,2025-02-02,170798,6661122,Cancelled
POL006205,CUST02184,AG077,Travel,West,2025-11-30,2026-11-30,4299,421302,Renewed
POL006206,CUST00214,AG077,Motor,South,2023-11-09,2024-11-08,15454,602706,Renewed
POL006207,CUST00457,AG104,Home,North,2026-01-10,2027-01-10,41581,2661184,Expired
POL006208,CUST02699,AG067,Motor,West,2026-02-15,2027-02-15,18589,1821722,Renewed
POL006209,CUST02704,AG021,Home,South,2023-09-04,2024-09-03,26659,1679517,Lapsed
POL006210,CUST00423,AG097,Commercial Property,West,2025-01-09,2026-01-09,249152,17191488,Lapsed
POL006211,CUST02640,AG111,Travel,South,2024-11-20,2025-11-20,17713,1558744,Cancelled
POL006212,CUST02342,AG003,Motor,West,2025-12-14,2026-12-14,20846,1876140,Cancelled
POL006213,CUST02903,AG056,Travel,South,2024-06-16,2025-06-16,17897,1413863,Cancelled
POL006214,CUST02727,AG018,Commercial Property,West,2025-08-02,2026-08-02,209253,20925300,Renewed
POL006215,CUST00193,AG093,Motor,East,2025-10-09,2026-10-09,29527,1801147,Expired
POL006216,CUST01008,AG108,Travel,North,2024-11-22,2025-11-22,11271,1003119,Expired
POL006217,CUST00325,AG021,Motor,North,2023-09-29,2024-09-28,35732,3323076,Cancelled
POL006218,CUST00442,AG020,Marine,North,2024-08-05,2025-08-05,77859,6462297,Active
POL006219,CUST02645,AG103,Travel,South,2024-02-13,2025-02-12,2692,104988,Renewed
POL006220,CUST01757,AG061,Home,East,2026-05-01,2027-05-01,37769,2001757,Cancelled
POL006221,CUST00636,AG115,Motor,West,2025-12-20,2026-12-20,9245,600925,Expired
POL006222,CUST01819,AG053,Travel,East,2024-10-04,2025-10-04,15552,1321920,Active
POL006223,CUST01314,AG088,Motor,South,2025-06-04,2026-06-04,5508,330480,Cancelled
POL006224,CUST02569,AG114,Home,North,2026-02-10,2027-02-10,9337,896352,Expired
POL006225,CUST00040,AG061,Commercial Property,West,2023-11-15,2024-11-14,949655,62677230,Lapsed
POL006226,CUST00685,AG025,Home,South,2024-05-15,2025-05-15,48580,4420780,Cancelled
POL006227,CUST00052,AG013,Marine,South,2025-06-30,2026-06-30,59425,4754000,Active
POL006228,CUST00501,AG070,Motor,West,2025-07-20,2026-07-20,18193,1364475,Lapsed
POL006229,CUST01067,AG025,Commercial Property,South,2025-04-12,2026-04-12,856570,47111350,Cancelled
POL006230,CUST00894,AG098,Travel,North,2025-09-10,2026-09-10,10333,867972,Cancelled
POL006231,CUST02513,AG095,Motor,East,2024-03-31,2025-03-31,39722,1231382,Lapsed
POL006232,CUST00787,AG042,Home,North,2025-03-13,2026-03-13,22363,737979,Lapsed
POL006233,CUST01120,AG004,Marine,North,2024-05-05,2025-05-05,69546,4590036,Lapsed
POL006234,CUST02136,AG063,Home,South,2024-08-09,2025-08-09,20882,960572,Expired
POL006235,CUST02577,AG107,Marine,North,2026-02-24,2027-02-24,164037,15419478,Lapsed
POL006236,CUST00050,AG042,Commercial Property,East,2023-08-26,2024-08-25,612301,60005498,Cancelled
POL006237,CUST01233,AG018,Motor,East,2026-05-18,2027-05-18,27426,1179318,Renewed
POL006238,CUST01898,AG005,Home,North,2024-07-24,2025-07-24,35202,1936110,Lapsed
POL006239,CUST00184,AG035,Travel,North,2026-05-01,2027-05-01,18381,1635909,Lapsed
POL006240,CUST01729,AG028,Motor,South,2023-11-16,2024-11-15,24105,1084725,Renewed
POL006241,CUST00167,AG015,Travel,South,2025-11-05,2026-11-05,15693,800343,Active
POL006242,CUST00445,AG076,Home,West,2024-06-11,2025-06-11,64423,2061536,Renewed
POL006243,CUST02763,AG058,Commercial Property,West,2025-07-21,2026-07-21,657722,30912934,Active
POL006244,CUST00681,AG106,Motor,North,2025-08-16,2026-08-16,16357,703351,Cancelled
POL006245,CUST01021,AG020,Marine,West,2026-06-30,2027-06-30,38832,1397952,Expired
POL006246,CUST02525,AG083,Motor,North,2025-11-12,2026-11-12,19447,544516,Lapsed
POL006247,CUST01264,AG011,Travel,West,2025-12-06,2026-12-06,1475,138650,Cancelled
POL006248,CUST02080,AG085,Travel,South,2025-02-03,2026-02-03,19265,1001780,Cancelled
POL006249,CUST00818,AG094,Home,West,2026-05-09,2027-05-09,51322,3027998,Active
POL006250,CUST02623,AG106,Marine,South,2024-04-20,2025-04-20,94947,4462509,Active
POL006251,CUST01451,AG052,Commercial Property,North,2024-01-15,2025-01-14,333412,21671780,Active
POL006252,CUST01231,AG110,Home,North,2023-11-05,2024-11-04,51741,3156201,Expired
POL006253,CUST01806,AG112,Home,West,2023-10-17,2024-10-16,28771,2589390,Active
POL006254,CUST00962,AG062,Home,West,2023-10-03,2024-10-02,28796,1151840,Expired
POL006255,CUST01558,AG072,Travel,South,2026-07-07,2027-07-07,16329,457212,Expired
POL006256,CUST00389,AG004,Commercial Property,South,2025-08-23,2026-08-23,581524,37799060,Expired
POL006257,CUST02193,AG028,Marine,East,2026-03-20,2027-03-20,102321,6753186,Cancelled
POL006258,CUST02533,AG102,Home,North,2026-03-28,2027-03-28,69275,4849250,Active
POL006259,CUST02394,AG073,Marine,East,2024-07-30,2025-07-30,35850,2939700,Lapsed
POL006260,CUST01988,AG091,Commercial Property,East,2025-08-29,2026-08-29,220598,21839202,Active
POL006261,CUST00166,AG052,Motor,North,2025-08-05,2026-08-05,35558,2382386,Expired
POL006262,CUST01660,AG102,Motor,South,2026-05-27,2027-05-27,5443,348352,Expired
POL006263,CUST01184,AG021,Home,South,2024-02-26,2025-02-25,27873,1059174,Cancelled
POL006264,CUST01296,AG007,Travel,North,2024-09-15,2025-09-15,10703,310387,Expired
POL006265,CUST02521,AG031,Travel,West,2024-03-29,2025-03-29,1655,62890,Active
POL006266,CUST02333,AG029,Motor,East,2025-11-14,2026-11-14,34013,1360520,Renewed
POL006267,CUST00406,AG003,Commercial Property,East,2024-01-26,2025-01-25,280382,10093752,Lapsed
POL006268,CUST01399,AG118,Motor,South,2026-02-01,2027-02-01,6767,581962,Expired
POL006269,CUST01735,AG018,Marine,West,2025-03-12,2026-03-12,143256,3008376,Lapsed
POL006270,CUST00787,AG033,Commercial Property,South,2025-03-06,2026-03-06,695962,63332542,Expired
POL006271,CUST01647,AG065,Home,East,2024-04-13,2025-04-13,9080,898920,Active
POL006272,CUST01427,AG036,Motor,West,2024-08-06,2025-08-06,28081,2162237,Cancelled
POL006273,CUST01466,AG059,Motor,South,2024-12-27,2025-12-27,9991,439604,Renewed
POL006274,CUST00028,AG015,Travel,East,2025-07-17,2026-07-17,14674,616308,Active
POL006275,CUST02440,AG059,Motor,South,2024-05-11,2025-05-11,6357,171639,Cancelled
POL006276,CUST01184,AG115,Travel,West,2026-01-16,2027-01-16,10725,257400,Lapsed
POL006277,CUST02349,AG027,Commercial Property,East,2023-11-22,2024-11-21,120773,2777779,Cancelled
POL006278,CUST02401,AG099,Motor,North,2024-01-22,2025-01-21,39077,2813544,Active
POL006279,CUST02255,AG040,Marine,West,2025-06-07,2026-06-07,164280,7885440,Expired
POL006280,CUST01215,AG115,Home,North,2024-04-25,2025-04-25,58111,2614995,Lapsed
POL006281,CUST01000,AG065,Travel,West,2025-07-10,2026-07-10,12485,399520,Cancelled
POL006282,CUST02641,AG078,Marine,West,2025-07-22,2026-07-22,74967,7196832,Cancelled
POL006283,CUST01485,AG004,Marine,West,2025-08-05,2026-08-05,82353,6176475,Cancelled
POL006284,CUST01932,AG082,Marine,North,2024-05-17,2025-05-17,170683,9387565,Cancelled
POL006285,CUST00561,AG120,Home,South,2025-05-17,2026-05-17,45269,1946567,Active
POL006286,CUST00941,AG020,Home,South,2026-02-18,2027-02-18,66500,2460500,Lapsed
POL006287,CUST00238,AG082,Commercial Property,West,2026-04-03,2027-04-03,81808,5317520,Expired
POL006288,CUST00100,AG104,Motor,West,2026-07-16,2027-07-16,12512,863328,Lapsed
POL006289,CUST02251,AG051,Travel,West,2026-07-04,2027-07-04,5571,245124,Renewed
POL006290,CUST01812,AG070,Travel,South,2025-12-24,2026-12-24,5764,357368,Renewed
POL006291,CUST02963,AG035,Home,South,2024-02-21,2025-02-20,55167,2648016,Renewed
POL006292,CUST00869,AG071,Commercial Property,North,2024-09-01,2025-09-01,823841,21419866,Lapsed
POL006293,CUST02208,AG014,Travel,North,2026-05-28,2027-05-28,19788,1583040,Cancelled
POL006294,CUST00815,AG064,Marine,East,2023-12-20,2024-12-19,137824,2894304,Active
POL006295,CUST01584,AG099,Marine,North,2024-11-13,2025-11-13,72559,2902360,Lapsed
POL006296,CUST01932,AG084,Travel,East,2025-05-27,2026-05-27,5125,133250,Expired
POL006297,CUST01058,AG075,Commercial Property,South,2026-07-23,2027-07-23,737752,16230544,Expired
POL006298,CUST02447,AG063,Travel,East,2025-09-23,2026-09-23,18291,695058,Lapsed
POL006299,CUST01429,AG046,Home,North,2025-03-30,2026-03-30,12940,698760,Active
POL006300,CUST00094,AG113,Marine,West,2025-04-11,2026-04-11,155270,7452960,Lapsed
POL006301,CUST02462,AG113,Motor,West,2023-08-07,2024-08-06,11390,250580,Renewed
POL006302,CUST00962,AG114,Commercial Property,South,2026-06-02,2027-06-02,262730,21281130,Expired
POL006303,CUST00619,AG119,Travel,South,2026-05-04,2027-05-04,15571,404846,Renewed
POL006304,CUST02184,AG092,Home,West,2023-12-24,2024-12-23,61632,4067712,Lapsed
POL006305,CUST01514,AG029,Marine,South,2024-04-26,2025-04-26,156594,15033024,Cancelled
POL006306,CUST01155,AG024,Travel,South,2025-12-12,2026-12-12,18608,688496,Cancelled
POL006307,CUST01582,AG097,Home,East,2026-01-21,2027-01-21,46670,4386980,Expired
POL006308,CUST00027,AG033,Travel,South,2023-10-23,2024-10-22,19383,659022,Active
POL006309,CUST00288,AG077,Marine,East,2025-08-17,2026-08-17,158881,7626288,Renewed
POL006310,CUST02201,AG004,Travel,South,2025-08-05,2026-08-05,15221,1248122,Expired
POL006311,CUST00429,AG059,Marine,East,2025-03-22,2026-03-22,52603,4471255,Active
POL006312,CUST01243,AG061,Travel,East,2025-07-17,2026-07-17,6635,245495,Expired
POL006313,CUST00632,AG006,Home,North,2024-09-15,2025-09-15,66085,2577315,Active
POL006314,CUST01865,AG045,Travel,West,2026-05-12,2027-05-12,15109,1299374,Active
POL006315,CUST01810,AG107,Home,East,2023-11-01,2024-10-31,58197,3957396,Expired
POL006316,CUST02252,AG116,Home,West,2025-05-13,2026-05-13,34731,2570094,Active
POL006317,CUST01680,AG062,Home,North,2024-06-17,2025-06-17,31165,1620580,Active
POL006318,CUST00349,AG096,Marine,East,2025-05-25,2026-05-25,188454,18280038,Active
POL006319,CUST00577,AG059,Motor,East,2026-02-16,2027-02-16,29451,2680041,Active
POL006320,CUST02897,AG035,Home,West,2025-02-24,2026-02-24,24934,1870050,Renewed
POL006321,CUST02991,AG007,Travel,South,2024-06-20,2025-06-20,12130,473070,Renewed
POL006322,CUST02770,AG112,Commercial Property,West,2024-03-12,2025-03-12,937174,30926742,Cancelled
POL006323,CUST02481,AG058,Motor,South,2026-05-26,2027-05-26,25768,2241816,Cancelled
POL006324,CUST02384,AG004,Motor,East,2023-10-12,2024-10-11,9647,665643,Renewed
POL006325,CUST00965,AG059,Travel,South,2026-07-06,2027-07-06,6731,397129,Renewed
POL006326,CUST01160,AG075,Travel,North,2024-06-26,2025-06-26,18414,1491534,Expired
POL006327,CUST00255,AG046,Commercial Property,East,2024-09-25,2025-09-25,128616,4887408,Active
POL006328,CUST01690,AG062,Home,East,2026-06-30,2027-06-30,51700,4446200,Renewed
POL006329,CUST02118,AG026,Motor,West,2025-10-14,2026-10-14,29988,2339064,Expired
POL006330,CUST01639,AG004,Home,North,2024-08-23,2025-08-23,60762,2673528,Active
POL006331,CUST00966,AG074,Motor,West,2025-05-22,2026-05-22,34069,2452968,Cancelled
POL006332,CUST01513,AG062,Motor,East,2024-06-06,2025-06-06,25237,2321804,Lapsed
POL006333,CUST02496,AG109,Commercial Property,North,2026-02-15,2027-02-15,694084,31233780,Cancelled
POL006334,CUST01468,AG044,Home,East,2025-07-18,2026-07-18,18124,1069316,Renewed
POL006335,CUST02244,AG059,Travel,North,2023-12-03,2024-12-02,12593,314825,Active
POL006336,CUST00494,AG051,Home,North,2025-09-12,2026-09-12,10131,455895,Lapsed
POL006337,CUST00220,AG014,Travel,North,2025-05-29,2026-05-29,18363,1230321,Expired
POL006338,CUST02978,AG042,Marine,South,2025-05-22,2026-05-22,25743,1853496,Active
POL006339,CUST02463,AG050,Commercial Property,West,2023-11-28,2024-11-27,139717,5169529,Lapsed
POL006340,CUST02542,AG004,Marine,North,2026-07-19,2027-07-19,134965,8907690,Renewed
POL006341,CUST02222,AG026,Commercial Property,South,2024-07-02,2025-07-02,858172,79809996,Cancelled
POL006342,CUST01341,AG049,Travel,West,2025-12-18,2026-12-18,8600,309600,Cancelled
POL006343,CUST00407,AG070,Motor,East,2023-08-11,2024-08-10,10421,979574,Expired
POL006344,CUST02330,AG050,Travel,West,2023-10-29,2024-10-28,16363,1276314,Expired
POL006345,CUST02121,AG042,Travel,East,2023-09-12,2024-09-11,2067,198432,Renewed
POL006346,CUST02622,AG081,Travel,East,2025-11-25,2026-11-25,8153,472874,Lapsed
POL006347,CUST00211,AG043,Travel,West,2026-01-27,2027-01-27,1780,60520,Active
POL006348,CUST00020,AG021,Commercial Property,East,2025-11-09,2026-11-09,179674,6827612,Active
POL006349,CUST02265,AG067,Marine,South,2023-11-26,2024-11-25,104696,2303312,Lapsed
POL006350,CUST02721,AG118,Home,East,2023-12-05,2024-12-04,32667,2874696,Expired
POL006351,CUST00595,AG047,Travel,West,2024-12-30,2025-12-30,2180,43600,Lapsed
POL006352,CUST02533,AG091,Motor,West,2024-05-14,2025-05-14,15993,1407384,Active
POL006353,CUST02347,AG079,Commercial Property,East,2025-12-06,2026-12-06,729533,36476650,Expired
POL006354,CUST02851,AG044,Home,South,2026-07-25,2027-07-25,36262,1885624,Active
POL006355,CUST00697,AG003,Motor,West,2026-01-17,2027-01-17,19026,722988,Renewed
POL006356,CUST01210,AG086,Home,South,2025-06-27,2026-06-27,33844,3384400,Active
POL006357,CUST01144,AG117,Commercial Property,South,2024-01-30,2025-01-29,284807,6265754,Lapsed
POL006358,CUST00759,AG032,Marine,West,2023-12-16,2024-12-15,96188,3558956,Renewed
POL006359,CUST01542,AG105,Travel,South,2025-07-19,2026-07-19,14915,715920,Lapsed
POL006360,CUST00835,AG027,Motor,West,2024-08-24,2025-08-24,23168,1946112,Lapsed
POL006361,CUST00912,AG083,Motor,South,2026-06-05,2027-06-05,14707,1176560,Active
POL006362,CUST02742,AG032,Travel,North,2026-06-17,2027-06-17,3174,161874,Renewed
POL006363,CUST00373,AG071,Motor,South,2023-09-22,2024-09-21,20350,1933250,Cancelled
POL006364,CUST00988,AG099,Marine,East,2026-01-31,2027-01-31,41286,3591882,Cancelled
POL006365,CUST02915,AG010,Commercial Property,West,2025-10-12,2026-10-12,529209,25402032,Expired
POL006366,CUST00976,AG014,Home,South,2024-01-05,2025-01-04,61576,3078800,Cancelled
POL006367,CUST00343,AG043,Travel,East,2025-05-22,2026-05-22,1327,65023,Expired
POL006368,CUST02721,AG055,Commercial Property,East,2023-09-16,2024-09-15,902690,59577540,Active
POL006369,CUST01263,AG084,Commercial Property,North,2023-11-23,2024-11-22,579838,51025744,Lapsed
POL006370,CUST02767,AG007,Home,West,2025-08-18,2026-08-18,29856,806112,Renewed
POL006371,CUST00162,AG049,Travel,North,2025-02-07,2026-02-07,19315,1931500,Active
POL006372,CUST02020,AG108,Travel,East,2023-12-19,2024-12-18,4676,275884,Renewed
POL006373,CUST00159,AG056,Home,West,2025-03-30,2026-03-30,19787,1761043,Lapsed
POL006374,CUST01711,AG050,Travel,West,2024-01-31,2025-01-30,7502,675180,Lapsed
POL006375,CUST02202,AG116,Travel,North,2026-02-04,2027-02-04,5100,112200,Lapsed
POL006376,CUST00817,AG093,Commercial Property,South,2026-07-26,2027-07-26,191332,15880556,Lapsed
POL006377,CUST02601,AG118,Commercial Property,East,2025-09-13,2026-09-13,762899,17546677,Cancelled
POL006378,CUST00704,AG051,Travel,West,2025-04-08,2026-04-08,8346,642642,Cancelled
POL006379,CUST01533,AG032,Travel,East,2024-06-26,2025-06-26,18665,447960,Expired
POL006380,CUST01782,AG081,Travel,North,2025-08-30,2026-08-30,9806,215732,Cancelled
POL006381,CUST00191,AG080,Motor,North,2024-07-10,2025-07-10,6506,592046,Renewed
POL006382,CUST00417,AG054,Home,West,2023-09-11,2024-09-10,65143,5081154,Cancelled
POL006383,CUST01077,AG011,Home,North,2026-02-10,2027-02-10,45591,3054597,Renewed
POL006384,CUST01898,AG037,Home,South,2024-11-18,2025-11-18,25032,976248,Cancelled
POL006385,CUST01336,AG012,Commercial Property,North,2025-07-25,2026-07-25,499404,46444572,Lapsed
POL006386,CUST01622,AG004,Marine,West,2024-03-14,2025-03-14,75378,3467388,Expired
POL006387,CUST02843,AG112,Commercial Property,East,2024-02-23,2025-02-22,160214,13297762,Expired
POL006388,CUST02057,AG002,Travel,South,2026-06-02,2027-06-02,19048,1657176,Expired
POL006389,CUST00623,AG045,Home,North,2024-08-31,2025-08-31,20621,804219,Active
POL006390,CUST02746,AG054,Motor,South,2024-12-26,2025-12-26,38860,3613980,Lapsed
POL006391,CUST01545,AG064,Motor,West,2023-08-17,2024-08-16,16352,327040,Lapsed
POL006392,CUST01784,AG010,Commercial Property,West,2025-09-20,2026-09-20,840978,58027482,Active
POL006393,CUST02187,AG085,Home,North,2023-10-30,2024-10-29,69570,6122160,Lapsed
POL006394,CUST02081,AG061,Motor,West,2023-09-20,2024-09-19,17044,920376,Expired
POL006395,CUST01277,AG052,Home,South,2026-05-12,2027-05-12,68289,1912092,Active
POL006396,CUST00276,AG088,Travel,East,2023-10-08,2024-10-07,16019,480570,Renewed
POL006397,CUST00789,AG050,Motor,East,2025-12-20,2026-12-20,21781,762335,Cancelled
POL006398,CUST02806,AG068,Marine,North,2024-08-05,2025-08-05,80094,2723196,Renewed
POL006399,CUST01611,AG107,Travel,North,2025-06-11,2026-06-11,4405,145365,Active
POL006400,CUST02100,AG088,Motor,West,2023-08-26,2024-08-25,13382,869830,Active
POL006401,CUST00211,AG044,Travel,East,2025-09-29,2026-09-29,10435,939150,Cancelled
POL006402,CUST00702,AG062,Marine,East,2025-04-06,2026-04-06,55208,2042696,Lapsed
POL006403,CUST01163,AG104,Marine,South,2026-06-12,2027-06-12,130816,12558336,Renewed
POL006404,CUST02462,AG042,Home,East,2025-10-31,2026-10-31,56959,4727597,Cancelled
POL006405,CUST01441,AG075,Commercial Property,East,2023-12-29,2024-12-28,573528,53911632,Expired
POL006406,CUST00849,AG071,Home,East,2024-04-11,2025-04-11,59608,5245504,Active
POL006407,CUST01799,AG099,Commercial Property,West,2025-01-19,2026-01-19,451853,28918592,Renewed
POL006408,CUST02127,AG005,Commercial Property,South,2024-04-07,2025-04-07,476265,38101200,Expired
POL006409,CUST00381,AG042,Marine,West,2024-09-15,2025-09-15,185799,10218945,Renewed
POL006410,CUST00890,AG088,Home,West,2024-05-28,2025-05-28,50949,3821175,Active
POL006411,CUST01906,AG081,Travel,South,2025-01-28,2026-01-28,10031,431333,Renewed
POL006412,CUST02456,AG076,Home,East,2024-02-25,2025-02-24,29133,2738502,Lapsed
POL006413,CUST02426,AG110,Travel,East,2024-12-20,2025-12-20,10345,527595,Expired
POL006414,CUST00275,AG040,Home,West,2025-06-02,2026-06-02,48435,2615490,Renewed
POL006415,CUST01060,AG119,Motor,East,2024-03-08,2025-03-08,35041,3504100,Cancelled
POL006416,CUST02513,AG115,Marine,East,2024-12-12,2025-12-12,89054,6946212,Renewed
POL006417,CUST01033,AG106,Marine,North,2025-02-23,2026-02-23,47029,1081667,Cancelled
POL006418,CUST01895,AG052,Home,East,2024-04-10,2025-04-10,47186,4482670,Renewed
POL006419,CUST02090,AG056,Home,North,2024-06-20,2025-06-20,59479,3271345,Cancelled
POL006420,CUST01056,AG074,Home,South,2026-01-27,2027-01-27,14046,1292232,Expired
POL006421,CUST02906,AG076,Commercial Property,East,2024-10-29,2025-10-29,518731,16599392,Lapsed
POL006422,CUST00228,AG091,Motor,East,2026-06-01,2027-06-01,25582,1867486,Lapsed
POL006423,CUST02305,AG054,Commercial Property,West,2024-06-17,2025-06-17,900127,32404572,Active
POL006424,CUST02371,AG058,Marine,West,2026-06-10,2027-06-10,122499,8819928,Expired
POL006425,CUST02285,AG071,Commercial Property,South,2025-09-19,2026-09-19,832821,34978482,Renewed
POL006426,CUST02237,AG059,Home,North,2026-01-23,2027-01-23,55973,2350866,Cancelled
POL006427,CUST02171,AG093,Marine,North,2026-02-03,2027-02-03,86154,2498466,Renewed
POL006428,CUST02126,AG012,Commercial Property,South,2025-10-10,2026-10-10,930594,34431978,Renewed
POL006429,CUST02781,AG113,Travel,South,2025-05-27,2026-05-27,16198,664118,Renewed
POL006430,CUST00656,AG035,Commercial Property,East,2026-02-20,2027-02-20,543270,20100990,Renewed
POL006431,CUST00235,AG093,Marine,North,2024-04-27,2025-04-27,120222,7453764,Lapsed
POL006432,CUST00195,AG048,Motor,East,2025-08-23,2026-08-23,19049,1866802,Cancelled
POL006433,CUST02643,AG081,Commercial Property,West,2023-12-21,2024-12-20,556404,55640400,Expired
POL006434,CUST02351,AG031,Home,East,2023-10-01,2024-09-30,32646,1240548,Expired
POL006435,CUST00586,AG120,Commercial Property,North,2025-03-26,2026-03-26,245859,21881451,Active
POL006436,CUST02861,AG062,Commercial Property,East,2025-09-14,2026-09-14,646308,50412024,Cancelled
POL006437,CUST01463,AG066,Commercial Property,South,2023-09-20,2024-09-19,292767,26349030,Cancelled
POL006438,CUST02596,AG111,Marine,East,2026-01-02,2027-01-02,162618,14147766,Active
POL006439,CUST01669,AG104,Home,South,2026-02-16,2027-02-16,53239,4418837,Renewed
POL006440,CUST00998,AG046,Marine,West,2025-11-26,2026-11-26,156579,10647372,Renewed
POL006441,CUST01635,AG120,Home,South,2026-01-17,2027-01-17,18841,1884100,Lapsed
POL006442,CUST01280,AG024,Travel,West,2025-12-14,2026-12-14,2087,196178,Lapsed
POL006443,CUST00574,AG028,Marine,North,2025-05-02,2026-05-02,134757,10106775,Lapsed
POL006444,CUST02735,AG032,Motor,North,2023-10-05,2024-10-04,21989,835582,Active
POL006445,CUST01049,AG094,Motor,East,2025-05-05,2026-05-05,24608,2337760,Active
POL006446,CUST02719,AG076,Home,South,2025-09-20,2026-09-20,52352,2774656,Active
POL006447,CUST00425,AG016,Commercial Property,East,2025-07-09,2026-07-09,762234,67076592,Cancelled
POL006448,CUST01328,AG081,Commercial Property,North,2025-03-12,2026-03-12,146625,6011625,Active
POL006449,CUST00633,AG008,Commercial Property,North,2024-06-02,2025-06-02,691084,23496856,Lapsed
POL006450,CUST00920,AG002,Marine,South,2024-08-02,2025-08-02,175901,17414199,Lapsed
POL006451,CUST00773,AG067,Motor,West,2023-12-27,2024-12-26,25930,674180,Active
POL006452,CUST00747,AG088,Travel,East,2025-07-10,2026-07-10,14712,765024,Cancelled
POL006453,CUST01341,AG055,Marine,North,2024-03-27,2025-03-27,133278,11195352,Active
POL006454,CUST01494,AG088,Marine,East,2023-09-20,2024-09-19,177643,7105720,Active
POL006455,CUST00611,AG075,Travel,West,2023-09-30,2024-09-29,15308,658244,Expired
POL006456,CUST01708,AG010,Marine,West,2024-04-10,2025-04-10,161392,12265792,Expired
POL006457,CUST02974,AG086,Home,West,2024-02-19,2025-02-18,23937,2393700,Renewed
POL006458,CUST02127,AG093,Travel,East,2025-09-09,2026-09-09,4261,247138,Renewed
POL006459,CUST00097,AG057,Travel,West,2023-09-19,2024-09-18,19738,611878,Expired
POL006460,CUST02870,AG020,Marine,North,2025-07-09,2026-07-09,144442,3322166,Cancelled
POL006461,CUST02182,AG008,Travel,South,2025-05-11,2026-05-11,15879,698676,Lapsed
POL006462,CUST00247,AG116,Commercial Property,North,2026-07-27,2027-07-27,158262,8862672,Cancelled
POL006463,CUST00147,AG113,Commercial Property,South,2025-05-25,2026-05-25,830553,19102719,Renewed
POL006464,CUST00594,AG021,Marine,North,2024-03-18,2025-03-18,171503,4973587,Renewed
POL006465,CUST01247,AG109,Commercial Property,North,2023-12-25,2024-12-24,917848,77099232,Active
POL006466,CUST00831,AG089,Commercial Property,South,2026-03-02,2027-03-02,468195,35114625,Lapsed
POL006467,CUST00336,AG071,Marine,South,2025-04-10,2026-04-10,83282,7911790,Active
POL006468,CUST01874,AG021,Home,East,2025-05-05,2026-05-05,66752,5273408,Expired
POL006469,CUST00469,AG093,Commercial Property,West,2023-08-07,2024-08-06,756817,43895386,Renewed
POL006470,CUST02001,AG008,Travel,South,2025-10-04,2026-10-04,6171,592416,Cancelled
POL006471,CUST01668,AG113,Travel,North,2026-04-26,2027-04-26,16855,927025,Active
POL006472,CUST02712,AG087,Commercial Property,North,2024-07-15,2025-07-15,317996,29573628,Lapsed
POL006473,CUST02125,AG004,Motor,South,2024-12-06,2025-12-06,19562,802042,Lapsed
POL006474,CUST00174,AG073,Travel,North,2025-06-18,2026-06-18,16917,1268775,Renewed
POL006475,CUST01766,AG048,Home,West,2025-03-04,2026-03-04,39641,1823486,Renewed
POL006476,CUST01236,AG080,Travel,West,2024-01-17,2025-01-16,6671,640416,Active
POL006477,CUST00004,AG044,Marine,South,2025-03-06,2026-03-06,135977,6526896,Active
POL006478,CUST00422,AG038,Commercial Property,South,2026-05-22,2027-05-22,998879,73917046,Renewed
POL006479,CUST02298,AG067,Motor,East,2024-09-17,2025-09-17,9963,906633,Expired
POL006480,CUST02072,AG079,Travel,North,2024-08-19,2025-08-19,10721,300188,Expired
POL006481,CUST01411,AG048,Travel,North,2023-11-01,2024-10-31,15717,1210209,Renewed
POL006482,CUST00534,AG064,Travel,South,2025-08-13,2026-08-13,3789,234918,Lapsed
POL006483,CUST01851,AG078,Marine,South,2025-12-30,2026-12-30,116702,5018186,Expired
POL006484,CUST01538,AG060,Travel,North,2024-04-19,2025-04-19,9353,607945,Lapsed
POL006485,CUST02823,AG010,Marine,West,2026-07-08,2027-07-08,84499,8111904,Expired
POL006486,CUST01706,AG041,Marine,North,2025-07-07,2026-07-07,164773,4284098,Lapsed
POL006487,CUST00280,AG028,Motor,West,2025-09-17,2026-09-17,8244,502884,Expired
POL006488,CUST00985,AG103,Marine,South,2024-06-13,2025-06-13,172124,15319036,Cancelled
POL006489,CUST01141,AG035,Marine,East,2024-04-27,2025-04-27,186598,14181448,Cancelled
POL006490,CUST02122,AG019,Home,West,2023-12-28,2024-12-27,51309,5028282,Expired
POL006491,CUST02763,AG077,Home,West,2025-04-07,2026-04-07,32062,2180216,Lapsed
POL006492,CUST00351,AG052,Travel,East,2026-03-26,2027-03-26,1837,117568,Cancelled
POL006493,CUST00975,AG042,Commercial Property,West,2024-07-21,2025-07-21,80536,5315376,Cancelled
POL006494,CUST01638,AG084,Commercial Property,North,2025-10-16,2026-10-16,486208,11182784,Cancelled
POL006495,CUST01788,AG003,Travel,West,2024-05-22,2025-05-22,4439,110975,Lapsed
POL006496,CUST02952,AG078,Marine,South,2024-02-28,2025-02-27,26386,2559442,Expired
POL006497,CUST02472,AG087,Travel,South,2023-11-07,2024-11-06,4737,468963,Renewed
POL006498,CUST01571,AG026,Commercial Property,West,2026-04-01,2027-04-01,154378,3087560,Lapsed
POL006499,CUST00128,AG035,Motor,West,2026-07-23,2027-07-23,26657,2159217,Expired
POL006500,CUST02511,AG027,Motor,East,2025-05-06,2026-05-06,18047,1118914,Lapsed
POL006501,CUST00216,AG085,Travel,North,2025-05-13,2026-05-13,7100,454400,Cancelled
POL006502,CUST02372,AG002,Marine,North,2024-09-02,2025-09-02,162493,4387311,Cancelled
POL006503,CUST02720,AG034,Home,East,2025-05-25,2026-05-25,22737,1023165,Expired
POL006504,CUST02774,AG039,Marine,South,2024-08-08,2025-08-08,189071,8508195,Active
POL006505,CUST02836,AG003,Home,East,2024-12-08,2025-12-08,51096,2401512,Renewed
POL006506,CUST02375,AG002,Motor,South,2023-12-27,2024-12-26,13852,720304,Renewed
POL006507,CUST02479,AG082,Marine,East,2026-04-20,2027-04-20,191564,16282940,Active
POL006508,CUST02983,AG107,Motor,North,2023-09-29,2024-09-28,34156,3108196,Renewed
POL006509,CUST00812,AG038,Travel,West,2024-01-21,2025-01-20,12126,533544,Expired
POL006510,CUST00286,AG087,Marine,West,2024-10-30,2025-10-30,77436,2245644,Lapsed
POL006511,CUST01605,AG028,Motor,South,2025-03-12,2026-03-12,17962,1454922,Cancelled
POL006512,CUST02956,AG119,Motor,West,2026-03-05,2027-03-05,6439,431413,Active
POL006513,CUST01179,AG112,Motor,West,2025-05-26,2026-05-26,20486,1331590,Renewed
POL006514,CUST01096,AG085,Home,West,2024-08-08,2025-08-08,31015,1116540,Renewed
POL006515,CUST01645,AG114,Motor,South,2024-07-27,2025-07-27,33868,3319064,Lapsed
POL006516,CUST00533,AG024,Home,West,2024-03-26,2025-03-26,49721,4822937,Cancelled
POL006517,CUST00764,AG073,Motor,North,2025-06-01,2026-06-01,37062,1853100,Lapsed
POL006518,CUST02284,AG073,Marine,North,2024-12-14,2025-12-14,129574,8422310,Renewed
POL006519,CUST00864,AG113,Marine,East,2024-04-09,2025-04-09,43969,1055256,Expired
POL006520,CUST00869,AG070,Home,South,2024-10-07,2025-10-07,27541,1569837,Expired
POL006521,CUST00153,AG114,Home,South,2024-09-11,2025-09-11,58502,1579554,Active
POL006522,CUST00529,AG077,Marine,South,2025-01-31,2026-01-31,20383,917235,Active
POL006523,CUST00696,AG004,Commercial Property,East,2023-10-29,2024-10-28,77671,5980667,Cancelled
POL006524,CUST01610,AG077,Home,North,2025-05-22,2026-05-22,62949,2958603,Active
POL006525,CUST02613,AG101,Commercial Property,West,2025-12-25,2026-12-25,905662,30792508,Cancelled
POL006526,CUST01006,AG001,Home,West,2023-08-30,2024-08-29,27770,1777280,Expired
POL006527,CUST00059,AG005,Marine,West,2025-03-20,2026-03-20,147931,14053445,Renewed
POL006528,CUST01001,AG078,Travel,South,2025-07-06,2026-07-06,16004,1216304,Renewed
POL006529,CUST00600,AG112,Travel,East,2026-04-25,2027-04-25,4100,86100,Expired
POL006530,CUST01267,AG032,Travel,East,2026-07-30,2027-07-30,3051,85428,Cancelled
POL006531,CUST02863,AG072,Motor,North,2026-05-30,2027-05-30,20374,1202066,Expired
POL006532,CUST02108,AG119,Commercial Property,East,2024-05-20,2025-05-20,158325,15040875,Cancelled
POL006533,CUST02075,AG047,Home,East,2026-07-05,2027-07-05,59910,4313520,Expired
POL006534,CUST00283,AG020,Commercial Property,North,2023-09-21,2024-09-20,205791,5350566,Active
POL006535,CUST00381,AG111,Marine,North,2024-03-09,2025-03-09,165284,11074028,Cancelled
POL006536,CUST00555,AG120,Commercial Property,West,2026-04-20,2027-04-20,247440,8660400,Lapsed
POL006537,CUST02732,AG071,Travel,North,2024-12-01,2025-12-01,2339,210510,Lapsed
POL006538,CUST01086,AG002,Commercial Property,East,2024-06-10,2025-06-10,697694,25814678,Active
POL006539,CUST02572,AG050,Travel,North,2024-09-19,2025-09-19,8454,388884,Renewed
POL006540,CUST00753,AG055,Home,South,2025-01-29,2026-01-29,52894,3279428,Cancelled
POL006541,CUST00939,AG044,Travel,North,2026-08-05,2027-08-05,15767,1009088,Active
POL006542,CUST02438,AG088,Travel,South,2024-07-03,2025-07-03,10716,460788,Renewed
POL006543,CUST01843,AG029,Motor,East,2025-06-07,2026-06-07,22394,1343640,Expired
POL006544,CUST02042,AG094,Travel,North,2023-12-28,2024-12-27,10403,208060,Renewed
POL006545,CUST00123,AG020,Travel,East,2025-03-09,2026-03-09,6140,515760,Renewed
POL006546,CUST01757,AG038,Motor,North,2025-05-23,2026-05-23,34326,2917710,Active
POL006547,CUST02307,AG080,Home,South,2026-05-02,2027-05-02,31388,3138800,Lapsed
POL006548,CUST02604,AG078,Motor,North,2024-05-22,2025-05-22,11468,676612,Renewed
POL006549,CUST02935,AG023,Marine,East,2026-02-15,2027-02-15,37852,1438376,Lapsed
POL006550,CUST02279,AG024,Travel,North,2024-03-02,2025-03-02,3698,129430,Renewed
POL006551,CUST01764,AG057,Home,East,2023-12-02,2024-12-01,53059,4563074,Expired
POL006552,CUST02901,AG048,Home,West,2023-10-03,2024-10-02,29175,2742450,Cancelled
POL006553,CUST02628,AG085,Commercial Property,West,2024-04-17,2025-04-17,913718,79493466,Cancelled
POL006554,CUST01972,AG089,Marine,West,2024-04-09,2025-04-09,41118,1480248,Cancelled
POL006555,CUST00816,AG028,Commercial Property,North,2026-01-09,2027-01-09,504523,40866363,Lapsed
POL006556,CUST00868,AG022,Travel,East,2024-01-08,2025-01-07,15510,1070190,Lapsed
POL006557,CUST01264,AG007,Motor,South,2025-11-17,2026-11-17,32323,2618163,Renewed
POL006558,CUST02920,AG004,Home,North,2024-02-04,2025-02-03,52064,4217184,Cancelled
POL006559,CUST01008,AG118,Commercial Property,East,2024-08-14,2025-08-14,721916,27432808,Cancelled
POL006560,CUST02705,AG088,Marine,North,2024-04-22,2025-04-22,197585,5927550,Cancelled
POL006561,CUST01046,AG100,Home,North,2024-03-26,2025-03-26,42118,2653434,Active
POL006562,CUST00250,AG008,Marine,South,2024-12-26,2025-12-26,162047,14098089,Renewed
POL006563,CUST01029,AG089,Commercial Property,South,2024-05-12,2025-05-12,252672,7327488,Cancelled
POL006564,CUST02376,AG037,Commercial Property,East,2026-03-19,2027-03-19,346409,13509951,Lapsed
POL006565,CUST01828,AG062,Home,East,2025-10-14,2026-10-14,37001,1073029,Cancelled
POL006566,CUST02512,AG014,Commercial Property,West,2023-10-16,2024-10-15,464879,38584957,Active
POL006567,CUST00285,AG059,Home,South,2025-02-21,2026-02-21,19351,1509378,Lapsed
POL006568,CUST00667,AG037,Home,North,2024-12-25,2025-12-25,38011,2280660,Lapsed
POL006569,CUST00496,AG062,Travel,North,2024-10-01,2025-10-01,16463,674983,Active
POL006570,CUST02356,AG035,Commercial Property,East,2026-02-16,2027-02-16,724234,32590530,Active
POL006571,CUST01935,AG067,Marine,South,2025-06-22,2026-06-22,179357,13093061,Expired
POL006572,CUST02275,AG070,Marine,West,2025-10-29,2026-10-29,126838,9005498,Cancelled
POL006573,CUST01586,AG001,Travel,East,2024-11-15,2025-11-15,13309,971557,Expired
POL006574,CUST01268,AG078,Commercial Property,East,2026-03-06,2027-03-06,909947,37307827,Lapsed
POL006575,CUST01683,AG030,Motor,West,2024-07-03,2025-07-03,10003,640192,Cancelled
POL006576,CUST00580,AG088,Home,North,2025-04-08,2026-04-08,23966,1965212,Active
POL006577,CUST00839,AG115,Travel,East,2026-05-28,2027-05-28,18318,1703574,Lapsed
POL006578,CUST00164,AG094,Motor,East,2025-03-17,2026-03-17,36057,1658622,Expired
POL006579,CUST00007,AG021,Travel,North,2023-09-10,2024-09-09,11973,1173354,Renewed
POL006580,CUST00025,AG077,Travel,West,2026-02-04,2027-02-04,9433,433918,Active
POL006581,CUST00051,AG050,Marine,West,2024-08-08,2025-08-08,190026,17862444,Expired
POL006582,CUST01697,AG028,Travel,North,2026-01-01,2027-01-01,6067,388288,Renewed
POL006583,CUST01816,AG040,Marine,North,2026-01-24,2027-01-24,193287,10244211,Cancelled
POL006584,CUST00532,AG041,Marine,North,2025-05-07,2026-05-07,158164,14076596,Expired
POL006585,CUST00843,AG032,Home,East,2026-08-04,2027-08-04,17478,1538064,Active
POL006586,CUST00184,AG037,Travel,North,2023-09-26,2024-09-25,17792,818432,Lapsed
POL006587,CUST01291,AG077,Motor,North,2024-06-03,2025-06-03,5675,567500,Cancelled
POL006588,CUST01077,AG066,Motor,West,2026-06-05,2027-06-05,31403,2323822,Lapsed
POL006589,CUST00989,AG110,Travel,North,2024-08-14,2025-08-14,16768,804864,Lapsed
POL006590,CUST02545,AG014,Home,North,2025-11-24,2026-11-24,47333,1609322,Cancelled
POL006591,CUST00093,AG074,Commercial Property,South,2025-08-29,2026-08-29,415983,35358555,Lapsed
POL006592,CUST01577,AG118,Marine,West,2025-07-29,2026-07-29,156553,8140756,Renewed
POL006593,CUST01751,AG005,Commercial Property,North,2026-02-05,2027-02-05,692987,33263376,Expired
POL006594,CUST02897,AG022,Commercial Property,South,2025-07-27,2026-07-27,711570,30597510,Expired
POL006595,CUST01905,AG089,Marine,South,2024-05-04,2025-05-04,105422,2530128,Cancelled
POL006596,CUST02580,AG108,Commercial Property,South,2024-04-20,2025-04-20,620022,54561936,Renewed
POL006597,CUST01808,AG064,Home,North,2026-01-06,2027-01-06,48418,3437678,Renewed
POL006598,CUST01042,AG105,Travel,West,2025-02-07,2026-02-07,17789,1494276,Expired
POL006599,CUST01742,AG028,Commercial Property,West,2023-12-23,2024-12-22,787367,28345212,Lapsed
POL006600,CUST01800,AG040,Marine,West,2024-09-12,2025-09-12,161776,13589184,Lapsed
POL006601,CUST00269,AG073,Home,West,2025-07-01,2026-07-01,64028,5314324,Cancelled
POL006602,CUST00230,AG033,Motor,North,2024-04-12,2025-04-12,19265,886190,Lapsed
POL006603,CUST00026,AG002,Commercial Property,North,2024-07-27,2025-07-27,420322,27741252,Lapsed
POL006604,CUST02273,AG038,Home,East,2023-12-16,2024-12-15,27823,1196389,Cancelled
POL006605,CUST01236,AG028,Marine,West,2025-12-12,2026-12-12,36576,2816352,Renewed
POL006606,CUST01471,AG062,Motor,North,2024-01-22,2025-01-21,39190,3644670,Lapsed
POL006607,CUST01500,AG020,Motor,West,2025-02-18,2026-02-18,28271,1498363,Renewed
POL006608,CUST02346,AG120,Commercial Property,South,2025-11-11,2026-11-11,393999,37035906,Active
POL006609,CUST01282,AG094,Marine,North,2025-10-11,2026-10-11,83384,7587944,Lapsed
POL006610,CUST00764,AG036,Commercial Property,North,2024-12-06,2025-12-06,799942,47196578,Cancelled
POL006611,CUST02421,AG046,Travel,East,2026-03-01,2027-03-01,6996,699600,Active
POL006612,CUST02394,AG098,Home,South,2025-06-14,2026-06-14,57720,2770560,Lapsed
POL006613,CUST02264,AG102,Home,North,2025-08-10,2026-08-10,36523,2337472,Expired
POL006614,CUST02444,AG005,Motor,North,2024-07-16,2025-07-16,7599,220371,Expired
POL006615,CUST00347,AG102,Home,East,2025-10-02,2026-10-02,9492,503076,Lapsed
POL006616,CUST01390,AG079,Home,South,2024-08-24,2025-08-24,57516,3508476,Lapsed
POL006617,CUST00902,AG078,Commercial Property,East,2024-05-04,2025-05-04,672855,55174110,Cancelled
POL006618,CUST00556,AG085,Home,West,2026-06-08,2027-06-08,43622,3053540,Expired
POL006619,CUST01298,AG028,Marine,North,2024-07-16,2025-07-16,197371,18355503,Cancelled
POL006620,CUST00060,AG061,Commercial Property,East,2024-04-08,2025-04-08,219481,5925987,Expired
POL006621,CUST01593,AG029,Travel,West,2026-05-22,2027-05-22,16539,430014,Active
POL006622,CUST01159,AG092,Marine,South,2025-07-10,2026-07-10,146703,13056567,Active
POL006623,CUST00070,AG046,Motor,East,2023-10-22,2024-10-21,23023,897897,Lapsed
POL006624,CUST00688,AG044,Motor,East,2024-05-29,2025-05-29,23967,1461987,Lapsed
POL006625,CUST00868,AG003,Travel,South,2026-03-09,2027-03-09,7522,315924,Expired
POL006626,CUST00173,AG110,Motor,South,2025-11-05,2026-11-05,34670,2288220,Expired
POL006627,CUST02806,AG059,Home,East,2023-11-16,2024-11-15,60584,5391976,Cancelled
POL006628,CUST00283,AG080,Motor,West,2023-08-12,2024-08-11,7053,620664,Renewed
POL006629,CUST01184,AG052,Marine,East,2024-08-17,2025-08-17,54241,3308701,Cancelled
POL006630,CUST01604,AG120,Commercial Property,North,2026-01-15,2027-01-15,878892,24608976,Cancelled
POL006631,CUST01976,AG078,Home,East,2024-04-13,2025-04-13,13216,1123360,Renewed
POL006632,CUST02872,AG005,Commercial Property,East,2023-11-05,2024-11-04,720895,15138795,Renewed
POL006633,CUST02022,AG043,Home,South,2024-04-07,2025-04-07,61360,6013280,Active
POL006634,CUST02306,AG101,Travel,East,2025-12-25,2026-12-25,7527,361296,Renewed
POL006635,CUST02581,AG003,Motor,East,2025-04-23,2026-04-23,23384,1707032,Renewed
POL006636,CUST01936,AG027,Motor,East,2023-10-11,2024-10-10,37311,3469923,Lapsed
POL006637,CUST00651,AG018,Home,North,2024-06-20,2025-06-20,18460,553800,Lapsed
POL006638,CUST01193,AG088,Commercial Property,West,2026-07-27,2027-07-27,766661,39866372,Cancelled
POL006639,CUST02001,AG002,Marine,North,2025-03-19,2026-03-19,127841,6519891,Cancelled
POL006640,CUST01302,AG092,Motor,East,2025-02-24,2026-02-24,36123,903075,Expired
POL006641,CUST02305,AG013,Travel,East,2026-05-20,2027-05-20,4795,326060,Cancelled
POL006642,CUST00552,AG008,Marine,East,2026-03-31,2027-03-31,161552,15024336,Cancelled
POL006643,CUST01840,AG021,Home,West,2024-02-18,2025-02-17,40798,2651870,Active
POL006644,CUST00089,AG019,Commercial Property,South,2025-08-30,2026-08-30,876600,22791600,Renewed
POL006645,CUST02090,AG037,Commercial Property,South,2024-12-30,2025-12-30,873877,55054251,Expired
POL006646,CUST01298,AG106,Commercial Property,North,2025-11-04,2026-11-04,589469,45389113,Cancelled
POL006647,CUST00860,AG071,Home,South,2024-06-18,2025-06-18,32720,1276080,Active
POL006648,CUST00526,AG048,Motor,West,2024-08-05,2025-08-05,16345,980700,Active
POL006649,CUST02726,AG053,Home,North,2025-07-05,2026-07-05,61798,3522486,Lapsed
POL006650,CUST01384,AG049,Travel,West,2025-11-16,2026-11-16,8167,343014,Active
POL006651,CUST00451,AG052,Marine,East,2023-11-24,2024-11-23,147140,13536880,Active
POL006652,CUST02716,AG073,Commercial Property,East,2025-10-20,2026-10-20,170211,3574431,Cancelled
POL006653,CUST02036,AG068,Marine,East,2024-10-08,2025-10-08,104459,3969442,Lapsed
POL006654,CUST01586,AG103,Home,East,2024-11-08,2025-11-08,50950,3770300,Renewed
POL006655,CUST00055,AG057,Motor,North,2025-04-23,2026-04-23,39608,2138832,Lapsed
POL006656,CUST00627,AG112,Commercial Property,North,2026-06-26,2027-06-26,91358,2192592,Expired
POL006657,CUST01299,AG024,Motor,East,2026-01-19,2027-01-19,29224,993616,Renewed
POL006658,CUST01456,AG116,Home,East,2024-03-29,2025-03-29,49014,1127322,Renewed
POL006659,CUST00400,AG103,Travel,East,2025-06-08,2026-06-08,17780,1066800,Cancelled
POL006660,CUST01260,AG018,Commercial Property,South,2024-02-15,2025-02-14,954342,57260520,Lapsed
POL006661,CUST00006,AG100,Motor,West,2023-11-30,2024-11-29,24383,1072852,Renewed
POL006662,CUST00765,AG120,Home,West,2025-06-17,2026-06-17,8725,436250,Expired
POL006663,CUST00139,AG034,Home,South,2023-12-31,2024-12-30,57713,1846816,Renewed
POL006664,CUST00062,AG113,Commercial Property,South,2024-04-26,2025-04-26,251541,20374821,Active
POL006665,CUST02932,AG043,Commercial Property,East,2026-01-22,2027-01-22,305556,10388904,Cancelled
POL006666,CUST02332,AG025,Commercial Property,North,2023-12-19,2024-12-18,309125,21020500,Active
POL006667,CUST00364,AG010,Marine,West,2025-11-23,2026-11-23,33823,2232318,Renewed
POL006668,CUST01751,AG046,Travel,West,2026-02-15,2027-02-15,17476,1537888,Expired
POL006669,CUST00318,AG065,Travel,South,2024-12-16,2025-12-16,13340,360180,Expired
POL006670,CUST01630,AG028,Motor,South,2025-02-20,2026-02-20,39322,2202032,Active
POL006671,CUST02713,AG052,Marine,East,2025-06-21,2026-06-21,117644,11646756,Lapsed
POL006672,CUST02243,AG115,Home,South,2024-11-15,2025-11-15,47913,1341564,Expired
POL006673,CUST01925,AG090,Commercial Property,North,2023-10-12,2024-10-11,541108,12445484,Active
POL006674,CUST02420,AG044,Commercial Property,South,2026-05-08,2027-05-08,528729,37539759,Renewed
POL006675,CUST00634,AG011,Commercial Property,East,2024-10-19,2025-10-19,178852,13771604,Renewed
POL006676,CUST01843,AG037,Marine,East,2024-10-31,2025-10-31,110580,5197260,Renewed
POL006677,CUST00596,AG119,Marine,South,2025-11-22,2026-11-22,159703,14053864,Active
POL006678,CUST02057,AG035,Commercial Property,North,2025-05-07,2026-05-07,418848,23036640,Cancelled
POL006679,CUST01832,AG014,Travel,South,2024-01-03,2025-01-02,9637,558946,Lapsed
POL006680,CUST01523,AG019,Motor,South,2025-01-05,2026-01-05,12052,1000316,Cancelled
POL006681,CUST00865,AG009,Motor,East,2025-11-09,2026-11-09,28319,1189398,Lapsed
POL006682,CUST00407,AG020,Motor,South,2024-04-06,2025-04-06,39612,3763140,Cancelled
POL006683,CUST00134,AG116,Travel,South,2025-10-26,2026-10-26,7392,177408,Lapsed
POL006684,CUST00756,AG108,Marine,North,2024-02-16,2025-02-15,198995,7561810,Expired
POL006685,CUST00620,AG045,Travel,West,2025-01-19,2026-01-19,9338,280140,Active
POL006686,CUST00492,AG072,Commercial Property,West,2024-04-02,2025-04-02,300151,18609362,Lapsed
POL006687,CUST02011,AG004,Home,North,2025-09-25,2026-09-25,19227,865215,Cancelled
POL006688,CUST02191,AG048,Motor,West,2025-10-21,2026-10-21,12685,748415,Expired
POL006689,CUST02990,AG014,Travel,South,2024-10-18,2025-10-18,18056,1643096,Renewed
POL006690,CUST02427,AG062,Home,North,2024-08-25,2025-08-25,55500,4162500,Cancelled
POL006691,CUST00627,AG052,Home,East,2024-03-14,2025-03-14,44041,1233148,Renewed
POL006692,CUST02507,AG007,Marine,West,2024-05-19,2025-05-19,94272,2451072,Expired
POL006693,CUST00336,AG014,Commercial Property,North,2023-08-14,2024-08-13,586747,19362651,Active
POL006694,CUST02687,AG085,Travel,North,2026-01-02,2027-01-02,17266,1381280,Expired
POL006695,CUST02972,AG088,Travel,East,2024-01-24,2025-01-23,5445,430155,Active
POL006696,CUST01979,AG099,Home,North,2025-01-12,2026-01-12,68093,1838511,Active
POL006697,CUST02108,AG009,Travel,South,2024-02-19,2025-02-18,19968,519168,Renewed
POL006698,CUST01050,AG009,Travel,North,2024-09-18,2025-09-18,15230,1081330,Renewed
POL006699,CUST02145,AG070,Motor,West,2025-11-28,2026-11-28,22464,1257984,Cancelled
POL006700,CUST02526,AG096,Marine,South,2026-02-27,2027-02-27,35266,2962344,Lapsed
POL006701,CUST01200,AG041,Travel,East,2024-02-14,2025-02-13,14856,490248,Expired
POL006702,CUST00973,AG014,Travel,East,2025-08-02,2026-08-02,14814,933282,Cancelled
POL006703,CUST00748,AG012,Home,East,2024-08-03,2025-08-03,14017,420510,Expired
POL006704,CUST01601,AG028,Travel,North,2026-02-18,2027-02-18,1782,103356,Cancelled
POL006705,CUST00260,AG001,Commercial Property,East,2026-04-12,2027-04-12,558383,31269448,Cancelled
POL006706,CUST01245,AG024,Travel,South,2024-01-18,2025-01-17,10919,502274,Cancelled
POL006707,CUST00068,AG043,Commercial Property,South,2026-05-31,2027-05-31,62134,2298958,Cancelled
POL006708,CUST02188,AG112,Motor,South,2025-07-05,2026-07-05,30843,2189853,Active
POL006709,CUST02905,AG071,Commercial Property,South,2026-02-12,2027-02-12,60925,3289950,Lapsed
POL006710,CUST01277,AG060,Travel,East,2025-04-16,2026-04-16,12369,420546,Expired
POL006711,CUST00785,AG031,Motor,West,2026-07-04,2027-07-04,13226,568718,Active
POL006712,CUST02268,AG079,Motor,West,2026-01-22,2027-01-22,11236,719104,Expired
POL006713,CUST02943,AG025,Commercial Property,West,2026-03-10,2027-03-10,226979,11121971,Cancelled
POL006714,CUST01531,AG077,Home,South,2025-09-17,2026-09-17,64632,4847400,Expired
POL006715,CUST01182,AG075,Commercial Property,South,2025-06-25,2026-06-25,522263,15145627,Renewed
POL006716,CUST00793,AG102,Commercial Property,North,2026-06-25,2027-06-25,156877,15217069,Renewed
POL006717,CUST02596,AG001,Motor,East,2023-08-15,2024-08-14,35963,2049891,Expired
POL006718,CUST02122,AG076,Marine,South,2024-10-28,2025-10-28,88099,8281306,Expired
POL006719,CUST02241,AG101,Home,South,2024-04-10,2025-04-10,39251,2590566,Expired
POL006720,CUST01853,AG060,Commercial Property,East,2026-07-06,2027-07-06,827155,31431890,Renewed
POL006721,CUST01873,AG096,Commercial Property,West,2025-12-11,2026-12-11,571684,16578836,Cancelled
POL006722,CUST02162,AG064,Motor,North,2024-05-09,2025-05-09,23672,2272512,Lapsed
POL006723,CUST01381,AG058,Motor,West,2024-05-19,2025-05-19,20462,1289106,Expired
POL006724,CUST00676,AG084,Marine,East,2026-03-04,2027-03-04,49990,1199760,Active
POL006725,CUST02583,AG072,Motor,North,2025-05-15,2026-05-15,39421,2365260,Expired
POL006726,CUST01275,AG101,Motor,North,2025-07-14,2026-07-14,13988,1035112,Expired
POL006727,CUST02193,AG033,Home,South,2026-03-14,2027-03-14,57189,2173182,Renewed
POL006728,CUST01538,AG080,Travel,North,2024-07-11,2025-07-11,1851,48126,Cancelled
POL006729,CUST02596,AG031,Home,South,2026-05-01,2027-05-01,12027,817836,Expired
POL006730,CUST00888,AG053,Commercial Property,West,2025-12-14,2026-12-14,721563,37521276,Renewed
POL006731,CUST00306,AG076,Home,West,2023-08-25,2024-08-24,30599,764975,Lapsed
POL006732,CUST01126,AG002,Home,West,2026-06-13,2027-06-13,16146,920322,Renewed
POL006733,CUST01012,AG043,Travel,North,2026-04-21,2027-04-21,1885,103675,Renewed
POL006734,CUST02599,AG111,Motor,North,2024-07-01,2025-07-01,36969,2957520,Renewed
POL006735,CUST01392,AG074,Commercial Property,East,2025-06-07,2026-06-07,378283,18535867,Expired
POL006736,CUST00021,AG017,Marine,West,2024-08-02,2025-08-02,126571,5315982,Active
POL006737,CUST00283,AG091,Commercial Property,West,2023-10-15,2024-10-14,261140,21674620,Cancelled
POL006738,CUST00523,AG106,Commercial Property,East,2024-01-26,2025-01-25,327005,15369235,Expired
POL006739,CUST00976,AG082,Marine,North,2025-06-11,2026-06-11,83058,6644640,Active
POL006740,CUST01534,AG062,Home,West,2026-02-23,2027-02-23,20251,1316315,Expired
POL006741,CUST02547,AG034,Commercial Property,North,2026-04-28,2027-04-28,247973,16862164,Lapsed
POL006742,CUST00362,AG049,Commercial Property,South,2024-06-25,2025-06-25,466011,21902517,Lapsed
POL006743,CUST00610,AG044,Commercial Property,East,2024-08-28,2025-08-28,209019,7315665,Expired
POL006744,CUST00856,AG023,Marine,West,2024-05-18,2025-05-18,50998,3008882,Renewed
POL006745,CUST02148,AG001,Motor,West,2024-05-19,2025-05-19,19868,1728516,Cancelled
POL006746,CUST02569,AG078,Marine,East,2024-02-13,2025-02-12,122639,6254589,Lapsed
POL006747,CUST01057,AG074,Travel,North,2025-10-27,2026-10-27,18947,890509,Cancelled
POL006748,CUST00840,AG115,Motor,West,2025-05-13,2026-05-13,11422,970870,Expired
POL006749,CUST02292,AG100,Motor,West,2025-06-12,2026-06-12,28031,2102325,Cancelled
POL006750,CUST00563,AG021,Travel,West,2023-11-07,2024-11-06,7107,376671,Active
POL006751,CUST01308,AG079,Motor,West,2026-01-20,2027-01-20,19572,1957200,Cancelled
POL006752,CUST01025,AG002,Marine,South,2026-07-18,2027-07-18,88133,1762660,Lapsed
POL006753,CUST01167,AG009,Marine,North,2024-05-19,2025-05-19,137582,4677788,Lapsed
POL006754,CUST00951,AG034,Marine,West,2026-06-06,2027-06-06,33182,829550,Cancelled
POL006755,CUST00955,AG073,Motor,South,2024-12-06,2025-12-06,7387,494929,Expired
POL006756,CUST00506,AG053,Home,West,2024-06-29,2025-06-29,41275,3384550,Active
POL006757,CUST01917,AG100,Travel,South,2023-10-10,2024-10-09,3145,194990,Cancelled
POL006758,CUST01410,AG105,Commercial Property,North,2023-12-08,2024-12-07,280246,10929594,Active
POL006759,CUST02031,AG040,Marine,West,2024-11-17,2025-11-17,76927,5384890,Lapsed
POL006760,CUST00293,AG030,Travel,South,2024-01-09,2025-01-08,12472,985288,Active
POL006761,CUST02221,AG094,Home,East,2025-07-12,2026-07-12,66177,1455894,Lapsed
POL006762,CUST01931,AG080,Travel,East,2026-07-12,2027-07-12,14696,705408,Lapsed
POL006763,CUST02015,AG024,Home,West,2024-09-01,2025-09-01,45424,1044752,Expired
POL006764,CUST02214,AG117,Motor,South,2024-11-21,2025-11-21,25737,823584,Active
POL006765,CUST02187,AG109,Marine,West,2024-02-11,2025-02-10,43339,4117205,Expired
POL006766,CUST02704,AG037,Home,North,2025-08-09,2026-08-09,42314,3935202,Expired
POL006767,CUST00458,AG006,Home,East,2026-05-28,2027-05-28,56779,3122845,Active
POL006768,CUST02876,AG115,Travel,West,2026-01-18,2027-01-18,11894,392502,Active
POL006769,CUST01095,AG004,Home,North,2026-02-05,2027-02-05,34985,1714265,Lapsed
POL006770,CUST00084,AG056,Travel,West,2024-08-22,2025-08-22,18311,1794478,Active
POL006771,CUST02650,AG066,Marine,South,2025-05-09,2026-05-09,40949,1556062,Active
POL006772,CUST01040,AG120,Commercial Property,North,2024-09-02,2025-09-02,902061,50515416,Active
POL006773,CUST01719,AG094,Commercial Property,East,2024-05-02,2025-05-02,867921,49471497,Active
POL006774,CUST02159,AG106,Marine,North,2025-05-09,2026-05-09,149625,4638375,Active
POL006775,CUST00754,AG077,Home,East,2024-09-09,2025-09-09,13041,625968,Active
POL006776,CUST00641,AG027,Marine,South,2025-02-16,2026-02-16,155608,10270128,Lapsed
POL006777,CUST01758,AG022,Travel,South,2025-01-05,2026-01-05,6478,349812,Renewed
POL006778,CUST02761,AG115,Motor,South,2025-06-17,2026-06-17,11195,850820,Expired
POL006779,CUST01623,AG037,Motor,West,2025-12-10,2026-12-10,13861,1205907,Active
POL006780,CUST01768,AG091,Motor,South,2025-02-16,2026-02-16,28268,1526472,Renewed
POL006781,CUST01984,AG096,Travel,West,2023-08-10,2024-08-09,17121,1421043,Cancelled
POL006782,CUST01361,AG056,Home,South,2026-05-07,2027-05-07,16636,948252,Cancelled
POL006783,CUST01508,AG079,Motor,East,2025-07-12,2026-07-12,17855,357100,Expired
POL006784,CUST00673,AG018,Commercial Property,South,2026-05-20,2027-05-20,662660,55663440,Expired
POL006785,CUST01740,AG026,Marine,South,2024-07-24,2025-07-24,98787,2173314,Lapsed
POL006786,CUST01176,AG099,Motor,West,2024-03-12,2025-03-12,32944,3228512,Cancelled
POL006787,CUST01511,AG009,Motor,West,2024-04-26,2025-04-26,31645,1961990,Renewed
POL006788,CUST00562,AG068,Motor,West,2023-11-07,2024-11-06,14974,1257816,Expired
POL006789,CUST00170,AG061,Marine,South,2026-06-12,2027-06-12,97782,5769138,Expired
POL006790,CUST00124,AG007,Commercial Property,South,2025-01-04,2026-01-04,331015,6951315,Active
POL006791,CUST02447,AG007,Motor,East,2024-08-10,2025-08-10,33403,1603344,Renewed
POL006792,CUST00472,AG106,Marine,West,2026-08-05,2027-08-05,55217,3920407,Lapsed
POL006793,CUST01859,AG105,Travel,South,2024-05-14,2025-05-14,16946,1592924,Expired
POL006794,CUST00513,AG017,Marine,East,2025-02-26,2026-02-26,69209,3114405,Active
POL006795,CUST01171,AG071,Marine,South,2025-11-03,2026-11-03,114413,3203564,Cancelled
POL006796,CUST01512,AG040,Travel,East,2025-01-09,2026-01-09,2168,127912,Renewed
POL006797,CUST01953,AG087,Marine,North,2026-01-31,2027-01-31,117314,10792888,Lapsed
POL006798,CUST02124,AG064,Marine,North,2024-05-29,2025-05-29,21080,548080,Renewed
POL006799,CUST00615,AG085,Commercial Property,West,2026-06-17,2027-06-17,885976,32781112,Cancelled
POL006800,CUST00651,AG023,Motor,North,2026-02-19,2027-02-19,29136,1107168,Expired
POL006801,CUST01471,AG037,Home,South,2026-07-24,2027-07-24,65951,2506138,Renewed
POL006802,CUST02585,AG011,Commercial Property,South,2024-09-22,2025-09-22,915401,33869837,Cancelled
POL006803,CUST01713,AG011,Home,South,2025-07-13,2026-07-13,44197,3800942,Cancelled
POL006804,CUST01965,AG026,Marine,West,2025-09-20,2026-09-20,134933,2968526,Expired
POL006805,CUST01614,AG061,Home,East,2025-05-26,2026-05-26,39461,1933589,Expired
POL006806,CUST00461,AG067,Commercial Property,North,2025-04-24,2026-04-24,91613,4305811,Expired
POL006807,CUST02418,AG037,Travel,East,2023-11-11,2024-11-10,4828,391068,Cancelled
POL006808,CUST01477,AG112,Home,East,2026-07-26,2027-07-26,43270,4327000,Renewed
POL006809,CUST02096,AG052,Travel,East,2023-10-26,2024-10-25,5661,300033,Cancelled
POL006810,CUST00346,AG061,Commercial Property,South,2024-09-10,2025-09-10,432672,31152384,Expired
POL006811,CUST01434,AG039,Commercial Property,West,2024-01-22,2025-01-21,625309,13131489,Expired
POL006812,CUST01352,AG076,Motor,South,2023-10-24,2024-10-23,14402,1396994,Cancelled
POL006813,CUST00013,AG082,Home,West,2025-06-06,2026-06-06,8724,636852,Cancelled
POL006814,CUST02015,AG104,Home,North,2024-09-16,2025-09-16,63860,3256860,Lapsed
POL006815,CUST02893,AG104,Travel,West,2023-12-05,2024-12-04,2399,52778,Active
POL006816,CUST02729,AG021,Motor,South,2025-02-16,2026-02-16,5283,269433,Cancelled
POL006817,CUST00851,AG105,Marine,South,2026-02-16,2027-02-16,149493,11211975,Cancelled
POL006818,CUST00409,AG110,Travel,North,2025-05-22,2026-05-22,11218,471156,Active
POL006819,CUST01568,AG118,Travel,South,2025-10-12,2026-10-12,11297,485771,Expired
POL006820,CUST02344,AG055,Home,West,2023-09-11,2024-09-10,26242,682292,Lapsed
POL006821,CUST00325,AG001,Commercial Property,West,2025-05-13,2026-05-13,658712,42157568,Active
POL006822,CUST00318,AG053,Marine,North,2025-07-30,2026-07-30,184527,12363309,Expired
POL006823,CUST00635,AG008,Marine,East,2025-08-19,2026-08-19,115740,11342520,Expired
POL006824,CUST01127,AG082,Commercial Property,South,2025-10-25,2026-10-25,732108,71014476,Cancelled
POL006825,CUST00217,AG094,Motor,North,2023-10-09,2024-10-08,25921,1892233,Cancelled
POL006826,CUST01871,AG102,Commercial Property,West,2024-09-23,2025-09-23,739992,70299240,Lapsed
POL006827,CUST01090,AG078,Home,South,2026-06-27,2027-06-27,34402,1410482,Lapsed
POL006828,CUST01687,AG066,Commercial Property,West,2025-03-15,2026-03-15,655447,13764387,Active
POL006829,CUST00222,AG005,Home,West,2024-12-02,2025-12-02,45364,2721840,Cancelled
POL006830,CUST01115,AG040,Travel,West,2025-10-18,2026-10-18,10432,396416,Lapsed
POL006831,CUST01489,AG011,Home,North,2024-03-08,2025-03-08,66404,2656160,Renewed
POL006832,CUST01798,AG021,Travel,North,2025-06-19,2026-06-19,6962,675314,Renewed
POL006833,CUST01615,AG055,Home,North,2025-08-19,2026-08-19,36426,801372,Expired
POL006834,CUST00197,AG015,Home,West,2025-10-28,2026-10-28,12856,552808,Cancelled
POL006835,CUST00397,AG114,Motor,East,2025-09-29,2026-09-29,5649,457569,Renewed
POL006836,CUST02554,AG028,Motor,West,2023-08-09,2024-08-08,12481,1073366,Renewed
POL006837,CUST00621,AG006,Marine,North,2026-03-23,2027-03-23,28030,2494670,Renewed
POL006838,CUST01491,AG090,Travel,East,2025-02-25,2026-02-25,14716,1398020,Cancelled
POL006839,CUST02476,AG039,Home,North,2024-02-23,2025-02-22,60142,2104970,Cancelled
POL006840,CUST01930,AG104,Home,East,2025-06-16,2026-06-16,61254,1286334,Cancelled
POL006841,CUST01536,AG117,Motor,South,2024-01-04,2025-01-03,14607,1446093,Expired
POL006842,CUST00068,AG114,Home,South,2024-01-21,2025-01-20,8570,711310,Cancelled
POL006843,CUST00574,AG113,Commercial Property,South,2025-08-22,2026-08-22,476856,24319656,Expired
POL006844,CUST00106,AG018,Marine,South,2025-04-28,2026-04-28,92428,8503376,Active
POL006845,CUST00084,AG111,Home,South,2025-01-03,2026-01-03,17951,825746,Lapsed
POL006846,CUST00155,AG050,Home,North,2024-01-02,2025-01-01,68679,3639987,Expired
POL006847,CUST02384,AG065,Commercial Property,East,2023-12-14,2024-12-13,693145,51292730,Renewed
POL006848,CUST01003,AG103,Home,North,2025-06-19,2026-06-19,52738,1107498,Lapsed
POL006849,CUST00820,AG108,Travel,West,2024-11-08,2025-11-08,10705,642300,Active
POL006850,CUST02197,AG044,Travel,West,2025-02-17,2026-02-17,18941,1875159,Expired
POL006851,CUST02741,AG089,Travel,West,2025-06-08,2026-06-08,12512,650624,Active
POL006852,CUST01089,AG087,Commercial Property,East,2026-05-12,2027-05-12,726296,72629600,Expired
POL006853,CUST01189,AG111,Home,East,2023-12-07,2024-12-06,33770,1958660,Expired
POL006854,CUST00367,AG085,Home,North,2025-11-11,2026-11-11,29229,1227618,Renewed
POL006855,CUST01495,AG083,Commercial Property,North,2026-03-23,2027-03-23,628704,45266688,Renewed
POL006856,CUST02050,AG046,Commercial Property,West,2023-10-14,2024-10-13,835262,50115720,Active
POL006857,CUST02932,AG027,Home,West,2025-01-19,2026-01-19,56494,4124062,Active
POL006858,CUST01261,AG046,Travel,South,2024-04-30,2025-04-30,11501,828072,Cancelled
POL006859,CUST00904,AG090,Motor,East,2025-01-19,2026-01-19,22885,2013880,Renewed
POL006860,CUST00921,AG082,Motor,East,2024-08-02,2025-08-02,25646,2333786,Expired
POL006861,CUST02605,AG002,Home,East,2023-12-28,2024-12-27,12213,403029,Active
POL006862,CUST01262,AG094,Commercial Property,North,2023-08-09,2024-08-08,812556,33314796,Lapsed
POL006863,CUST02162,AG014,Motor,West,2025-07-06,2026-07-06,24991,599784,Renewed
POL006864,CUST00587,AG052,Home,East,2024-10-31,2025-10-31,14622,643368,Cancelled
POL006865,CUST01190,AG064,Marine,East,2024-08-16,2025-08-16,117504,8577792,Lapsed
POL006866,CUST00611,AG007,Home,East,2024-01-12,2025-01-11,31399,2103733,Active
POL006867,CUST02124,AG039,Motor,North,2025-12-29,2026-12-29,30130,2832220,Renewed
POL006868,CUST00544,AG075,Travel,West,2026-05-25,2027-05-25,6792,536568,Renewed
POL006869,CUST01814,AG080,Home,West,2024-07-18,2025-07-18,30375,1761750,Expired
POL006870,CUST01640,AG022,Motor,South,2026-01-27,2027-01-27,30096,1956240,Expired
POL006871,CUST00684,AG111,Marine,South,2024-06-28,2025-06-28,79532,7396476,Active
POL006872,CUST02484,AG099,Commercial Property,West,2025-07-24,2026-07-24,406487,20730837,Renewed
POL006873,CUST01340,AG067,Home,West,2023-09-04,2024-09-03,14473,984164,Expired
POL006874,CUST01950,AG086,Motor,West,2025-09-12,2026-09-12,9744,769776,Lapsed
POL006875,CUST01009,AG079,Marine,East,2023-09-14,2024-09-13,173448,8152056,Cancelled
POL006876,CUST01666,AG089,Motor,North,2025-03-18,2026-03-18,17105,735515,Lapsed
POL006877,CUST00638,AG093,Marine,North,2025-05-13,2026-05-13,124613,2492260,Renewed
POL006878,CUST00067,AG029,Marine,West,2025-12-06,2026-12-06,109262,8740960,Cancelled
POL006879,CUST00178,AG036,Motor,North,2026-07-29,2027-07-29,31826,2577906,Lapsed
POL006880,CUST01921,AG091,Travel,North,2025-01-20,2026-01-20,6779,338950,Cancelled
POL006881,CUST02555,AG053,Travel,West,2024-03-25,2025-03-25,9297,595008,Expired
POL006882,CUST02825,AG057,Commercial Property,North,2024-05-23,2025-05-23,570797,29681444,Active
POL006883,CUST02538,AG051,Travel,West,2024-11-18,2025-11-18,18219,637665,Cancelled
POL006884,CUST01164,AG027,Motor,West,2025-05-12,2026-05-12,5930,391380,Lapsed
POL006885,CUST01930,AG005,Home,East,2024-10-22,2025-10-22,8123,625471,Renewed
POL006886,CUST00130,AG084,Motor,South,2024-08-19,2025-08-19,22388,1746264,Expired
POL006887,CUST02720,AG020,Marine,North,2024-05-06,2025-05-06,145796,4373880,Expired
POL006888,CUST02154,AG008,Commercial Property,North,2023-12-20,2024-12-19,302723,10595305,Lapsed
POL006889,CUST00438,AG113,Motor,West,2026-07-30,2027-07-30,28055,1178310,Renewed
POL006890,CUST01403,AG088,Motor,North,2026-01-01,2027-01-01,15579,1324215,Renewed
POL006891,CUST01206,AG069,Motor,East,2025-12-02,2026-12-02,13566,1193808,Renewed
POL006892,CUST01429,AG025,Commercial Property,South,2026-01-13,2027-01-13,200145,14810730,Cancelled
POL006893,CUST02205,AG037,Marine,South,2023-12-26,2024-12-25,102216,8892792,Active
POL006894,CUST00474,AG051,Home,North,2024-04-08,2025-04-08,31120,871360,Lapsed
POL006895,CUST00062,AG098,Marine,East,2024-05-08,2025-05-08,59687,3342472,Cancelled
POL006896,CUST02060,AG026,Motor,East,2024-05-11,2025-05-11,7441,476224,Active
POL006897,CUST01506,AG069,Marine,West,2025-03-25,2026-03-25,96180,5289900,Lapsed
POL006898,CUST00008,AG055,Commercial Property,East,2025-05-24,2026-05-24,236852,21790384,Expired
POL006899,CUST00758,AG014,Marine,West,2023-10-06,2024-10-05,139439,13386144,Renewed
POL006900,CUST01725,AG039,Travel,North,2024-08-05,2025-08-05,7567,227010,Renewed
POL006901,CUST02268,AG104,Home,South,2024-08-19,2025-08-19,31752,2698920,Cancelled
POL006902,CUST02505,AG012,Motor,North,2026-05-13,2027-05-13,16892,354732,Active
POL006903,CUST02734,AG119,Motor,South,2026-01-04,2027-01-04,29802,983466,Lapsed
POL006904,CUST02298,AG097,Commercial Property,North,2024-11-10,2025-11-10,335375,30519125,Expired
POL006905,CUST00004,AG058,Marine,North,2024-04-24,2025-04-24,29545,2363600,Active
POL006906,CUST00777,AG034,Commercial Property,West,2024-04-25,2025-04-25,100001,6000060,Active
POL006907,CUST02746,AG099,Marine,South,2025-06-02,2026-06-02,85589,8130955,Cancelled
POL006908,CUST02015,AG076,Home,West,2026-05-31,2027-05-31,19839,1686315,Expired
POL006909,CUST02082,AG021,Motor,East,2025-07-29,2026-07-29,13590,611550,Expired
POL006910,CUST02432,AG028,Home,North,2025-08-22,2026-08-22,55090,4958100,Renewed
POL006911,CUST01408,AG054,Commercial Property,South,2025-10-27,2026-10-27,308905,9884960,Active
POL006912,CUST01342,AG050,Commercial Property,East,2026-01-29,2027-01-29,564480,20885760,Lapsed
POL006913,CUST02179,AG120,Travel,South,2026-03-19,2027-03-19,7860,408720,Cancelled
POL006914,CUST01376,AG051,Marine,West,2025-11-30,2026-11-30,154885,6969825,Cancelled
POL006915,CUST00436,AG110,Travel,North,2025-05-31,2026-05-31,18271,1461680,Renewed
POL006916,CUST00163,AG051,Motor,North,2026-04-24,2027-04-24,33310,2198460,Active
POL006917,CUST00342,AG039,Motor,South,2026-04-13,2027-04-13,17931,430344,Renewed
POL006918,CUST00093,AG041,Travel,North,2023-08-26,2024-08-25,3665,216235,Expired
POL006919,CUST02907,AG034,Marine,North,2025-08-01,2026-08-01,46296,4398120,Renewed
POL006920,CUST02240,AG112,Commercial Property,South,2024-05-20,2025-05-20,803557,20088925,Renewed
POL006921,CUST02527,AG023,Travel,East,2025-01-12,2026-01-12,3806,323510,Lapsed
POL006922,CUST00238,AG120,Home,North,2025-02-09,2026-02-09,36417,1784433,Lapsed
POL006923,CUST01678,AG036,Home,East,2023-11-14,2024-11-13,62494,4624556,Active
POL006924,CUST02180,AG053,Travel,North,2024-06-19,2025-06-19,2708,59576,Cancelled
POL006925,CUST02044,AG069,Motor,South,2026-01-24,2027-01-24,26430,1876530,Active
POL006926,CUST00084,AG030,Motor,East,2024-04-17,2025-04-17,6420,372360,Renewed
POL006927,CUST01230,AG087,Motor,North,2026-05-26,2027-05-26,38156,2747232,Cancelled
POL006928,CUST01834,AG034,Travel,South,2024-11-03,2025-11-03,2417,188526,Renewed
POL006929,CUST02816,AG041,Home,North,2025-06-22,2026-06-22,69761,6487773,Expired
POL006930,CUST00252,AG057,Motor,North,2024-08-14,2025-08-14,30742,860776,Lapsed
POL006931,CUST01876,AG010,Commercial Property,South,2023-11-28,2024-11-27,158379,8235708,Cancelled
POL006932,CUST02589,AG052,Motor,South,2026-07-23,2027-07-23,23707,1801732,Expired
POL006933,CUST00010,AG119,Motor,North,2025-01-24,2026-01-24,8098,348214,Renewed
POL006934,CUST00151,AG080,Commercial Property,North,2025-05-28,2026-05-28,340499,28942415,Cancelled
POL006935,CUST02292,AG016,Travel,North,2024-12-07,2025-12-07,7614,205578,Active
POL006936,CUST02352,AG025,Home,South,2025-03-20,2026-03-20,49899,1696566,Renewed
POL006937,CUST02053,AG013,Marine,South,2024-03-05,2025-03-05,133607,4008210,Cancelled
POL006938,CUST02140,AG084,Travel,North,2024-08-07,2025-08-07,15540,1491840,Cancelled
POL006939,CUST00985,AG080,Home,West,2026-01-03,2027-01-03,43454,2954872,Lapsed
POL006940,CUST02019,AG014,Home,East,2025-04-15,2026-04-15,12878,605266,Active
POL006941,CUST02207,AG038,Motor,East,2024-08-27,2025-08-27,38758,1821626,Cancelled
POL006942,CUST02997,AG024,Home,North,2023-10-12,2024-10-11,18491,1627208,Lapsed
POL006943,CUST02643,AG085,Home,North,2025-09-30,2026-09-30,30920,1855200,Cancelled
POL006944,CUST02877,AG046,Home,South,2024-03-12,2025-03-12,14119,804783,Expired
POL006945,CUST00245,AG060,Home,East,2024-11-28,2025-11-28,54412,4625020,Active
POL006946,CUST02713,AG077,Motor,East,2025-05-23,2026-05-23,6946,375084,Active
POL006947,CUST00877,AG052,Commercial Property,North,2025-02-20,2026-02-20,305924,28756856,Expired
POL006948,CUST00258,AG041,Marine,North,2026-01-05,2027-01-05,76884,3613548,Cancelled
POL006949,CUST01413,AG037,Home,East,2024-09-03,2025-09-03,39283,785660,Lapsed
POL006950,CUST01679,AG026,Marine,West,2024-05-31,2025-05-31,92582,7591724,Lapsed
POL006951,CUST00930,AG104,Motor,North,2025-07-30,2026-07-30,39098,821058,Active
POL006952,CUST00396,AG023,Travel,South,2025-01-23,2026-01-23,14702,1396690,Lapsed
POL006953,CUST02226,AG099,Home,West,2025-06-03,2026-06-03,52810,1795540,Cancelled
POL006954,CUST01915,AG068,Travel,West,2026-03-26,2027-03-26,5317,446628,Cancelled
POL006955,CUST01533,AG045,Motor,West,2024-01-24,2025-01-23,6927,277080,Expired
POL006956,CUST00731,AG030,Motor,South,2025-03-12,2026-03-12,18658,764978,Lapsed
POL006957,CUST01092,AG079,Motor,North,2025-05-03,2026-05-03,11782,589100,Cancelled
POL006958,CUST00684,AG111,Motor,East,2026-05-30,2027-05-30,38200,1146000,Cancelled
POL006959,CUST02475,AG070,Motor,North,2023-11-19,2024-11-18,7862,723304,Cancelled
POL006960,CUST01621,AG107,Motor,West,2025-02-04,2026-02-04,31684,1013888,Cancelled
POL006961,CUST02632,AG114,Motor,North,2025-04-30,2026-04-30,11402,1026180,Renewed
POL006962,CUST01258,AG034,Motor,West,2024-02-14,2025-02-13,15232,1249024,Active
POL006963,CUST02535,AG034,Travel,East,2025-04-30,2026-04-30,10720,1039840,Lapsed
POL006964,CUST01550,AG004,Commercial Property,West,2025-06-19,2026-06-19,176722,4594772,Renewed
POL006965,CUST02286,AG060,Travel,East,2025-05-24,2026-05-24,11679,268617,Active
POL006966,CUST01377,AG039,Marine,South,2024-06-29,2025-06-29,129445,4401130,Renewed
POL006967,CUST01588,AG060,Travel,East,2025-08-30,2026-08-30,10973,702272,Lapsed
POL006968,CUST02949,AG027,Commercial Property,North,2026-04-13,2027-04-13,843916,37976220,Cancelled
POL006969,CUST01904,AG034,Motor,East,2024-05-22,2025-05-22,10885,925225,Active
POL006970,CUST00711,AG117,Travel,South,2026-02-11,2027-02-11,18371,422533,Cancelled
POL006971,CUST02998,AG095,Travel,West,2026-04-26,2027-04-26,19479,857076,Expired
POL006972,CUST02585,AG068,Motor,West,2024-07-05,2025-07-05,22847,868186,Cancelled
POL006973,CUST01612,AG012,Travel,North,2026-07-08,2027-07-08,15543,1538757,Renewed
POL006974,CUST00534,AG083,Travel,North,2025-05-15,2026-05-15,4817,120425,Lapsed
POL006975,CUST01719,AG043,Travel,East,2024-04-07,2025-04-07,8616,189552,Active
POL006976,CUST02278,AG021,Home,North,2025-11-19,2026-11-19,42865,2571900,Lapsed
POL006977,CUST00517,AG104,Marine,South,2024-11-14,2025-11-14,154315,4012190,Renewed
POL006978,CUST01667,AG115,Travel,East,2026-03-03,2027-03-03,6890,337610,Renewed
POL006979,CUST00218,AG088,Commercial Property,North,2025-03-17,2026-03-17,667082,64706954,Renewed
POL006980,CUST01527,AG108,Home,West,2023-08-15,2024-08-14,19270,1599410,Renewed
POL006981,CUST01478,AG022,Commercial Property,West,2025-03-18,2026-03-18,597636,25698348,Lapsed
POL006982,CUST00027,AG049,Travel,North,2026-03-18,2027-03-18,5826,367038,Renewed
POL006983,CUST01260,AG014,Travel,South,2025-06-12,2026-06-12,18147,1796553,Renewed
POL006984,CUST02158,AG069,Commercial Property,West,2024-01-31,2025-01-30,226688,18588416,Lapsed
POL006985,CUST01803,AG089,Commercial Property,South,2026-02-16,2027-02-16,464611,18119829,Cancelled
POL006986,CUST00285,AG061,Motor,East,2025-03-06,2026-03-06,23917,1793775,Expired
POL006987,CUST00562,AG047,Travel,West,2024-01-20,2025-01-19,18509,1517738,Renewed
POL006988,CUST01479,AG078,Marine,East,2023-11-21,2024-11-20,37313,3544735,Lapsed
POL006989,CUST00649,AG014,Home,North,2023-10-10,2024-10-09,21107,1878523,Lapsed
POL006990,CUST02723,AG066,Home,North,2024-05-07,2025-05-07,52990,3603320,Cancelled
POL006991,CUST01742,AG064,Marine,South,2026-03-11,2027-03-11,151907,5012931,Lapsed
POL006992,CUST02700,AG055,Motor,West,2024-06-23,2025-06-23,23654,2341746,Renewed
POL006993,CUST01852,AG084,Marine,West,2025-09-01,2026-09-01,144323,9525318,Expired
POL006994,CUST00443,AG102,Marine,North,2025-02-07,2026-02-07,111914,5707614,Lapsed
POL006995,CUST00175,AG007,Home,East,2025-01-28,2026-01-28,25034,1451972,Cancelled
POL006996,CUST00033,AG064,Motor,East,2026-04-25,2027-04-25,8671,832416,Lapsed
POL006997,CUST00339,AG042,Marine,South,2026-02-23,2027-02-23,92488,6844112,Cancelled
POL006998,CUST01612,AG078,Commercial Property,West,2025-12-03,2026-12-03,630977,32179827,Lapsed
POL006999,CUST01928,AG004,Marine,North,2024-08-22,2025-08-22,24314,1191386,Expired
POL007000,CUST01588,AG081,Motor,North,2026-05-16,2027-05-16,23326,629802,Renewed
POL007001,CUST01807,AG115,Motor,West,2025-05-12,2026-05-12,39561,2887953,Cancelled
POL007002,CUST01223,AG116,Travel,West,2025-02-23,2026-02-23,17299,709259,Active
POL007003,CUST00257,AG068,Marine,North,2024-12-26,2025-12-26,29855,1164345,Renewed
POL007004,CUST02472,AG002,Motor,West,2026-06-23,2027-06-23,17129,1181901,Lapsed
POL007005,CUST00222,AG103,Commercial Property,West,2025-11-04,2026-11-04,660749,38984191,Expired
POL007006,CUST02884,AG036,Home,South,2025-02-08,2026-02-08,56220,3598080,Renewed
POL007007,CUST00137,AG091,Marine,East,2023-09-26,2024-09-25,183918,14897358,Lapsed
POL007008,CUST00063,AG022,Marine,South,2024-03-19,2025-03-19,176716,4948048,Expired
POL007009,CUST01074,AG088,Commercial Property,East,2024-05-13,2025-05-13,995288,50759688,Cancelled
POL007010,CUST02088,AG101,Commercial Property,South,2026-02-26,2027-02-26,725707,32656815,Renewed
POL007011,CUST00350,AG082,Motor,North,2026-07-09,2027-07-09,27463,2004799,Renewed
POL007012,CUST01253,AG087,Home,North,2026-02-18,2027-02-18,53879,4633594,Cancelled
POL007013,CUST00916,AG054,Travel,North,2023-08-22,2024-08-21,19761,632352,Renewed
POL007014,CUST00263,AG113,Marine,West,2023-08-30,2024-08-29,186866,9903898,Active
POL007015,CUST01865,AG002,Marine,East,2024-06-16,2025-06-16,42551,893571,Cancelled
POL007016,CUST01369,AG075,Motor,North,2025-10-03,2026-10-03,36794,1140614,Active
POL007017,CUST00861,AG079,Home,West,2026-03-20,2027-03-20,22984,1447992,Cancelled
POL007018,CUST00354,AG085,Travel,North,2025-08-24,2026-08-24,4187,410326,Lapsed
POL007019,CUST00563,AG112,Marine,East,2025-09-24,2026-09-24,85439,5638974,Expired
POL007020,CUST02555,AG107,Travel,North,2026-05-15,2027-05-15,13717,1289398,Lapsed
POL007021,CUST02399,AG075,Marine,East,2024-01-21,2025-01-20,163979,9838740,Lapsed
POL007022,CUST01256,AG110,Commercial Property,South,2025-07-26,2026-07-26,885828,83267832,Renewed
POL007023,CUST00561,AG085,Home,North,2025-08-12,2026-08-12,23421,1475523,Active
POL007024,CUST01237,AG105,Commercial Property,South,2025-08-21,2026-08-21,305702,29041690,Active
POL007025,CUST01711,AG037,Motor,South,2024-03-12,2025-03-12,30467,2894365,Expired
POL007026,CUST01833,AG044,Marine,East,2025-12-11,2026-12-11,182282,10936920,Cancelled
POL007027,CUST02652,AG094,Marine,South,2025-03-06,2026-03-06,64647,3490938,Active
POL007028,CUST01988,AG110,Commercial Property,North,2025-02-04,2026-02-04,386231,22787629,Expired
POL007029,CUST00652,AG057,Commercial Property,South,2026-07-19,2027-07-19,636683,41384395,Lapsed
POL007030,CUST02271,AG098,Commercial Property,West,2025-10-31,2026-10-31,653070,18285960,Active
POL007031,CUST00647,AG075,Marine,North,2026-03-01,2027-03-01,100425,9942075,Expired
POL007032,CUST00696,AG029,Home,West,2024-09-26,2025-09-26,25368,1750392,Expired
POL007033,CUST02647,AG102,Travel,South,2026-01-09,2027-01-09,10420,989900,Lapsed
POL007034,CUST02164,AG093,Motor,North,2026-02-01,2027-02-01,21907,1708746,Expired
POL007035,CUST01878,AG039,Commercial Property,West,2024-08-06,2025-08-06,776313,46578780,Active
POL007036,CUST01801,AG096,Motor,East,2025-04-21,2026-04-21,16666,499980,Active
POL007037,CUST02703,AG018,Motor,North,2025-11-06,2026-11-06,18001,1440080,Cancelled
POL007038,CUST01145,AG080,Motor,West,2025-10-15,2026-10-15,16323,963057,Lapsed
POL007039,CUST00605,AG078,Travel,South,2026-01-21,2027-01-21,2367,198828,Cancelled
POL007040,CUST01654,AG081,Marine,East,2025-07-18,2026-07-18,152143,4868576,Renewed
POL007041,CUST00859,AG066,Home,West,2023-11-27,2024-11-26,13471,1225861,Renewed
POL007042,CUST01650,AG001,Home,North,2024-04-17,2025-04-17,52203,3915225,Lapsed
POL007043,CUST02020,AG075,Travel,West,2025-01-04,2026-01-04,9232,516992,Lapsed
POL007044,CUST00120,AG053,Home,North,2025-04-05,2026-04-05,20679,868518,Cancelled
POL007045,CUST01376,AG108,Commercial Property,North,2024-06-14,2025-06-14,277425,23581125,Cancelled
POL007046,CUST01007,AG115,Travel,South,2025-08-07,2026-08-07,9703,553071,Expired
POL007047,CUST02390,AG107,Motor,East,2024-08-16,2025-08-16,6101,122020,Cancelled
POL007048,CUST01851,AG104,Motor,South,2024-09-06,2025-09-06,23687,1160663,Cancelled
POL007049,CUST02857,AG118,Motor,South,2024-10-30,2025-10-30,30165,1206600,Renewed
POL007050,CUST02143,AG119,Motor,West,2025-07-10,2026-07-10,29347,2611883,Expired
POL007051,CUST00892,AG055,Home,West,2024-08-03,2025-08-03,11609,359879,Expired
POL007052,CUST01820,AG107,Commercial Property,South,2024-04-30,2025-04-30,798974,43943570,Cancelled
POL007053,CUST02814,AG085,Marine,North,2024-11-18,2025-11-18,142455,2849100,Renewed
POL007054,CUST01183,AG084,Commercial Property,West,2026-02-28,2027-02-28,354766,12771576,Active
POL007055,CUST01519,AG087,Travel,North,2024-04-03,2025-04-03,8577,797661,Lapsed
POL007056,CUST02390,AG065,Home,South,2026-03-31,2027-03-31,13768,826080,Active
POL007057,CUST00309,AG113,Motor,West,2026-05-25,2027-05-25,5180,165760,Expired
POL007058,CUST02442,AG115,Travel,South,2026-04-01,2027-04-01,9867,542685,Renewed
POL007059,CUST01487,AG058,Travel,West,2024-12-23,2025-12-23,12209,732540,Active
POL007060,CUST02054,AG019,Commercial Property,East,2024-04-18,2025-04-18,340263,20415780,Active
POL007061,CUST02340,AG118,Commercial Property,East,2026-06-11,2027-06-11,881969,46744357,Renewed
POL007062,CUST00701,AG044,Marine,North,2024-02-13,2025-02-12,117238,6799804,Expired
POL007063,CUST00697,AG073,Home,North,2023-11-28,2024-11-27,54262,4395222,Cancelled
POL007064,CUST02607,AG071,Commercial Property,North,2023-12-23,2024-12-22,775251,59694327,Expired
POL007065,CUST02480,AG059,Home,East,2024-08-20,2025-08-20,10351,724570,Active
POL007066,CUST00670,AG106,Motor,North,2025-06-27,2026-06-27,34282,2948252,Renewed
POL007067,CUST02254,AG107,Travel,East,2023-08-21,2024-08-20,19211,1805834,Lapsed
POL007068,CUST01088,AG067,Marine,West,2026-02-25,2027-02-25,136153,9666863,Lapsed
POL007069,CUST02742,AG045,Commercial Property,South,2026-06-15,2027-06-15,176578,5827074,Active
POL007070,CUST00201,AG065,Commercial Property,South,2025-07-21,2026-07-21,297518,26479102,Active
POL007071,CUST00526,AG109,Marine,North,2025-09-19,2026-09-19,65245,5415335,Cancelled
POL007072,CUST01783,AG119,Travel,North,2025-06-28,2026-06-28,3919,286087,Expired
POL007073,CUST01517,AG044,Motor,North,2025-11-18,2026-11-18,6727,524706,Lapsed
POL007074,CUST00427,AG102,Home,South,2024-04-01,2025-04-01,14640,819840,Renewed
POL007075,CUST00357,AG107,Travel,West,2023-12-28,2024-12-27,9661,598982,Lapsed
POL007076,CUST01815,AG084,Motor,North,2023-10-20,2024-10-19,12472,411576,Renewed
POL007077,CUST00286,AG025,Home,North,2025-08-13,2026-08-13,20296,1704864,Renewed
POL007078,CUST01683,AG092,Marine,North,2024-11-10,2025-11-10,186895,6167535,Renewed
POL007079,CUST01960,AG062,Home,East,2025-01-06,2026-01-06,51557,3918332,Expired
POL007080,CUST01593,AG023,Motor,West,2025-07-23,2026-07-23,30045,1832745,Lapsed
POL007081,CUST01938,AG018,Marine,South,2025-03-07,2026-03-07,90628,7975264,Active
POL007082,CUST01758,AG014,Commercial Property,South,2026-05-07,2027-05-07,414754,29032780,Lapsed
POL007083,CUST01253,AG071,Commercial Property,South,2023-12-09,2024-12-08,161023,5635805,Active
POL007084,CUST01134,AG092,Home,West,2024-03-23,2025-03-23,57154,4057934,Cancelled
POL007085,CUST00574,AG105,Travel,West,2025-06-25,2026-06-25,2415,200445,Expired
POL007086,CUST01935,AG062,Home,West,2024-05-05,2025-05-05,28349,2579759,Active
POL007087,CUST01216,AG069,Motor,East,2025-07-10,2026-07-10,16278,1123182,Lapsed
POL007088,CUST01986,AG093,Commercial Property,South,2025-08-31,2026-08-31,648157,58334130,Cancelled
POL007089,CUST02631,AG011,Travel,North,2025-08-16,2026-08-16,11578,648368,Cancelled
POL007090,CUST00803,AG016,Marine,East,2025-02-27,2026-02-27,79357,3094923,Cancelled
POL007091,CUST00526,AG116,Commercial Property,North,2026-07-17,2027-07-17,327280,20291360,Lapsed
POL007092,CUST01228,AG043,Commercial Property,North,2025-03-23,2026-03-23,385950,34349550,Expired
POL007093,CUST00469,AG056,Travel,South,2024-04-20,2025-04-20,1767,148428,Lapsed
POL007094,CUST01312,AG120,Home,East,2025-11-08,2026-11-08,25440,559680,Cancelled
POL007095,CUST00054,AG110,Commercial Property,North,2024-02-20,2025-02-19,566126,49252962,Renewed
POL007096,CUST00881,AG107,Travel,South,2025-05-04,2026-05-04,5176,243272,Active
POL007097,CUST00628,AG072,Motor,South,2024-11-15,2025-11-15,35721,3429216,Expired
POL007098,CUST02033,AG021,Marine,West,2024-01-29,2025-01-28,57284,1603952,Lapsed
POL007099,CUST02012,AG030,Home,East,2023-08-09,2024-08-08,67273,2354555,Renewed
POL007100,CUST01567,AG084,Marine,South,2024-12-01,2025-12-01,179608,17242368,Active
POL007101,CUST02515,AG093,Home,West,2025-08-02,2026-08-02,61248,4409856,Lapsed
POL007102,CUST02390,AG010,Home,South,2026-05-04,2027-05-04,50921,4837495,Cancelled
POL007103,CUST02836,AG025,Travel,North,2025-12-14,2026-12-14,1336,30728,Cancelled
POL007104,CUST01656,AG071,Travel,East,2024-01-22,2025-01-21,19128,1798032,Renewed
POL007105,CUST00856,AG118,Marine,South,2025-07-12,2026-07-12,188798,8307112,Active
POL007106,CUST02894,AG063,Commercial Property,South,2023-09-20,2024-09-19,392504,19625200,Expired
POL007107,CUST00757,AG019,Motor,South,2026-06-03,2027-06-03,31899,2679516,Renewed
POL007108,CUST00064,AG076,Commercial Property,East,2023-08-30,2024-08-29,950821,79868964,Expired
POL007109,CUST00261,AG025,Motor,East,2025-08-10,2026-08-10,39122,1995222,Renewed
POL007110,CUST01527,AG070,Home,East,2026-07-26,2027-07-26,59527,5774119,Renewed
POL007111,CUST00983,AG110,Travel,North,2023-09-24,2024-09-23,15183,318843,Expired
POL007112,CUST02767,AG057,Travel,West,2023-12-02,2024-12-01,5543,254978,Lapsed
POL007113,CUST02365,AG009,Commercial Property,West,2025-04-19,2026-04-19,71602,3293692,Renewed
POL007114,CUST01811,AG045,Marine,North,2026-07-04,2027-07-04,74785,5085380,Renewed
POL007115,CUST02842,AG111,Home,East,2024-04-19,2025-04-19,52759,1107939,Cancelled
POL007116,CUST02359,AG087,Travel,South,2024-07-28,2025-07-28,5279,121417,Renewed
POL007117,CUST00887,AG046,Marine,South,2025-12-07,2026-12-07,163458,11932434,Renewed
POL007118,CUST02644,AG076,Home,North,2024-09-22,2025-09-22,52519,1155418,Active
POL007119,CUST00709,AG120,Marine,West,2023-10-31,2024-10-30,92528,3886176,Active
POL007120,CUST00307,AG060,Commercial Property,East,2023-12-22,2024-12-21,428288,23984128,Lapsed
POL007121,CUST01720,AG062,Commercial Property,West,2023-08-27,2024-08-26,612450,31234950,Renewed
POL007122,CUST01466,AG076,Marine,South,2024-12-10,2025-12-10,117610,10114460,Expired
POL007123,CUST00433,AG047,Motor,South,2025-10-08,2026-10-08,7740,216720,Renewed
POL007124,CUST01153,AG027,Marine,West,2025-07-27,2026-07-27,61798,4634850,Renewed
POL007125,CUST01767,AG117,Travel,East,2025-12-05,2026-12-05,10537,653294,Active
POL007126,CUST02852,AG007,Home,South,2024-11-30,2025-11-30,9253,305349,Cancelled
POL007127,CUST01010,AG005,Home,West,2024-08-16,2025-08-16,30893,2409654,Cancelled
POL007128,CUST02853,AG080,Commercial Property,East,2024-05-14,2025-05-14,919576,67129048,Expired
POL007129,CUST01987,AG116,Home,South,2025-07-11,2026-07-11,47850,3253800,Expired
POL007130,CUST00713,AG032,Marine,South,2025-09-27,2026-09-27,172490,12419280,Expired
POL007131,CUST02732,AG094,Motor,West,2023-08-31,2024-08-30,12710,1004090,Active
POL007132,CUST00195,AG120,Travel,North,2024-10-25,2025-10-25,18525,555750,Lapsed
POL007133,CUST01094,AG084,Travel,North,2024-11-30,2025-11-30,19681,610111,Active
POL007134,CUST00525,AG058,Marine,East,2026-02-26,2027-02-26,197472,10860960,Expired
POL007135,CUST01894,AG016,Motor,West,2024-01-02,2025-01-01,38599,3010722,Active
POL007136,CUST01715,AG106,Home,West,2025-02-24,2026-02-24,65718,4994568,Active
POL007137,CUST00947,AG108,Marine,South,2024-11-01,2025-11-01,159545,10849060,Active
POL007138,CUST01956,AG089,Travel,East,2025-04-20,2026-04-20,17808,373968,Active
POL007139,CUST02286,AG015,Home,East,2026-03-04,2027-03-04,68662,4806340,Active
POL007140,CUST00469,AG001,Home,East,2026-03-21,2027-03-21,23453,961573,Expired
POL007141,CUST00102,AG081,Motor,North,2025-07-01,2026-07-01,19668,1829124,Expired
POL007142,CUST01715,AG032,Home,South,2025-02-08,2026-02-08,8114,405700,Expired
POL007143,CUST00835,AG022,Commercial Property,South,2025-10-01,2026-10-01,210306,18717234,Cancelled
POL007144,CUST00566,AG017,Home,North,2026-06-19,2027-06-19,25539,1379106,Active
POL007145,CUST01102,AG103,Travel,East,2024-05-30,2025-05-30,1709,162355,Lapsed
POL007146,CUST00695,AG076,Commercial Property,South,2024-09-25,2025-09-25,717027,15057567,Expired
POL007147,CUST02755,AG072,Travel,West,2025-04-20,2026-04-20,11331,487233,Active
POL007148,CUST02787,AG080,Home,West,2024-11-23,2025-11-23,37962,3112884,Expired
POL007149,CUST00925,AG057,Marine,South,2024-09-19,2025-09-19,148384,8012736,Active
POL007150,CUST02197,AG045,Motor,South,2025-10-09,2026-10-09,30205,2204965,Cancelled
POL007151,CUST00597,AG034,Home,South,2026-03-13,2027-03-13,34958,3006388,Expired
POL007152,CUST01296,AG099,Commercial Property,South,2024-03-16,2025-03-16,711025,41239450,Cancelled
POL007153,CUST00484,AG028,Travel,South,2024-11-01,2025-11-01,11775,435675,Expired
POL007154,CUST00915,AG005,Travel,West,2025-12-30,2026-12-30,13052,1174680,Active
POL007155,CUST01226,AG043,Commercial Property,West,2026-03-20,2027-03-20,694997,26409886,Active
POL007156,CUST00682,AG053,Marine,East,2026-03-23,2027-03-23,58165,4769530,Expired
POL007157,CUST00494,AG081,Commercial Property,North,2023-09-05,2024-09-04,310721,27964890,Renewed
POL007158,CUST00702,AG105,Travel,South,2023-08-07,2024-08-06,1792,66304,Active
POL007159,CUST01474,AG014,Home,West,2026-06-06,2027-06-06,44638,1785520,Renewed
POL007160,CUST02593,AG003,Motor,East,2023-11-11,2024-11-10,37049,1815401,Lapsed
POL007161,CUST02407,AG002,Home,North,2024-02-12,2025-02-11,8555,265205,Active
POL007162,CUST00690,AG015,Motor,North,2026-04-22,2027-04-22,8312,166240,Expired
POL007163,CUST01190,AG014,Commercial Property,West,2023-09-02,2024-09-01,983998,77735842,Lapsed
POL007164,CUST00322,AG112,Commercial Property,South,2024-07-07,2025-07-07,887586,62131020,Expired
POL007165,CUST00910,AG066,Marine,South,2023-12-27,2024-12-26,197183,15971823,Active
POL007166,CUST00717,AG118,Commercial Property,West,2026-06-07,2027-06-07,216647,5632822,Cancelled
POL007167,CUST00257,AG090,Commercial Property,South,2025-07-21,2026-07-21,542317,36335239,Lapsed
POL007168,CUST00744,AG034,Travel,East,2025-02-27,2026-02-27,14277,556803,Cancelled
POL007169,CUST01050,AG066,Travel,West,2026-06-23,2027-06-23,6943,374922,Expired
POL007170,CUST00402,AG006,Home,North,2024-10-03,2025-10-03,8953,250684,Renewed
POL007171,CUST00185,AG033,Motor,West,2026-03-29,2027-03-29,6695,341445,Active
POL007172,CUST00129,AG065,Home,East,2025-08-04,2026-08-04,67346,1414266,Cancelled
POL007173,CUST00307,AG046,Marine,South,2025-04-17,2026-04-17,111733,3910655,Lapsed
POL007174,CUST02106,AG015,Motor,South,2026-07-18,2027-07-18,21405,1412730,Active
POL007175,CUST00916,AG060,Marine,West,2025-05-08,2026-05-08,170798,16055012,Lapsed
POL007176,CUST02262,AG092,Commercial Property,North,2026-04-07,2027-04-07,206763,16747803,Renewed
POL007177,CUST02966,AG072,Commercial Property,East,2026-08-02,2027-08-02,183603,7894929,Renewed
POL007178,CUST01196,AG085,Motor,South,2025-09-19,2026-09-19,30815,1078525,Lapsed
POL007179,CUST00939,AG020,Motor,West,2026-02-22,2027-02-22,18048,1714560,Cancelled
POL007180,CUST02589,AG050,Marine,East,2023-12-16,2024-12-15,103843,5192150,Expired
POL007181,CUST00570,AG055,Motor,South,2024-07-16,2025-07-16,34070,3066300,Renewed
POL007182,CUST02620,AG063,Motor,North,2026-08-04,2027-08-04,24615,2043045,Lapsed
POL007183,CUST00894,AG030,Commercial Property,West,2025-09-18,2026-09-18,355633,16003485,Lapsed
POL007184,CUST01257,AG074,Commercial Property,East,2025-08-09,2026-08-09,111301,7791070,Expired
POL007185,CUST01014,AG091,Marine,South,2025-07-25,2026-07-25,104351,3547934,Cancelled
POL007186,CUST01459,AG109,Home,East,2024-02-22,2025-02-21,12244,440784,Active
POL007187,CUST00962,AG099,Marine,East,2023-08-26,2024-08-25,39908,1117424,Lapsed
POL007188,CUST02817,AG115,Home,West,2025-03-03,2026-03-03,13148,670548,Active
POL007189,CUST00764,AG042,Marine,East,2026-03-01,2027-03-01,132059,11225015,Renewed
POL007190,CUST02844,AG014,Travel,North,2024-12-18,2025-12-18,9632,337120,Renewed
POL007191,CUST01453,AG039,Motor,North,2026-05-02,2027-05-02,6205,552245,Renewed
POL007192,CUST00455,AG012,Motor,East,2026-02-28,2027-02-28,7721,200746,Lapsed
POL007193,CUST01211,AG062,Motor,South,2024-09-05,2025-09-05,5977,185287,Active
POL007194,CUST00843,AG097,Marine,West,2023-09-10,2024-09-09,84961,2888674,Active
POL007195,CUST00251,AG026,Commercial Property,East,2023-12-08,2024-12-07,96820,7067860,Renewed
POL007196,CUST01935,AG080,Travel,North,2023-09-17,2024-09-16,19205,1670835,Lapsed
POL007197,CUST00252,AG051,Motor,East,2025-09-18,2026-09-18,22884,2128212,Cancelled
POL007198,CUST02835,AG041,Marine,North,2023-11-03,2024-11-02,89797,2424519,Lapsed
POL007199,CUST00808,AG115,Motor,North,2025-02-22,2026-02-22,29667,2966700,Renewed
POL007200,CUST00906,AG002,Marine,East,2023-08-08,2024-08-07,37311,858153,Expired
POL007201,CUST00177,AG068,Motor,North,2026-05-06,2027-05-06,25183,1007320,Expired
POL007202,CUST02245,AG094,Marine,North,2026-05-06,2027-05-06,160176,7848624,Active
POL007203,CUST01671,AG070,Motor,East,2023-09-02,2024-09-01,31602,1643304,Cancelled
POL007204,CUST00210,AG049,Marine,North,2024-09-21,2025-09-21,176049,6689862,Expired
POL007205,CUST00619,AG002,Motor,West,2026-05-05,2027-05-05,25181,503620,Expired
POL007206,CUST00559,AG046,Commercial Property,North,2023-08-19,2024-08-18,374514,36327858,Cancelled
POL007207,CUST01374,AG076,Home,South,2024-10-30,2025-10-30,15220,1263260,Active
POL007208,CUST00809,AG051,Motor,South,2024-03-28,2025-03-28,22104,442080,Expired
POL007209,CUST00504,AG058,Marine,West,2025-08-21,2026-08-21,66983,2210439,Expired
POL007210,CUST01354,AG114,Home,South,2025-04-04,2026-04-04,65637,3872583,Active
POL007211,CUST02213,AG054,Commercial Property,South,2025-07-30,2026-07-30,721603,67109079,Active
POL007212,CUST01625,AG088,Marine,North,2023-09-25,2024-09-24,122818,11422074,Expired
POL007213,CUST02627,AG043,Motor,North,2026-03-22,2027-03-22,7529,549617,Renewed
POL007214,CUST00947,AG025,Travel,North,2024-05-15,2025-05-15,19233,1057815,Cancelled
POL007215,CUST01988,AG018,Home,North,2024-03-15,2025-03-15,39110,821310,Cancelled
POL007216,CUST00455,AG097,Motor,South,2024-03-26,2025-03-26,28367,2099158,Active
POL007217,CUST01686,AG083,Motor,North,2026-06-10,2027-06-10,14811,459141,Lapsed
POL007218,CUST02183,AG054,Travel,South,2024-11-12,2025-11-12,14194,539372,Cancelled
POL007219,CUST02737,AG077,Motor,South,2024-11-26,2025-11-26,35662,713240,Cancelled
POL007220,CUST02120,AG027,Marine,East,2025-06-03,2026-06-03,154478,5097774,Active
POL007221,CUST00236,AG118,Home,East,2026-06-01,2027-06-01,34859,2684143,Cancelled
POL007222,CUST00305,AG019,Commercial Property,South,2023-11-03,2024-11-02,576752,45563408,Lapsed
POL007223,CUST02548,AG073,Commercial Property,North,2024-03-22,2025-03-22,475203,30888195,Active
POL007224,CUST00584,AG004,Commercial Property,North,2023-10-20,2024-10-19,367022,24590474,Expired
POL007225,CUST00419,AG102,Motor,South,2025-06-18,2026-06-18,7449,283062,Lapsed
POL007226,CUST00082,AG084,Travel,East,2025-03-25,2026-03-25,10457,951587,Active
POL007227,CUST02308,AG038,Motor,South,2024-01-22,2025-01-21,33663,2794029,Cancelled
POL007228,CUST02837,AG105,Home,North,2025-06-10,2026-06-10,19559,1721192,Expired
POL007229,CUST01615,AG075,Travel,North,2025-10-30,2026-10-30,16014,672588,Expired
POL007230,CUST01947,AG120,Commercial Property,West,2025-12-05,2026-12-05,848638,18670036,Renewed
POL007231,CUST00231,AG046,Home,North,2024-11-04,2025-11-04,64746,3107808,Active
POL007232,CUST00231,AG051,Marine,East,2026-01-10,2027-01-10,42672,2176272,Lapsed
POL007233,CUST00253,AG060,Marine,North,2024-05-05,2025-05-05,30982,1580082,Expired
POL007234,CUST02375,AG001,Commercial Property,West,2025-10-28,2026-10-28,867410,81536540,Expired
POL007235,CUST02385,AG068,Home,North,2024-06-01,2025-06-01,35352,2156472,Lapsed
POL007236,CUST02951,AG092,Motor,East,2025-09-27,2026-09-27,30138,2079522,Expired
POL007237,CUST02866,AG001,Commercial Property,North,2025-12-05,2026-12-05,575045,46578645,Expired
POL007238,CUST01115,AG083,Home,North,2025-08-10,2026-08-10,46746,1308888,Lapsed
POL007239,CUST01851,AG088,Travel,South,2024-08-19,2025-08-19,13861,429691,Renewed
POL007240,CUST02986,AG120,Travel,East,2026-03-22,2027-03-22,16877,1113882,Renewed
POL007241,CUST02346,AG007,Commercial Property,West,2025-06-07,2026-06-07,781622,21103794,Active
POL007242,CUST02370,AG114,Home,East,2026-01-16,2027-01-16,52039,1613209,Expired
POL007243,CUST01333,AG075,Commercial Property,South,2025-06-07,2026-06-07,827571,47171547,Renewed
POL007244,CUST01869,AG086,Travel,West,2025-02-11,2026-02-11,16537,1521404,Expired
POL007245,CUST00926,AG086,Commercial Property,South,2025-08-22,2026-08-22,146874,7490574,Cancelled
POL007246,CUST01190,AG043,Home,East,2024-05-23,2025-05-23,49379,2419571,Active
POL007247,CUST01715,AG096,Marine,South,2024-09-06,2025-09-06,83149,5986728,Cancelled
POL007248,CUST00572,AG075,Motor,East,2024-07-15,2025-07-15,6602,587578,Active
POL007249,CUST00502,AG003,Travel,West,2023-09-25,2024-09-24,13441,295702,Expired
POL007250,CUST02317,AG016,Commercial Property,East,2025-04-20,2026-04-20,185822,11520964,Cancelled
POL007251,CUST00800,AG053,Motor,East,2025-08-26,2026-08-26,16355,621490,Expired
POL007252,CUST01762,AG012,Motor,North,2025-04-04,2026-04-04,35292,1270512,Cancelled
POL007253,CUST02222,AG088,Home,North,2024-04-17,2025-04-17,24919,922003,Active
POL007254,CUST02602,AG073,Travel,South,2024-04-10,2025-04-10,19642,1119594,Lapsed
POL007255,CUST02136,AG074,Commercial Property,East,2025-03-21,2026-03-21,698170,29323140,Renewed
POL007256,CUST01032,AG008,Travel,South,2025-09-08,2026-09-08,13492,1133328,Renewed
POL007257,CUST01401,AG097,Marine,West,2025-06-02,2026-06-02,63225,5184450,Active
POL007258,CUST00482,AG061,Home,East,2024-06-04,2025-06-04,30717,2119473,Active
POL007259,CUST01716,AG094,Travel,West,2024-06-19,2025-06-19,8961,806490,Lapsed
POL007260,CUST01542,AG090,Motor,East,2025-10-19,2026-10-19,17264,880464,Cancelled
POL007261,CUST01228,AG097,Travel,West,2025-01-19,2026-01-19,12365,915010,Expired
POL007262,CUST00725,AG071,Home,East,2024-07-29,2025-07-29,69165,1590795,Expired
POL007263,CUST00222,AG115,Commercial Property,North,2025-12-14,2026-12-14,202637,15400412,Cancelled
POL007264,CUST00233,AG045,Commercial Property,North,2024-09-10,2025-09-10,223986,15455034,Cancelled
POL007265,CUST01718,AG081,Home,South,2023-12-19,2024-12-18,65756,5918040,Active
POL007266,CUST01874,AG001,Travel,East,2026-07-06,2027-07-06,19699,1674415,Expired
POL007267,CUST00813,AG068,Home,North,2024-10-08,2025-10-08,44891,1616076,Lapsed
POL007268,CUST02288,AG096,Travel,North,2025-10-05,2026-10-05,12079,1062952,Active
POL007269,CUST02044,AG013,Marine,North,2025-04-24,2026-04-24,176242,4053566,Active
POL007270,CUST00906,AG009,Home,South,2023-09-26,2024-09-25,64089,2948094,Cancelled
POL007271,CUST02068,AG097,Marine,East,2026-02-12,2027-02-12,73977,3772827,Expired
POL007272,CUST01088,AG089,Commercial Property,West,2026-04-08,2027-04-08,387276,37953048,Lapsed
POL007273,CUST02289,AG012,Motor,North,2024-07-10,2025-07-10,9953,716616,Renewed
POL007274,CUST01981,AG013,Motor,North,2025-01-23,2026-01-23,12709,686286,Expired
POL007275,CUST02588,AG037,Commercial Property,East,2024-09-14,2025-09-14,905349,20823027,Expired
POL007276,CUST01882,AG006,Home,East,2025-08-15,2026-08-15,63036,3908232,Cancelled
POL007277,CUST00340,AG071,Home,North,2025-12-31,2026-12-31,65383,4772959,Lapsed
POL007278,CUST01730,AG023,Commercial Property,West,2024-04-22,2025-04-22,568514,40364494,Active
POL007279,CUST01008,AG061,Commercial Property,East,2024-01-04,2025-01-03,438678,42113088,Cancelled
POL007280,CUST00592,AG072,Travel,West,2024-09-18,2025-09-18,14195,312290,Cancelled
POL007281,CUST00972,AG029,Motor,West,2026-07-21,2027-07-21,29477,1857051,Active
POL007282,CUST00737,AG106,Motor,South,2023-11-27,2024-11-26,34096,2932256,Cancelled
POL007283,CUST00330,AG001,Marine,North,2024-09-11,2025-09-11,93444,6821412,Lapsed
POL007284,CUST01767,AG058,Commercial Property,West,2023-11-30,2024-11-29,309635,12075765,Expired
POL007285,CUST02365,AG060,Motor,North,2025-03-20,2026-03-20,12874,836810,Active
POL007286,CUST00093,AG108,Home,North,2026-03-22,2027-03-22,18854,1678006,Active
POL007287,CUST01389,AG003,Travel,South,2025-03-13,2026-03-13,3713,137381,Renewed
POL007288,CUST00342,AG110,Home,East,2024-01-01,2024-12-31,60171,5836587,Cancelled
POL007289,CUST00665,AG064,Commercial Property,East,2024-06-05,2025-06-05,784361,34511884,Cancelled
POL007290,CUST00627,AG019,Commercial Property,East,2026-06-05,2027-06-05,600988,52285956,Active
POL007291,CUST00700,AG031,Commercial Property,East,2025-06-30,2026-06-30,453583,42183219,Active
POL007292,CUST01272,AG069,Travel,North,2024-08-11,2025-08-11,1064,67032,Cancelled
POL007293,CUST02195,AG006,Home,East,2025-10-01,2026-10-01,41694,2918580,Expired
POL007294,CUST02571,AG077,Marine,West,2023-12-25,2024-12-24,171850,15466500,Expired
POL007295,CUST00705,AG070,Motor,East,2023-10-04,2024-10-03,24997,1049874,Lapsed
POL007296,CUST00453,AG081,Motor,South,2024-04-18,2025-04-18,33738,2395398,Lapsed
POL007297,CUST00306,AG098,Marine,North,2024-02-19,2025-02-18,127621,3701009,Renewed
POL007298,CUST00436,AG097,Motor,South,2024-11-07,2025-11-07,8554,316498,Cancelled
POL007299,CUST01888,AG104,Commercial Property,East,2024-01-01,2024-12-31,599037,35343183,Lapsed
POL007300,CUST00527,AG022,Marine,South,2025-04-05,2026-04-05,152638,9616194,Active
POL007301,CUST02702,AG072,Commercial Property,North,2026-02-17,2027-02-17,790596,24508476,Expired
POL007302,CUST00322,AG041,Travel,East,2023-10-22,2024-10-21,10974,877920,Active
POL007303,CUST01089,AG052,Commercial Property,East,2025-10-01,2026-10-01,843062,16861240,Cancelled
POL007304,CUST01222,AG107,Commercial Property,South,2023-12-06,2024-12-05,755802,43080714,Renewed
POL007305,CUST00054,AG045,Travel,North,2023-10-23,2024-10-22,7540,203580,Active
POL007306,CUST02776,AG099,Home,West,2024-07-26,2025-07-26,14614,979138,Renewed
POL007307,CUST02100,AG078,Marine,East,2025-10-03,2026-10-03,77686,6137194,Expired
POL007308,CUST01149,AG009,Commercial Property,East,2024-08-22,2025-08-22,204146,6532672,Active
POL007309,CUST02507,AG073,Commercial Property,West,2024-03-12,2025-03-12,875744,35905504,Expired
POL007310,CUST01846,AG021,Commercial Property,South,2025-09-21,2026-09-21,675742,44598972,Cancelled
POL007311,CUST00766,AG056,Commercial Property,South,2025-08-19,2026-08-19,526368,24212928,Cancelled
POL007312,CUST01023,AG088,Commercial Property,East,2026-03-30,2027-03-30,212073,4877679,Lapsed
POL007313,CUST00647,AG070,Travel,South,2023-09-23,2024-09-22,18649,1305430,Renewed
POL007314,CUST00170,AG054,Motor,South,2025-02-20,2026-02-20,38553,1387908,Active
POL007315,CUST00621,AG106,Commercial Property,East,2024-05-27,2025-05-27,61038,2990862,Active
POL007316,CUST00569,AG050,Motor,South,2023-10-18,2024-10-17,8341,417050,Expired
POL007317,CUST01707,AG068,Commercial Property,West,2025-12-18,2026-12-18,496770,35270670,Renewed
POL007318,CUST02344,AG103,Home,East,2026-01-30,2027-01-30,16187,501797,Expired
POL007319,CUST01298,AG054,Home,North,2025-08-19,2026-08-19,24652,2292636,Active
POL007320,CUST02968,AG097,Marine,South,2026-05-02,2027-05-02,99462,6763416,Lapsed
POL007321,CUST01681,AG057,Marine,East,2023-12-15,2024-12-14,37332,783972,Lapsed
POL007322,CUST00701,AG053,Commercial Property,North,2024-05-05,2025-05-05,290454,29045400,Active
POL007323,CUST02771,AG107,Marine,North,2026-01-28,2027-01-28,28656,1690704,Cancelled
POL007324,CUST02374,AG020,Travel,East,2023-11-06,2024-11-05,19904,756352,Lapsed
POL007325,CUST00188,AG090,Marine,North,2024-09-10,2025-09-10,87303,5500089,Renewed
POL007326,CUST01767,AG032,Home,East,2026-05-12,2027-05-12,12055,397815,Lapsed
POL007327,CUST00007,AG053,Commercial Property,South,2026-01-04,2027-01-04,851146,78305432,Expired
POL007328,CUST00061,AG042,Motor,East,2023-12-13,2024-12-12,17425,400775,Renewed
POL007329,CUST01826,AG079,Travel,East,2025-12-19,2026-12-19,5052,444576,Lapsed
POL007330,CUST02427,AG031,Motor,South,2024-08-13,2025-08-13,20355,1648755,Cancelled
POL007331,CUST00557,AG012,Commercial Property,North,2025-02-15,2026-02-15,930536,72581808,Active
POL007332,CUST02208,AG009,Commercial Property,East,2023-10-16,2024-10-15,123387,5675802,Cancelled
POL007333,CUST00481,AG116,Motor,North,2024-05-04,2025-05-04,17091,1179279,Lapsed
POL007334,CUST02046,AG004,Motor,East,2023-10-03,2024-10-02,18947,1496813,Renewed
POL007335,CUST02167,AG080,Commercial Property,West,2025-04-15,2026-04-15,791548,27704180,Expired
POL007336,CUST02208,AG084,Travel,North,2025-07-12,2026-07-12,6180,376980,Renewed
POL007337,CUST02431,AG038,Commercial Property,North,2025-12-29,2026-12-29,576926,16153928,Renewed
POL007338,CUST00520,AG085,Commercial Property,West,2025-03-20,2026-03-20,439552,26373120,Renewed
POL007339,CUST01232,AG119,Travel,West,2025-11-08,2026-11-08,1088,38080,Active
POL007340,CUST00086,AG082,Travel,West,2024-04-13,2025-04-13,7795,467700,Expired
POL007341,CUST02400,AG101,Marine,South,2024-12-09,2025-12-09,177744,13330800,Lapsed
POL007342,CUST00042,AG007,Travel,West,2025-01-31,2026-01-31,19691,1555589,Lapsed
POL007343,CUST00999,AG064,Home,North,2023-12-01,2024-11-30,61854,5876130,Renewed
POL007344,CUST00864,AG071,Marine,North,2025-03-12,2026-03-12,168271,8413550,Cancelled
POL007345,CUST01460,AG063,Motor,North,2025-01-22,2026-01-22,20622,1670382,Active
POL007346,CUST01253,AG079,Motor,South,2023-09-03,2024-09-02,5804,127688,Lapsed
POL007347,CUST00624,AG004,Home,East,2024-09-20,2025-09-20,32708,1144780,Expired
POL007348,CUST01424,AG035,Motor,South,2024-04-17,2025-04-17,13413,348738,Expired
POL007349,CUST01032,AG063,Marine,West,2024-07-21,2025-07-21,71995,2879800,Renewed
POL007350,CUST02916,AG106,Commercial Property,North,2026-05-16,2027-05-16,731119,43867140,Renewed
POL007351,CUST01557,AG007,Home,East,2024-02-08,2025-02-07,29106,2008314,Renewed
POL007352,CUST00603,AG035,Motor,West,2025-11-12,2026-11-12,33482,1540172,Cancelled
POL007353,CUST01867,AG044,Travel,South,2023-08-11,2024-08-10,10700,353100,Cancelled
POL007354,CUST01730,AG083,Travel,North,2025-04-22,2026-04-22,8602,808588,Renewed
POL007355,CUST01799,AG108,Home,West,2025-12-02,2026-12-02,36451,3535747,Lapsed
POL007356,CUST02269,AG032,Home,North,2024-03-28,2025-03-28,48295,2366455,Expired
POL007357,CUST01073,AG041,Commercial Property,East,2023-10-12,2024-10-11,986792,33550928,Active
POL007358,CUST01285,AG084,Travel,North,2026-05-29,2027-05-29,12333,394656,Expired
POL007359,CUST00807,AG049,Commercial Property,South,2025-06-14,2026-06-14,694645,43762635,Lapsed
POL007360,CUST00195,AG043,Commercial Property,South,2024-07-10,2025-07-10,937197,36550683,Active
POL007361,CUST02464,AG010,Marine,South,2024-10-19,2025-10-19,119628,5263632,Lapsed
POL007362,CUST01168,AG113,Commercial Property,East,2024-06-28,2025-06-28,654831,15715944,Lapsed
POL007363,CUST02503,AG011,Marine,West,2024-09-15,2025-09-15,159195,12576405,Lapsed
POL007364,CUST01465,AG091,Motor,West,2025-03-25,2026-03-25,30707,2640802,Active
POL007365,CUST00881,AG053,Travel,North,2024-03-13,2025-03-13,1892,113520,Active
POL007366,CUST01826,AG051,Home,South,2025-05-19,2026-05-19,12156,1179132,Active
POL007367,CUST02803,AG104,Home,West,2024-02-02,2025-02-01,50307,3119034,Lapsed
POL007368,CUST00414,AG092,Commercial Property,East,2025-11-28,2026-11-28,900633,36925953,Expired
POL007369,CUST00419,AG034,Commercial Property,East,2025-10-13,2026-10-13,907968,46306368,Active
POL007370,CUST00790,AG115,Motor,East,2026-04-24,2027-04-24,16708,651612,Cancelled
POL007371,CUST00918,AG003,Motor,East,2026-02-13,2027-02-13,20611,1834379,Active
POL007372,CUST01328,AG079,Marine,East,2024-10-02,2025-10-02,28775,719375,Cancelled
POL007373,CUST00360,AG060,Travel,East,2023-08-21,2024-08-20,15294,504702,Expired
POL007374,CUST02378,AG089,Marine,East,2024-01-31,2025-01-30,153048,5050584,Renewed
POL007375,CUST00458,AG079,Home,East,2024-07-19,2025-07-19,61948,5947008,Expired
POL007376,CUST01994,AG069,Travel,South,2025-10-18,2026-10-18,18688,840960,Expired
POL007377,CUST02543,AG119,Home,South,2024-05-10,2025-05-10,35749,2752673,Renewed
POL007378,CUST02859,AG117,Motor,South,2025-07-17,2026-07-17,28318,1104402,Expired
POL007379,CUST00113,AG005,Travel,West,2024-03-11,2025-03-11,15974,495194,Expired
POL007380,CUST00745,AG084,Commercial Property,North,2026-05-02,2027-05-02,524818,49857710,Cancelled
POL007381,CUST02092,AG074,Commercial Property,South,2025-11-22,2026-11-22,640776,48058200,Lapsed
POL007382,CUST01328,AG083,Home,East,2026-05-01,2027-05-01,10208,714560,Cancelled
POL007383,CUST00854,AG117,Motor,West,2026-05-02,2027-05-02,6577,243349,Lapsed
POL007384,CUST02358,AG009,Motor,North,2026-03-03,2027-03-03,38474,2385388,Renewed
POL007385,CUST02729,AG053,Home,West,2023-12-11,2024-12-10,8205,336405,Expired
POL007386,CUST02085,AG051,Commercial Property,South,2024-08-22,2025-08-22,306179,18370740,Expired
POL007387,CUST02835,AG034,Motor,South,2026-04-19,2027-04-19,17830,695370,Active
POL007388,CUST01767,AG092,Commercial Property,East,2026-03-10,2027-03-10,339558,13582320,Active
POL007389,CUST01835,AG025,Marine,South,2025-03-24,2026-03-24,150947,4679357,Expired
POL007390,CUST02089,AG111,Commercial Property,South,2025-09-21,2026-09-21,85195,3407800,Lapsed
POL007391,CUST02643,AG059,Home,North,2023-09-27,2024-09-26,26020,1092840,Lapsed
POL007392,CUST00502,AG106,Motor,South,2025-10-13,2026-10-13,13904,834240,Cancelled
POL007393,CUST00299,AG007,Travel,West,2026-03-04,2027-03-04,15380,1199640,Expired
POL007394,CUST02484,AG063,Travel,West,2026-06-27,2027-06-27,11806,590300,Expired
POL007395,CUST00146,AG045,Marine,West,2026-05-05,2027-05-05,193888,4265536,Expired
POL007396,CUST02711,AG099,Motor,North,2023-10-06,2024-10-05,13963,656261,Renewed
POL007397,CUST00198,AG082,Commercial Property,South,2025-12-30,2026-12-30,857506,32585228,Cancelled
POL007398,CUST02325,AG088,Marine,East,2024-12-16,2025-12-16,139020,6951000,Cancelled
POL007399,CUST00787,AG058,Marine,South,2026-03-16,2027-03-16,54512,2234992,Active
POL007400,CUST00515,AG101,Home,North,2024-12-21,2025-12-21,52082,1197886,Cancelled
POL007401,CUST01456,AG028,Marine,East,2023-10-31,2024-10-30,26508,1537464,Cancelled
POL007402,CUST02476,AG108,Marine,West,2024-04-21,2025-04-21,64359,2381283,Lapsed
POL007403,CUST00993,AG026,Motor,West,2025-01-10,2026-01-10,15061,798233,Renewed
POL007404,CUST00982,AG106,Travel,South,2024-04-18,2025-04-18,9631,789742,Renewed
POL007405,CUST01259,AG103,Home,South,2024-02-28,2025-02-27,52474,4775134,Cancelled
POL007406,CUST01509,AG077,Commercial Property,South,2025-03-07,2026-03-07,432209,38898810,Renewed
POL007407,CUST02788,AG102,Travel,East,2026-05-05,2027-05-05,1101,83676,Active
POL007408,CUST02310,AG028,Motor,West,2025-10-23,2026-10-23,14620,482460,Lapsed
POL007409,CUST01320,AG109,Home,East,2024-12-24,2025-12-24,62774,4456954,Renewed
POL007410,CUST01747,AG083,Marine,West,2026-07-19,2027-07-19,68245,2593310,Cancelled
POL007411,CUST00577,AG059,Marine,North,2024-10-08,2025-10-08,35631,1710288,Cancelled
POL007412,CUST01223,AG010,Commercial Property,East,2025-01-01,2026-01-01,705119,64165829,Cancelled
POL007413,CUST02610,AG041,Marine,South,2023-10-09,2024-10-08,197158,9463584,Renewed
POL007414,CUST01212,AG011,Motor,East,2025-12-14,2026-12-14,35885,2224870,Lapsed
POL007415,CUST00049,AG023,Travel,East,2024-01-22,2025-01-21,12174,462612,Expired
POL007416,CUST02303,AG077,Commercial Property,East,2024-11-01,2025-11-01,744366,56571816,Renewed
POL007417,CUST02854,AG067,Commercial Property,North,2023-12-27,2024-12-26,55759,5408623,Active
POL007418,CUST01521,AG060,Marine,North,2026-07-17,2027-07-17,130631,7184705,Lapsed
POL007419,CUST02363,AG006,Motor,North,2024-02-13,2025-02-12,24803,2157861,Active
POL007420,CUST01045,AG074,Home,West,2026-03-28,2027-03-28,55738,1170498,Lapsed
POL007421,CUST02467,AG058,Home,East,2026-04-22,2027-04-22,58947,4951548,Cancelled
POL007422,CUST01383,AG010,Travel,East,2025-08-29,2026-08-29,3086,185160,Renewed
POL007423,CUST02463,AG041,Home,East,2025-04-16,2026-04-16,56471,2089427,Active
POL007424,CUST00571,AG107,Marine,South,2026-03-16,2027-03-16,126129,9207417,Expired
POL007425,CUST01254,AG050,Travel,East,2023-09-25,2024-09-24,19730,1973000,Lapsed
POL007426,CUST02697,AG110,Marine,East,2024-05-19,2025-05-19,27906,1702266,Renewed
POL007427,CUST02331,AG087,Marine,West,2026-03-24,2027-03-24,71588,2147640,Lapsed
POL007428,CUST01030,AG053,Commercial Property,North,2025-02-19,2026-02-19,575071,37379615,Expired
POL007429,CUST02238,AG116,Commercial Property,North,2025-07-10,2026-07-10,433042,19486890,Active
POL007430,CUST00557,AG052,Travel,West,2024-03-13,2025-03-13,11428,262844,Expired
POL007431,CUST02940,AG030,Marine,East,2024-02-15,2025-02-14,51623,4336332,Cancelled
POL007432,CUST02922,AG103,Commercial Property,West,2023-12-16,2024-12-15,311406,22421232,Lapsed
POL007433,CUST02869,AG039,Marine,East,2025-02-09,2026-02-09,25800,954600,Expired
POL007434,CUST02853,AG095,Home,East,2024-09-19,2025-09-19,56871,1308033,Cancelled
POL007435,CUST00133,AG066,Travel,North,2025-12-22,2026-12-22,15139,363336,Expired
POL007436,CUST00591,AG047,Motor,North,2026-02-25,2027-02-25,11730,997050,Lapsed
POL007437,CUST00559,AG083,Travel,North,2025-06-29,2026-06-29,13864,554560,Cancelled
POL007438,CUST01332,AG044,Motor,South,2025-03-10,2026-03-10,7044,281760,Renewed
POL007439,CUST00524,AG092,Motor,West,2024-09-02,2025-09-02,14155,962540,Active
POL007440,CUST01663,AG119,Home,East,2023-11-07,2024-11-06,58294,1165880,Cancelled
POL007441,CUST00057,AG102,Motor,South,2024-03-14,2025-03-14,34559,1175006,Active
POL007442,CUST00036,AG096,Motor,East,2025-05-22,2026-05-22,27927,1312569,Cancelled
POL007443,CUST01163,AG073,Motor,South,2026-07-15,2027-07-15,23171,1343918,Renewed
POL007444,CUST01660,AG084,Commercial Property,West,2024-08-21,2025-08-21,137331,4119930,Renewed
POL007445,CUST01784,AG056,Marine,West,2025-02-17,2026-02-17,195755,9396240,Active
POL007446,CUST02225,AG090,Commercial Property,South,2024-10-15,2025-10-15,450707,17577573,Cancelled
POL007447,CUST01763,AG114,Marine,East,2026-07-04,2027-07-04,103542,4452306,Renewed
POL007448,CUST02090,AG098,Home,East,2024-06-04,2025-06-04,59339,3382323,Cancelled
POL007449,CUST00461,AG053,Home,East,2025-01-28,2026-01-28,62176,5471488,Expired
POL007450,CUST00730,AG084,Home,North,2024-01-21,2025-01-20,19650,982500,Lapsed
POL007451,CUST01225,AG036,Motor,South,2025-05-26,2026-05-26,15304,321384,Expired
POL007452,CUST00639,AG001,Travel,East,2025-11-02,2026-11-02,9192,569904,Lapsed
POL007453,CUST01069,AG084,Commercial Property,South,2024-06-05,2025-06-05,726752,28343328,Renewed
POL007454,CUST00794,AG040,Travel,North,2026-04-11,2027-04-11,16305,1630500,Lapsed
POL007455,CUST02104,AG001,Marine,South,2025-02-08,2026-02-08,58372,2685112,Active
POL007456,CUST02478,AG051,Home,North,2023-12-04,2024-12-03,22879,1944715,Cancelled
POL007457,CUST00360,AG061,Marine,West,2025-07-20,2026-07-20,61175,5016350,Lapsed
POL007458,CUST02308,AG028,Motor,North,2025-06-24,2026-06-24,15969,1548993,Active
POL007459,CUST02731,AG104,Home,North,2024-04-29,2025-04-29,28435,625570,Expired
POL007460,CUST01915,AG066,Motor,East,2023-09-06,2024-09-05,17188,756272,Cancelled
POL007461,CUST02772,AG002,Motor,North,2026-07-17,2027-07-17,6288,226368,Active
POL007462,CUST00006,AG111,Motor,East,2025-08-07,2026-08-07,19235,1634975,Cancelled
POL007463,CUST02422,AG100,Home,South,2024-11-20,2025-11-20,23972,1294488,Active
POL007464,CUST00794,AG030,Motor,West,2026-03-26,2027-03-26,14359,430770,Renewed
POL007465,CUST00474,AG015,Marine,West,2025-07-05,2026-07-05,133210,8791860,Lapsed
POL007466,CUST01878,AG071,Travel,East,2024-06-23,2025-06-23,3470,93690,Lapsed
POL007467,CUST00508,AG096,Commercial Property,East,2025-03-08,2026-03-08,324436,24332700,Expired
POL007468,CUST02653,AG023,Marine,South,2024-09-09,2025-09-09,131965,6070390,Renewed
POL007469,CUST02840,AG060,Home,South,2024-11-24,2025-11-24,55174,3034570,Active
POL007470,CUST01967,AG114,Home,West,2024-03-22,2025-03-22,56025,5154300,Active
POL007471,CUST02606,AG004,Marine,East,2026-06-14,2027-06-14,77425,2787300,Renewed
POL007472,CUST02108,AG072,Travel,West,2024-05-04,2025-05-04,16000,1312000,Expired
POL007473,CUST00195,AG110,Commercial Property,West,2023-12-13,2024-12-12,59541,5954100,Expired
POL007474,CUST00945,AG056,Motor,South,2024-10-25,2025-10-25,18688,1364224,Expired
POL007475,CUST00603,AG100,Marine,South,2025-10-01,2026-10-01,49556,2329132,Lapsed
POL007476,CUST02333,AG045,Marine,South,2025-02-26,2026-02-26,38527,1656661,Expired
POL007477,CUST01463,AG090,Home,South,2026-02-10,2027-02-10,30176,935456,Lapsed
POL007478,CUST00513,AG021,Marine,North,2024-02-01,2025-01-31,168627,14333295,Active
POL007479,CUST02289,AG043,Motor,North,2026-07-06,2027-07-06,38085,990210,Active
POL007480,CUST00907,AG017,Motor,South,2025-03-10,2026-03-10,39563,949512,Expired
POL007481,CUST01131,AG073,Travel,North,2026-03-06,2027-03-06,8429,598459,Active
POL007482,CUST01927,AG078,Home,West,2026-08-02,2027-08-02,37524,1913724,Cancelled
POL007483,CUST00197,AG021,Marine,West,2024-03-11,2025-03-11,20576,967072,Active
POL007484,CUST00255,AG035,Commercial Property,South,2024-07-17,2025-07-17,905845,48915630,Renewed
POL007485,CUST00699,AG028,Motor,North,2024-10-15,2025-10-15,37366,2316692,Lapsed
POL007486,CUST01265,AG110,Home,North,2026-01-04,2027-01-04,39827,3703911,Lapsed
POL007487,CUST01139,AG029,Travel,North,2023-10-22,2024-10-21,4490,89800,Active
POL007488,CUST00431,AG018,Motor,North,2023-10-31,2024-10-30,33142,961118,Active
POL007489,CUST02781,AG038,Travel,East,2025-12-10,2026-12-10,7472,306352,Expired
POL007490,CUST02181,AG034,Travel,East,2026-07-16,2027-07-16,12397,1202509,Active
POL007491,CUST02325,AG011,Home,South,2024-08-11,2025-08-11,59960,3237840,Lapsed
POL007492,CUST01661,AG042,Marine,West,2025-08-27,2026-08-27,181341,15958008,Cancelled
POL007493,CUST00992,AG084,Marine,West,2025-01-07,2026-01-07,182116,3824436,Active
POL007494,CUST00740,AG049,Travel,North,2024-10-27,2025-10-27,5657,203652,Lapsed
POL007495,CUST01721,AG069,Motor,North,2026-01-13,2027-01-13,26007,2392644,Expired
POL007496,CUST01144,AG049,Home,South,2024-11-08,2025-11-08,66634,5264086,Cancelled
POL007497,CUST01455,AG058,Home,North,2026-05-30,2027-05-30,28617,686808,Active
POL007498,CUST02679,AG080,Marine,South,2025-03-30,2026-03-30,136083,12655719,Active
POL007499,CUST00580,AG093,Commercial Property,South,2026-01-12,2027-01-12,344138,30284144,Expired
POL007500,CUST00335,AG005,Home,East,2024-02-03,2025-02-02,9705,824925,Cancelled
POL007501,CUST01684,AG032,Home,West,2024-12-28,2025-12-28,39053,1913597,Expired
POL007502,CUST00710,AG081,Motor,South,2025-12-19,2026-12-19,15342,1212018,Cancelled
POL007503,CUST01778,AG118,Motor,East,2026-07-22,2027-07-22,5889,212004,Lapsed
POL007504,CUST02757,AG098,Travel,West,2023-08-12,2024-08-11,14262,1041126,Lapsed
POL007505,CUST01033,AG071,Home,East,2025-11-02,2026-11-02,13717,1056209,Lapsed
POL007506,CUST02900,AG109,Home,North,2025-01-27,2026-01-27,63338,2470182,Active
POL007507,CUST02181,AG087,Travel,East,2024-07-22,2025-07-22,13593,611685,Renewed
POL007508,CUST01712,AG025,Motor,East,2024-09-27,2025-09-27,18777,638418,Renewed
POL007509,CUST00598,AG016,Marine,North,2024-05-04,2025-05-04,86198,7671622,Expired
POL007510,CUST01216,AG086,Travel,South,2025-10-06,2026-10-06,15895,1319285,Cancelled
POL007511,CUST00335,AG106,Home,North,2025-11-01,2026-11-01,60304,4462496,Cancelled
POL007512,CUST01919,AG094,Travel,East,2026-07-18,2027-07-18,4545,304515,Cancelled
POL007513,CUST01069,AG097,Motor,East,2026-05-12,2027-05-12,34768,1355952,Lapsed
POL007514,CUST02542,AG057,Home,South,2023-12-29,2024-12-28,17012,1480044,Lapsed
POL007515,CUST00943,AG110,Travel,South,2026-05-31,2027-05-31,11673,642015,Expired
POL007516,CUST02282,AG054,Home,North,2025-12-19,2026-12-19,67072,5902336,Renewed
POL007517,CUST02601,AG076,Commercial Property,West,2026-06-27,2027-06-27,638437,44052153,Active
POL007518,CUST02539,AG065,Commercial Property,South,2025-02-08,2026-02-08,441363,42812211,Expired
POL007519,CUST00408,AG077,Marine,East,2025-02-11,2026-02-11,155114,8065928,Active
POL007520,CUST00095,AG090,Commercial Property,East,2025-09-19,2026-09-19,670612,22130196,Renewed
POL007521,CUST02997,AG041,Motor,East,2023-10-25,2024-10-24,23557,612482,Cancelled
POL007522,CUST00057,AG057,Home,West,2024-01-25,2025-01-24,68524,5002252,Lapsed
POL007523,CUST02058,AG108,Home,West,2023-12-22,2024-12-21,37183,2268163,Lapsed
POL007524,CUST01983,AG113,Travel,East,2024-02-24,2025-02-23,3192,121296,Cancelled
POL007525,CUST01730,AG037,Commercial Property,East,2025-08-23,2026-08-23,344621,16197187,Lapsed
POL007526,CUST00003,AG036,Commercial Property,West,2024-06-08,2025-06-08,964644,67525080,Renewed
POL007527,CUST01682,AG095,Travel,North,2024-09-26,2025-09-26,5370,177210,Expired
POL007528,CUST00016,AG051,Marine,West,2023-11-01,2024-10-31,25687,1387098,Active
POL007529,CUST01771,AG073,Commercial Property,North,2026-04-01,2027-04-01,467705,22917545,Cancelled
POL007530,CUST00502,AG034,Marine,North,2025-10-21,2026-10-21,62337,1433751,Lapsed
POL007531,CUST02006,AG116,Motor,East,2025-07-06,2026-07-06,25512,1122528,Lapsed
POL007532,CUST01309,AG053,Home,South,2024-07-26,2025-07-26,8124,406200,Expired
POL007533,CUST02396,AG029,Travel,West,2025-10-07,2026-10-07,3284,128076,Lapsed
POL007534,CUST01750,AG112,Commercial Property,West,2024-05-19,2025-05-19,541022,48150958,Renewed
POL007535,CUST02784,AG064,Marine,South,2025-06-06,2026-06-06,85474,8120030,Renewed
POL007536,CUST00371,AG098,Marine,South,2026-05-27,2027-05-27,54217,5259049,Active
POL007537,CUST01549,AG028,Travel,East,2024-11-28,2025-11-28,6604,389636,Lapsed
POL007538,CUST02634,AG087,Marine,East,2023-10-21,2024-10-20,75347,4068738,Lapsed
POL007539,CUST00489,AG098,Commercial Property,North,2026-03-25,2027-03-25,788457,22076796,Cancelled
POL007540,CUST02640,AG022,Motor,North,2026-02-01,2027-02-01,10152,690336,Lapsed
POL007541,CUST00789,AG076,Motor,East,2025-04-01,2026-04-01,25148,905328,Renewed
POL007542,CUST02661,AG068,Travel,West,2024-12-14,2025-12-14,17680,795600,Renewed
POL007543,CUST00760,AG097,Motor,South,2026-04-29,2027-04-29,22552,2255200,Cancelled
POL007544,CUST02316,AG081,Marine,West,2025-03-24,2026-03-24,111931,9290273,Renewed
POL007545,CUST01989,AG033,Travel,East,2024-08-22,2025-08-22,18467,590944,Renewed
POL007546,CUST00186,AG107,Motor,West,2025-11-08,2026-11-08,20673,1116342,Renewed
POL007547,CUST00759,AG113,Commercial Property,South,2024-09-04,2025-09-04,159921,14232969,Expired
POL007548,CUST00544,AG057,Marine,North,2026-04-06,2027-04-06,165443,9430251,Active
POL007549,CUST01825,AG005,Travel,East,2025-11-20,2026-11-20,18453,959556,Cancelled
POL007550,CUST00782,AG003,Commercial Property,North,2024-11-25,2025-11-25,785891,30649749,Renewed
POL007551,CUST00044,AG046,Marine,West,2026-02-11,2027-02-11,70136,1753400,Active
POL007552,CUST00008,AG105,Motor,East,2024-05-14,2025-05-14,19269,1580058,Cancelled
POL007553,CUST00867,AG028,Marine,East,2025-10-05,2026-10-05,198955,14921625,Active
POL007554,CUST02396,AG087,Travel,East,2024-01-22,2025-01-21,15529,1149146,Lapsed
POL007555,CUST02878,AG075,Home,South,2024-03-31,2025-03-31,64687,4269342,Lapsed
POL007556,CUST01469,AG105,Travel,North,2024-09-12,2025-09-12,17662,953748,Lapsed
POL007557,CUST02416,AG033,Motor,South,2026-02-21,2027-02-21,33321,999630,Expired
POL007558,CUST00877,AG005,Marine,East,2025-04-09,2026-04-09,98136,4416120,Cancelled
POL007559,CUST00172,AG065,Marine,East,2024-03-05,2025-03-05,192451,17897943,Cancelled
POL007560,CUST02755,AG005,Home,West,2025-03-17,2026-03-17,35537,2203294,Cancelled
POL007561,CUST02443,AG047,Travel,North,2025-02-01,2026-02-01,2516,203796,Active
POL007562,CUST00634,AG085,Travel,North,2023-10-11,2024-10-10,1958,166430,Renewed
POL007563,CUST00128,AG108,Commercial Property,East,2025-05-03,2026-05-03,375709,27426757,Lapsed
POL007564,CUST01906,AG016,Marine,South,2025-09-07,2026-09-07,39220,1372700,Lapsed
POL007565,CUST00596,AG030,Commercial Property,South,2024-07-24,2025-07-24,515341,35043188,Active
POL007566,CUST01369,AG078,Home,South,2023-11-26,2024-11-25,9392,544736,Active
POL007567,CUST00834,AG033,Commercial Property,West,2026-03-30,2027-03-30,278456,20048832,Renewed
POL007568,CUST02745,AG035,Motor,East,2026-03-27,2027-03-27,35062,1192108,Cancelled
POL007569,CUST00720,AG096,Motor,South,2026-02-17,2027-02-17,17007,340140,Lapsed
POL007570,CUST02156,AG066,Marine,East,2025-07-19,2026-07-19,166127,6478953,Expired
POL007571,CUST00302,AG066,Commercial Property,East,2025-06-11,2026-06-11,158893,7309078,Active
POL007572,CUST00987,AG005,Commercial Property,East,2024-06-18,2025-06-18,735567,72821133,Renewed
POL007573,CUST02245,AG020,Home,North,2026-07-31,2027-07-31,40786,1060436,Cancelled
POL007574,CUST02403,AG072,Motor,South,2025-06-25,2026-06-25,14090,704500,Expired
POL007575,CUST02583,AG072,Motor,East,2025-12-01,2026-12-01,23048,1705552,Expired
POL007576,CUST00321,AG104,Motor,East,2026-06-21,2027-06-21,31838,1018816,Cancelled
POL007577,CUST02499,AG018,Motor,West,2024-02-15,2025-02-14,32451,973530,Lapsed
POL007578,CUST02142,AG085,Motor,North,2023-11-25,2024-11-24,13858,1261078,Active
POL007579,CUST00090,AG074,Travel,North,2026-02-17,2027-02-17,17139,1559649,Expired
POL007580,CUST02602,AG001,Commercial Property,South,2026-07-02,2027-07-02,176724,6538788,Active
POL007581,CUST00501,AG059,Marine,South,2026-06-09,2027-06-09,199808,6593664,Lapsed
POL007582,CUST01856,AG077,Home,South,2026-01-01,2027-01-01,29701,920731,Lapsed
POL007583,CUST02039,AG029,Marine,North,2025-02-11,2026-02-11,48653,1751508,Active
POL007584,CUST01191,AG075,Home,West,2026-02-19,2027-02-19,65980,5674280,Renewed
POL007585,CUST01139,AG048,Motor,South,2023-09-07,2024-09-06,34650,2772000,Renewed
POL007586,CUST00855,AG087,Travel,West,2024-03-18,2025-03-18,4943,158176,Lapsed
POL007587,CUST02017,AG100,Home,South,2025-06-23,2026-06-23,19633,1727704,Active
POL007588,CUST01479,AG107,Motor,North,2025-09-25,2026-09-25,28096,1910528,Renewed
POL007589,CUST02156,AG086,Home,West,2026-03-04,2027-03-04,53670,1449090,Active
POL007590,CUST00195,AG036,Motor,West,2023-12-18,2024-12-17,18448,1217568,Active
POL007591,CUST00241,AG046,Marine,West,2025-08-03,2026-08-03,127190,9284870,Expired
POL007592,CUST02377,AG100,Marine,West,2023-12-14,2024-12-13,73441,2350112,Cancelled
POL007593,CUST00866,AG012,Marine,South,2023-09-23,2024-09-22,108205,8007170,Active
POL007594,CUST00035,AG114,Marine,West,2023-09-10,2024-09-09,48428,4019524,Renewed
POL007595,CUST01427,AG007,Home,West,2024-10-31,2025-10-31,47037,2681109,Cancelled
POL007596,CUST02770,AG092,Home,South,2025-09-11,2026-09-11,17208,1462680,Active
POL007597,CUST02100,AG075,Home,East,2024-07-26,2025-07-26,34506,1518264,Lapsed
POL007598,CUST01725,AG056,Travel,South,2025-11-13,2026-11-13,18558,1076364,Active
POL007599,CUST02313,AG048,Travel,South,2024-03-20,2025-03-20,3998,243878,Expired
POL007600,CUST00850,AG106,Commercial Property,East,2023-11-15,2024-11-14,226402,19696974,Cancelled
POL007601,CUST00328,AG008,Home,North,2023-10-28,2024-10-27,34914,2339238,Cancelled
POL007602,CUST01131,AG014,Commercial Property,West,2025-07-23,2026-07-23,877081,44731131,Expired
POL007603,CUST02206,AG078,Marine,South,2025-10-15,2026-10-15,63059,2963773,Renewed
POL007604,CUST02833,AG097,Marine,North,2023-08-07,2024-08-06,104632,7533504,Active
POL007605,CUST02359,AG094,Home,East,2024-10-03,2025-10-03,33037,3270663,Renewed
POL007606,CUST00017,AG062,Marine,North,2025-06-28,2026-06-28,123585,9516045,Lapsed
POL007607,CUST01507,AG114,Marine,North,2023-09-17,2024-09-16,33065,2810525,Renewed
POL007608,CUST02316,AG092,Travel,South,2026-03-30,2027-03-30,3601,309686,Renewed
POL007609,CUST01896,AG015,Motor,North,2026-05-21,2027-05-21,14867,1189360,Expired
POL007610,CUST00876,AG112,Commercial Property,South,2024-03-18,2025-03-18,150857,3469711,Expired
POL007611,CUST01769,AG075,Travel,North,2023-09-11,2024-09-10,8139,203475,Active
POL007612,CUST01537,AG107,Commercial Property,West,2024-02-19,2025-02-18,572049,24026058,Renewed
POL007613,CUST00732,AG014,Marine,South,2026-01-19,2027-01-19,124849,12360051,Active
POL007614,CUST02648,AG059,Home,East,2025-02-01,2026-02-01,34489,3414411,Renewed
POL007615,CUST00807,AG082,Commercial Property,South,2025-12-08,2026-12-08,189022,5670660,Renewed
POL007616,CUST00587,AG104,Marine,East,2024-09-23,2025-09-23,89025,1869525,Expired
POL007617,CUST02142,AG004,Motor,East,2025-03-17,2026-03-17,35449,2410532,Active
POL007618,CUST01617,AG101,Travel,East,2024-02-29,2025-02-28,8826,653124,Lapsed
POL007619,CUST02523,AG079,Marine,West,2025-07-18,2026-07-18,74855,6512385,Cancelled
POL007620,CUST02983,AG055,Travel,East,2024-06-06,2025-06-06,13028,781680,Cancelled
POL007621,CUST00826,AG067,Marine,West,2024-07-16,2025-07-16,109337,10277678,Expired
POL007622,CUST00933,AG091,Marine,North,2024-10-21,2025-10-21,173198,17319800,Active
POL007623,CUST00575,AG117,Travel,South,2023-09-14,2024-09-13,6976,606912,Cancelled
POL007624,CUST01346,AG079,Motor,South,2025-06-22,2026-06-22,21747,521928,Renewed
POL007625,CUST00647,AG111,Motor,West,2024-02-21,2025-02-20,35470,2341020,Lapsed
POL007626,CUST02072,AG061,Travel,South,2025-06-12,2026-06-12,2265,190260,Active
POL007627,CUST02192,AG113,Home,South,2024-05-22,2025-05-22,14156,594552,Renewed
POL007628,CUST02016,AG030,Commercial Property,East,2025-02-08,2026-02-08,196719,10819545,Cancelled
POL007629,CUST02187,AG096,Commercial Property,West,2024-12-31,2025-12-31,662238,62250372,Expired
POL007630,CUST01301,AG103,Motor,East,2025-02-03,2026-02-03,39354,2439948,Active
POL007631,CUST02949,AG107,Home,North,2026-07-06,2027-07-06,59974,2998700,Expired
POL007632,CUST00542,AG112,Marine,East,2023-12-06,2024-12-05,184014,7728588,Cancelled
POL007633,CUST02140,AG019,Home,West,2026-01-24,2027-01-24,50092,4508280,Expired
POL007634,CUST02701,AG058,Marine,North,2024-10-14,2025-10-14,91578,2838918,Active
POL007635,CUST00169,AG081,Motor,East,2026-02-24,2027-02-24,32453,2596240,Cancelled
POL007636,CUST00708,AG019,Travel,West,2024-08-22,2025-08-22,7691,715263,Expired
POL007637,CUST00783,AG020,Home,North,2026-02-24,2027-02-24,62097,5588730,Lapsed
POL007638,CUST00217,AG054,Home,North,2026-01-12,2027-01-12,28355,2608660,Cancelled
POL007639,CUST02715,AG028,Marine,North,2025-02-14,2026-02-14,140850,10563750,Renewed
POL007640,CUST01111,AG076,Motor,East,2024-09-01,2025-09-01,16365,1227375,Expired
POL007641,CUST01711,AG077,Commercial Property,South,2026-01-24,2027-01-24,149838,14534286,Active
POL007642,CUST00887,AG005,Travel,East,2024-10-15,2025-10-15,3939,334815,Active
POL007643,CUST00329,AG006,Marine,North,2024-11-19,2025-11-19,79714,4942268,Lapsed
POL007644,CUST00903,AG039,Commercial Property,North,2026-04-07,2027-04-07,878067,32488479,Cancelled
POL007645,CUST00792,AG115,Commercial Property,East,2023-09-24,2024-09-23,179404,11840664,Cancelled
POL007646,CUST02084,AG059,Travel,West,2025-11-07,2026-11-07,15455,973665,Renewed
POL007647,CUST00382,AG101,Marine,West,2026-04-16,2027-04-16,167908,7052136,Lapsed
POL007648,CUST01962,AG018,Marine,North,2023-09-19,2024-09-18,31027,1830593,Active
POL007649,CUST02760,AG059,Commercial Property,West,2023-09-23,2024-09-22,633503,28507635,Expired
POL007650,CUST02198,AG090,Commercial Property,North,2026-02-17,2027-02-17,696595,45278675,Renewed
POL007651,CUST01901,AG071,Home,West,2025-05-16,2026-05-16,36870,1659150,Expired
POL007652,CUST01819,AG019,Motor,West,2026-04-25,2027-04-25,34676,2357968,Cancelled
POL007653,CUST01289,AG009,Travel,South,2025-08-31,2026-08-31,2994,209580,Cancelled
POL007654,CUST02956,AG019,Marine,North,2023-12-17,2024-12-16,142894,10859944,Expired
POL007655,CUST00409,AG063,Home,East,2026-02-17,2027-02-17,20285,750545,Active
POL007656,CUST01049,AG017,Commercial Property,South,2023-11-26,2024-11-25,209326,17792710,Expired
POL007657,CUST00495,AG023,Home,East,2026-05-27,2027-05-27,56393,2142934,Expired
POL007658,CUST01923,AG020,Motor,South,2025-02-14,2026-02-14,27170,1304160,Expired
POL007659,CUST01390,AG013,Marine,East,2024-06-21,2025-06-21,87566,3940470,Renewed
POL007660,CUST02166,AG002,Marine,West,2025-04-29,2026-04-29,108517,2712925,Cancelled
POL007661,CUST01040,AG040,Travel,South,2025-07-13,2026-07-13,19817,1942066,Expired
POL007662,CUST00845,AG117,Motor,South,2026-05-06,2027-05-06,18050,740050,Lapsed
POL007663,CUST01702,AG092,Home,South,2025-07-16,2026-07-16,17966,592878,Renewed
POL007664,CUST02108,AG006,Home,West,2025-09-28,2026-09-28,31009,2418702,Lapsed
POL007665,CUST01992,AG082,Travel,South,2025-10-27,2026-10-27,19159,517293,Cancelled
POL007666,CUST02802,AG109,Motor,South,2023-12-05,2024-12-04,15983,415558,Expired
POL007667,CUST02666,AG029,Commercial Property,South,2024-05-13,2025-05-13,450315,13509450,Cancelled
POL007668,CUST02194,AG044,Travel,South,2025-05-05,2026-05-05,19214,1479478,Renewed
POL007669,CUST01543,AG111,Home,West,2024-01-01,2024-12-31,58400,1343200,Renewed
POL007670,CUST00059,AG018,Home,East,2024-05-26,2025-05-26,59362,2849376,Active
POL007671,CUST01314,AG032,Travel,East,2026-07-20,2027-07-20,4243,263066,Expired
POL007672,CUST00541,AG021,Motor,West,2025-05-31,2026-05-31,16635,548955,Active
POL007673,CUST00793,AG030,Commercial Property,West,2024-09-01,2025-09-01,137659,7571245,Active
POL007674,CUST02219,AG052,Commercial Property,North,2025-01-29,2026-01-29,845851,21992126,Renewed
POL007675,CUST02127,AG013,Home,East,2024-04-30,2025-04-30,35332,3038552,Cancelled
POL007676,CUST01926,AG060,Commercial Property,West,2024-05-06,2025-05-06,929642,26959618,Active
POL007677,CUST01856,AG081,Motor,North,2025-06-01,2026-06-01,20894,1462580,Expired
POL007678,CUST00617,AG071,Marine,West,2025-05-29,2026-05-29,121193,7392773,Lapsed
POL007679,CUST00110,AG080,Motor,West,2025-06-12,2026-06-12,9539,295709,Active
POL007680,CUST00167,AG082,Motor,South,2024-09-22,2025-09-22,33067,2942963,Expired
POL007681,CUST02805,AG120,Travel,South,2024-01-09,2025-01-08,15756,1544088,Expired
POL007682,CUST01329,AG061,Motor,East,2026-05-20,2027-05-20,39114,2190384,Lapsed
POL007683,CUST00935,AG084,Marine,West,2026-05-25,2027-05-25,161761,6955723,Cancelled
POL007684,CUST01917,AG090,Travel,East,2023-12-09,2024-12-08,18611,725829,Expired
POL007685,CUST02514,AG086,Marine,North,2025-11-23,2026-11-23,175592,5794536,Active
POL007686,CUST00463,AG013,Commercial Property,West,2024-07-21,2025-07-21,970548,48527400,Renewed
POL007687,CUST00717,AG005,Marine,West,2026-02-02,2027-02-02,161474,10980232,Renewed
POL007688,CUST02099,AG099,Commercial Property,West,2024-11-03,2025-11-03,209789,6293670,Lapsed
POL007689,CUST00305,AG095,Home,West,2023-10-21,2024-10-20,52089,1198047,Expired
POL007690,CUST01054,AG081,Commercial Property,North,2025-06-09,2026-06-09,191508,10915956,Renewed
POL007691,CUST02344,AG102,Home,South,2023-11-21,2024-11-20,19120,1797280,Cancelled
POL007692,CUST00932,AG103,Commercial Property,South,2025-11-25,2026-11-25,260793,25296921,Expired
POL007693,CUST02862,AG096,Motor,South,2023-08-15,2024-08-14,14930,1313840,Cancelled
POL007694,CUST02340,AG029,Motor,North,2023-12-13,2024-12-12,25877,1707882,Active
POL007695,CUST02334,AG018,Home,North,2023-09-14,2024-09-13,47870,1196750,Active
POL007696,CUST02224,AG074,Home,South,2024-06-17,2025-06-17,21411,1991223,Cancelled
POL007697,CUST01574,AG044,Motor,South,2025-02-04,2026-02-04,23977,503517,Lapsed
POL007698,CUST01475,AG047,Marine,East,2024-06-13,2025-06-13,194829,14222517,Lapsed
POL007699,CUST01438,AG036,Commercial Property,North,2025-07-15,2026-07-15,942615,56556900,Expired
POL007700,CUST02423,AG062,Motor,East,2025-03-24,2026-03-24,36327,2433909,Renewed
POL007701,CUST02392,AG079,Marine,South,2023-10-20,2024-10-19,73317,7038432,Renewed
POL007702,CUST00371,AG020,Motor,East,2024-08-20,2025-08-20,20757,726495,Renewed
POL007703,CUST01434,AG004,Motor,East,2024-11-16,2025-11-16,18973,1726543,Cancelled
POL007704,CUST02661,AG104,Home,South,2026-05-26,2027-05-26,69369,5341413,Cancelled
POL007705,CUST02489,AG070,Commercial Property,North,2025-03-10,2026-03-10,481811,15417952,Renewed
POL007706,CUST00926,AG060,Motor,West,2026-06-10,2027-06-10,23817,1429020,Active
POL007707,CUST00482,AG006,Travel,West,2026-05-01,2027-05-01,5343,486213,Active
POL007708,CUST00315,AG009,Travel,East,2023-08-23,2024-08-22,19322,1796946,Renewed
POL007709,CUST00888,AG114,Travel,East,2026-05-12,2027-05-12,12174,365220,Renewed
POL007710,CUST02335,AG079,Home,West,2025-05-17,2026-05-17,10799,1036704,Cancelled
POL007711,CUST00620,AG071,Marine,North,2026-02-25,2027-02-25,94899,9395001,Expired
POL007712,CUST01665,AG053,Travel,South,2026-01-18,2027-01-18,8894,631474,Lapsed
POL007713,CUST01502,AG041,Motor,South,2025-01-15,2026-01-15,25096,1355184,Cancelled
POL007714,CUST02384,AG048,Motor,North,2025-05-12,2026-05-12,36888,3135480,Expired
POL007715,CUST01479,AG082,Commercial Property,South,2024-05-23,2025-05-23,671123,48991979,Cancelled
POL007716,CUST00014,AG065,Travel,South,2026-06-06,2027-06-06,7038,429318,Cancelled
POL007717,CUST02389,AG029,Marine,East,2026-07-03,2027-07-03,127898,10359738,Cancelled
POL007718,CUST02245,AG100,Travel,North,2025-01-14,2026-01-14,15079,693634,Lapsed
POL007719,CUST01499,AG057,Marine,North,2026-03-17,2027-03-17,147251,10307570,Expired
POL007720,CUST02978,AG114,Commercial Property,East,2024-11-03,2025-11-03,402925,12490675,Lapsed
POL007721,CUST02007,AG105,Travel,South,2023-12-15,2024-12-14,16345,1487395,Lapsed
POL007722,CUST00427,AG059,Motor,South,2024-04-25,2025-04-25,33542,2616276,Expired
POL007723,CUST00186,AG021,Motor,North,2025-03-03,2026-03-03,15907,413582,Active
POL007724,CUST01157,AG118,Motor,East,2024-12-19,2025-12-19,25729,1492282,Cancelled
POL007725,CUST00533,AG039,Motor,North,2023-09-02,2024-09-01,7078,552084,Expired
POL007726,CUST02403,AG054,Marine,South,2025-10-18,2026-10-18,33982,747604,Cancelled
POL007727,CUST01633,AG060,Commercial Property,North,2024-05-18,2025-05-18,80450,7401400,Lapsed
POL007728,CUST01399,AG049,Home,East,2024-03-24,2025-03-24,21142,1099384,Expired
POL007729,CUST01833,AG104,Home,West,2026-05-20,2027-05-20,69832,4678744,Lapsed
POL007730,CUST00017,AG065,Travel,North,2025-02-01,2026-02-01,4016,100400,Cancelled
POL007731,CUST01157,AG067,Travel,East,2024-11-06,2025-11-06,13214,1136404,Lapsed
POL007732,CUST00235,AG097,Home,East,2025-07-17,2026-07-17,63389,2725727,Renewed
POL007733,CUST00435,AG056,Home,East,2024-04-29,2025-04-29,67347,5724495,Lapsed
POL007734,CUST00442,AG030,Marine,North,2024-08-09,2025-08-09,136068,5714856,Lapsed
POL007735,CUST01086,AG081,Marine,North,2025-09-26,2026-09-26,56274,2025864,Lapsed
POL007736,CUST00795,AG025,Travel,West,2025-11-02,2026-11-02,2467,167756,Lapsed
POL007737,CUST02327,AG059,Home,West,2023-11-10,2024-11-09,55988,1287724,Renewed
POL007738,CUST00545,AG076,Commercial Property,East,2024-11-23,2025-11-23,996685,30897235,Renewed
POL007739,CUST02539,AG019,Travel,East,2023-12-23,2024-12-22,8539,708737,Renewed
POL007740,CUST02591,AG006,Travel,East,2025-02-22,2026-02-22,6428,629944,Lapsed
POL007741,CUST02445,AG073,Travel,North,2023-11-23,2024-11-22,14631,892491,Renewed
POL007742,CUST01338,AG055,Motor,East,2026-04-18,2027-04-18,12635,657020,Expired
POL007743,CUST00501,AG079,Home,North,2023-11-29,2024-11-28,65258,4894350,Expired
POL007744,CUST01831,AG041,Marine,West,2026-06-04,2027-06-04,22531,2072852,Lapsed
POL007745,CUST00349,AG022,Travel,North,2024-01-31,2025-01-30,8759,490504,Active
POL007746,CUST02829,AG118,Marine,West,2024-05-19,2025-05-19,121084,6538536,Lapsed
POL007747,CUST02894,AG009,Home,West,2024-08-15,2025-08-15,13727,1372700,Cancelled
POL007748,CUST00909,AG005,Motor,South,2026-02-21,2027-02-21,26477,529540,Lapsed
POL007749,CUST02132,AG030,Travel,East,2026-03-18,2027-03-18,5349,310242,Lapsed
POL007750,CUST01642,AG040,Home,North,2026-04-08,2027-04-08,66156,3969360,Expired
POL007751,CUST00053,AG014,Home,East,2024-08-28,2025-08-28,34713,1666224,Lapsed
POL007752,CUST00053,AG090,Marine,West,2026-07-11,2027-07-11,158351,13301484,Cancelled
POL007753,CUST02606,AG102,Home,South,2024-12-28,2025-12-28,27745,1220780,Expired
POL007754,CUST00677,AG041,Home,West,2025-06-24,2026-06-24,69760,6696960,Lapsed
POL007755,CUST02139,AG093,Marine,East,2024-02-15,2025-02-14,92345,4986630,Active
POL007756,CUST02857,AG120,Motor,North,2025-12-01,2026-12-01,30587,978784,Lapsed
POL007757,CUST00442,AG109,Commercial Property,North,2025-09-09,2026-09-09,120160,9012000,Expired
POL007758,CUST01603,AG036,Commercial Property,South,2023-11-29,2024-11-28,824825,28044050,Lapsed
POL007759,CUST02516,AG062,Commercial Property,North,2025-01-26,2026-01-26,60081,1441944,Cancelled
POL007760,CUST00273,AG085,Commercial Property,South,2025-05-16,2026-05-16,482788,19311520,Active
POL007761,CUST01027,AG063,Commercial Property,West,2026-06-07,2027-06-07,959740,25912980,Renewed
POL007762,CUST01862,AG017,Commercial Property,South,2025-08-31,2026-08-31,335394,22471398,Active
POL007763,CUST01482,AG090,Home,North,2024-02-19,2025-02-18,9331,569191,Active
POL007764,CUST00016,AG048,Commercial Property,North,2025-09-28,2026-09-28,271709,27170900,Lapsed
POL007765,CUST00493,AG041,Marine,West,2024-08-10,2025-08-10,75974,2507142,Expired
POL007766,CUST01743,AG119,Travel,North,2026-02-11,2027-02-11,2086,47978,Active
POL007767,CUST00421,AG063,Home,West,2026-06-04,2027-06-04,19880,1471120,Active
POL007768,CUST02837,AG042,Home,East,2023-09-25,2024-09-24,16593,1227882,Lapsed
POL007769,CUST00387,AG005,Commercial Property,West,2023-08-16,2024-08-15,664923,17952921,Renewed
POL007770,CUST00171,AG069,Home,North,2025-08-02,2026-08-02,47328,2082432,Expired
POL007771,CUST00792,AG087,Home,West,2025-08-02,2026-08-02,63221,3603597,Active
POL007772,CUST01176,AG006,Motor,North,2024-07-11,2025-07-11,35733,750393,Expired
POL007773,CUST00580,AG053,Commercial Property,North,2025-10-16,2026-10-16,251758,7804498,Expired
POL007774,CUST02333,AG120,Marine,East,2025-08-14,2026-08-14,137857,8822848,Renewed
POL007775,CUST01977,AG006,Commercial Property,West,2024-08-23,2025-08-23,316612,24062512,Expired
POL007776,CUST02120,AG073,Marine,West,2023-11-27,2024-11-26,183065,13546810,Lapsed
POL007777,CUST01550,AG062,Travel,South,2024-09-07,2025-09-07,11947,442039,Lapsed
POL007778,CUST00703,AG025,Home,South,2024-09-14,2025-09-14,8518,400346,Lapsed
POL007779,CUST01966,AG100,Motor,West,2025-12-26,2026-12-26,14069,323587,Expired
POL007780,CUST02901,AG024,Commercial Property,West,2026-07-28,2027-07-28,615112,31370712,Active
POL007781,CUST00985,AG008,Home,North,2024-09-11,2025-09-11,65405,4905375,Cancelled
POL007782,CUST01227,AG075,Marine,South,2024-09-28,2025-09-28,47583,3235644,Cancelled
POL007783,CUST00425,AG039,Travel,East,2025-05-27,2026-05-27,10337,506513,Lapsed
POL007784,CUST01092,AG099,Marine,North,2023-10-20,2024-10-19,190176,3803520,Cancelled
POL007785,CUST00258,AG029,Home,East,2025-02-11,2026-02-11,37508,1837892,Expired
POL007786,CUST01234,AG069,Travel,North,2026-03-10,2027-03-10,11408,787152,Renewed
POL007787,CUST01967,AG029,Motor,North,2023-11-29,2024-11-28,27306,573426,Expired
POL007788,CUST01584,AG022,Home,East,2026-01-18,2027-01-18,32956,3097864,Active
POL007789,CUST01139,AG018,Travel,North,2025-12-23,2026-12-23,3503,283743,Cancelled
POL007790,CUST01362,AG064,Marine,South,2025-07-23,2026-07-23,116096,2670208,Active
POL007791,CUST02573,AG085,Home,West,2024-03-18,2025-03-18,19168,1035072,Cancelled
POL007792,CUST02328,AG078,Travel,North,2025-04-27,2026-04-27,14477,434310,Cancelled
POL007793,CUST01642,AG014,Commercial Property,South,2025-04-17,2026-04-17,133490,10812690,Active
POL007794,CUST02014,AG014,Home,South,2024-02-28,2025-02-27,65274,1958220,Lapsed
POL007795,CUST00205,AG053,Marine,West,2024-04-24,2025-04-24,23921,1794075,Active
POL007796,CUST02121,AG059,Home,North,2025-02-14,2026-02-14,15497,805844,Renewed
POL007797,CUST02979,AG097,Travel,South,2026-04-22,2027-04-22,3606,158664,Cancelled
POL007798,CUST00843,AG077,Travel,North,2026-06-10,2027-06-10,13870,610280,Active
POL007799,CUST02649,AG019,Commercial Property,North,2025-10-09,2026-10-09,595750,23234250,Lapsed
POL007800,CUST01240,AG117,Home,North,2023-09-14,2024-09-13,45785,3983295,Active
POL007801,CUST00358,AG115,Commercial Property,West,2025-12-12,2026-12-12,964186,72313950,Lapsed
POL007802,CUST02250,AG071,Commercial Property,North,2026-03-10,2027-03-10,776832,74575872,Lapsed
POL007803,CUST02571,AG002,Home,North,2023-10-13,2024-10-12,63177,5685930,Expired
POL007804,CUST01694,AG061,Travel,South,2026-07-25,2027-07-25,13510,905170,Renewed
POL007805,CUST02427,AG120,Commercial Property,West,2024-12-09,2025-12-09,83091,5068551,Lapsed
POL007806,CUST02638,AG039,Home,South,2024-06-14,2025-06-14,50745,2841720,Renewed
POL007807,CUST00592,AG086,Marine,West,2024-01-18,2025-01-17,49301,4782197,Lapsed
POL007808,CUST01465,AG067,Commercial Property,East,2023-08-26,2024-08-25,475114,27556612,Lapsed
POL007809,CUST01554,AG003,Motor,East,2024-12-09,2025-12-09,24015,1536960,Expired
POL007810,CUST02315,AG095,Marine,West,2025-03-15,2026-03-15,196601,16711085,Cancelled
POL007811,CUST00580,AG034,Motor,South,2026-03-27,2027-03-27,7679,414666,Lapsed
POL007812,CUST00669,AG011,Motor,North,2025-06-17,2026-06-17,9290,845390,Cancelled
POL007813,CUST02056,AG060,Home,South,2025-10-18,2026-10-18,52140,2919840,Cancelled
POL007814,CUST01188,AG073,Home,East,2025-01-19,2026-01-19,16075,1607500,Active
POL007815,CUST01874,AG081,Home,East,2024-05-28,2025-05-28,20464,818560,Lapsed
POL007816,CUST01209,AG078,Motor,East,2025-03-10,2026-03-10,30842,1572942,Expired
POL007817,CUST01053,AG024,Marine,North,2024-12-28,2025-12-28,175399,14558117,Active
POL007818,CUST02804,AG043,Motor,West,2025-03-21,2026-03-21,15278,1313908,Renewed
POL007819,CUST00603,AG034,Commercial Property,North,2023-09-10,2024-09-09,384796,33092456,Lapsed
POL007820,CUST01752,AG105,Marine,South,2025-10-03,2026-10-03,94277,7259329,Expired
POL007821,CUST02557,AG048,Motor,East,2024-01-01,2024-12-31,8474,398278,Renewed
POL007822,CUST00748,AG053,Marine,West,2024-07-01,2025-07-01,150667,12656028,Renewed
POL007823,CUST01113,AG015,Travel,North,2024-06-26,2025-06-26,18745,1105955,Expired
POL007824,CUST01775,AG078,Marine,South,2026-05-19,2027-05-19,24834,546348,Lapsed
POL007825,CUST00816,AG048,Commercial Property,West,2023-08-11,2024-08-10,561752,53366440,Cancelled
POL007826,CUST01517,AG119,Marine,West,2026-05-29,2027-05-29,65672,3217928,Cancelled
POL007827,CUST01671,AG044,Travel,East,2024-12-03,2025-12-03,14954,583206,Renewed
POL007828,CUST02315,AG066,Home,East,2025-10-01,2026-10-01,29198,729950,Active
POL007829,CUST01756,AG081,Motor,West,2026-07-08,2027-07-08,31267,2595161,Active
POL007830,CUST01496,AG074,Marine,West,2023-10-29,2024-10-28,24870,920190,Cancelled
POL007831,CUST02297,AG007,Travel,West,2024-06-12,2025-06-12,13474,323376,Active
POL007832,CUST00565,AG098,Home,West,2024-02-14,2025-02-13,58532,4272836,Cancelled
POL007833,CUST02534,AG075,Motor,South,2024-09-07,2025-09-07,26245,971065,Cancelled
POL007834,CUST02828,AG011,Home,South,2026-05-27,2027-05-27,49232,1723120,Lapsed
POL007835,CUST01800,AG059,Commercial Property,North,2025-01-10,2026-01-10,705059,65570487,Cancelled
POL007836,CUST00180,AG112,Marine,West,2024-06-10,2025-06-10,175677,11243328,Active
POL007837,CUST02709,AG086,Home,North,2024-12-06,2025-12-06,39623,1664166,Active
POL007838,CUST00122,AG068,Commercial Property,North,2025-06-22,2026-06-22,136935,9585450,Renewed
POL007839,CUST00226,AG017,Commercial Property,East,2023-11-21,2024-11-20,794553,72304323,Expired
POL007840,CUST01928,AG068,Commercial Property,South,2023-11-19,2024-11-18,797130,74930220,Cancelled
POL007841,CUST00802,AG004,Home,West,2024-07-07,2025-07-07,36398,837154,Cancelled
POL007842,CUST01697,AG095,Marine,North,2023-10-17,2024-10-16,135820,10593960,Active
POL007843,CUST02780,AG110,Travel,North,2025-08-09,2026-08-09,4355,152425,Active
POL007844,CUST00696,AG108,Motor,West,2026-02-15,2027-02-15,18207,1511181,Lapsed
POL007845,CUST01517,AG115,Marine,East,2024-05-25,2025-05-25,136135,6398345,Lapsed
POL007846,CUST02754,AG060,Commercial Property,South,2024-10-29,2025-10-29,517720,46077080,Lapsed
POL007847,CUST01817,AG088,Marine,North,2025-01-02,2026-01-02,121396,10440056,Active
POL007848,CUST02852,AG094,Commercial Property,West,2026-05-01,2027-05-01,406297,37785621,Lapsed
POL007849,CUST01583,AG111,Travel,West,2024-06-21,2025-06-21,7457,216253,Renewed
POL007850,CUST02781,AG083,Commercial Property,North,2026-02-09,2027-02-09,949270,37970800,Active
POL007851,CUST02521,AG088,Home,West,2023-09-05,2024-09-04,24933,1421181,Renewed
POL007852,CUST02158,AG068,Marine,West,2025-10-23,2026-10-23,167725,11908475,Lapsed
POL007853,CUST01106,AG050,Marine,West,2023-08-17,2024-08-16,84938,8154048,Lapsed
POL007854,CUST00918,AG011,Travel,North,2025-02-16,2026-02-16,12484,499360,Renewed
POL007855,CUST01467,AG078,Travel,South,2024-02-07,2025-02-06,18558,371160,Cancelled
POL007856,CUST01336,AG089,Home,West,2026-02-10,2027-02-10,56511,1977885,Renewed
POL007857,CUST02236,AG044,Home,East,2025-07-08,2026-07-08,13621,1171406,Lapsed
POL007858,CUST00340,AG096,Motor,South,2025-02-05,2026-02-05,5289,438987,Lapsed
POL007859,CUST00588,AG104,Motor,North,2025-02-14,2026-02-14,26387,1398511,Lapsed
POL007860,CUST01216,AG009,Home,East,2024-06-22,2025-06-22,11492,804440,Renewed
POL007861,CUST00420,AG028,Motor,South,2024-10-18,2025-10-18,20440,1982680,Lapsed
POL007862,CUST02483,AG064,Travel,West,2026-03-17,2027-03-17,17772,746424,Cancelled
POL007863,CUST01912,AG118,Home,West,2025-02-11,2026-02-11,28302,1783026,Expired
POL007864,CUST02720,AG082,Home,East,2024-03-06,2025-03-06,23846,2026910,Lapsed
POL007865,CUST00794,AG082,Travel,South,2025-08-28,2026-08-28,14668,308028,Lapsed
POL007866,CUST00938,AG045,Marine,South,2024-02-29,2025-02-28,40210,1849660,Active
POL007867,CUST00436,AG049,Travel,West,2025-08-01,2026-08-01,17834,802530,Cancelled
POL007868,CUST02324,AG103,Marine,West,2025-01-26,2026-01-26,154578,12366240,Cancelled
POL007869,CUST02790,AG117,Motor,South,2024-09-19,2025-09-19,28835,1528255,Renewed
POL007870,CUST00204,AG115,Commercial Property,South,2026-01-31,2027-01-31,514381,14917049,Expired
POL007871,CUST00920,AG066,Marine,West,2025-06-10,2026-06-10,35663,1783150,Expired
POL007872,CUST02486,AG060,Home,North,2025-06-16,2026-06-16,18282,950664,Cancelled
POL007873,CUST02472,AG053,Marine,South,2024-01-22,2025-01-21,186781,12701108,Expired
POL007874,CUST01648,AG029,Marine,South,2026-05-17,2027-05-17,73036,5623772,Lapsed
POL007875,CUST01983,AG014,Commercial Property,South,2024-11-01,2025-11-01,491547,18678786,Expired
POL007876,CUST00785,AG098,Travel,West,2023-08-21,2024-08-20,7577,560698,Cancelled
POL007877,CUST02251,AG107,Marine,East,2024-09-08,2025-09-08,84166,2693312,Renewed
POL007878,CUST02852,AG013,Travel,North,2026-02-07,2027-02-07,16596,381708,Lapsed
POL007879,CUST00522,AG040,Home,West,2023-12-18,2024-12-17,69636,4456704,Lapsed
POL007880,CUST02940,AG045,Motor,East,2025-05-04,2026-05-04,35768,2432224,Expired
POL007881,CUST01498,AG083,Home,East,2024-11-14,2025-11-14,32497,2762245,Expired
POL007882,CUST00470,AG033,Motor,South,2025-02-26,2026-02-26,23921,526262,Cancelled
POL007883,CUST00442,AG085,Commercial Property,North,2024-11-22,2025-11-22,261919,10214841,Cancelled
POL007884,CUST02478,AG031,Travel,North,2024-03-27,2025-03-27,9328,680944,Cancelled
POL007885,CUST01927,AG001,Commercial Property,East,2024-09-07,2025-09-07,985666,29569980,Renewed
POL007886,CUST02352,AG094,Home,West,2026-07-31,2027-07-31,62471,5434977,Renewed
POL007887,CUST01029,AG077,Marine,East,2025-12-18,2026-12-18,133013,4921481,Lapsed
POL007888,CUST00333,AG085,Travel,East,2025-03-15,2026-03-15,3643,149363,Lapsed
POL007889,CUST01823,AG073,Motor,North,2025-04-08,2026-04-08,17126,1250198,Expired
POL007890,CUST00056,AG077,Travel,West,2024-11-25,2025-11-25,11967,1196700,Expired
POL007891,CUST01425,AG046,Home,South,2024-10-19,2025-10-19,19597,842671,Active
POL007892,CUST01022,AG032,Home,North,2026-07-10,2027-07-10,29971,2577506,Lapsed
POL007893,CUST01722,AG062,Home,East,2026-01-09,2027-01-09,52243,5119814,Renewed
POL007894,CUST02128,AG118,Home,North,2024-01-11,2025-01-10,69491,5976226,Renewed
POL007895,CUST01613,AG120,Motor,North,2024-03-22,2025-03-22,8591,738826,Expired
POL007896,CUST01872,AG054,Marine,South,2026-08-02,2027-08-02,44849,2915185,Expired
POL007897,CUST00419,AG054,Home,South,2025-05-23,2026-05-23,39662,2379720,Active
POL007898,CUST02849,AG045,Commercial Property,South,2025-02-20,2026-02-20,473482,15151424,Cancelled
POL007899,CUST01982,AG036,Home,West,2026-03-14,2027-03-14,14172,283440,Active
POL007900,CUST01090,AG077,Home,West,2026-06-18,2027-06-18,69382,4162920,Cancelled
POL007901,CUST00563,AG106,Travel,West,2024-04-04,2025-04-04,5951,345158,Renewed
POL007902,CUST00572,AG045,Commercial Property,South,2026-07-02,2027-07-02,769192,68458088,Lapsed
POL007903,CUST00532,AG112,Motor,West,2025-11-09,2026-11-09,31518,2552958,Active
POL007904,CUST00602,AG098,Travel,East,2024-01-10,2025-01-09,13978,419340,Active
POL007905,CUST00369,AG034,Home,South,2023-09-30,2024-09-29,69895,6010970,Active
POL007906,CUST01081,AG059,Home,South,2023-12-07,2024-12-06,20902,1212316,Cancelled
POL007907,CUST01061,AG024,Motor,South,2024-12-19,2025-12-19,23984,2086608,Lapsed
POL007908,CUST01444,AG070,Home,South,2025-04-13,2026-04-13,56914,2333474,Renewed
POL007909,CUST01511,AG073,Motor,South,2024-10-31,2025-10-31,21720,912240,Expired
POL007910,CUST00373,AG010,Marine,East,2024-11-20,2025-11-20,79904,2317216,Lapsed
POL007911,CUST00607,AG085,Marine,West,2024-12-07,2025-12-07,38541,1927050,Lapsed
POL007912,CUST02789,AG086,Travel,South,2025-10-18,2026-10-18,1545,50985,Active
POL007913,CUST01417,AG055,Travel,West,2025-09-03,2026-09-03,17571,1388109,Active
POL007914,CUST00924,AG005,Home,South,2026-01-04,2027-01-04,12978,506142,Active
POL007915,CUST01792,AG058,Home,North,2024-09-26,2025-09-26,34462,1688638,Lapsed
POL007916,CUST01539,AG039,Marine,East,2024-10-09,2025-10-09,60339,4344408,Cancelled
POL007917,CUST02417,AG053,Motor,South,2026-05-24,2027-05-24,30475,2559900,Expired
POL007918,CUST02031,AG111,Home,South,2024-07-21,2025-07-21,22421,1098629,Renewed
POL007919,CUST00356,AG061,Marine,South,2024-11-19,2025-11-19,88129,5552127,Cancelled
POL007920,CUST01548,AG065,Travel,East,2025-05-02,2026-05-02,2543,172924,Renewed
POL007921,CUST01593,AG114,Motor,West,2024-09-29,2025-09-29,28196,2058308,Expired
POL007922,CUST01103,AG010,Commercial Property,West,2025-12-20,2026-12-20,629476,15736900,Active
POL007923,CUST02730,AG054,Travel,East,2024-05-16,2025-05-16,13115,340990,Expired
POL007924,CUST00631,AG044,Marine,West,2024-09-23,2025-09-23,70510,4301110,Cancelled
POL007925,CUST00616,AG086,Travel,North,2023-10-08,2024-10-07,14235,1395030,Cancelled
POL007926,CUST02672,AG020,Motor,East,2026-06-06,2027-06-06,31866,1465836,Renewed
POL007927,CUST01139,AG034,Marine,West,2025-12-21,2026-12-21,30642,2175582,Expired
POL007928,CUST02361,AG060,Marine,North,2025-07-31,2026-07-31,190583,10482065,Lapsed
POL007929,CUST01088,AG113,Commercial Property,East,2024-06-17,2025-06-17,876083,73590972,Expired
POL007930,CUST00500,AG039,Motor,South,2026-05-23,2027-05-23,9335,802810,Cancelled
POL007931,CUST02399,AG055,Motor,West,2024-02-17,2025-02-16,11862,604962,Cancelled
POL007932,CUST00730,AG040,Marine,North,2026-05-03,2027-05-03,29752,2380160,Lapsed
POL007933,CUST00841,AG099,Home,South,2024-04-18,2025-04-18,48202,1060444,Lapsed
POL007934,CUST00744,AG092,Commercial Property,North,2023-08-22,2024-08-21,763041,74778018,Expired
POL007935,CUST01964,AG064,Commercial Property,North,2024-08-08,2025-08-08,219981,17378499,Renewed
POL007936,CUST00374,AG117,Motor,East,2026-08-05,2027-08-05,29403,2587464,Active
POL007937,CUST02793,AG041,Commercial Property,West,2023-12-21,2024-12-20,477856,45396320,Active
POL007938,CUST01798,AG033,Marine,South,2024-05-12,2025-05-12,176079,10036503,Cancelled
POL007939,CUST02286,AG033,Motor,North,2025-04-21,2026-04-21,12057,759591,Cancelled
POL007940,CUST00718,AG107,Marine,East,2024-04-13,2025-04-13,128737,3604636,Renewed
POL007941,CUST02128,AG083,Commercial Property,North,2024-01-31,2025-01-30,158676,10948644,Cancelled
POL007942,CUST00061,AG019,Home,East,2024-12-03,2025-12-03,12894,1237824,Renewed
POL007943,CUST01471,AG115,Home,West,2024-06-16,2025-06-16,11615,731745,Cancelled
POL007944,CUST01101,AG040,Travel,West,2024-12-30,2025-12-30,9661,830846,Expired
POL007945,CUST02027,AG021,Commercial Property,East,2026-06-11,2027-06-11,986500,46365500,Active
POL007946,CUST01157,AG036,Commercial Property,West,2025-02-24,2026-02-24,665621,45927849,Cancelled
POL007947,CUST01021,AG037,Marine,North,2026-04-11,2027-04-11,76725,2838825,Expired
POL007948,CUST01675,AG044,Commercial Property,South,2024-05-24,2025-05-24,399811,35982990,Cancelled
POL007949,CUST00631,AG068,Travel,West,2025-07-02,2026-07-02,17390,1391200,Cancelled
POL007950,CUST01516,AG073,Home,East,2023-08-07,2024-08-06,21009,714306,Lapsed
POL007951,CUST02809,AG087,Motor,East,2024-12-29,2025-12-29,38207,3629665,Cancelled
POL007952,CUST02227,AG060,Travel,West,2024-11-23,2025-11-23,16837,606132,Cancelled
POL007953,CUST00459,AG108,Commercial Property,West,2023-09-20,2024-09-19,240334,17304048,Lapsed
POL007954,CUST00337,AG035,Home,South,2025-04-01,2026-04-01,31553,1451438,Expired
POL007955,CUST02806,AG020,Travel,East,2026-02-20,2027-02-20,17780,1013460,Active
POL007956,CUST00668,AG075,Commercial Property,North,2025-02-25,2026-02-25,951499,58041439,Cancelled
POL007957,CUST02479,AG078,Travel,North,2026-05-01,2027-05-01,19052,838288,Active
POL007958,CUST02347,AG106,Commercial Property,South,2023-12-15,2024-12-14,630039,52923276,Expired
POL007959,CUST02504,AG083,Motor,West,2025-01-30,2026-01-30,21460,1824100,Renewed
POL007960,CUST00450,AG074,Travel,South,2025-11-12,2026-11-12,4510,315700,Active
POL007961,CUST00056,AG018,Commercial Property,West,2025-10-10,2026-10-10,125824,12079104,Expired
POL007962,CUST01248,AG034,Travel,North,2025-09-28,2026-09-28,1476,100368,Renewed
POL007963,CUST00293,AG091,Marine,North,2024-12-15,2025-12-15,27506,1017722,Expired
POL007964,CUST02028,AG027,Marine,West,2025-03-24,2026-03-24,41248,4042304,Renewed
POL007965,CUST01259,AG052,Marine,East,2026-06-28,2027-06-28,150845,5128730,Active
POL007966,CUST00864,AG080,Travel,West,2026-01-05,2027-01-05,13409,402270,Active
POL007967,CUST00632,AG059,Motor,South,2024-10-31,2025-10-31,34740,1632780,Renewed
POL007968,CUST01467,AG001,Travel,East,2025-02-17,2026-02-17,9852,522156,Renewed
POL007969,CUST00933,AG112,Marine,East,2024-02-28,2025-02-27,89384,6793184,Expired
POL007970,CUST00859,AG054,Commercial Property,North,2025-12-19,2026-12-19,741382,44482920,Lapsed
POL007971,CUST01419,AG034,Motor,North,2023-11-16,2024-11-15,33322,3232234,Renewed
POL007972,CUST02658,AG078,Commercial Property,East,2023-08-25,2024-08-24,545477,21819080,Expired
POL007973,CUST01347,AG091,Marine,East,2025-02-19,2026-02-19,33438,1738776,Cancelled
POL007974,CUST00753,AG089,Travel,North,2025-08-27,2026-08-27,19321,1835495,Expired
POL007975,CUST02545,AG085,Motor,East,2024-07-16,2025-07-16,34866,2998476,Lapsed
POL007976,CUST00407,AG083,Commercial Property,South,2025-12-17,2026-12-17,257445,6436125,Lapsed
POL007977,CUST01712,AG116,Marine,West,2025-12-18,2026-12-18,111342,6680520,Lapsed
POL007978,CUST02096,AG069,Commercial Property,South,2025-01-02,2026-01-02,721525,62051150,Cancelled
POL007979,CUST01861,AG115,Commercial Property,South,2025-03-04,2026-03-04,452066,17630574,Renewed
POL007980,CUST01736,AG032,Motor,East,2026-07-22,2027-07-22,6624,423936,Lapsed
POL007981,CUST00844,AG031,Motor,North,2024-10-05,2025-10-05,28852,2740940,Expired
POL007982,CUST00704,AG035,Commercial Property,South,2024-03-23,2025-03-23,456640,21005440,Lapsed
POL007983,CUST02805,AG093,Motor,North,2024-02-04,2025-02-03,11090,487960,Lapsed
POL007984,CUST01553,AG052,Travel,East,2025-01-15,2026-01-15,13707,863541,Cancelled
POL007985,CUST02154,AG099,Travel,East,2024-01-10,2025-01-09,5342,160260,Cancelled
POL007986,CUST02914,AG018,Commercial Property,North,2026-04-14,2027-04-14,303804,10936944,Cancelled
POL007987,CUST01953,AG091,Commercial Property,North,2023-11-27,2024-11-26,267269,22183327,Lapsed
POL007988,CUST02840,AG107,Commercial Property,East,2024-01-05,2025-01-04,994401,94468095,Cancelled
POL007989,CUST02746,AG050,Home,South,2025-03-05,2026-03-05,24586,1942294,Lapsed
POL007990,CUST02313,AG116,Marine,South,2025-01-19,2026-01-19,114746,4704586,Renewed
POL007991,CUST01987,AG030,Travel,East,2025-04-03,2026-04-03,8902,347178,Lapsed
POL007992,CUST00746,AG086,Travel,South,2024-06-12,2025-06-12,3040,118560,Renewed
POL007993,CUST01352,AG100,Commercial Property,North,2025-06-11,2026-06-11,387260,8519720,Renewed
POL007994,CUST00474,AG031,Travel,West,2025-04-19,2026-04-19,16823,1329017,Active
POL007995,CUST01818,AG084,Marine,West,2023-10-07,2024-10-06,80600,3304600,Expired
POL007996,CUST02288,AG028,Marine,West,2025-01-20,2026-01-20,185426,7973318,Active
POL007997,CUST00639,AG007,Travel,East,2025-11-17,2026-11-17,11677,373664,Expired
POL007998,CUST00434,AG119,Home,South,2025-09-01,2026-09-01,31948,2971164,Cancelled
POL007999,CUST01969,AG107,Motor,South,2026-03-10,2027-03-10,7097,567760,Renewed
POL008000,CUST01599,AG006,Motor,North,2024-12-25,2025-12-25,8778,763686,Expired
POL008001,CUST00572,AG116,Commercial Property,South,2023-09-21,2024-09-20,516562,36159340,Cancelled
POL008002,CUST00733,AG063,Travel,East,2025-09-10,2026-09-10,9186,688950,Renewed
POL008003,CUST00002,AG071,Home,South,2024-11-04,2025-11-04,18740,1068180,Lapsed
POL008004,CUST02126,AG049,Marine,North,2025-02-14,2026-02-14,125585,4521060,Active
POL008005,CUST00581,AG057,Travel,East,2024-10-22,2025-10-22,1632,140352,Active
POL008006,CUST02197,AG114,Commercial Property,South,2024-04-28,2025-04-28,369235,23631040,Expired
POL008007,CUST00333,AG045,Motor,West,2024-06-26,2025-06-26,16774,1039988,Renewed
POL008008,CUST01067,AG065,Travel,North,2025-12-17,2026-12-17,3483,205497,Cancelled
POL008009,CUST01238,AG117,Motor,West,2026-06-20,2027-06-20,9190,404360,Lapsed
POL008010,CUST01285,AG020,Travel,North,2025-01-22,2026-01-22,7237,361850,Cancelled
POL008011,CUST02460,AG048,Commercial Property,South,2025-08-15,2026-08-15,668288,21385216,Lapsed
POL008012,CUST01328,AG028,Motor,South,2026-07-30,2027-07-30,17233,1413106,Cancelled
POL008013,CUST02576,AG060,Commercial Property,East,2026-05-20,2027-05-20,237683,16637810,Cancelled
POL008014,CUST00017,AG107,Home,South,2026-07-10,2027-07-10,34724,3333504,Active
POL008015,CUST00177,AG080,Marine,West,2026-02-19,2027-02-19,22798,683940,Expired
POL008016,CUST00489,AG006,Marine,West,2025-03-02,2026-03-02,186530,11564860,Renewed
POL008017,CUST01360,AG017,Travel,South,2024-08-25,2025-08-25,14755,959075,Renewed
POL008018,CUST00795,AG041,Travel,North,2024-07-02,2025-07-02,7652,390252,Cancelled
POL008019,CUST01304,AG032,Travel,East,2023-09-01,2024-08-31,16854,926970,Cancelled
POL008020,CUST02533,AG021,Marine,West,2026-03-27,2027-03-27,97282,7879842,Active
POL008021,CUST00256,AG068,Motor,North,2026-07-22,2027-07-22,38590,2971430,Lapsed
POL008022,CUST01493,AG055,Commercial Property,North,2024-12-03,2025-12-03,480060,37444680,Expired
POL008023,CUST00232,AG094,Commercial Property,East,2025-01-21,2026-01-21,623635,14343605,Active
POL008024,CUST00893,AG024,Home,East,2026-05-20,2027-05-20,48109,1635706,Cancelled
POL008025,CUST01200,AG001,Commercial Property,West,2024-07-28,2025-07-28,883362,31801032,Cancelled
POL008026,CUST01126,AG104,Marine,North,2025-06-20,2026-06-20,42241,2534460,Expired
POL008027,CUST02436,AG053,Commercial Property,South,2025-02-07,2026-02-07,576636,12109356,Active
POL008028,CUST02725,AG042,Motor,East,2026-04-10,2027-04-10,16386,737370,Cancelled
POL008029,CUST01910,AG111,Commercial Property,East,2024-08-23,2025-08-23,485670,28654530,Cancelled
POL008030,CUST00090,AG029,Home,West,2025-04-17,2026-04-17,18301,695438,Cancelled
POL008031,CUST02689,AG095,Travel,West,2025-08-31,2026-08-31,17380,834240,Expired
POL008032,CUST00321,AG066,Home,West,2023-10-29,2024-10-28,39232,3177792,Expired
POL008033,CUST01558,AG041,Marine,West,2025-06-10,2026-06-10,155099,14579306,Renewed
POL008034,CUST01957,AG115,Commercial Property,East,2024-01-18,2025-01-17,122337,3914784,Active
POL008035,CUST02281,AG030,Motor,East,2025-06-11,2026-06-11,17209,1325093,Expired
POL008036,CUST00805,AG120,Travel,North,2024-10-11,2025-10-11,14095,493325,Renewed
POL008037,CUST02590,AG076,Commercial Property,North,2023-09-26,2024-09-25,304180,22509320,Expired
POL008038,CUST00149,AG003,Travel,West,2025-06-05,2026-06-05,19062,629046,Renewed
POL008039,CUST00622,AG118,Marine,East,2024-04-01,2025-04-01,159198,4935138,Lapsed
POL008040,CUST00315,AG052,Travel,East,2025-05-02,2026-05-02,5780,312120,Expired
POL008041,CUST02255,AG010,Motor,South,2026-06-14,2027-06-14,28040,2383400,Active
POL008042,CUST00747,AG042,Motor,South,2023-12-12,2024-12-11,13151,670701,Lapsed
POL008043,CUST02563,AG073,Motor,South,2024-09-09,2025-09-09,5585,424460,Lapsed
POL008044,CUST01066,AG114,Marine,East,2025-06-29,2026-06-29,124171,8071115,Cancelled
POL008045,CUST01288,AG114,Home,North,2026-01-15,2027-01-15,52807,4963858,Cancelled
POL008046,CUST01981,AG009,Marine,East,2023-09-07,2024-09-06,81863,6958355,Expired
POL008047,CUST02880,AG014,Home,East,2024-10-09,2025-10-09,33774,878124,Lapsed
POL008048,CUST02476,AG095,Commercial Property,East,2023-11-10,2024-11-09,141928,12631592,Lapsed
POL008049,CUST00876,AG036,Motor,South,2025-06-25,2026-06-25,22204,666120,Lapsed
POL008050,CUST01058,AG066,Marine,South,2024-09-09,2025-09-09,104994,3569796,Cancelled
POL008051,CUST02088,AG026,Commercial Property,East,2026-07-10,2027-07-10,975098,29252940,Lapsed
POL008052,CUST01907,AG029,Marine,South,2024-11-30,2025-11-30,186851,15321782,Expired
POL008053,CUST02257,AG048,Marine,West,2025-01-19,2026-01-19,24640,1626240,Renewed
POL008054,CUST02914,AG044,Motor,North,2026-05-17,2027-05-17,8741,786690,Renewed
POL008055,CUST02631,AG099,Commercial Property,West,2025-10-10,2026-10-10,409544,33582608,Renewed
POL008056,CUST02483,AG105,Home,South,2025-02-03,2026-02-03,40872,1267032,Lapsed
POL008057,CUST01819,AG022,Home,East,2024-09-04,2025-09-04,69809,3839495,Expired
POL008058,CUST02640,AG085,Motor,North,2025-06-18,2026-06-18,15758,1528526,Cancelled
POL008059,CUST02133,AG068,Home,North,2025-08-26,2026-08-26,10450,323950,Cancelled
POL008060,CUST01632,AG019,Commercial Property,East,2025-03-21,2026-03-21,429220,26611640,Cancelled
POL008061,CUST02511,AG094,Commercial Property,North,2024-11-19,2025-11-19,325088,23406336,Renewed
POL008062,CUST02350,AG013,Motor,West,2024-02-29,2025-02-28,20022,620682,Expired
POL008063,CUST00132,AG104,Commercial Property,North,2023-09-26,2024-09-25,876576,27173856,Expired
POL008064,CUST00794,AG044,Commercial Property,North,2023-10-23,2024-10-22,485828,40323724,Expired
POL008065,CUST02884,AG069,Marine,South,2023-08-13,2024-08-12,28242,2598264,Active
POL008066,CUST01873,AG037,Home,North,2024-03-08,2025-03-08,62673,3635034,Renewed
POL008067,CUST02346,AG009,Home,South,2023-11-08,2024-11-07,36510,1241340,Renewed
POL008068,CUST02372,AG069,Home,South,2025-08-14,2026-08-14,58245,2155065,Lapsed
POL008069,CUST00816,AG068,Travel,North,2024-05-05,2025-05-05,12375,1138500,Renewed
POL008070,CUST01773,AG117,Commercial Property,West,2025-01-08,2026-01-08,687945,64666830,Renewed
POL008071,CUST01409,AG034,Motor,West,2025-02-19,2026-02-19,39640,1387400,Active
POL008072,CUST01062,AG074,Commercial Property,East,2026-01-01,2027-01-01,737772,38364144,Lapsed
POL008073,CUST00328,AG099,Travel,North,2025-05-17,2026-05-17,16826,336520,Expired
POL008074,CUST02578,AG100,Travel,West,2023-08-22,2024-08-21,2648,172120,Renewed
POL008075,CUST02413,AG013,Home,North,2025-11-21,2026-11-21,31500,1417500,Cancelled
POL008076,CUST02008,AG107,Home,West,2026-06-01,2027-06-01,61562,4186216,Renewed
POL008077,CUST01548,AG051,Marine,East,2025-05-12,2026-05-12,178303,9984968,Cancelled
POL008078,CUST00258,AG040,Motor,West,2023-10-21,2024-10-20,7372,398088,Expired
POL008079,CUST00370,AG051,Motor,North,2025-09-05,2026-09-05,15416,1233280,Cancelled
POL008080,CUST00814,AG067,Marine,South,2023-09-02,2024-09-01,43470,2651670,Lapsed
POL008081,CUST02301,AG075,Home,East,2025-01-30,2026-01-30,36235,1666810,Lapsed
POL008082,CUST00754,AG089,Motor,South,2024-02-10,2025-02-09,26899,1452546,Renewed
POL008083,CUST00527,AG043,Motor,South,2023-11-04,2024-11-03,9391,422595,Lapsed
POL008084,CUST00070,AG077,Home,West,2025-04-14,2026-04-14,58739,5697683,Expired
POL008085,CUST02979,AG021,Home,North,2025-01-02,2026-01-02,45505,4550500,Cancelled
POL008086,CUST01498,AG074,Motor,West,2024-11-21,2025-11-21,23463,961983,Cancelled
POL008087,CUST02709,AG013,Home,East,2024-12-29,2025-12-29,8621,275872,Lapsed
POL008088,CUST02012,AG097,Marine,South,2023-12-15,2024-12-14,128007,9728532,Cancelled
POL008089,CUST01463,AG102,Home,East,2024-11-30,2025-11-30,24870,1268370,Renewed
POL008090,CUST00469,AG016,Commercial Property,East,2024-04-09,2025-04-09,251832,13598928,Cancelled
POL008091,CUST02578,AG111,Commercial Property,South,2026-03-20,2027-03-20,854285,70905655,Renewed
POL008092,CUST01769,AG032,Motor,South,2024-06-05,2025-06-05,28872,1761192,Active
POL008093,CUST01032,AG047,Travel,North,2024-08-14,2025-08-14,3987,207324,Lapsed
POL008094,CUST01734,AG042,Home,North,2025-01-17,2026-01-17,43387,2906929,Active
POL008095,CUST01993,AG050,Home,North,2024-03-22,2025-03-22,12536,890056,Renewed
POL008096,CUST00725,AG040,Home,North,2026-07-30,2027-07-30,45478,2182944,Expired
POL008097,CUST00716,AG047,Travel,North,2025-10-15,2026-10-15,7531,677790,Expired
POL008098,CUST00860,AG095,Travel,West,2025-09-28,2026-09-28,2849,245014,Expired
POL008099,CUST02554,AG108,Marine,West,2025-09-24,2026-09-24,48198,3181068,Expired
POL008100,CUST01848,AG081,Commercial Property,West,2024-10-16,2025-10-16,673217,48471624,Cancelled
POL008101,CUST02003,AG087,Marine,South,2024-07-27,2025-07-27,63539,4257113,Renewed
POL008102,CUST01926,AG051,Motor,North,2026-05-10,2027-05-10,6358,260678,Expired
POL008103,CUST02208,AG092,Marine,North,2025-12-05,2026-12-05,183915,6069195,Active
POL008104,CUST01800,AG028,Home,East,2025-07-29,2026-07-29,40331,2016550,Cancelled
POL008105,CUST00825,AG086,Motor,South,2025-02-11,2026-02-11,5831,524790,Expired
POL008106,CUST02002,AG049,Travel,North,2024-05-04,2025-05-04,13704,1096320,Active
POL008107,CUST01937,AG067,Marine,South,2024-02-19,2025-02-18,164477,13816068,Renewed
POL008108,CUST02009,AG110,Home,North,2024-06-06,2025-06-06,45150,3295950,Active
POL008109,CUST00090,AG021,Home,East,2023-10-28,2024-10-27,16339,1078374,Lapsed
POL008110,CUST01995,AG035,Travel,North,2025-06-18,2026-06-18,1313,118170,Lapsed
POL008111,CUST00756,AG120,Motor,North,2025-04-30,2026-04-30,12555,1142505,Renewed
POL008112,CUST01746,AG106,Commercial Property,South,2024-10-23,2025-10-23,888188,67502288,Active
POL008113,CUST00383,AG017,Marine,West,2025-05-28,2026-05-28,36142,3072070,Renewed
POL008114,CUST02028,AG094,Commercial Property,North,2026-02-22,2027-02-22,343404,21634452,Expired
POL008115,CUST00800,AG109,Marine,South,2024-09-05,2025-09-05,79338,3411534,Expired
POL008116,CUST01811,AG043,Home,North,2024-06-12,2025-06-12,11780,918840,Lapsed
POL008117,CUST00651,AG100,Motor,East,2024-04-28,2025-04-28,36646,2491928,Cancelled
POL008118,CUST01724,AG100,Home,West,2026-04-21,2027-04-21,11382,967470,Renewed
POL008119,CUST01583,AG089,Travel,West,2025-08-19,2026-08-19,17914,591162,Lapsed
POL008120,CUST00689,AG012,Motor,East,2025-08-28,2026-08-28,35673,1890669,Renewed
POL008121,CUST00769,AG026,Motor,North,2023-10-27,2024-10-26,28459,654557,Renewed
POL008122,CUST01950,AG096,Travel,West,2025-11-24,2026-11-24,10317,639654,Cancelled
POL008123,CUST02748,AG107,Travel,South,2023-09-21,2024-09-20,6155,504710,Active
POL008124,CUST01913,AG063,Commercial Property,East,2024-02-13,2025-02-12,753543,18838575,Active
POL008125,CUST02115,AG089,Motor,East,2023-12-19,2024-12-18,23393,561432,Expired
POL008126,CUST01417,AG054,Marine,West,2026-01-14,2027-01-14,131245,7349720,Active
POL008127,CUST00739,AG046,Marine,West,2024-01-23,2025-01-22,66901,2943644,Lapsed
POL008128,CUST01031,AG116,Travel,North,2026-03-26,2027-03-26,9074,444626,Active
POL008129,CUST02268,AG028,Commercial Property,North,2025-08-12,2026-08-12,129979,9618446,Lapsed
POL008130,CUST00408,AG086,Motor,South,2024-05-22,2025-05-22,21400,1091400,Renewed
POL008131,CUST02842,AG101,Home,West,2023-08-29,2024-08-28,24402,585648,Expired
POL008132,CUST02822,AG100,Marine,South,2025-04-06,2026-04-06,21573,1164942,Lapsed
POL008133,CUST02222,AG010,Motor,North,2026-03-23,2027-03-23,21344,1942304,Active
POL008134,CUST02569,AG102,Home,West,2026-01-25,2027-01-25,52684,1475152,Renewed
POL008135,CUST02293,AG069,Marine,South,2026-06-06,2027-06-06,128539,8097957,Active
POL008136,CUST02665,AG097,Motor,North,2025-12-09,2026-12-09,5069,172346,Expired
POL008137,CUST00735,AG055,Home,East,2025-01-30,2026-01-30,37515,2626050,Expired
POL008138,CUST01941,AG042,Home,West,2025-09-02,2026-09-02,45140,2979240,Expired
POL008139,CUST00652,AG115,Marine,East,2026-05-15,2027-05-15,137280,6864000,Lapsed
POL008140,CUST01069,AG081,Travel,West,2026-07-15,2027-07-15,15961,622479,Expired
POL008141,CUST02448,AG090,Marine,East,2024-08-04,2025-08-04,136251,10082574,Renewed
POL008142,CUST00032,AG019,Travel,East,2026-06-13,2027-06-13,4904,402128,Expired
POL008143,CUST01202,AG063,Marine,North,2024-11-23,2025-11-23,175244,11741348,Renewed
POL008144,CUST00758,AG100,Travel,North,2023-10-28,2024-10-27,16849,471772,Cancelled
POL008145,CUST00329,AG084,Travel,East,2024-04-17,2025-04-17,2124,114696,Lapsed
POL008146,CUST00504,AG069,Home,South,2025-03-16,2026-03-16,51050,2756700,Cancelled
POL008147,CUST01759,AG064,Travel,East,2026-02-24,2027-02-24,15686,1427426,Expired
POL008148,CUST01757,AG067,Travel,West,2026-05-28,2027-05-28,13837,1079286,Lapsed
POL008149,CUST00701,AG042,Commercial Property,South,2025-07-21,2026-07-21,610224,29290752,Lapsed
POL008150,CUST02664,AG057,Motor,North,2025-10-08,2026-10-08,28007,560140,Cancelled
POL008151,CUST02696,AG102,Motor,East,2026-01-16,2027-01-16,14369,1077675,Renewed
POL008152,CUST01570,AG021,Travel,North,2023-09-19,2024-09-18,13330,1053070,Lapsed
POL008153,CUST00836,AG026,Commercial Property,West,2025-11-27,2026-11-27,54665,1803945,Expired
POL008154,CUST01889,AG058,Travel,East,2025-01-23,2026-01-23,17521,1208949,Renewed
POL008155,CUST02410,AG063,Travel,East,2026-07-23,2027-07-23,4028,342380,Cancelled
POL008156,CUST02251,AG065,Marine,South,2023-10-04,2024-10-03,157662,15766200,Renewed
POL008157,CUST00943,AG037,Motor,North,2025-03-04,2026-03-04,18414,497178,Cancelled
POL008158,CUST01473,AG091,Marine,North,2023-12-16,2024-12-15,192982,17368380,Active
POL008159,CUST01989,AG062,Commercial Property,North,2024-10-14,2025-10-14,676241,26373399,Lapsed
POL008160,CUST00315,AG001,Commercial Property,West,2024-12-14,2025-12-14,160506,7222770,Cancelled
POL008161,CUST01325,AG065,Home,East,2024-08-01,2025-08-01,48217,1301859,Active
POL008162,CUST00130,AG074,Motor,West,2024-07-19,2025-07-19,17679,1555752,Renewed
POL008163,CUST01421,AG080,Home,South,2025-10-22,2026-10-22,68489,3287472,Renewed
POL008164,CUST00172,AG002,Home,East,2024-09-20,2025-09-20,13985,992935,Active
POL008165,CUST00030,AG016,Commercial Property,East,2024-11-01,2025-11-01,258905,25113785,Expired
POL008166,CUST01144,AG069,Marine,East,2023-09-26,2024-09-25,166400,6988800,Expired
POL008167,CUST00490,AG041,Home,East,2026-06-30,2027-06-30,13494,418314,Cancelled
POL008168,CUST02141,AG057,Home,East,2026-07-06,2027-07-06,44585,1382135,Active
POL008169,CUST01734,AG070,Commercial Property,West,2023-08-23,2024-08-22,597703,41839210,Active
POL008170,CUST01313,AG019,Motor,South,2024-04-10,2025-04-10,25066,2055412,Active
POL008171,CUST00717,AG064,Home,North,2024-02-01,2025-01-31,18356,1027936,Renewed
POL008172,CUST00846,AG082,Motor,North,2025-02-12,2026-02-12,32788,2623040,Expired
POL008173,CUST02535,AG077,Motor,North,2025-09-24,2026-09-24,7186,215580,Expired
POL008174,CUST00217,AG050,Commercial Property,North,2024-05-27,2025-05-27,997157,48860693,Expired
POL008175,CUST00081,AG007,Motor,East,2024-08-15,2025-08-15,35564,3485272,Active
POL008176,CUST02301,AG089,Travel,East,2025-08-03,2026-08-03,3446,223990,Expired
POL008177,CUST02357,AG038,Motor,West,2023-11-09,2024-11-08,35515,2237445,Expired
POL008178,CUST01679,AG010,Home,West,2026-07-07,2027-07-07,14869,1025961,Cancelled
POL008179,CUST00529,AG056,Marine,South,2023-09-17,2024-09-16,86447,4149456,Expired
POL008180,CUST01104,AG042,Travel,South,2026-07-10,2027-07-10,14663,1348996,Renewed
POL008181,CUST00514,AG090,Home,West,2026-08-05,2027-08-05,66593,2730313,Renewed
POL008182,CUST01621,AG053,Travel,East,2025-03-12,2026-03-12,16881,422025,Lapsed
POL008183,CUST02609,AG113,Travel,East,2026-01-31,2027-01-31,19782,1978200,Cancelled
POL008184,CUST01217,AG022,Marine,East,2023-09-08,2024-09-07,38174,2214092,Lapsed
POL008185,CUST02233,AG104,Home,South,2026-05-28,2027-05-28,23714,1897120,Renewed
POL008186,CUST02204,AG107,Motor,North,2025-10-02,2026-10-02,8707,330866,Renewed
POL008187,CUST00458,AG028,Motor,West,2025-06-30,2026-06-30,7537,233647,Lapsed
POL008188,CUST00004,AG067,Travel,South,2026-03-20,2027-03-20,2788,111520,Active
POL008189,CUST02125,AG088,Travel,East,2026-07-26,2027-07-26,5250,525000,Expired
POL008190,CUST00367,AG045,Travel,East,2024-08-24,2025-08-24,2239,192554,Active
POL008191,CUST02786,AG113,Marine,South,2026-02-11,2027-02-11,179919,5397570,Lapsed
POL008192,CUST01727,AG035,Travel,West,2025-08-14,2026-08-14,10762,1076200,Expired
POL008193,CUST02099,AG007,Motor,West,2023-08-19,2024-08-18,37584,1616112,Lapsed
POL008194,CUST02508,AG116,Home,West,2024-11-12,2025-11-12,45129,3971352,Lapsed
POL008195,CUST02920,AG118,Commercial Property,East,2025-08-11,2026-08-11,518318,35763942,Lapsed
POL008196,CUST02914,AG047,Home,North,2026-07-30,2027-07-30,66341,5838008,Expired
POL008197,CUST01226,AG018,Travel,East,2024-03-17,2025-03-17,2992,197472,Active
POL008198,CUST00072,AG063,Commercial Property,West,2026-07-13,2027-07-13,417638,33411040,Lapsed
POL008199,CUST02705,AG003,Commercial Property,East,2025-01-13,2026-01-13,736900,71479300,Active
POL008200,CUST00183,AG108,Commercial Property,North,2024-12-16,2025-12-16,395534,16216894,Renewed
POL008201,CUST01315,AG079,Marine,South,2025-06-10,2026-06-10,145495,11203115,Expired
POL008202,CUST02180,AG096,Motor,West,2026-03-02,2027-03-02,33962,3056580,Active
POL008203,CUST00082,AG002,Home,North,2025-05-03,2026-05-03,36752,1653840,Active
POL008204,CUST00807,AG069,Travel,West,2025-07-04,2026-07-04,19789,692615,Renewed
POL008205,CUST00604,AG078,Marine,North,2024-10-02,2025-10-02,185494,10202170,Expired
POL008206,CUST01201,AG043,Commercial Property,South,2026-04-15,2027-04-15,496314,22830444,Expired
POL008207,CUST02488,AG098,Commercial Property,East,2025-07-28,2026-07-28,809644,79345112,Cancelled
POL008208,CUST02227,AG109,Motor,West,2023-11-25,2024-11-24,18251,784793,Lapsed
POL008209,CUST00420,AG079,Marine,South,2025-03-22,2026-03-22,56402,3609728,Active
POL008210,CUST02218,AG085,Home,North,2024-06-02,2025-06-02,25663,2489311,Renewed
POL008211,CUST00243,AG109,Motor,West,2025-08-22,2026-08-22,25414,2515986,Active
POL008212,CUST02588,AG032,Travel,North,2025-01-05,2026-01-05,13441,376348,Active
POL008213,CUST00499,AG113,Commercial Property,South,2023-10-18,2024-10-17,164749,10214438,Active
POL008214,CUST02647,AG012,Commercial Property,South,2024-08-15,2025-08-15,489990,15679680,Cancelled
POL008215,CUST02064,AG068,Motor,West,2026-02-15,2027-02-15,19260,1040040,Active
POL008216,CUST01411,AG072,Marine,East,2025-04-05,2026-04-05,145595,11356410,Lapsed
POL008217,CUST00924,AG039,Marine,West,2024-06-01,2025-06-01,40450,2184300,Renewed
POL008218,CUST01803,AG113,Travel,West,2024-02-25,2025-02-24,3706,237184,Renewed
POL008219,CUST01912,AG107,Marine,South,2023-11-08,2024-11-07,96885,2519010,Renewed
POL008220,CUST00890,AG120,Marine,West,2025-11-09,2026-11-09,39892,3749848,Renewed
POL008221,CUST00694,AG116,Commercial Property,South,2025-09-25,2026-09-25,601930,47552470,Lapsed
POL008222,CUST01808,AG043,Home,North,2024-01-15,2025-01-14,51724,4086196,Active
POL008223,CUST00510,AG064,Commercial Property,West,2026-01-06,2027-01-06,943283,55653697,Cancelled
POL008224,CUST02510,AG110,Motor,North,2024-10-08,2025-10-08,11451,584001,Active
POL008225,CUST00355,AG052,Commercial Property,East,2024-06-06,2025-06-06,385270,20804580,Cancelled
POL008226,CUST01894,AG097,Travel,East,2026-06-12,2027-06-12,7434,505512,Expired
POL008227,CUST01455,AG095,Motor,North,2023-11-07,2024-11-06,38706,2283654,Expired
POL008228,CUST02482,AG002,Motor,East,2024-01-09,2025-01-08,12808,704440,Renewed
POL008229,CUST02137,AG046,Travel,North,2023-11-09,2024-11-08,8426,842600,Renewed
POL008230,CUST00355,AG046,Home,West,2024-06-11,2025-06-11,22779,706149,Expired
POL008231,CUST00838,AG082,Marine,North,2025-03-18,2026-03-18,91862,6889650,Cancelled
POL008232,CUST02416,AG120,Motor,South,2026-06-19,2027-06-19,26033,1640079,Active
POL008233,CUST01940,AG026,Commercial Property,North,2024-01-19,2025-01-18,775516,74449536,Renewed
POL008234,CUST02292,AG083,Commercial Property,West,2024-05-02,2025-05-02,268329,17441385,Expired
POL008235,CUST01150,AG098,Marine,South,2026-03-02,2027-03-02,96937,6591716,Cancelled
POL008236,CUST02600,AG118,Travel,North,2025-06-17,2026-06-17,15454,432712,Cancelled
POL008237,CUST01602,AG001,Travel,West,2025-11-07,2026-11-07,8601,756888,Lapsed
POL008238,CUST00693,AG075,Commercial Property,North,2025-03-02,2026-03-02,580064,42924736,Expired
POL008239,CUST02244,AG117,Marine,East,2025-05-07,2026-05-07,107301,9227886,Renewed
POL008240,CUST01048,AG103,Motor,South,2024-01-18,2025-01-17,13751,990072,Cancelled
POL008241,CUST02687,AG085,Motor,West,2024-09-30,2025-09-30,12270,662580,Cancelled
POL008242,CUST00364,AG028,Commercial Property,East,2024-09-04,2025-09-04,337953,31767582,Lapsed
POL008243,CUST02387,AG061,Motor,East,2026-05-17,2027-05-17,28185,1493805,Expired
POL008244,CUST00295,AG116,Marine,West,2024-06-15,2025-06-15,60443,4593668,Active
POL008245,CUST02119,AG076,Home,West,2023-12-13,2024-12-12,67796,2440656,Active
POL008246,CUST01561,AG048,Travel,West,2023-12-30,2024-12-29,10109,717739,Renewed
POL008247,CUST01561,AG022,Home,West,2026-01-31,2027-01-31,29400,1029000,Renewed
POL008248,CUST00915,AG100,Marine,West,2025-07-07,2026-07-07,177306,16134846,Expired
POL008249,CUST02043,AG064,Home,North,2025-04-26,2026-04-26,28060,1234640,Renewed
POL008250,CUST02645,AG027,Commercial Property,North,2024-11-23,2025-11-23,793799,67472915,Cancelled
POL008251,CUST02259,AG115,Commercial Property,East,2025-01-27,2026-01-27,673152,22214016,Expired
POL008252,CUST01122,AG025,Home,South,2024-08-02,2025-08-02,19047,780927,Lapsed
POL008253,CUST00442,AG040,Commercial Property,North,2025-10-09,2026-10-09,491285,27020675,Expired
POL008254,CUST01354,AG099,Commercial Property,North,2025-01-14,2026-01-14,671405,28870415,Renewed
POL008255,CUST01441,AG008,Travel,South,2026-03-05,2027-03-05,14408,806848,Renewed
POL008256,CUST01704,AG069,Home,South,2023-08-30,2024-08-29,19650,471600,Lapsed
POL008257,CUST02624,AG063,Travel,West,2025-07-21,2026-07-21,12710,406720,Renewed
POL008258,CUST02840,AG097,Travel,West,2024-02-23,2025-02-22,13778,330672,Expired
POL008259,CUST01568,AG079,Marine,West,2025-08-27,2026-08-27,167995,13775590,Lapsed
POL008260,CUST01950,AG080,Commercial Property,East,2025-08-28,2026-08-28,943930,67962960,Expired
POL008261,CUST00496,AG082,Travel,South,2023-08-12,2024-08-11,16942,1152056,Lapsed
POL008262,CUST00014,AG065,Home,West,2025-08-06,2026-08-06,44986,3463922,Active
POL008263,CUST01316,AG066,Travel,West,2023-12-25,2024-12-24,12442,1119780,Renewed
POL008264,CUST01938,AG112,Commercial Property,North,2024-09-21,2025-09-21,343033,11320089,Cancelled
POL008265,CUST02018,AG057,Motor,North,2023-09-15,2024-09-14,20323,1524225,Expired
POL008266,CUST01950,AG104,Travel,North,2025-04-19,2026-04-19,8546,777686,Cancelled
POL008267,CUST00283,AG034,Motor,West,2024-10-08,2025-10-08,6053,399498,Active
POL008268,CUST01939,AG043,Travel,East,2023-08-25,2024-08-24,19525,1308175,Cancelled
POL008269,CUST00280,AG042,Home,West,2023-09-15,2024-09-14,36584,2377960,Renewed
POL008270,CUST01145,AG045,Motor,North,2025-04-07,2026-04-07,8382,243078,Renewed
POL008271,CUST00126,AG033,Marine,South,2025-06-22,2026-06-22,39965,999125,Active
POL008272,CUST01073,AG092,Commercial Property,East,2026-03-27,2027-03-27,362222,22457764,Expired
POL008273,CUST00365,AG044,Home,South,2024-09-11,2025-09-11,40338,1250478,Renewed
POL008274,CUST00770,AG110,Travel,North,2025-02-02,2026-02-02,19661,589830,Expired
POL008275,CUST01624,AG093,Travel,East,2023-12-13,2024-12-12,20000,860000,Active
POL008276,CUST00945,AG019,Commercial Property,West,2024-12-01,2025-12-01,684231,54054249,Expired
POL008277,CUST01043,AG043,Travel,East,2026-05-17,2027-05-17,4116,230496,Renewed
POL008278,CUST01458,AG045,Commercial Property,North,2024-12-22,2025-12-22,764910,29066580,Active
POL008279,CUST02355,AG102,Commercial Property,West,2025-01-30,2026-01-30,504591,27247914,Expired
POL008280,CUST02229,AG101,Motor,West,2025-04-05,2026-04-05,6961,605607,Lapsed
POL008281,CUST00259,AG065,Marine,West,2026-03-03,2027-03-03,167066,3842518,Lapsed
POL008282,CUST00028,AG074,Motor,West,2026-04-11,2027-04-11,20635,1485720,Expired
POL008283,CUST02956,AG100,Commercial Property,West,2025-07-10,2026-07-10,53917,5229949,Lapsed
POL008284,CUST00479,AG116,Commercial Property,West,2026-03-27,2027-03-27,504539,45913049,Cancelled
POL008285,CUST00194,AG040,Motor,West,2025-12-23,2026-12-23,38448,1807056,Renewed
POL008286,CUST00079,AG069,Commercial Property,North,2025-04-02,2026-04-02,117998,10619820,Expired
POL008287,CUST02693,AG117,Travel,East,2024-04-26,2025-04-26,15606,1154844,Lapsed
POL008288,CUST02943,AG109,Motor,West,2026-03-24,2027-03-24,16189,1408443,Active
POL008289,CUST01867,AG009,Marine,West,2024-12-29,2025-12-29,23062,1821898,Lapsed
POL008290,CUST00819,AG037,Commercial Property,East,2025-04-22,2026-04-22,471888,21234960,Active
POL008291,CUST02087,AG007,Marine,South,2024-05-16,2025-05-16,163829,5897844,Lapsed
POL008292,CUST00340,AG111,Commercial Property,South,2023-08-31,2024-08-30,611113,42777910,Renewed
POL008293,CUST00023,AG107,Home,West,2024-11-22,2025-11-22,59575,1548950,Active
POL008294,CUST02707,AG063,Home,South,2024-02-01,2025-01-31,25796,2579600,Expired
POL008295,CUST02184,AG079,Motor,North,2026-04-12,2027-04-12,38361,767220,Cancelled
POL008296,CUST00266,AG079,Home,West,2024-12-25,2025-12-25,48857,3419990,Cancelled
POL008297,CUST01123,AG090,Home,East,2025-01-09,2026-01-09,29706,2911188,Renewed
POL008298,CUST00605,AG094,Travel,West,2024-05-30,2025-05-30,2913,139824,Lapsed
POL008299,CUST00406,AG099,Marine,North,2025-10-28,2026-10-28,23858,1574628,Lapsed
POL008300,CUST00860,AG023,Travel,South,2025-09-16,2026-09-16,17599,439975,Lapsed
POL008301,CUST00690,AG030,Commercial Property,South,2026-06-10,2027-06-10,381143,25917724,Renewed
POL008302,CUST00303,AG041,Home,West,2026-04-16,2027-04-16,21061,1642758,Lapsed
POL008303,CUST02167,AG062,Commercial Property,South,2024-09-26,2025-09-26,937561,34689757,Renewed
POL008304,CUST00847,AG087,Home,North,2025-12-16,2026-12-16,41046,1190334,Cancelled
POL008305,CUST00577,AG043,Marine,West,2024-04-12,2025-04-12,122358,9788640,Expired
POL008306,CUST00555,AG046,Travel,North,2023-08-29,2024-08-28,2000,78000,Expired
POL008307,CUST02269,AG100,Commercial Property,North,2023-11-11,2024-11-10,638405,12768100,Expired
POL008308,CUST01168,AG057,Marine,South,2025-05-27,2026-05-27,85340,2730880,Expired
POL008309,CUST00724,AG056,Marine,East,2024-03-25,2025-03-25,161415,13720275,Cancelled
POL008310,CUST00548,AG067,Travel,East,2025-09-08,2026-09-08,12763,701965,Expired
POL008311,CUST01128,AG054,Motor,East,2024-05-24,2025-05-24,24337,1289861,Cancelled
POL008312,CUST00172,AG046,Home,South,2025-07-23,2026-07-23,22929,1169379,Expired
POL008313,CUST00759,AG107,Motor,East,2024-07-06,2025-07-06,24289,1797386,Expired
POL008314,CUST02567,AG083,Marine,East,2025-12-13,2026-12-13,194980,12088760,Expired
POL008315,CUST01611,AG064,Motor,East,2024-04-19,2025-04-19,27923,1982533,Active
POL008316,CUST01183,AG025,Home,East,2025-10-23,2026-10-23,11303,474726,Active
POL008317,CUST01955,AG022,Marine,East,2025-06-11,2026-06-11,21229,700557,Renewed
POL008318,CUST02954,AG007,Commercial Property,West,2024-09-17,2025-09-17,909641,60036306,Renewed
POL008319,CUST02188,AG043,Commercial Property,South,2024-06-15,2025-06-15,313588,13484284,Lapsed
POL008320,CUST00578,AG021,Commercial Property,West,2025-11-02,2026-11-02,349271,31085119,Expired
POL008321,CUST02181,AG012,Commercial Property,South,2026-06-02,2027-06-02,772918,61060522,Expired
POL008322,CUST02307,AG029,Travel,East,2026-06-11,2027-06-11,13285,1262075,Cancelled
POL008323,CUST00422,AG116,Home,East,2025-12-06,2026-12-06,19983,599490,Active
POL008324,CUST01641,AG061,Home,North,2026-06-25,2027-06-25,45141,2031345,Renewed
POL008325,CUST00718,AG013,Marine,West,2024-09-16,2025-09-16,66235,4106570,Cancelled
POL008326,CUST01094,AG088,Marine,South,2026-07-20,2027-07-20,180272,13700672,Cancelled
POL008327,CUST02627,AG063,Commercial Property,East,2025-08-06,2026-08-06,181534,16156526,Active
POL008328,CUST01380,AG013,Travel,South,2026-03-02,2027-03-02,6381,421146,Lapsed
POL008329,CUST01447,AG087,Commercial Property,East,2025-05-14,2026-05-14,321347,10604451,Cancelled
POL008330,CUST00394,AG005,Home,East,2024-10-16,2025-10-16,45490,4276060,Lapsed
POL008331,CUST02403,AG047,Commercial Property,West,2023-12-06,2024-12-05,319161,22022109,Lapsed
POL008332,CUST00317,AG076,Commercial Property,North,2026-05-30,2027-05-30,658369,50694413,Cancelled
POL008333,CUST02816,AG018,Home,West,2023-08-07,2024-08-06,15548,715208,Cancelled
POL008334,CUST00118,AG016,Travel,West,2024-11-16,2025-11-16,1198,59900,Active
POL008335,CUST00947,AG054,Travel,North,2023-10-26,2024-10-25,18390,845940,Active
POL008336,CUST02344,AG006,Home,East,2025-08-19,2026-08-19,47755,2292240,Expired
POL008337,CUST01594,AG005,Commercial Property,West,2026-01-13,2027-01-13,377858,25694344,Renewed
POL008338,CUST01495,AG117,Motor,East,2025-10-20,2026-10-20,39888,1954512,Expired
POL008339,CUST02762,AG047,Motor,North,2025-04-14,2026-04-14,6932,450580,Lapsed
POL008340,CUST02101,AG105,Home,North,2025-09-26,2026-09-26,36601,3074484,Lapsed
POL008341,CUST00985,AG096,Motor,West,2025-03-05,2026-03-05,24613,1772136,Cancelled
POL008342,CUST01728,AG002,Motor,South,2025-03-26,2026-03-26,5428,526516,Active
POL008343,CUST02971,AG083,Commercial Property,North,2025-06-15,2026-06-15,408269,11023263,Lapsed
POL008344,CUST00806,AG067,Marine,West,2023-11-10,2024-11-09,105853,3281443,Active
POL008345,CUST01628,AG041,Commercial Property,North,2025-09-23,2026-09-23,430256,38723040,Cancelled
POL008346,CUST00659,AG063,Motor,South,2026-07-17,2027-07-17,36021,2197281,Cancelled
POL008347,CUST01175,AG045,Marine,North,2026-03-07,2027-03-07,21651,2100147,Lapsed
POL008348,CUST02736,AG014,Commercial Property,South,2025-10-13,2026-10-13,229904,16553088,Renewed
POL008349,CUST01352,AG065,Commercial Property,East,2026-06-18,2027-06-18,56052,4484160,Lapsed
POL008350,CUST02475,AG050,Commercial Property,North,2024-05-05,2025-05-05,210232,11562760,Active
POL008351,CUST02676,AG102,Commercial Property,South,2026-01-21,2027-01-21,437480,38498240,Active
POL008352,CUST00381,AG069,Travel,East,2024-11-03,2025-11-03,15018,1306566,Renewed
POL008353,CUST01424,AG015,Motor,West,2025-01-04,2026-01-04,39675,3769125,Renewed
POL008354,CUST02763,AG003,Motor,East,2025-05-11,2026-05-11,38161,2365982,Cancelled
POL008355,CUST02788,AG014,Commercial Property,North,2024-09-09,2025-09-09,729455,28448745,Expired
POL008356,CUST00170,AG116,Marine,North,2024-12-09,2025-12-09,109299,10274106,Active
POL008357,CUST00392,AG096,Marine,East,2026-02-02,2027-02-02,54706,1477062,Cancelled
POL008358,CUST00810,AG087,Motor,North,2025-01-21,2026-01-21,8038,562660,Expired
POL008359,CUST02377,AG026,Marine,East,2024-01-19,2025-01-18,96600,4926600,Renewed
POL008360,CUST00724,AG069,Home,South,2024-05-18,2025-05-18,10199,775124,Expired
POL008361,CUST01719,AG048,Home,East,2023-10-08,2024-10-07,58670,3344190,Lapsed
POL008362,CUST01556,AG097,Travel,South,2026-03-05,2027-03-05,13443,1303971,Cancelled
POL008363,CUST02709,AG077,Commercial Property,North,2024-08-27,2025-08-27,627266,19445246,Renewed
POL008364,CUST02669,AG117,Commercial Property,East,2025-05-07,2026-05-07,981732,33378888,Active
POL008365,CUST00928,AG007,Travel,South,2023-10-29,2024-10-28,16200,1360800,Renewed
POL008366,CUST00766,AG045,Commercial Property,South,2024-07-02,2025-07-02,364477,12756695,Lapsed
POL008367,CUST01709,AG111,Commercial Property,East,2026-04-27,2027-04-27,78451,7609747,Cancelled
POL008368,CUST02628,AG120,Travel,East,2024-10-30,2025-10-30,10997,373898,Cancelled
POL008369,CUST00440,AG107,Marine,North,2026-06-17,2027-06-17,77244,5175348,Lapsed
POL008370,CUST00631,AG116,Marine,East,2024-09-15,2025-09-15,108257,3572481,Expired
POL008371,CUST00810,AG065,Marine,South,2026-08-04,2027-08-04,93477,4673850,Expired
POL008372,CUST00870,AG042,Commercial Property,North,2025-09-23,2026-09-23,765076,37488724,Lapsed
POL008373,CUST00302,AG060,Marine,North,2026-05-21,2027-05-21,81692,7270588,Cancelled
POL008374,CUST02278,AG042,Marine,West,2025-04-22,2026-04-22,120501,9640080,Cancelled
POL008375,CUST01837,AG069,Home,South,2026-06-02,2027-06-02,59493,5651835,Renewed
POL008376,CUST02003,AG037,Motor,North,2023-11-27,2024-11-26,26912,1184128,Expired
POL008377,CUST00974,AG094,Commercial Property,North,2024-09-08,2025-09-08,363761,17460528,Active
POL008378,CUST02188,AG009,Marine,West,2024-03-04,2025-03-04,126466,7840892,Lapsed
POL008379,CUST00470,AG086,Home,South,2024-10-15,2025-10-15,41063,1355079,Renewed
POL008380,CUST00334,AG085,Motor,West,2024-05-13,2025-05-13,23331,1189881,Cancelled
POL008381,CUST01804,AG101,Travel,West,2026-06-27,2027-06-27,4727,449065,Expired
POL008382,CUST02199,AG060,Motor,South,2026-06-27,2027-06-27,10638,617004,Cancelled
POL008383,CUST00878,AG067,Home,East,2025-05-20,2026-05-20,42268,2662884,Lapsed
POL008384,CUST02379,AG045,Marine,West,2023-12-25,2024-12-24,56395,1409875,Expired
POL008385,CUST01384,AG028,Marine,East,2026-06-02,2027-06-02,182748,8040912,Expired
POL008386,CUST01277,AG098,Marine,East,2023-11-10,2024-11-09,179692,15992588,Lapsed
POL008387,CUST00733,AG104,Travel,West,2026-05-30,2027-05-30,11025,275625,Expired
POL008388,CUST02934,AG029,Marine,East,2025-01-16,2026-01-16,156966,12871212,Active
POL008389,CUST02081,AG062,Home,East,2024-06-25,2025-06-25,17504,1627872,Lapsed
POL008390,CUST01780,AG064,Travel,East,2024-03-02,2025-03-02,13784,468656,Cancelled
POL008391,CUST00063,AG012,Commercial Property,North,2024-07-06,2025-07-06,782030,51613980,Lapsed
POL008392,CUST01112,AG087,Commercial Property,East,2025-10-10,2026-10-10,610088,23793432,Cancelled
POL008393,CUST02518,AG043,Home,West,2024-08-19,2025-08-19,9275,797650,Lapsed
POL008394,CUST01468,AG019,Home,North,2024-03-15,2025-03-15,49360,1628880,Cancelled
POL008395,CUST02475,AG014,Travel,South,2026-04-21,2027-04-21,12243,930468,Renewed
POL008396,CUST00534,AG004,Travel,West,2024-04-30,2025-04-30,2702,124292,Expired
POL008397,CUST02179,AG021,Home,East,2026-02-10,2027-02-10,60564,5147940,Cancelled
POL008398,CUST02176,AG046,Commercial Property,West,2025-12-06,2026-12-06,542017,36315139,Active
POL008399,CUST02885,AG044,Marine,West,2023-09-06,2024-09-05,181567,4176041,Lapsed
POL008400,CUST01868,AG061,Marine,South,2025-07-16,2026-07-16,171790,11853510,Renewed
POL008401,CUST00970,AG005,Commercial Property,West,2024-04-20,2025-04-20,681694,15678962,Renewed
POL008402,CUST01046,AG048,Motor,West,2023-10-20,2024-10-19,37608,1165848,Renewed
POL008403,CUST00914,AG105,Motor,South,2024-05-15,2025-05-15,9007,459357,Lapsed
POL008404,CUST02908,AG006,Motor,North,2024-02-14,2025-02-13,26789,910826,Expired
POL008405,CUST00536,AG064,Motor,South,2024-08-17,2025-08-17,23330,1259820,Lapsed
POL008406,CUST00933,AG076,Commercial Property,South,2026-05-17,2027-05-17,354343,30827841,Cancelled
POL008407,CUST00042,AG058,Motor,North,2024-07-17,2025-07-17,6607,389813,Cancelled
POL008408,CUST00952,AG058,Commercial Property,North,2025-01-04,2026-01-04,493265,49326500,Lapsed
POL008409,CUST02503,AG081,Travel,South,2025-08-14,2026-08-14,1954,191492,Cancelled
POL008410,CUST02389,AG114,Home,East,2026-06-19,2027-06-19,28035,2579220,Lapsed
POL008411,CUST02680,AG004,Commercial Property,North,2024-09-23,2025-09-23,332505,23940360,Expired
POL008412,CUST01401,AG012,Commercial Property,West,2024-08-14,2025-08-14,653241,55525485,Renewed
POL008413,CUST01337,AG035,Marine,West,2023-10-31,2024-10-30,25675,1360775,Active
POL008414,CUST02284,AG098,Travel,North,2026-03-24,2027-03-24,7018,666710,Renewed
POL008415,CUST01712,AG080,Marine,West,2025-04-20,2026-04-20,62470,5434890,Expired
POL008416,CUST02273,AG027,Marine,West,2023-09-26,2024-09-25,174143,17414300,Cancelled
POL008417,CUST01450,AG062,Motor,South,2024-10-03,2025-10-03,34138,1604486,Active
POL008418,CUST02868,AG114,Travel,North,2025-05-24,2026-05-24,11739,446082,Lapsed
POL008419,CUST00956,AG087,Travel,East,2025-10-04,2026-10-04,19396,872820,Cancelled
POL008420,CUST01044,AG093,Motor,West,2026-07-05,2027-07-05,15195,1033260,Cancelled
POL008421,CUST01805,AG014,Travel,East,2024-07-19,2025-07-19,5717,262982,Active
POL008422,CUST01411,AG032,Home,East,2024-07-27,2025-07-27,15091,1162007,Expired
POL008423,CUST01484,AG024,Home,West,2025-10-26,2026-10-26,11329,566450,Expired
POL008424,CUST02103,AG049,Marine,East,2023-12-10,2024-12-09,179910,14212890,Cancelled
POL008425,CUST00883,AG087,Motor,North,2025-08-02,2026-08-02,20639,1547925,Cancelled
POL008426,CUST00834,AG081,Commercial Property,North,2026-07-04,2027-07-04,491849,48201202,Cancelled
POL008427,CUST01977,AG100,Travel,East,2026-05-15,2027-05-15,5403,140478,Cancelled
POL008428,CUST00909,AG113,Commercial Property,East,2025-02-28,2026-02-28,920503,80083761,Cancelled
POL008429,CUST02832,AG066,Home,West,2025-04-22,2026-04-22,12829,1282900,Lapsed
POL008430,CUST00678,AG081,Commercial Property,East,2024-04-18,2025-04-18,76114,7306944,Renewed
POL008431,CUST00421,AG074,Marine,North,2024-11-19,2025-11-19,49806,3087972,Active
POL008432,CUST00179,AG069,Marine,South,2023-12-27,2024-12-26,166527,6494553,Active
POL008433,CUST02023,AG076,Motor,West,2026-06-17,2027-06-17,9594,863460,Active
POL008434,CUST01921,AG081,Commercial Property,West,2025-08-23,2026-08-23,338212,16910600,Renewed
POL008435,CUST00155,AG054,Home,South,2026-07-16,2027-07-16,10404,488988,Expired
POL008436,CUST00601,AG058,Commercial Property,West,2025-12-07,2026-12-07,211508,11421432,Expired
POL008437,CUST00236,AG098,Motor,West,2025-12-25,2026-12-25,16969,1102985,Active
POL008438,CUST00334,AG027,Motor,South,2025-02-12,2026-02-12,16073,1430497,Expired
POL008439,CUST01770,AG019,Motor,South,2024-02-25,2025-02-24,19738,828996,Renewed
POL008440,CUST01981,AG036,Marine,South,2026-04-02,2027-04-02,28884,1184244,Cancelled
POL008441,CUST02250,AG026,Commercial Property,North,2023-08-14,2024-08-13,300428,14420544,Expired
POL008442,CUST02989,AG067,Travel,West,2025-04-25,2026-04-25,6313,138886,Lapsed
POL008443,CUST01267,AG082,Commercial Property,East,2024-12-15,2025-12-15,944473,55723907,Active
POL008444,CUST00152,AG019,Commercial Property,East,2024-11-05,2025-11-05,68595,5213220,Cancelled
POL008445,CUST00494,AG056,Travel,West,2024-12-15,2025-12-15,18862,1037410,Lapsed
POL008446,CUST02088,AG118,Motor,South,2024-08-10,2025-08-10,25007,2300644,Renewed
POL008447,CUST01639,AG028,Travel,East,2025-05-30,2026-05-30,16476,428376,Renewed
POL008448,CUST00888,AG014,Home,West,2025-03-09,2026-03-09,38508,3504228,Expired
POL008449,CUST01554,AG097,Commercial Property,North,2024-02-14,2025-02-13,635677,17163279,Renewed
POL008450,CUST00673,AG018,Commercial Property,South,2023-10-19,2024-10-18,216798,13224678,Cancelled
POL008451,CUST02748,AG118,Marine,West,2024-03-20,2025-03-20,125541,12303018,Expired
POL008452,CUST02330,AG051,Travel,West,2025-09-22,2026-09-22,13681,615645,Expired
POL008453,CUST01107,AG076,Motor,South,2024-04-03,2025-04-03,23877,1790775,Renewed
POL008454,CUST01524,AG096,Commercial Property,East,2025-02-28,2026-02-28,571351,39423219,Lapsed
POL008455,CUST02984,AG003,Marine,East,2023-08-14,2024-08-13,190313,18270048,Lapsed
POL008456,CUST01555,AG096,Commercial Property,North,2025-09-06,2026-09-06,746788,42566916,Active
POL008457,CUST01155,AG087,Home,South,2024-04-03,2025-04-03,50631,1316406,Lapsed
POL008458,CUST00567,AG082,Marine,East,2024-12-08,2025-12-08,98388,3935520,Lapsed
POL008459,CUST01329,AG018,Motor,West,2024-06-23,2025-06-23,7269,501561,Renewed
POL008460,CUST02036,AG050,Motor,West,2024-07-19,2025-07-19,35193,2745054,Expired
POL008461,CUST02421,AG048,Motor,East,2026-05-07,2027-05-07,11068,819032,Active
POL008462,CUST00259,AG041,Marine,North,2025-04-26,2026-04-26,32136,2474472,Expired
POL008463,CUST02549,AG099,Motor,South,2024-12-04,2025-12-04,21485,494155,Cancelled
POL008464,CUST02285,AG042,Home,West,2025-07-28,2026-07-28,36339,2725425,Lapsed
POL008465,CUST02796,AG051,Motor,East,2024-02-12,2025-02-11,18852,1263084,Cancelled
POL008466,CUST00202,AG101,Commercial Property,North,2024-05-31,2025-05-31,552110,44168800,Lapsed
POL008467,CUST02715,AG096,Home,North,2026-02-22,2027-02-22,39275,3731125,Lapsed
POL008468,CUST01903,AG089,Travel,North,2026-03-16,2027-03-16,5565,367290,Active
POL008469,CUST02228,AG095,Travel,North,2026-05-25,2027-05-25,6473,576097,Renewed
POL008470,CUST01449,AG033,Motor,South,2024-09-08,2025-09-08,13947,543933,Lapsed
POL008471,CUST00281,AG109,Commercial Property,North,2025-05-08,2026-05-08,367585,31612310,Expired
POL008472,CUST01112,AG070,Commercial Property,East,2023-08-28,2024-08-27,342091,15736186,Lapsed
POL008473,CUST01612,AG093,Motor,West,2025-03-12,2026-03-12,17454,1064694,Renewed
POL008474,CUST01295,AG061,Commercial Property,West,2026-06-14,2027-06-14,151469,7876388,Expired
POL008475,CUST02487,AG054,Commercial Property,East,2025-04-05,2026-04-05,800852,58462196,Lapsed
POL008476,CUST02535,AG107,Home,South,2026-01-20,2027-01-20,21883,1094150,Renewed
POL008477,CUST01713,AG062,Motor,West,2024-05-15,2025-05-15,18787,1164794,Lapsed
POL008478,CUST02421,AG076,Marine,North,2024-11-22,2025-11-22,195826,9399648,Renewed
POL008479,CUST01509,AG025,Marine,West,2024-08-07,2025-08-07,35014,1015406,Renewed
POL008480,CUST01108,AG070,Travel,East,2025-09-04,2026-09-04,10760,613320,Renewed
POL008481,CUST00621,AG031,Travel,North,2025-11-16,2026-11-16,3920,105840,Expired
POL008482,CUST00749,AG006,Marine,South,2024-01-20,2025-01-19,44348,1596528,Renewed
POL008483,CUST00726,AG041,Home,East,2024-08-10,2025-08-10,30042,1802520,Cancelled
POL008484,CUST00881,AG005,Commercial Property,South,2025-05-11,2026-05-11,646866,21993444,Active
POL008485,CUST00247,AG095,Travel,West,2024-11-12,2025-11-12,12444,1119960,Cancelled
POL008486,CUST01774,AG072,Marine,North,2023-10-14,2024-10-13,95979,2495454,Active
POL008487,CUST01892,AG060,Motor,East,2025-07-30,2026-07-30,31191,686202,Active
POL008488,CUST01241,AG104,Marine,South,2024-10-23,2025-10-23,61476,3504132,Renewed
POL008489,CUST00214,AG016,Home,East,2023-12-28,2024-12-27,16377,1359291,Lapsed
POL008490,CUST02003,AG062,Commercial Property,South,2023-10-23,2024-10-22,418266,15894108,Lapsed
POL008491,CUST01495,AG058,Travel,East,2024-11-09,2025-11-09,11855,521620,Expired
POL008492,CUST02101,AG107,Commercial Property,East,2025-02-19,2026-02-19,817761,71962968,Cancelled
POL008493,CUST02051,AG079,Marine,South,2023-12-31,2024-12-30,172553,9145309,Renewed
POL008494,CUST01879,AG080,Home,West,2023-11-19,2024-11-18,11235,235935,Lapsed
POL008495,CUST00343,AG092,Travel,South,2024-05-22,2025-05-22,18515,1259020,Lapsed
POL008496,CUST02105,AG068,Travel,East,2024-10-02,2025-10-02,8500,620500,Cancelled
POL008497,CUST02894,AG052,Marine,North,2024-01-15,2025-01-14,105964,6781696,Expired
POL008498,CUST02721,AG100,Home,West,2025-04-21,2026-04-21,67487,4791577,Lapsed
POL008499,CUST01391,AG051,Commercial Property,West,2026-07-22,2027-07-22,992137,94253015,Lapsed
POL008500,CUST00366,AG037,Home,West,2023-08-21,2024-08-20,57099,4282425,Lapsed
POL008501,CUST01111,AG003,Commercial Property,West,2025-01-01,2026-01-01,403532,25018984,Cancelled
POL008502,CUST00012,AG027,Marine,North,2024-01-31,2025-01-30,88670,6206900,Expired
POL008503,CUST02318,AG107,Commercial Property,East,2024-09-17,2025-09-17,556001,20016036,Lapsed
POL008504,CUST02323,AG119,Commercial Property,West,2024-05-24,2025-05-24,597496,51982152,Active
POL008505,CUST02189,AG043,Home,North,2026-07-30,2027-07-30,54776,2629248,Expired
POL008506,CUST02901,AG045,Commercial Property,South,2025-11-23,2026-11-23,923242,20311324,Lapsed
POL008507,CUST02167,AG001,Marine,South,2026-06-19,2027-06-19,123154,3202004,Active
POL008508,CUST00451,AG023,Motor,South,2025-08-24,2026-08-24,12192,914400,Active
POL008509,CUST00191,AG058,Motor,North,2026-04-04,2027-04-04,8484,848400,Expired
POL008510,CUST00662,AG023,Commercial Property,East,2025-12-02,2026-12-02,450749,32003179,Lapsed
POL008511,CUST01596,AG029,Travel,East,2024-06-20,2025-06-20,8942,894200,Active
POL008512,CUST01242,AG101,Commercial Property,West,2023-12-01,2024-11-30,379443,30355440,Active
POL008513,CUST00019,AG057,Travel,North,2023-10-19,2024-10-18,12996,441864,Expired
POL008514,CUST01747,AG019,Commercial Property,West,2023-09-06,2024-09-05,796554,23896620,Cancelled
POL008515,CUST00166,AG085,Commercial Property,West,2024-06-06,2025-06-06,755105,37000145,Expired
POL008516,CUST02919,AG042,Motor,East,2025-03-27,2026-03-27,13828,622260,Expired
POL008517,CUST01278,AG078,Home,North,2024-05-01,2025-05-01,20136,1933056,Expired
POL008518,CUST02100,AG035,Commercial Property,North,2025-05-31,2026-05-31,186978,4861428,Active
POL008519,CUST02043,AG063,Travel,South,2024-05-22,2025-05-22,13881,1388100,Lapsed
POL008520,CUST00642,AG114,Marine,South,2024-03-14,2025-03-14,174225,12369975,Lapsed
POL008521,CUST02386,AG011,Motor,East,2024-08-19,2025-08-19,22236,2112420,Renewed
POL008522,CUST00275,AG062,Commercial Property,North,2023-12-29,2024-12-28,730966,14619320,Active
POL008523,CUST00036,AG100,Motor,East,2025-03-21,2026-03-21,12481,961037,Cancelled
POL008524,CUST00584,AG012,Marine,South,2026-04-12,2027-04-12,184573,14581267,Expired
POL008525,CUST01683,AG083,Commercial Property,North,2024-01-02,2025-01-01,420202,24791918,Expired
POL008526,CUST00633,AG067,Motor,South,2025-02-03,2026-02-03,23332,1469916,Lapsed
POL008527,CUST01173,AG018,Marine,South,2026-02-20,2027-02-20,197813,5143138,Lapsed
POL008528,CUST02914,AG107,Motor,East,2023-12-25,2024-12-24,15041,857337,Expired
POL008529,CUST01965,AG064,Home,North,2024-02-07,2025-02-06,55278,2045286,Expired
POL008530,CUST00908,AG025,Marine,East,2026-04-20,2027-04-20,93297,4011771,Renewed
POL008531,CUST01340,AG002,Commercial Property,East,2025-12-11,2026-12-11,76347,5726025,Lapsed
POL008532,CUST02001,AG022,Commercial Property,West,2026-05-09,2027-05-09,415430,22433220,Lapsed
POL008533,CUST00177,AG097,Home,East,2026-02-26,2027-02-26,38776,2714320,Lapsed
POL008534,CUST01675,AG038,Travel,East,2024-01-05,2025-01-04,4726,259930,Expired
POL008535,CUST01384,AG112,Home,West,2026-05-08,2027-05-08,13200,871200,Active
POL008536,CUST02110,AG108,Motor,East,2025-01-23,2026-01-23,12234,831912,Active
POL008537,CUST01853,AG049,Home,South,2024-08-03,2025-08-03,62464,4247552,Expired
POL008538,CUST00673,AG030,Travel,North,2025-04-16,2026-04-16,15132,1044108,Expired
POL008539,CUST01853,AG008,Marine,South,2026-03-17,2027-03-17,133852,4684820,Expired
POL008540,CUST02713,AG092,Motor,West,2024-01-25,2025-01-24,34231,1266547,Expired
POL008541,CUST01046,AG116,Motor,West,2023-11-03,2024-11-02,25040,2328720,Active
POL008542,CUST00227,AG062,Travel,North,2025-02-17,2026-02-17,8048,257536,Cancelled
POL008543,CUST01940,AG022,Travel,North,2026-04-12,2027-04-12,12388,668952,Cancelled
POL008544,CUST02945,AG030,Motor,North,2023-10-08,2024-10-07,10203,214263,Expired
POL008545,CUST02188,AG011,Motor,North,2026-05-24,2027-05-24,29222,1724098,Renewed
POL008546,CUST00606,AG052,Commercial Property,North,2026-03-01,2027-03-01,298609,13736014,Active
POL008547,CUST00609,AG033,Marine,South,2026-03-04,2027-03-04,161113,8861215,Expired
POL008548,CUST00392,AG006,Commercial Property,East,2026-04-14,2027-04-14,361622,15188124,Cancelled
POL008549,CUST01627,AG053,Motor,West,2026-06-05,2027-06-05,25530,1710510,Cancelled
POL008550,CUST01680,AG119,Home,North,2025-05-23,2026-05-23,22611,1130550,Renewed
POL008551,CUST01082,AG023,Travel,East,2025-09-17,2026-09-17,3692,147680,Lapsed
POL008552,CUST02900,AG002,Marine,South,2023-10-03,2024-10-02,101624,2032480,Renewed
POL008553,CUST01801,AG070,Home,South,2023-10-23,2024-10-22,69785,2582045,Renewed
POL008554,CUST00823,AG094,Travel,South,2024-11-01,2025-11-01,16178,905968,Renewed
POL008555,CUST02452,AG071,Marine,South,2026-05-09,2027-05-09,191071,16432106,Expired
POL008556,CUST01766,AG052,Marine,North,2026-05-30,2027-05-30,135933,2854593,Renewed
POL008557,CUST01173,AG041,Home,East,2023-08-10,2024-08-09,59156,4555012,Cancelled
POL008558,CUST00136,AG068,Marine,North,2025-08-22,2026-08-22,180923,13026456,Active
POL008559,CUST00361,AG111,Marine,East,2023-12-05,2024-12-04,40000,2280000,Lapsed
POL008560,CUST01565,AG012,Travel,West,2024-10-02,2025-10-02,10718,921748,Lapsed
POL008561,CUST01566,AG112,Motor,South,2024-12-03,2025-12-03,23719,1897520,Cancelled
POL008562,CUST02507,AG026,Marine,North,2024-11-07,2025-11-07,192657,16761159,Lapsed
POL008563,CUST01937,AG030,Commercial Property,South,2024-07-15,2025-07-15,697534,49524914,Renewed
POL008564,CUST00834,AG013,Commercial Property,North,2025-04-10,2026-04-10,230743,12229379,Expired
POL008565,CUST00043,AG036,Motor,North,2025-04-25,2026-04-25,16638,881814,Cancelled
POL008566,CUST00299,AG109,Marine,North,2024-02-01,2025-01-31,54002,1890070,Expired
POL008567,CUST02891,AG046,Marine,West,2025-08-30,2026-08-30,138549,9975528,Active
POL008568,CUST00289,AG075,Motor,South,2024-07-12,2025-07-12,17526,823722,Renewed
POL008569,CUST01943,AG065,Home,South,2024-02-15,2025-02-14,46756,4488576,Renewed
POL008570,CUST00463,AG120,Travel,West,2025-03-02,2026-03-02,14739,766428,Lapsed
POL008571,CUST02475,AG005,Home,East,2026-04-16,2027-04-16,8479,186538,Cancelled
POL008572,CUST01678,AG050,Motor,North,2026-03-23,2027-03-23,20789,1538386,Active
POL008573,CUST01500,AG015,Motor,South,2024-09-24,2025-09-24,7582,636888,Lapsed
POL008574,CUST00237,AG014,Commercial Property,South,2024-10-15,2025-10-15,123878,3716340,Active
POL008575,CUST02394,AG061,Travel,North,2026-03-05,2027-03-05,18404,883392,Renewed
POL008576,CUST01445,AG015,Motor,West,2025-12-25,2026-12-25,12537,1178478,Cancelled
POL008577,CUST01772,AG109,Motor,South,2026-05-04,2027-05-04,13349,827638,Active
POL008578,CUST02565,AG089,Commercial Property,North,2023-11-02,2024-11-01,904328,58781320,Renewed
POL008579,CUST02240,AG099,Commercial Property,East,2026-07-17,2027-07-17,896472,80682480,Cancelled
POL008580,CUST00719,AG002,Travel,North,2024-04-05,2025-04-05,12585,314625,Cancelled
POL008581,CUST00907,AG105,Marine,North,2025-05-20,2026-05-20,66224,4635680,Cancelled
POL008582,CUST00937,AG004,Travel,East,2025-08-04,2026-08-04,9413,367107,Renewed
POL008583,CUST01789,AG014,Commercial Property,North,2025-10-20,2026-10-20,957342,95734200,Lapsed
POL008584,CUST01099,AG066,Marine,North,2025-07-09,2026-07-09,117893,5305185,Cancelled
POL008585,CUST01408,AG040,Marine,West,2026-08-05,2027-08-05,161116,4511248,Expired
POL008586,CUST01948,AG072,Home,North,2025-01-23,2026-01-23,52711,1528619,Lapsed
POL008587,CUST02244,AG111,Marine,South,2025-07-21,2026-07-21,116630,6181390,Renewed
POL008588,CUST02031,AG034,Travel,East,2023-09-11,2024-09-10,17381,938574,Cancelled
POL008589,CUST02132,AG017,Home,North,2023-12-05,2024-12-04,67877,3054465,Renewed
POL008590,CUST01949,AG085,Home,West,2024-09-08,2025-09-08,55676,3173532,Active
POL008591,CUST01971,AG084,Marine,North,2024-12-17,2025-12-17,38809,1901641,Expired
POL008592,CUST01264,AG024,Home,South,2024-10-20,2025-10-20,15205,334510,Active
POL008593,CUST01673,AG024,Home,West,2025-09-27,2026-09-27,53038,4296078,Cancelled
POL008594,CUST02448,AG029,Travel,South,2024-06-03,2025-06-03,10645,404510,Renewed
POL008595,CUST00546,AG055,Travel,East,2024-11-25,2025-11-25,2673,61479,Renewed
POL008596,CUST00404,AG056,Marine,North,2024-08-07,2025-08-07,191104,4395392,Active
POL008597,CUST00805,AG054,Home,East,2026-05-20,2027-05-20,57843,1214703,Lapsed
POL008598,CUST01468,AG090,Home,West,2025-10-31,2026-10-31,15282,1329534,Cancelled
POL008599,CUST00284,AG103,Commercial Property,West,2025-06-02,2026-06-02,597465,14936625,Lapsed
POL008600,CUST01489,AG048,Home,North,2025-06-17,2026-06-17,41571,1787553,Expired
POL008601,CUST01718,AG023,Motor,South,2024-03-13,2025-03-13,20797,1476587,Lapsed
POL008602,CUST00037,AG114,Marine,North,2026-05-16,2027-05-16,161035,8856925,Cancelled
POL008603,CUST02710,AG027,Commercial Property,West,2024-07-13,2025-07-13,475517,18069646,Lapsed
POL008604,CUST02518,AG076,Motor,North,2023-12-05,2024-12-04,8142,716496,Lapsed
POL008605,CUST00750,AG048,Home,West,2024-11-04,2025-11-04,40133,2929709,Renewed
POL008606,CUST01082,AG099,Motor,East,2026-05-24,2027-05-24,14968,359232,Expired
POL008607,CUST00466,AG085,Marine,South,2026-02-25,2027-02-25,52997,1854895,Cancelled
POL008608,CUST01203,AG012,Home,South,2024-08-09,2025-08-09,16071,1060686,Expired
POL008609,CUST02335,AG105,Travel,West,2025-02-21,2026-02-21,12769,549067,Cancelled
POL008610,CUST01821,AG046,Home,South,2025-03-23,2026-03-23,18769,1745517,Cancelled
POL008611,CUST02227,AG080,Travel,West,2026-06-09,2027-06-09,6817,497641,Active
POL008612,CUST00737,AG067,Commercial Property,West,2024-03-07,2025-03-07,755394,26438790,Renewed
POL008613,CUST01465,AG017,Motor,South,2025-07-18,2026-07-18,32979,1286181,Cancelled
POL008614,CUST02249,AG030,Home,North,2024-08-25,2025-08-25,65249,5872410,Lapsed
POL008615,CUST01672,AG022,Commercial Property,East,2024-05-14,2025-05-14,596035,25629505,Renewed
POL008616,CUST01054,AG018,Marine,North,2026-07-09,2027-07-09,128962,7866682,Active
POL008617,CUST01381,AG048,Marine,East,2025-10-22,2026-10-22,59888,5689360,Expired
POL008618,CUST02491,AG066,Home,East,2024-12-15,2025-12-15,45963,2941632,Active
POL008619,CUST01769,AG074,Marine,East,2026-06-19,2027-06-19,154617,11905509,Cancelled
POL008620,CUST00702,AG064,Home,East,2024-06-03,2025-06-03,22334,1675050,Renewed
POL008621,CUST00497,AG108,Motor,North,2025-08-02,2026-08-02,18212,1129144,Lapsed
POL008622,CUST00235,AG117,Travel,East,2023-12-11,2024-12-10,17542,1596322,Renewed
POL008623,CUST02989,AG091,Home,East,2024-08-04,2025-08-04,15971,1117970,Cancelled
POL008624,CUST00239,AG120,Marine,East,2024-12-25,2025-12-25,131568,3683904,Lapsed
POL008625,CUST01629,AG042,Travel,South,2025-06-07,2026-06-07,11917,1084447,Active
POL008626,CUST00063,AG045,Commercial Property,North,2026-01-03,2027-01-03,587673,28208304,Cancelled
POL008627,CUST02911,AG004,Travel,East,2025-08-01,2026-08-01,5971,274666,Active
POL008628,CUST02804,AG044,Travel,North,2023-10-09,2024-10-08,17402,957110,Expired
POL008629,CUST01931,AG120,Home,East,2025-05-23,2026-05-23,47297,3405384,Expired
POL008630,CUST02932,AG025,Commercial Property,East,2023-12-12,2024-12-11,708547,49598290,Cancelled
POL008631,CUST02725,AG011,Marine,West,2026-07-29,2027-07-29,128400,3081600,Lapsed
POL008632,CUST02566,AG082,Marine,South,2025-03-04,2026-03-04,42181,2151231,Cancelled
POL008633,CUST00224,AG018,Commercial Property,West,2025-01-30,2026-01-30,71065,4263900,Expired
POL008634,CUST01161,AG006,Motor,North,2024-08-23,2025-08-23,28679,1433950,Cancelled
POL008635,CUST01849,AG060,Marine,North,2025-03-04,2026-03-04,87509,4988013,Lapsed
POL008636,CUST02836,AG017,Marine,North,2025-09-18,2026-09-18,91619,5497140,Expired
POL008637,CUST01509,AG015,Motor,East,2025-05-29,2026-05-29,39071,1680053,Renewed
POL008638,CUST02692,AG058,Marine,North,2024-07-26,2025-07-26,176532,11298048,Cancelled
POL008639,CUST01130,AG026,Commercial Property,West,2024-07-03,2025-07-03,495216,11389968,Renewed
POL008640,CUST01953,AG108,Travel,South,2026-02-02,2027-02-02,2319,206391,Renewed
POL008641,CUST02089,AG010,Home,West,2026-01-30,2027-01-30,58005,4466385,Renewed
POL008642,CUST02292,AG095,Marine,East,2025-05-14,2026-05-14,158305,15038975,Active
POL008643,CUST01129,AG090,Motor,West,2025-04-12,2026-04-12,29830,2475890,Cancelled
POL008644,CUST00806,AG013,Home,South,2024-04-20,2025-04-20,46013,2990845,Active
POL008645,CUST02616,AG006,Commercial Property,West,2026-01-17,2027-01-17,211244,8238516,Expired
POL008646,CUST02249,AG030,Marine,South,2026-02-10,2027-02-10,180368,3968096,Expired
POL008647,CUST02300,AG079,Commercial Property,West,2025-06-18,2026-06-18,174665,17117170,Lapsed
POL008648,CUST01897,AG066,Home,South,2026-04-28,2027-04-28,63915,2364855,Renewed
POL008649,CUST01058,AG101,Commercial Property,South,2025-02-27,2026-02-27,884290,29181570,Lapsed
POL008650,CUST01414,AG076,Motor,North,2024-08-09,2025-08-09,8391,268512,Renewed
POL008651,CUST02624,AG015,Home,South,2024-11-05,2025-11-05,30032,660704,Cancelled
POL008652,CUST00179,AG116,Marine,North,2026-05-09,2027-05-09,159490,7815010,Active
POL008653,CUST02992,AG009,Marine,South,2024-04-04,2025-04-04,73058,6429104,Cancelled
POL008654,CUST01454,AG046,Marine,North,2026-07-10,2027-07-10,153765,8303310,Active
POL008655,CUST01296,AG019,Marine,East,2024-08-18,2025-08-18,118391,8405761,Cancelled
POL008656,CUST02739,AG032,Travel,East,2024-10-16,2025-10-16,7777,419958,Active
POL008657,CUST01123,AG069,Commercial Property,North,2025-05-21,2026-05-21,362407,17395536,Cancelled
POL008658,CUST00019,AG068,Travel,East,2026-04-08,2027-04-08,10806,345792,Active
POL008659,CUST00581,AG080,Home,West,2025-01-01,2026-01-01,23321,1679112,Active
POL008660,CUST02511,AG002,Commercial Property,South,2026-06-03,2027-06-03,517278,35692182,Cancelled
POL008661,CUST02229,AG096,Travel,South,2024-04-29,2025-04-29,2171,69472,Renewed
POL008662,CUST01912,AG021,Marine,East,2024-05-15,2025-05-15,43737,2186850,Active
POL008663,CUST02103,AG010,Commercial Property,East,2026-05-25,2027-05-25,700245,66523275,Lapsed
POL008664,CUST01129,AG082,Travel,South,2025-04-05,2026-04-05,9993,309783,Renewed
POL008665,CUST02458,AG011,Travel,East,2024-06-02,2025-06-02,1513,146761,Expired
POL008666,CUST02171,AG010,Motor,East,2024-08-20,2025-08-20,12931,349137,Lapsed
POL008667,CUST00554,AG039,Commercial Property,East,2023-10-28,2024-10-27,885133,77006571,Lapsed
POL008668,CUST00238,AG040,Home,West,2024-07-08,2025-07-08,16817,420425,Renewed
POL008669,CUST01519,AG050,Home,South,2025-03-09,2026-03-09,56082,5327790,Active
POL008670,CUST01161,AG038,Motor,South,2026-05-26,2027-05-26,29167,2275026,Lapsed
POL008671,CUST00026,AG015,Commercial Property,East,2024-09-08,2025-09-08,778913,31156520,Active
POL008672,CUST01682,AG116,Commercial Property,South,2026-07-20,2027-07-20,121610,5350840,Cancelled
POL008673,CUST00493,AG068,Travel,North,2024-07-21,2025-07-21,12948,647400,Lapsed
POL008674,CUST01943,AG085,Marine,South,2024-07-30,2025-07-30,129595,9330840,Active
POL008675,CUST00288,AG013,Commercial Property,West,2024-10-04,2025-10-04,722065,23106080,Active
POL008676,CUST01353,AG053,Commercial Property,East,2024-07-17,2025-07-17,749389,59951120,Lapsed
POL008677,CUST02813,AG078,Commercial Property,East,2025-08-26,2026-08-26,934687,25236549,Renewed
POL008678,CUST00762,AG083,Commercial Property,West,2026-02-14,2027-02-14,333666,10677312,Active
POL008679,CUST01766,AG052,Travel,South,2024-05-30,2025-05-30,2925,149175,Expired
POL008680,CUST00312,AG064,Motor,South,2023-08-15,2024-08-14,18678,1737054,Lapsed
POL008681,CUST00831,AG048,Marine,East,2023-08-09,2024-08-08,178251,15864339,Renewed
POL008682,CUST00569,AG035,Marine,East,2026-03-26,2027-03-26,72725,2036300,Renewed
POL008683,CUST00099,AG037,Marine,North,2025-10-24,2026-10-24,167118,12533850,Cancelled
POL008684,CUST01022,AG063,Motor,North,2024-06-21,2025-06-21,12545,326170,Lapsed
POL008685,CUST01588,AG106,Marine,West,2026-06-20,2027-06-20,56539,2826950,Active
POL008686,CUST01893,AG037,Marine,West,2024-06-07,2025-06-07,130404,6259392,Cancelled
POL008687,CUST00068,AG013,Marine,North,2024-06-14,2025-06-14,87521,6038949,Lapsed
POL008688,CUST02653,AG021,Marine,East,2024-01-09,2025-01-08,184593,10890987,Expired
POL008689,CUST02348,AG013,Marine,West,2023-10-14,2024-10-13,101138,2629588,Expired
POL008690,CUST02532,AG107,Travel,West,2026-05-24,2027-05-24,5832,128304,Renewed
POL008691,CUST00851,AG008,Travel,North,2025-03-08,2026-03-08,15213,791076,Cancelled
POL008692,CUST01871,AG083,Commercial Property,West,2024-02-28,2025-02-27,998995,31967840,Cancelled
POL008693,CUST00372,AG023,Travel,West,2024-10-03,2025-10-03,1201,108090,Active
POL008694,CUST00343,AG005,Motor,South,2026-05-19,2027-05-19,24637,517377,Lapsed
POL008695,CUST00901,AG052,Commercial Property,South,2023-11-25,2024-11-24,377645,23791635,Lapsed
POL008696,CUST01665,AG024,Marine,West,2026-01-08,2027-01-08,167381,8201669,Renewed
POL008697,CUST01960,AG009,Marine,East,2025-04-05,2026-04-05,183681,10102455,Renewed
POL008698,CUST00671,AG067,Commercial Property,East,2024-01-22,2025-01-21,403378,35900642,Expired
POL008699,CUST02122,AG006,Marine,North,2026-03-28,2027-03-28,73340,6747280,Expired
POL008700,CUST02384,AG061,Home,West,2025-09-20,2026-09-20,31780,2447060,Expired
POL008701,CUST02743,AG090,Commercial Property,West,2026-05-05,2027-05-05,896506,72616986,Cancelled
POL008702,CUST00149,AG047,Travel,West,2023-09-23,2024-09-22,10087,605220,Expired
POL008703,CUST00981,AG086,Travel,South,2024-09-22,2025-09-22,8086,234494,Expired
POL008704,CUST02729,AG026,Marine,North,2025-11-21,2026-11-21,124416,10202112,Renewed
POL008705,CUST02165,AG007,Motor,East,2024-03-20,2025-03-20,8133,561177,Cancelled
POL008706,CUST02576,AG001,Commercial Property,North,2025-11-20,2026-11-20,599593,49766219,Expired
POL008707,CUST02487,AG039,Home,South,2026-05-12,2027-05-12,26444,819764,Renewed
POL008708,CUST02558,AG026,Motor,South,2024-10-13,2025-10-13,19875,1947750,Expired
POL008709,CUST01202,AG048,Home,East,2026-02-07,2027-02-07,28904,2572456,Expired
POL008710,CUST01850,AG024,Marine,West,2025-05-20,2026-05-20,78528,1806144,Cancelled
POL008711,CUST02519,AG082,Home,South,2026-04-14,2027-04-14,29610,1983870,Active
POL008712,CUST01897,AG089,Commercial Property,East,2026-02-28,2027-02-28,599220,20373480,Expired
POL008713,CUST01098,AG028,Commercial Property,East,2025-11-29,2026-11-29,433899,19525455,Renewed
POL008714,CUST00005,AG078,Travel,East,2026-05-01,2027-05-01,9065,625485,Renewed
POL008715,CUST01761,AG071,Travel,South,2023-12-16,2024-12-15,11241,708183,Renewed
POL008716,CUST01448,AG001,Commercial Property,East,2024-11-09,2025-11-09,637082,57337380,Active
POL008717,CUST01702,AG084,Commercial Property,West,2024-06-16,2025-06-16,208827,12738447,Expired
POL008718,CUST01621,AG042,Commercial Property,East,2024-07-09,2025-07-09,661172,38347976,Expired
POL008719,CUST01496,AG054,Commercial Property,North,2024-04-05,2025-04-05,499656,42970416,Lapsed
POL008720,CUST01583,AG043,Travel,West,2026-01-03,2027-01-03,5527,359255,Lapsed
POL008721,CUST02651,AG080,Commercial Property,South,2024-09-28,2025-09-28,692434,35314134,Active
POL008722,CUST00344,AG055,Marine,South,2025-10-22,2026-10-22,22339,1608408,Cancelled
POL008723,CUST01128,AG049,Home,South,2024-03-11,2025-03-11,60947,3839661,Renewed
POL008724,CUST01619,AG119,Marine,North,2025-05-14,2026-05-14,96326,4142018,Cancelled
POL008725,CUST00058,AG031,Home,North,2024-06-04,2025-06-04,65693,3416036,Active
POL008726,CUST01362,AG097,Motor,East,2023-10-22,2024-10-21,33158,1823690,Active
POL008727,CUST01392,AG087,Home,North,2025-11-29,2026-11-29,60152,3609120,Expired
POL008728,CUST01170,AG068,Marine,North,2025-09-10,2026-09-10,100045,2200990,Cancelled
POL008729,CUST00871,AG029,Motor,North,2026-02-06,2027-02-06,24854,2361130,Cancelled
POL008730,CUST01901,AG114,Motor,East,2024-12-10,2025-12-10,34820,2924880,Active
POL008731,CUST02682,AG046,Commercial Property,South,2023-11-19,2024-11-18,920620,41427900,Active
POL008732,CUST00599,AG009,Travel,South,2025-12-24,2026-12-24,12888,773280,Renewed
POL008733,CUST01815,AG081,Home,South,2025-12-24,2026-12-24,24949,1571787,Cancelled
POL008734,CUST02327,AG092,Marine,West,2024-12-11,2025-12-11,50867,1831212,Lapsed
POL008735,CUST02272,AG095,Commercial Property,West,2025-06-29,2026-06-29,998957,59937420,Renewed
POL008736,CUST00548,AG098,Commercial Property,South,2024-03-07,2025-03-07,409483,34396572,Renewed
POL008737,CUST02655,AG013,Travel,West,2026-04-05,2027-04-05,16467,1103289,Lapsed
POL008738,CUST01562,AG072,Marine,North,2024-02-23,2025-02-22,91896,5605656,Active
POL008739,CUST00582,AG004,Commercial Property,North,2026-07-20,2027-07-20,442592,20801824,Cancelled
POL008740,CUST01937,AG113,Motor,South,2026-03-26,2027-03-26,30836,2682732,Cancelled
POL008741,CUST02701,AG113,Marine,West,2025-07-12,2026-07-12,52155,4537485,Lapsed
POL008742,CUST02291,AG101,Home,West,2024-10-10,2025-10-10,9424,367536,Active
POL008743,CUST01801,AG049,Commercial Property,South,2025-05-05,2026-05-05,81876,3520668,Cancelled
POL008744,CUST01422,AG076,Commercial Property,West,2025-05-05,2026-05-05,160995,10142685,Active
POL008745,CUST00326,AG079,Travel,West,2026-04-05,2027-04-05,2694,223602,Active
POL008746,CUST00833,AG022,Home,North,2025-05-30,2026-05-30,68155,3271440,Cancelled
POL008747,CUST00667,AG013,Commercial Property,West,2025-03-20,2026-03-20,863446,39718516,Lapsed
POL008748,CUST00467,AG033,Travel,West,2023-10-12,2024-10-11,15418,894244,Lapsed
POL008749,CUST01366,AG103,Marine,North,2026-03-23,2027-03-23,84030,5882100,Lapsed
POL008750,CUST02061,AG036,Marine,East,2023-11-09,2024-11-08,132744,6371712,Lapsed
POL008751,CUST02314,AG096,Commercial Property,South,2025-12-04,2026-12-04,349241,31082449,Active
POL008752,CUST02609,AG066,Commercial Property,East,2025-04-19,2026-04-19,834544,83454400,Renewed
POL008753,CUST02157,AG054,Travel,South,2025-08-06,2026-08-06,1884,37680,Renewed
POL008754,CUST00854,AG021,Commercial Property,North,2024-01-16,2025-01-15,279284,18991312,Expired
POL008755,CUST01741,AG077,Motor,South,2026-01-27,2027-01-27,26783,2330121,Expired
POL008756,CUST02266,AG072,Travel,West,2024-04-19,2025-04-19,19892,1312872,Active
POL008757,CUST00605,AG100,Commercial Property,East,2025-04-16,2026-04-16,175758,14763672,Expired
POL008758,CUST00537,AG046,Travel,South,2025-11-29,2026-11-29,5889,500565,Lapsed
POL008759,CUST02753,AG120,Travel,North,2023-09-18,2024-09-17,2725,144425,Cancelled
POL008760,CUST02114,AG015,Marine,South,2025-11-18,2026-11-18,158316,14248440,Cancelled
POL008761,CUST02944,AG080,Marine,North,2024-08-19,2025-08-19,22989,1977054,Cancelled
POL008762,CUST02343,AG032,Motor,West,2024-11-19,2025-11-19,37909,2350358,Cancelled
POL008763,CUST00614,AG007,Motor,North,2024-07-29,2025-07-29,34699,3018813,Lapsed
POL008764,CUST02626,AG105,Home,South,2023-10-08,2024-10-07,37303,2051665,Cancelled
POL008765,CUST01212,AG096,Commercial Property,North,2026-02-09,2027-02-09,929798,65085860,Lapsed
POL008766,CUST00740,AG053,Motor,South,2024-12-19,2025-12-19,20615,1566740,Expired
POL008767,CUST00963,AG068,Travel,North,2025-08-06,2026-08-06,1303,44302,Cancelled
POL008768,CUST01197,AG096,Marine,North,2025-08-07,2026-08-07,140632,12656880,Active
POL008769,CUST02894,AG034,Marine,East,2024-04-05,2025-04-05,39095,3596740,Renewed
POL008770,CUST01243,AG074,Marine,East,2024-04-05,2025-04-05,30817,2095556,Cancelled
POL008771,CUST02004,AG032,Marine,East,2026-02-22,2027-02-22,25532,1710644,Active
POL008772,CUST02387,AG101,Motor,East,2025-05-05,2026-05-05,19321,1758211,Active
POL008773,CUST00013,AG075,Marine,West,2025-07-17,2026-07-17,174048,4003104,Renewed
POL008774,CUST02984,AG094,Motor,West,2024-08-21,2025-08-21,7200,612000,Active
POL008775,CUST00062,AG078,Motor,South,2024-04-02,2025-04-02,20941,711994,Active
POL008776,CUST02001,AG107,Commercial Property,North,2024-10-19,2025-10-19,535801,24646846,Cancelled
POL008777,CUST01668,AG071,Travel,West,2026-07-11,2027-07-11,12122,521246,Active
POL008778,CUST00108,AG026,Motor,West,2025-04-09,2026-04-09,8417,749113,Renewed
POL008779,CUST00625,AG026,Marine,South,2026-08-03,2027-08-03,169530,10171800,Cancelled
POL008780,CUST01807,AG064,Travel,West,2024-01-29,2025-01-28,18698,1795008,Expired
POL008781,CUST02386,AG025,Commercial Property,East,2024-01-07,2025-01-06,519617,40530126,Renewed
POL008782,CUST00165,AG017,Motor,South,2024-04-29,2025-04-29,29494,1533688,Renewed
POL008783,CUST00032,AG033,Motor,East,2026-07-17,2027-07-17,9953,846005,Cancelled
POL008784,CUST02388,AG051,Commercial Property,East,2024-03-30,2025-03-30,432125,35434250,Expired
POL008785,CUST01894,AG101,Commercial Property,West,2026-06-05,2027-06-05,457710,39820770,Lapsed
POL008786,CUST00874,AG075,Travel,South,2024-09-19,2025-09-19,13690,506530,Renewed
POL008787,CUST02788,AG025,Marine,West,2024-05-21,2025-05-21,86188,7325980,Active
POL008788,CUST02447,AG043,Travel,West,2026-03-09,2027-03-09,3737,93425,Cancelled
POL008789,CUST02662,AG013,Travel,East,2023-10-03,2024-10-02,10228,654592,Active
POL008790,CUST01583,AG017,Travel,East,2024-05-17,2025-05-17,5735,367040,Expired
POL008791,CUST01050,AG022,Commercial Property,West,2024-12-15,2025-12-15,320877,16685604,Lapsed
POL008792,CUST01172,AG050,Commercial Property,West,2025-09-04,2026-09-04,592161,16580508,Active
POL008793,CUST00023,AG114,Home,East,2026-03-10,2027-03-10,65108,2408996,Lapsed
POL008794,CUST00108,AG078,Commercial Property,North,2025-01-10,2026-01-10,190723,12587718,Renewed
POL008795,CUST02600,AG019,Home,East,2026-06-23,2027-06-23,64112,2179808,Cancelled
POL008796,CUST01731,AG085,Commercial Property,West,2025-01-26,2026-01-26,99607,7370918,Cancelled
POL008797,CUST01920,AG050,Travel,West,2023-08-19,2024-08-18,13967,307274,Renewed
POL008798,CUST00752,AG084,Commercial Property,East,2024-10-26,2025-10-26,824786,52786304,Lapsed
POL008799,CUST00508,AG049,Commercial Property,East,2025-08-24,2026-08-24,338491,18955496,Lapsed
POL008800,CUST02286,AG008,Travel,East,2024-11-02,2025-11-02,1932,156492,Renewed
POL008801,CUST01338,AG050,Commercial Property,North,2026-01-08,2027-01-08,294767,8843010,Cancelled
POL008802,CUST02669,AG055,Commercial Property,East,2024-03-20,2025-03-20,177072,13811616,Renewed
POL008803,CUST00879,AG035,Marine,West,2025-02-26,2026-02-26,38449,1230368,Active
POL008804,CUST02958,AG095,Travel,North,2023-08-08,2024-08-07,5401,275451,Cancelled
POL008805,CUST01982,AG009,Marine,West,2024-07-23,2025-07-23,152808,12224640,Renewed
POL008806,CUST02458,AG076,Marine,North,2025-12-07,2026-12-07,90253,3068602,Expired
POL008807,CUST02117,AG075,Motor,West,2026-06-12,2027-06-12,9997,429871,Lapsed
POL008808,CUST00613,AG120,Home,West,2024-08-09,2025-08-09,64408,2833952,Cancelled
POL008809,CUST00582,AG064,Travel,East,2023-08-26,2024-08-25,5028,311736,Cancelled
POL008810,CUST02121,AG097,Motor,North,2026-07-09,2027-07-09,32629,2838723,Expired
POL008811,CUST00463,AG075,Marine,West,2024-05-10,2025-05-10,159526,4626254,Active
POL008812,CUST02059,AG015,Motor,West,2024-04-05,2025-04-05,38051,1598142,Cancelled
POL008813,CUST02570,AG032,Commercial Property,East,2023-09-30,2024-09-29,335630,19466540,Cancelled
POL008814,CUST02947,AG109,Home,West,2024-11-16,2025-11-16,9501,532056,Lapsed
POL008815,CUST01868,AG076,Commercial Property,North,2025-01-13,2026-01-13,831646,54888636,Expired
POL008816,CUST01658,AG006,Marine,South,2024-05-15,2025-05-15,118790,6533450,Cancelled
POL008817,CUST02181,AG021,Home,South,2023-08-23,2024-08-22,55136,2260576,Active
POL008818,CUST02287,AG099,Marine,North,2024-06-11,2025-06-11,160442,15883758,Cancelled
POL008819,CUST02184,AG080,Travel,South,2024-01-30,2025-01-29,8573,505807,Active
POL008820,CUST01136,AG089,Commercial Property,West,2024-04-19,2025-04-19,456911,39294346,Renewed
POL008821,CUST00658,AG120,Marine,West,2023-08-15,2024-08-14,169020,8620020,Lapsed
POL008822,CUST00637,AG021,Marine,West,2025-02-11,2026-02-11,62719,5142958,Active
POL008823,CUST01390,AG057,Motor,North,2026-02-17,2027-02-17,14062,703100,Renewed
POL008824,CUST02495,AG023,Home,South,2026-01-06,2027-01-06,32318,1292720,Renewed
POL008825,CUST00492,AG002,Motor,West,2024-10-16,2025-10-16,35910,2190510,Expired
POL008826,CUST00085,AG112,Travel,North,2026-07-08,2027-07-08,18324,1099440,Expired
POL008827,CUST02164,AG036,Home,West,2025-02-25,2026-02-25,30005,2310385,Lapsed
POL008828,CUST01658,AG056,Marine,South,2025-09-14,2026-09-14,115711,6016972,Cancelled
POL008829,CUST00310,AG062,Marine,East,2025-05-25,2026-05-25,142206,12229716,Renewed
POL008830,CUST00702,AG103,Commercial Property,South,2024-11-11,2025-11-11,422848,26216576,Renewed
POL008831,CUST02931,AG078,Marine,South,2025-05-15,2026-05-15,94391,6607370,Renewed
POL008832,CUST00072,AG118,Commercial Property,North,2024-01-23,2025-01-22,58593,4746033,Expired
POL008833,CUST01375,AG110,Motor,South,2024-11-17,2025-11-17,30858,1512042,Lapsed
POL008834,CUST01673,AG098,Home,North,2024-07-18,2025-07-18,15085,844760,Expired
POL008835,CUST01196,AG075,Commercial Property,East,2025-08-29,2026-08-29,537588,26341812,Cancelled
POL008836,CUST01521,AG067,Marine,East,2025-11-01,2026-11-01,180297,14423760,Renewed
POL008837,CUST00243,AG079,Travel,West,2026-07-21,2027-07-21,19355,1838725,Lapsed
POL008838,CUST01738,AG115,Home,East,2024-09-01,2025-09-01,53895,1940220,Lapsed
POL008839,CUST02008,AG058,Home,North,2026-02-02,2027-02-02,68371,2461356,Expired
POL008840,CUST00762,AG005,Motor,West,2024-01-27,2025-01-26,33205,1693455,Active
POL008841,CUST01279,AG105,Marine,North,2024-05-16,2025-05-16,142154,6254776,Active
POL008842,CUST01481,AG088,Marine,West,2025-05-27,2026-05-27,24955,573965,Expired
POL008843,CUST01642,AG006,Marine,North,2026-01-24,2027-01-24,73255,4175535,Active
POL008844,CUST00995,AG019,Motor,North,2024-12-22,2025-12-22,13941,1268631,Active
POL008845,CUST01121,AG041,Motor,West,2026-01-16,2027-01-16,25640,2230680,Active
POL008846,CUST00418,AG098,Commercial Property,West,2024-11-30,2025-11-30,467900,17780200,Cancelled
POL008847,CUST00972,AG032,Home,South,2026-07-03,2027-07-03,36668,2566760,Renewed
POL008848,CUST01298,AG022,Motor,East,2025-11-28,2026-11-28,17749,1011693,Lapsed
POL008849,CUST00835,AG058,Motor,East,2025-04-15,2026-04-15,24159,748929,Cancelled
POL008850,CUST02852,AG039,Home,East,2026-07-08,2027-07-08,47027,2962701,Cancelled
POL008851,CUST01305,AG040,Commercial Property,South,2025-12-30,2026-12-30,868096,69447680,Expired
POL008852,CUST01648,AG049,Travel,East,2025-01-19,2026-01-19,8773,552699,Expired
POL008853,CUST00581,AG066,Motor,South,2026-05-02,2027-05-02,25892,543732,Cancelled
POL008854,CUST01513,AG081,Marine,South,2024-11-08,2025-11-08,74011,4588682,Renewed
POL008855,CUST01398,AG040,Motor,North,2024-12-03,2025-12-03,11672,945432,Lapsed
POL008856,CUST02083,AG098,Home,West,2025-04-21,2026-04-21,64473,2449974,Renewed
POL008857,CUST02865,AG013,Home,South,2024-08-29,2025-08-29,60307,5487937,Lapsed
POL008858,CUST02457,AG100,Commercial Property,North,2023-10-28,2024-10-27,418641,12140589,Expired
POL008859,CUST00596,AG033,Marine,West,2026-07-24,2027-07-24,70386,1689264,Expired
POL008860,CUST01156,AG102,Motor,East,2026-02-03,2027-02-03,8645,821275,Expired
POL008861,CUST02903,AG011,Motor,East,2025-02-19,2026-02-19,11042,1071074,Active
POL008862,CUST02229,AG094,Marine,East,2025-06-17,2026-06-17,59997,1619919,Renewed
POL008863,CUST01746,AG025,Marine,South,2026-04-08,2027-04-08,165883,7630618,Expired
POL008864,CUST01893,AG112,Motor,North,2025-04-07,2026-04-07,17224,465048,Active
POL008865,CUST02692,AG015,Travel,South,2023-10-20,2024-10-19,7285,152985,Active
POL008866,CUST00164,AG111,Home,West,2025-04-27,2026-04-27,13585,964535,Cancelled
POL008867,CUST00796,AG079,Travel,East,2024-09-01,2025-09-01,13963,1019299,Active
POL008868,CUST00928,AG038,Motor,North,2026-05-16,2027-05-16,36475,875400,Expired
POL008869,CUST01131,AG094,Travel,North,2024-01-26,2025-01-25,14149,1245112,Cancelled
POL008870,CUST00281,AG065,Marine,West,2025-02-02,2026-02-02,33241,1894737,Renewed
POL008871,CUST01850,AG063,Marine,North,2024-02-13,2025-02-12,54039,2269638,Renewed
POL008872,CUST00937,AG087,Motor,East,2024-12-04,2025-12-04,33285,1697535,Active
POL008873,CUST02225,AG070,Marine,West,2025-05-23,2026-05-23,93437,4578413,Cancelled
POL008874,CUST02263,AG038,Commercial Property,West,2026-07-21,2027-07-21,599754,35385486,Cancelled
POL008875,CUST00908,AG015,Motor,South,2026-03-22,2027-03-22,28974,1129986,Lapsed
POL008876,CUST01530,AG023,Marine,East,2024-07-18,2025-07-18,79474,7550030,Cancelled
POL008877,CUST01537,AG058,Travel,South,2026-07-03,2027-07-03,1320,56760,Lapsed
POL008878,CUST00845,AG031,Home,East,2026-01-20,2027-01-20,63082,1955542,Active
POL008879,CUST00571,AG016,Home,South,2025-03-10,2026-03-10,66692,5068592,Renewed
POL008880,CUST01094,AG047,Commercial Property,West,2024-02-19,2025-02-18,725545,29747345,Expired
POL008881,CUST02179,AG036,Motor,East,2026-05-16,2027-05-16,36482,2407812,Cancelled
POL008882,CUST02120,AG015,Marine,South,2025-06-22,2026-06-22,77532,5582304,Expired
POL008883,CUST02144,AG016,Motor,North,2024-05-01,2025-05-01,39114,2542410,Lapsed
POL008884,CUST02117,AG062,Marine,West,2025-04-17,2026-04-17,137182,12620744,Lapsed
POL008885,CUST00554,AG083,Travel,West,2025-01-27,2026-01-27,3976,306152,Lapsed
POL008886,CUST01757,AG026,Travel,South,2026-03-28,2027-03-28,9318,596352,Lapsed
POL008887,CUST01438,AG050,Marine,South,2024-05-21,2025-05-21,35428,2161108,Renewed
POL008888,CUST02450,AG082,Travel,North,2024-06-04,2025-06-04,5584,228944,Renewed
POL008889,CUST01607,AG043,Commercial Property,East,2026-03-11,2027-03-11,665990,50615240,Lapsed
POL008890,CUST00798,AG015,Motor,West,2024-01-02,2025-01-01,12303,639756,Active
POL008891,CUST02127,AG013,Marine,North,2024-07-27,2025-07-27,111686,4914184,Renewed
POL008892,CUST00071,AG111,Motor,South,2024-11-25,2025-11-25,33086,2084418,Lapsed
POL008893,CUST01168,AG116,Home,North,2025-06-15,2026-06-15,64723,1812244,Lapsed
POL008894,CUST02611,AG006,Motor,East,2023-12-18,2024-12-17,32087,2566960,Active
POL008895,CUST02936,AG033,Marine,North,2025-02-05,2026-02-05,151659,11071107,Cancelled
POL008896,CUST00608,AG065,Travel,South,2025-11-23,2026-11-23,15644,1376672,Cancelled
POL008897,CUST01536,AG049,Home,East,2025-02-27,2026-02-27,48587,3109568,Active
POL008898,CUST02026,AG083,Motor,West,2023-09-25,2024-09-24,37839,3254154,Cancelled
POL008899,CUST02476,AG087,Motor,South,2025-06-03,2026-06-03,12171,754602,Expired
POL008900,CUST00112,AG034,Home,East,2024-03-10,2025-03-10,41229,1525473,Renewed
POL008901,CUST00555,AG095,Travel,South,2025-09-22,2026-09-22,13710,795180,Lapsed
POL008902,CUST02525,AG057,Marine,West,2024-04-23,2025-04-23,183786,13416378,Lapsed
POL008903,CUST00241,AG027,Home,East,2025-04-06,2026-04-06,50582,3136084,Expired
POL008904,CUST00050,AG061,Travel,South,2025-02-05,2026-02-05,2861,257490,Cancelled
POL008905,CUST00946,AG012,Marine,South,2024-05-03,2025-05-03,32324,1939440,Expired
POL008906,CUST02246,AG006,Commercial Property,North,2023-09-13,2024-09-12,819336,58172856,Expired
POL008907,CUST02446,AG115,Travel,West,2026-03-06,2027-03-06,17515,385330,Cancelled
POL008908,CUST00357,AG032,Marine,North,2025-07-27,2026-07-27,183581,14319318,Active
POL008909,CUST02094,AG049,Commercial Property,South,2023-12-11,2024-12-10,87609,4380450,Renewed
POL008910,CUST02564,AG063,Motor,North,2025-01-24,2026-01-24,15053,331166,Renewed
POL008911,CUST01061,AG069,Commercial Property,East,2026-06-12,2027-06-12,238395,20978760,Expired
POL008912,CUST02814,AG117,Motor,East,2026-02-11,2027-02-11,22971,620217,Cancelled
POL008913,CUST02088,AG002,Motor,North,2024-12-13,2025-12-13,5789,121569,Renewed
POL008914,CUST01430,AG089,Marine,East,2024-07-16,2025-07-16,142948,11578788,Renewed
POL008915,CUST00884,AG013,Marine,North,2024-10-25,2025-10-25,134630,6462240,Expired
POL008916,CUST01157,AG059,Motor,North,2026-03-11,2027-03-11,36857,1363709,Renewed
POL008917,CUST00939,AG106,Motor,South,2023-12-26,2024-12-25,13390,1272050,Cancelled
POL008918,CUST01787,AG120,Commercial Property,East,2023-10-12,2024-10-11,578571,57278529,Expired
POL008919,CUST00419,AG034,Marine,North,2024-06-13,2025-06-13,197542,14815650,Lapsed
POL008920,CUST02807,AG054,Commercial Property,West,2026-08-01,2027-08-01,263193,22371405,Renewed
POL008921,CUST01940,AG110,Travel,West,2024-07-10,2025-07-10,2300,181700,Cancelled
POL008922,CUST01052,AG102,Commercial Property,North,2025-11-11,2026-11-11,864700,75228900,Expired
POL008923,CUST00976,AG087,Marine,North,2024-06-17,2025-06-17,21358,1772714,Renewed
POL008924,CUST02975,AG036,Marine,West,2024-03-25,2025-03-25,132944,9439024,Renewed
POL008925,CUST01856,AG055,Home,East,2025-07-13,2026-07-13,56870,4037770,Cancelled
POL008926,CUST01148,AG043,Marine,North,2024-12-25,2025-12-25,177334,14009386,Active
POL008927,CUST02918,AG049,Motor,South,2023-12-01,2024-11-30,23217,1578756,Lapsed
POL008928,CUST01868,AG020,Motor,East,2024-09-06,2025-09-06,9738,584280,Lapsed
POL008929,CUST01776,AG086,Marine,West,2024-04-13,2025-04-13,121005,10285425,Cancelled
POL008930,CUST00739,AG030,Home,North,2026-07-08,2027-07-08,53209,4256720,Renewed
POL008931,CUST00279,AG030,Travel,South,2024-09-25,2025-09-25,3785,261165,Cancelled
POL008932,CUST02319,AG078,Marine,East,2025-02-27,2026-02-27,131344,10770208,Lapsed
POL008933,CUST02922,AG120,Commercial Property,East,2025-11-06,2026-11-06,121690,4989290,Cancelled
POL008934,CUST02134,AG103,Marine,East,2024-07-28,2025-07-28,68703,3366447,Active
POL008935,CUST00398,AG094,Marine,South,2026-05-17,2027-05-17,29745,2706795,Expired
POL008936,CUST02665,AG113,Travel,South,2025-02-11,2026-02-11,17442,1517454,Renewed
POL008937,CUST02146,AG047,Motor,West,2026-01-29,2027-01-29,9464,558376,Lapsed
POL008938,CUST00664,AG095,Travel,East,2025-05-29,2026-05-29,1993,53811,Lapsed
POL008939,CUST01651,AG049,Commercial Property,North,2024-08-04,2025-08-04,341880,18803400,Expired
POL008940,CUST01211,AG089,Marine,East,2023-08-21,2024-08-20,64512,3032064,Active
POL008941,CUST02047,AG082,Travel,North,2024-03-25,2025-03-25,15669,517077,Cancelled
POL008942,CUST00891,AG111,Travel,East,2025-02-24,2026-02-24,16068,1205100,Renewed
POL008943,CUST00062,AG115,Motor,North,2024-01-26,2025-01-25,35139,1440699,Renewed
POL008944,CUST01590,AG010,Commercial Property,East,2025-08-29,2026-08-29,745895,23868640,Active
POL008945,CUST00497,AG033,Travel,South,2025-01-11,2026-01-11,19063,1391599,Cancelled
POL008946,CUST00142,AG001,Home,East,2025-09-28,2026-09-28,13337,413447,Expired
POL008947,CUST02927,AG040,Motor,South,2023-09-16,2024-09-15,37947,3301389,Active
POL008948,CUST00588,AG113,Travel,South,2024-02-20,2025-02-19,3313,308109,Expired
POL008949,CUST01922,AG033,Marine,North,2025-02-26,2026-02-26,63259,4238353,Renewed
POL008950,CUST00144,AG052,Motor,South,2023-08-31,2024-08-30,32142,1253538,Active
POL008951,CUST01039,AG071,Commercial Property,West,2023-09-07,2024-09-06,449267,43129632,Renewed
POL008952,CUST02579,AG083,Motor,East,2024-11-19,2025-11-19,21371,512904,Active
POL008953,CUST00272,AG101,Commercial Property,West,2024-04-27,2025-04-27,80772,4119372,Expired
POL008954,CUST01465,AG062,Motor,South,2023-09-04,2024-09-03,24008,1512504,Active
POL008955,CUST02746,AG045,Motor,North,2024-03-28,2025-03-28,18832,1111088,Active
POL008956,CUST01531,AG013,Marine,West,2024-08-18,2025-08-18,167975,15453700,Renewed
POL008957,CUST02625,AG002,Marine,South,2025-09-14,2026-09-14,137957,12830001,Cancelled
POL008958,CUST01509,AG107,Motor,East,2024-08-17,2025-08-17,39026,3629418,Active
POL008959,CUST00740,AG085,Home,East,2025-02-19,2026-02-19,58511,2340440,Cancelled
POL008960,CUST02733,AG034,Commercial Property,North,2024-12-07,2025-12-07,664400,28569200,Lapsed
POL008961,CUST00486,AG095,Travel,South,2025-07-04,2026-07-04,3271,189718,Active
POL008962,CUST02586,AG004,Home,North,2026-05-10,2027-05-10,56137,3817316,Cancelled
POL008963,CUST00982,AG074,Home,West,2026-02-19,2027-02-19,40040,1361360,Renewed
POL008964,CUST00267,AG005,Motor,North,2026-07-19,2027-07-19,23957,1676990,Expired
POL008965,CUST00352,AG062,Commercial Property,West,2024-03-17,2025-03-17,260214,17954766,Active
POL008966,CUST00529,AG040,Motor,East,2024-06-23,2025-06-23,33870,1761240,Lapsed
POL008967,CUST00812,AG079,Motor,East,2025-07-12,2026-07-12,33426,2473524,Lapsed
POL008968,CUST00353,AG032,Marine,East,2023-11-12,2024-11-11,49741,1641453,Cancelled
POL008969,CUST00458,AG034,Commercial Property,West,2024-11-18,2025-11-18,399861,27190548,Expired
POL008970,CUST00465,AG108,Home,North,2024-04-06,2025-04-06,58726,5285340,Lapsed
POL008971,CUST02946,AG053,Home,South,2023-12-30,2024-12-29,34028,2858352,Cancelled
POL008972,CUST00391,AG089,Home,North,2024-02-11,2025-02-10,57690,3172950,Expired
POL008973,CUST00050,AG021,Travel,West,2025-11-05,2026-11-05,15070,828850,Renewed
POL008974,CUST02354,AG073,Travel,West,2026-01-18,2027-01-18,2523,196794,Active
POL008975,CUST02676,AG099,Commercial Property,South,2026-05-01,2027-05-01,510572,18380592,Expired
POL008976,CUST02637,AG013,Marine,South,2024-11-28,2025-11-28,158567,15539566,Renewed
POL008977,CUST01369,AG010,Home,North,2026-07-04,2027-07-04,17390,1199910,Lapsed
POL008978,CUST02331,AG007,Travel,South,2025-01-29,2026-01-29,10895,936970,Active
POL008979,CUST02847,AG083,Marine,West,2026-01-20,2027-01-20,90304,3973376,Active
POL008980,CUST01608,AG070,Commercial Property,North,2025-10-25,2026-10-25,650379,62436384,Cancelled
POL008981,CUST01813,AG022,Marine,West,2024-12-09,2025-12-09,182778,12977238,Active
POL008982,CUST01408,AG018,Travel,North,2026-06-06,2027-06-06,15502,1395180,Cancelled
POL008983,CUST01902,AG015,Motor,South,2026-08-02,2027-08-02,13440,672000,Renewed
POL008984,CUST01054,AG031,Home,East,2024-07-07,2025-07-07,68471,4176731,Lapsed
POL008985,CUST00375,AG028,Marine,West,2024-05-03,2025-05-03,146944,8669696,Cancelled
POL008986,CUST01958,AG049,Motor,East,2023-09-06,2024-09-05,21095,1118035,Cancelled
POL008987,CUST01594,AG060,Travel,West,2023-12-05,2024-12-04,13269,1127865,Renewed
POL008988,CUST02822,AG079,Home,East,2026-06-28,2027-06-28,31107,746568,Lapsed
POL008989,CUST00741,AG020,Travel,North,2025-10-23,2026-10-23,18048,1425792,Expired
POL008990,CUST01382,AG113,Marine,East,2025-02-20,2026-02-20,100488,5024400,Cancelled
POL008991,CUST01615,AG092,Motor,North,2025-06-14,2026-06-14,8106,591738,Cancelled
POL008992,CUST02844,AG099,Travel,North,2025-02-01,2026-02-01,16379,1244804,Cancelled
POL008993,CUST00733,AG113,Home,East,2025-06-26,2026-06-26,37026,3406392,Lapsed
POL008994,CUST01173,AG023,Motor,West,2024-12-06,2025-12-06,26498,741944,Renewed
POL008995,CUST02015,AG064,Commercial Property,East,2025-07-05,2026-07-05,415962,16222518,Active
POL008996,CUST01677,AG011,Commercial Property,West,2024-12-18,2025-12-18,304535,22840125,Cancelled
POL008997,CUST02976,AG017,Marine,West,2024-02-08,2025-02-07,178719,5182851,Renewed
POL008998,CUST00554,AG090,Motor,North,2024-12-17,2025-12-17,27247,2070772,Lapsed
POL008999,CUST01473,AG031,Motor,North,2025-07-30,2026-07-30,21143,1712583,Active
POL009000,CUST00993,AG056,Marine,South,2026-02-14,2027-02-14,125056,5127296,Renewed
POL009001,CUST02138,AG044,Marine,East,2025-01-25,2026-01-25,53905,3503825,Renewed
POL009002,CUST01835,AG027,Marine,South,2026-07-08,2027-07-08,57850,1272700,Expired
POL009003,CUST00153,AG066,Home,West,2024-04-27,2025-04-27,23733,1827441,Cancelled
POL009004,CUST00148,AG097,Marine,North,2024-09-02,2025-09-02,171273,10276380,Active
POL009005,CUST01871,AG033,Travel,West,2024-06-12,2025-06-12,19035,1827360,Cancelled
POL009006,CUST01146,AG008,Marine,South,2024-12-09,2025-12-09,155260,12576060,Expired
POL009007,CUST00719,AG052,Motor,North,2024-07-13,2025-07-13,33971,2751651,Active
POL009008,CUST01721,AG028,Marine,East,2025-10-24,2026-10-24,166914,9514098,Lapsed
POL009009,CUST00220,AG025,Travel,East,2024-04-27,2025-04-27,5330,122590,Lapsed
POL009010,CUST01765,AG066,Marine,South,2024-10-13,2025-10-13,114192,3083184,Expired
POL009011,CUST00998,AG032,Motor,South,2025-03-09,2026-03-09,21887,678497,Expired
POL009012,CUST02303,AG065,Home,West,2024-01-01,2024-12-31,41579,3284741,Active
POL009013,CUST02975,AG060,Home,East,2025-08-01,2026-08-01,28381,2270480,Expired
POL009014,CUST00909,AG041,Commercial Property,South,2023-09-28,2024-09-27,390341,37082395,Renewed
POL009015,CUST02354,AG002,Commercial Property,East,2026-01-24,2027-01-24,619669,39658816,Active
POL009016,CUST01994,AG049,Marine,South,2023-11-15,2024-11-14,153354,10274718,Renewed
POL009017,CUST00114,AG032,Marine,North,2024-09-21,2025-09-21,22942,1812418,Cancelled
POL009018,CUST02457,AG036,Motor,North,2024-02-21,2025-02-20,33444,3009960,Cancelled
POL009019,CUST00774,AG061,Motor,South,2025-07-21,2026-07-21,11546,912134,Cancelled
POL009020,CUST01799,AG081,Home,East,2026-02-10,2027-02-10,59661,4951863,Cancelled
POL009021,CUST02869,AG033,Travel,East,2026-03-01,2027-03-01,18623,1340856,Lapsed
POL009022,CUST01545,AG066,Motor,North,2024-07-21,2025-07-21,30454,822258,Cancelled
POL009023,CUST01797,AG006,Home,East,2025-08-30,2026-08-30,37518,2551224,Cancelled
POL009024,CUST00349,AG050,Commercial Property,East,2026-04-19,2027-04-19,447004,28608256,Cancelled
POL009025,CUST01040,AG023,Home,South,2025-03-28,2026-03-28,49472,3660928,Cancelled
POL009026,CUST01701,AG115,Motor,West,2025-06-02,2026-06-02,33243,1662150,Cancelled
POL009027,CUST00429,AG096,Motor,East,2024-06-03,2025-06-03,36357,2908560,Lapsed
POL009028,CUST02243,AG104,Travel,West,2025-03-20,2026-03-20,10805,518640,Expired
POL009029,CUST01995,AG095,Home,South,2025-12-16,2026-12-16,23698,1113806,Renewed
POL009030,CUST00022,AG096,Motor,North,2025-06-17,2026-06-17,10423,740033,Active
POL009031,CUST02575,AG109,Marine,East,2024-04-09,2025-04-09,27786,2361810,Expired
POL009032,CUST02228,AG118,Home,North,2025-05-08,2026-05-08,58624,2403584,Renewed
POL009033,CUST00790,AG112,Marine,East,2025-10-05,2026-10-05,160539,8829645,Lapsed
POL009034,CUST02492,AG061,Motor,East,2025-11-27,2026-11-27,36270,834210,Lapsed
POL009035,CUST02991,AG022,Motor,South,2024-11-06,2025-11-06,26707,2670700,Lapsed
POL009036,CUST01929,AG020,Travel,North,2024-06-18,2025-06-18,3740,306680,Expired
POL009037,CUST02548,AG098,Home,South,2025-11-10,2026-11-10,46157,1477024,Active
POL009038,CUST01563,AG045,Home,North,2025-02-26,2026-02-26,58398,5255820,Lapsed
POL009039,CUST01727,AG111,Marine,South,2024-09-13,2025-09-13,81670,4736860,Cancelled
POL009040,CUST02286,AG110,Home,West,2026-05-14,2027-05-14,36515,985905,Active
POL009041,CUST00326,AG013,Home,West,2026-05-11,2027-05-11,20106,1447632,Renewed
POL009042,CUST00395,AG007,Motor,East,2023-09-07,2024-09-06,13523,1271162,Cancelled
POL009043,CUST01218,AG019,Commercial Property,West,2024-12-13,2025-12-13,799121,18379783,Renewed
POL009044,CUST00960,AG039,Travel,West,2024-02-24,2025-02-23,9871,839035,Cancelled
POL009045,CUST02716,AG055,Marine,South,2023-10-22,2024-10-21,168186,3700092,Lapsed
POL009046,CUST02354,AG024,Travel,East,2026-03-24,2027-03-24,19495,1130710,Expired
POL009047,CUST01707,AG021,Commercial Property,North,2026-01-09,2027-01-09,708022,66554068,Expired
POL009048,CUST02213,AG094,Commercial Property,South,2024-04-28,2025-04-28,561876,46635708,Expired
POL009049,CUST01954,AG034,Motor,South,2026-02-21,2027-02-21,25660,1308660,Expired
POL009050,CUST02401,AG057,Commercial Property,East,2024-06-17,2025-06-17,966063,84047481,Lapsed
POL009051,CUST00429,AG077,Travel,South,2024-07-26,2025-07-26,16154,1356936,Lapsed
POL009052,CUST01604,AG061,Commercial Property,West,2024-07-03,2025-07-03,264091,15053187,Renewed
POL009053,CUST01896,AG099,Home,South,2024-08-28,2025-08-28,24152,603800,Expired
POL009054,CUST01078,AG072,Travel,West,2025-10-27,2026-10-27,16369,425594,Expired
POL009055,CUST02536,AG115,Commercial Property,South,2026-04-10,2027-04-10,505126,11617898,Expired
POL009056,CUST00759,AG007,Marine,East,2025-01-27,2026-01-27,40171,3976929,Active
POL009057,CUST02150,AG003,Travel,North,2024-08-01,2025-08-01,19354,909638,Expired
POL009058,CUST02086,AG072,Travel,South,2025-05-26,2026-05-26,9163,238238,Lapsed
POL009059,CUST00610,AG025,Travel,South,2026-07-05,2027-07-05,6619,231665,Lapsed
POL009060,CUST01532,AG045,Motor,South,2025-10-30,2026-10-30,16687,800976,Lapsed
POL009061,CUST02991,AG091,Home,West,2025-04-18,2026-04-18,56680,5611320,Lapsed
POL009062,CUST02551,AG113,Travel,South,2026-02-22,2027-02-22,18476,923800,Lapsed
POL009063,CUST01287,AG078,Motor,East,2025-05-03,2026-05-03,14034,1305162,Expired
POL009064,CUST01003,AG115,Commercial Property,West,2026-06-26,2027-06-26,858304,78105664,Cancelled
POL009065,CUST02725,AG033,Marine,West,2024-10-25,2025-10-25,170623,6313051,Active
POL009066,CUST00492,AG073,Motor,East,2025-11-08,2026-11-08,27522,2256804,Lapsed
POL009067,CUST02417,AG006,Motor,East,2025-11-22,2026-11-22,11465,366880,Lapsed
POL009068,CUST01100,AG071,Motor,North,2023-12-28,2024-12-27,21669,1906872,Expired
POL009069,CUST01476,AG088,Motor,North,2023-09-23,2024-09-22,5276,432632,Expired
POL009070,CUST02684,AG117,Travel,West,2025-09-02,2026-09-02,19755,1659420,Renewed
POL009071,CUST02416,AG068,Motor,East,2024-12-07,2025-12-07,7635,427560,Expired
POL009072,CUST01159,AG005,Home,South,2024-07-14,2025-07-14,20998,1868822,Active
POL009073,CUST01010,AG013,Home,West,2024-03-16,2025-03-16,54495,1743840,Cancelled
POL009074,CUST02831,AG095,Motor,South,2024-10-17,2025-10-17,31696,1584800,Active
POL009075,CUST01053,AG030,Travel,West,2024-06-18,2025-06-18,8453,473368,Renewed
POL009076,CUST00454,AG119,Home,North,2025-04-14,2026-04-14,56705,2324905,Cancelled
POL009077,CUST02071,AG076,Motor,West,2024-12-13,2025-12-13,14617,906254,Cancelled
POL009078,CUST01016,AG114,Motor,East,2024-12-03,2025-12-03,36843,1510563,Active
POL009079,CUST01136,AG113,Commercial Property,South,2026-07-01,2027-07-01,649430,46758960,Lapsed
POL009080,CUST02119,AG054,Marine,East,2023-11-29,2024-11-28,73803,3837756,Expired
POL009081,CUST00890,AG086,Travel,North,2025-09-08,2026-09-08,3665,106285,Active
POL009082,CUST02285,AG095,Marine,South,2025-11-05,2026-11-05,128404,5906584,Active
POL009083,CUST01044,AG112,Home,South,2026-01-17,2027-01-17,17599,1425519,Renewed
POL009084,CUST00265,AG102,Commercial Property,West,2025-08-21,2026-08-21,63193,5497791,Cancelled
POL009085,CUST02736,AG079,Motor,West,2023-12-07,2024-12-06,36834,3057222,Renewed
POL009086,CUST00393,AG119,Motor,East,2025-05-27,2026-05-27,18964,1441264,Active
POL009087,CUST01208,AG038,Marine,North,2023-12-25,2024-12-24,93967,6671657,Expired
POL009088,CUST01247,AG054,Travel,East,2024-05-11,2025-05-11,16913,1200823,Lapsed
POL009089,CUST00241,AG102,Commercial Property,South,2024-04-14,2025-04-14,674861,43865965,Renewed
POL009090,CUST02661,AG054,Marine,South,2026-01-02,2027-01-02,65177,2932965,Active
POL009091,CUST00773,AG020,Motor,South,2025-09-07,2026-09-07,22917,481257,Active
POL009092,CUST00123,AG055,Travel,North,2026-07-09,2027-07-09,13609,802931,Active
POL009093,CUST00646,AG046,Home,West,2024-04-02,2025-04-02,8000,632000,Expired
POL009094,CUST01549,AG099,Home,North,2025-02-23,2026-02-23,15098,890782,Expired
POL009095,CUST02787,AG077,Travel,South,2023-08-29,2024-08-28,2252,164396,Cancelled
POL009096,CUST01135,AG031,Travel,West,2024-09-19,2025-09-19,7854,408408,Renewed
POL009097,CUST02108,AG012,Commercial Property,East,2025-02-04,2026-02-04,115741,10532431,Renewed
POL009098,CUST00789,AG024,Commercial Property,North,2025-06-25,2026-06-25,461855,45261790,Expired
POL009099,CUST01179,AG100,Home,West,2025-12-14,2026-12-14,16733,652587,Expired
POL009100,CUST00046,AG067,Marine,East,2024-09-02,2025-09-02,84026,5881820,Expired
POL009101,CUST01568,AG071,Home,South,2025-07-14,2026-07-14,36474,3173238,Expired
POL009102,CUST02990,AG021,Travel,North,2025-07-21,2026-07-21,12980,363440,Expired
POL009103,CUST00913,AG105,Travel,North,2024-04-13,2025-04-13,2480,74400,Renewed
POL009104,CUST02432,AG077,Marine,South,2025-03-15,2026-03-15,94709,8523810,Lapsed
POL009105,CUST02919,AG038,Motor,West,2024-07-01,2025-07-01,20444,838204,Renewed
POL009106,CUST01328,AG104,Home,East,2026-06-28,2027-06-28,27172,1793352,Renewed
POL009107,CUST00666,AG067,Marine,West,2023-12-30,2024-12-29,26020,2237720,Expired
POL009108,CUST02478,AG045,Marine,West,2024-11-11,2025-11-11,20163,1229943,Cancelled
POL009109,CUST01335,AG117,Marine,West,2025-03-23,2026-03-23,70851,3046593,Renewed
POL009110,CUST00215,AG120,Motor,East,2025-05-16,2026-05-16,17219,1033140,Renewed
POL009111,CUST00795,AG081,Home,East,2024-08-22,2025-08-22,36079,2489451,Active
POL009112,CUST02639,AG027,Home,West,2025-11-24,2026-11-24,16158,1308798,Expired
POL009113,CUST00011,AG089,Home,South,2025-12-16,2026-12-16,19914,1035528,Renewed
POL009114,CUST01775,AG065,Travel,West,2023-12-23,2024-12-22,6135,141105,Lapsed
POL009115,CUST02570,AG042,Travel,South,2025-04-20,2026-04-20,2535,103935,Expired
POL009116,CUST01109,AG081,Home,West,2026-03-31,2027-03-31,59951,4316472,Active
POL009117,CUST01322,AG014,Marine,South,2025-12-06,2026-12-06,110836,10418584,Renewed
POL009118,CUST01093,AG093,Travel,East,2025-06-05,2026-06-05,3667,308028,Active
POL009119,CUST00036,AG116,Marine,South,2024-03-04,2025-03-04,22801,1687274,Expired
POL009120,CUST00836,AG051,Motor,South,2025-10-28,2026-10-28,18797,939850,Lapsed
POL009121,CUST02462,AG008,Travel,South,2025-11-03,2026-11-03,18064,1047712,Cancelled
POL009122,CUST01133,AG047,Commercial Property,East,2024-04-09,2025-04-09,939797,74243963,Active
POL009123,CUST00044,AG033,Home,West,2026-04-07,2027-04-07,66596,1664900,Cancelled
POL009124,CUST01503,AG007,Marine,North,2025-04-26,2026-04-26,78281,5166546,Renewed
POL009125,CUST01954,AG113,Home,East,2026-03-14,2027-03-14,68245,4981885,Expired
POL009126,CUST02806,AG080,Home,West,2026-07-02,2027-07-02,18051,1227468,Active
POL009127,CUST02460,AG095,Travel,North,2026-01-15,2027-01-15,13535,1326430,Cancelled
POL009128,CUST00939,AG075,Home,East,2024-01-31,2025-01-30,47630,2762540,Renewed
POL009129,CUST01883,AG101,Marine,East,2023-11-14,2024-11-13,180337,16410667,Renewed
POL009130,CUST02048,AG026,Home,West,2024-03-12,2025-03-12,51622,2477856,Active
POL009131,CUST02599,AG059,Motor,West,2025-03-08,2026-03-08,14084,436604,Active
POL009132,CUST02988,AG009,Home,East,2026-01-15,2027-01-15,46848,1920768,Renewed
POL009133,CUST00852,AG113,Travel,South,2024-04-15,2025-04-15,16410,836910,Active
POL009134,CUST01746,AG065,Marine,North,2026-07-31,2027-07-31,178696,9113496,Expired
POL009135,CUST00687,AG029,Travel,South,2025-03-15,2026-03-15,4551,100122,Lapsed
POL009136,CUST01408,AG072,Motor,West,2025-05-30,2026-05-30,12252,575844,Active
POL009137,CUST01500,AG026,Travel,East,2024-06-06,2025-06-06,8544,580992,Lapsed
POL009138,CUST02865,AG090,Marine,South,2026-05-18,2027-05-18,55601,4892888,Renewed
POL009139,CUST00014,AG026,Marine,West,2025-10-11,2026-10-11,133140,3062220,Renewed
POL009140,CUST02862,AG058,Travel,East,2023-12-28,2024-12-27,4137,256494,Cancelled
POL009141,CUST02601,AG056,Marine,East,2025-12-06,2026-12-06,148164,7111872,Lapsed
POL009142,CUST00729,AG051,Motor,East,2024-07-01,2025-07-01,33504,1474176,Cancelled
POL009143,CUST01902,AG045,Commercial Property,North,2023-08-12,2024-08-11,80399,6110324,Renewed
POL009144,CUST01667,AG084,Travel,West,2025-02-26,2026-02-26,8377,167540,Active
POL009145,CUST02183,AG071,Commercial Property,East,2026-07-22,2027-07-22,146461,8055355,Expired
POL009146,CUST01573,AG073,Home,East,2023-11-08,2024-11-07,43247,1643386,Lapsed
POL009147,CUST00290,AG021,Motor,East,2024-01-08,2025-01-07,29552,2689232,Cancelled
POL009148,CUST00057,AG024,Commercial Property,South,2024-04-10,2025-04-10,983207,58009213,Active
POL009149,CUST01320,AG082,Home,West,2026-05-01,2027-05-01,21689,2168900,Lapsed
POL009150,CUST00515,AG050,Marine,East,2025-01-28,2026-01-28,30182,1629828,Cancelled
POL009151,CUST01169,AG068,Travel,South,2024-05-14,2025-05-14,16405,1181160,Cancelled
POL009152,CUST01512,AG048,Home,North,2026-04-07,2027-04-07,53513,2194033,Renewed
POL009153,CUST02064,AG083,Commercial Property,South,2023-10-30,2024-10-29,366993,7339860,Active
POL009154,CUST02060,AG117,Motor,South,2024-12-26,2025-12-26,10529,863378,Active
POL009155,CUST01562,AG032,Marine,North,2025-02-11,2026-02-11,141823,3120106,Renewed
POL009156,CUST01868,AG030,Commercial Property,North,2024-12-16,2025-12-16,664847,31247809,Lapsed
POL009157,CUST02854,AG092,Motor,East,2026-01-22,2027-01-22,20657,950222,Cancelled
POL009158,CUST01427,AG094,Motor,North,2024-11-16,2025-11-16,27418,2220858,Renewed
POL009159,CUST00104,AG117,Commercial Property,South,2024-07-05,2025-07-05,276601,25723893,Expired
POL009160,CUST02592,AG084,Home,West,2025-07-06,2026-07-06,31907,1595350,Lapsed
POL009161,CUST02265,AG078,Motor,East,2024-06-22,2025-06-22,23685,1515840,Cancelled
POL009162,CUST00839,AG061,Travel,North,2025-10-03,2026-10-03,11808,1074528,Cancelled
POL009163,CUST02536,AG028,Motor,South,2024-08-13,2025-08-13,15012,930744,Renewed
POL009164,CUST00465,AG038,Marine,West,2023-12-21,2024-12-20,114225,3540975,Active
POL009165,CUST00263,AG088,Marine,West,2025-01-11,2026-01-11,124738,6611114,Renewed
POL009166,CUST00005,AG070,Commercial Property,East,2024-07-09,2025-07-09,284009,9940315,Expired
POL009167,CUST00595,AG104,Motor,West,2023-09-30,2024-09-29,34508,3450800,Renewed
POL009168,CUST02645,AG014,Home,West,2025-12-25,2026-12-25,20056,1143192,Active
POL009169,CUST01405,AG102,Commercial Property,East,2024-10-17,2025-10-17,588554,17656620,Renewed
POL009170,CUST00127,AG017,Travel,West,2026-07-01,2027-07-01,14088,1155216,Renewed
POL009171,CUST02502,AG026,Commercial Property,East,2026-08-03,2027-08-03,145116,12334860,Active
POL009172,CUST01861,AG078,Motor,West,2024-08-16,2025-08-16,14367,1048791,Active
POL009173,CUST00068,AG080,Home,North,2024-11-21,2025-11-21,45606,2006664,Expired
POL009174,CUST00938,AG101,Motor,East,2024-09-28,2025-09-28,12403,1203091,Renewed
POL009175,CUST02556,AG111,Commercial Property,North,2024-07-09,2025-07-09,306104,23263904,Expired
POL009176,CUST01308,AG039,Home,South,2025-12-07,2026-12-07,19337,908839,Lapsed
POL009177,CUST00859,AG054,Motor,North,2025-09-08,2026-09-08,34905,2233920,Renewed
POL009178,CUST02976,AG033,Commercial Property,North,2026-01-29,2027-01-29,504093,48392928,Expired
POL009179,CUST00626,AG047,Home,West,2025-02-01,2026-02-01,24489,1346895,Active
POL009180,CUST00963,AG095,Motor,East,2024-09-27,2025-09-27,33388,3205248,Active
POL009181,CUST02041,AG101,Marine,South,2023-11-16,2024-11-15,132941,3988230,Expired
POL009182,CUST01594,AG099,Marine,South,2025-11-15,2026-11-15,172681,17268100,Lapsed
POL009183,CUST00638,AG112,Marine,East,2023-10-14,2024-10-13,122200,7087600,Active
POL009184,CUST00327,AG011,Marine,North,2023-08-24,2024-08-23,130666,11106610,Renewed
POL009185,CUST00488,AG109,Marine,North,2025-01-31,2026-01-31,88080,5813280,Cancelled
POL009186,CUST01639,AG111,Home,North,2024-11-18,2025-11-18,31250,1781250,Expired
POL009187,CUST02382,AG048,Marine,North,2026-04-16,2027-04-16,49770,995400,Cancelled
POL009188,CUST02825,AG056,Motor,West,2025-04-20,2026-04-20,30562,2017092,Active
POL009189,CUST01260,AG022,Marine,South,2026-02-15,2027-02-15,111058,3442798,Lapsed
POL009190,CUST00598,AG055,Marine,North,2025-05-16,2026-05-16,85317,5289654,Expired
POL009191,CUST02321,AG033,Home,West,2024-07-12,2025-07-12,35758,1501836,Active
POL009192,CUST01002,AG039,Travel,East,2026-04-03,2027-04-03,12365,1137580,Expired
POL009193,CUST02260,AG006,Home,East,2026-05-29,2027-05-29,29259,2282202,Expired
POL009194,CUST02234,AG069,Commercial Property,East,2025-12-01,2026-12-01,279748,27695052,Cancelled
POL009195,CUST00038,AG098,Motor,North,2025-05-22,2026-05-22,5385,360795,Active
POL009196,CUST01276,AG015,Motor,South,2023-09-16,2024-09-15,10551,327081,Cancelled
POL009197,CUST01469,AG060,Commercial Property,South,2025-10-23,2026-10-23,578912,44576224,Active
POL009198,CUST00116,AG045,Home,North,2025-07-05,2026-07-05,54360,1956960,Lapsed
POL009199,CUST02859,AG097,Marine,West,2026-07-27,2027-07-27,105426,5376726,Renewed
POL009200,CUST00212,AG079,Travel,West,2023-11-29,2024-11-28,19180,1496040,Expired
POL009201,CUST00564,AG109,Marine,East,2026-07-07,2027-07-07,105153,3890661,Active
POL009202,CUST01137,AG085,Marine,East,2024-11-18,2025-11-18,70300,3725900,Active
POL009203,CUST01867,AG042,Marine,East,2024-02-29,2025-02-28,88798,6659850,Expired
POL009204,CUST00435,AG001,Travel,North,2024-12-07,2025-12-07,5762,397578,Lapsed
POL009205,CUST00395,AG011,Travel,West,2025-01-30,2026-01-30,17983,485541,Lapsed
POL009206,CUST00763,AG028,Motor,South,2025-07-31,2026-07-31,17600,1214400,Cancelled
POL009207,CUST02144,AG082,Marine,North,2026-04-17,2027-04-17,133347,4133757,Renewed
POL009208,CUST01655,AG053,Travel,North,2025-10-09,2026-10-09,10289,349826,Expired
POL009209,CUST00598,AG081,Motor,South,2024-09-17,2025-09-17,6537,274554,Active
POL009210,CUST02761,AG004,Home,East,2025-04-14,2026-04-14,34194,3419400,Lapsed
POL009211,CUST02604,AG117,Marine,West,2026-05-08,2027-05-08,197542,7901680,Active
POL009212,CUST00357,AG104,Home,South,2023-11-12,2024-11-11,57051,3765366,Active
POL009213,CUST00332,AG027,Commercial Property,East,2025-03-06,2026-03-06,435892,20922816,Lapsed
POL009214,CUST00627,AG090,Travel,South,2024-07-06,2025-07-06,15228,670032,Lapsed
POL009215,CUST00881,AG029,Marine,West,2024-05-02,2025-05-02,53844,2907576,Active
POL009216,CUST02714,AG022,Marine,South,2025-04-24,2026-04-24,171788,12540524,Cancelled
POL009217,CUST02319,AG031,Commercial Property,South,2024-03-28,2025-03-28,922831,74749311,Expired
POL009218,CUST00289,AG061,Motor,North,2024-05-10,2025-05-10,11483,941606,Expired
POL009219,CUST00710,AG066,Home,North,2026-03-25,2027-03-25,8692,417216,Active
POL009220,CUST01944,AG020,Motor,North,2026-01-24,2027-01-24,5361,514656,Cancelled
POL009221,CUST02870,AG114,Travel,East,2024-09-06,2025-09-06,10709,310561,Expired
POL009222,CUST00028,AG024,Motor,West,2023-12-02,2024-12-01,14405,1210020,Expired
POL009223,CUST01134,AG090,Marine,West,2025-01-19,2026-01-19,125937,11334330,Expired
POL009224,CUST00709,AG041,Motor,South,2023-12-17,2024-12-16,18185,1527540,Renewed
POL009225,CUST00725,AG063,Commercial Property,North,2024-03-19,2025-03-19,410126,10253150,Renewed
POL009226,CUST00390,AG037,Motor,South,2025-02-01,2026-02-01,14212,596904,Cancelled
POL009227,CUST02095,AG024,Marine,West,2024-10-12,2025-10-12,97699,4689552,Active
POL009228,CUST00821,AG003,Home,East,2023-10-30,2024-10-29,44705,3397580,Renewed
POL009229,CUST01908,AG036,Home,West,2024-05-27,2025-05-27,21968,1493824,Cancelled
POL009230,CUST01454,AG083,Motor,South,2025-02-22,2026-02-22,17650,1041350,Active
POL009231,CUST00869,AG043,Home,North,2024-06-06,2025-06-06,28219,2709024,Cancelled
POL009232,CUST02562,AG016,Travel,North,2026-01-14,2027-01-14,1421,78155,Active
POL009233,CUST00909,AG045,Home,South,2025-12-02,2026-12-02,40486,3117422,Lapsed
POL009234,CUST01628,AG116,Motor,North,2025-04-08,2026-04-08,5659,435743,Cancelled
POL009235,CUST00033,AG074,Commercial Property,North,2026-06-07,2027-06-07,972919,84643953,Renewed
POL009236,CUST01530,AG090,Travel,East,2026-05-16,2027-05-16,3054,256536,Cancelled
POL009237,CUST00499,AG081,Marine,West,2023-09-21,2024-09-20,99860,6790480,Active
POL009238,CUST01676,AG025,Travel,North,2025-05-07,2026-05-07,12622,1199090,Renewed
POL009239,CUST01201,AG007,Home,West,2023-09-22,2024-09-21,25784,1908016,Cancelled
POL009240,CUST00001,AG035,Commercial Property,West,2023-08-21,2024-08-20,825953,80943394,Expired
POL009241,CUST02667,AG034,Commercial Property,West,2025-06-12,2026-06-12,549318,31311126,Lapsed
POL009242,CUST01681,AG108,Marine,North,2026-04-14,2027-04-14,83007,2075175,Renewed
POL009243,CUST02886,AG003,Marine,North,2024-08-23,2025-08-23,27458,768824,Expired
POL009244,CUST01672,AG023,Commercial Property,South,2024-01-16,2025-01-15,812678,19504272,Expired
POL009245,CUST00897,AG091,Commercial Property,South,2026-02-01,2027-02-01,362689,30465876,Lapsed
POL009246,CUST00278,AG050,Marine,North,2025-09-24,2026-09-24,92053,5523180,Lapsed
POL009247,CUST00534,AG019,Travel,North,2026-02-26,2027-02-26,2756,126776,Expired
POL009248,CUST01269,AG105,Travel,North,2025-10-09,2026-10-09,3002,207138,Renewed
POL009249,CUST00294,AG119,Motor,South,2024-10-10,2025-10-10,31269,2063754,Renewed
POL009250,CUST00532,AG054,Commercial Property,West,2024-10-15,2025-10-15,485630,40307290,Lapsed
POL009251,CUST01153,AG092,Home,North,2023-08-31,2024-08-30,31234,2405018,Cancelled
POL009252,CUST01709,AG014,Motor,South,2025-11-24,2026-11-24,31584,2842560,Renewed
POL009253,CUST01646,AG081,Motor,South,2025-06-09,2026-06-09,25014,775434,Expired
POL009254,CUST02397,AG099,Travel,West,2026-04-27,2027-04-27,9238,600470,Lapsed
POL009255,CUST01442,AG089,Travel,South,2025-12-17,2026-12-17,6504,617880,Active
POL009256,CUST01991,AG077,Motor,West,2024-11-10,2025-11-10,30574,1284108,Expired
POL009257,CUST02566,AG048,Commercial Property,South,2025-09-26,2026-09-26,742038,62331192,Renewed
POL009258,CUST01558,AG078,Home,West,2025-10-16,2026-10-16,42820,1755620,Renewed
POL009259,CUST00976,AG061,Home,South,2024-05-19,2025-05-19,8942,688534,Cancelled
POL009260,CUST01745,AG039,Home,East,2025-02-07,2026-02-07,59246,5035910,Active
POL009261,CUST00899,AG006,Travel,East,2025-09-10,2026-09-10,15346,966798,Renewed
POL009262,CUST00786,AG027,Commercial Property,West,2026-04-24,2027-04-24,520390,29141840,Renewed
POL009263,CUST00515,AG069,Home,South,2024-04-16,2025-04-16,54438,4246164,Expired
POL009264,CUST00032,AG109,Home,South,2024-07-09,2025-07-09,68534,3769370,Active
POL009265,CUST01703,AG079,Motor,East,2026-04-24,2027-04-24,9250,407000,Cancelled
POL009266,CUST00963,AG097,Motor,East,2023-12-14,2024-12-13,28515,1853475,Expired
POL009267,CUST00819,AG054,Travel,North,2026-06-26,2027-06-26,6522,652200,Active
POL009268,CUST00963,AG099,Home,West,2023-12-09,2024-12-08,34186,2871624,Cancelled
POL009269,CUST02480,AG045,Home,East,2024-06-15,2025-06-15,17814,961956,Active
POL009270,CUST02362,AG091,Home,East,2026-02-28,2027-02-28,35084,2982140,Active
POL009271,CUST02457,AG013,Motor,East,2024-08-09,2025-08-09,7790,747840,Renewed
POL009272,CUST01492,AG005,Travel,East,2024-04-18,2025-04-18,4848,213312,Active
POL009273,CUST01869,AG084,Commercial Property,West,2025-08-10,2026-08-10,830060,16601200,Lapsed
POL009274,CUST01367,AG038,Travel,South,2024-05-26,2025-05-26,17836,1480388,Renewed
POL009275,CUST00135,AG089,Commercial Property,East,2024-02-27,2025-02-26,958071,66106899,Expired
POL009276,CUST01223,AG023,Marine,East,2026-05-13,2027-05-13,173136,14370288,Cancelled
POL009277,CUST00480,AG007,Motor,West,2025-01-31,2026-01-31,31618,2150024,Active
POL009278,CUST00281,AG091,Commercial Property,South,2025-03-01,2026-03-01,837778,30997786,Expired
POL009279,CUST01773,AG058,Home,North,2024-06-13,2025-06-13,56036,2577656,Lapsed
POL009280,CUST00391,AG019,Marine,South,2026-02-02,2027-02-02,100560,3720720,Expired
POL009281,CUST02978,AG114,Commercial Property,North,2026-04-14,2027-04-14,753134,24100288,Cancelled
POL009282,CUST02537,AG109,Motor,West,2024-01-24,2025-01-23,29148,1253364,Renewed
POL009283,CUST02611,AG045,Travel,West,2026-05-03,2027-05-03,15828,364044,Cancelled
POL009284,CUST02450,AG058,Home,West,2023-09-07,2024-09-06,26698,1762068,Cancelled
POL009285,CUST00432,AG092,Home,South,2023-12-25,2024-12-24,67976,6185816,Renewed
POL009286,CUST02701,AG012,Motor,East,2025-01-28,2026-01-28,16272,553248,Cancelled
POL009287,CUST02754,AG034,Commercial Property,West,2024-11-07,2025-11-07,744573,67011570,Active
POL009288,CUST02109,AG051,Home,South,2023-09-13,2024-09-12,63909,1597725,Cancelled
POL009289,CUST01346,AG007,Marine,North,2025-03-31,2026-03-31,174525,16579875,Lapsed
POL009290,CUST01110,AG083,Motor,North,2025-11-02,2026-11-02,23383,1543278,Expired
POL009291,CUST01075,AG102,Home,West,2026-07-15,2027-07-15,55827,2735523,Expired
POL009292,CUST02566,AG065,Home,East,2024-08-09,2025-08-09,60150,2526300,Cancelled
POL009293,CUST00585,AG022,Motor,East,2025-10-21,2026-10-21,39982,3798290,Cancelled
POL009294,CUST01240,AG067,Commercial Property,South,2025-03-08,2026-03-08,59137,4494412,Expired
POL009295,CUST02826,AG045,Commercial Property,West,2025-12-23,2026-12-23,249144,22672104,Renewed
POL009296,CUST01108,AG011,Home,North,2026-04-28,2027-04-28,49293,4485663,Active
POL009297,CUST02192,AG051,Travel,North,2025-04-01,2026-04-01,19481,1305227,Lapsed
POL009298,CUST00794,AG038,Commercial Property,East,2025-05-15,2026-05-15,236400,9456000,Cancelled
POL009299,CUST01308,AG083,Motor,South,2025-11-19,2026-11-19,38071,2284260,Renewed
POL009300,CUST01643,AG020,Marine,North,2026-05-08,2027-05-08,189370,4544880,Renewed
POL009301,CUST00112,AG099,Motor,East,2025-11-16,2026-11-16,19410,1261650,Lapsed
POL009302,CUST00299,AG088,Marine,West,2025-06-29,2026-06-29,109940,3957840,Cancelled
POL009303,CUST00075,AG088,Marine,West,2023-08-07,2024-08-06,95758,6032754,Active
POL009304,CUST01048,AG040,Travel,South,2025-12-26,2026-12-26,7262,377624,Lapsed
POL009305,CUST01580,AG082,Home,East,2025-08-29,2026-08-29,68006,2312204,Expired
POL009306,CUST00686,AG111,Commercial Property,West,2024-08-19,2025-08-19,194613,7979133,Cancelled
POL009307,CUST01321,AG010,Travel,South,2026-05-20,2027-05-20,17221,1205470,Renewed
POL009308,CUST00613,AG015,Travel,South,2026-03-26,2027-03-26,17237,551584,Renewed
POL009309,CUST02761,AG074,Home,East,2023-11-15,2024-11-14,19152,1302336,Active
POL009310,CUST02871,AG069,Travel,West,2024-06-27,2025-06-27,10799,475156,Lapsed
POL009311,CUST00546,AG051,Home,West,2023-08-31,2024-08-30,52529,1260696,Lapsed
POL009312,CUST01938,AG112,Commercial Property,East,2023-09-07,2024-09-06,707884,24775940,Active
POL009313,CUST02047,AG064,Home,East,2023-11-29,2024-11-28,44721,4472100,Lapsed
POL009314,CUST01034,AG064,Travel,South,2024-02-25,2025-02-24,11144,334320,Cancelled
POL009315,CUST02880,AG045,Commercial Property,South,2023-09-22,2024-09-21,920673,77336532,Lapsed
POL009316,CUST02220,AG003,Travel,North,2024-01-19,2025-01-18,2183,115699,Renewed
POL009317,CUST02187,AG081,Commercial Property,North,2024-02-12,2025-02-11,972964,72972300,Cancelled
POL009318,CUST02053,AG088,Travel,West,2024-06-07,2025-06-07,13155,684060,Active
POL009319,CUST02952,AG112,Travel,North,2026-05-10,2027-05-10,10683,790542,Lapsed
POL009320,CUST01325,AG024,Home,East,2023-12-29,2024-12-28,17893,1699835,Cancelled
POL009321,CUST02761,AG044,Travel,East,2024-12-10,2025-12-10,6251,556339,Renewed
POL009322,CUST01288,AG038,Motor,South,2024-04-13,2025-04-13,23268,465360,Active
POL009323,CUST01191,AG031,Motor,South,2024-08-29,2025-08-29,37821,2193618,Active
POL009324,CUST00004,AG052,Commercial Property,South,2026-01-30,2027-01-30,593738,46905302,Renewed
POL009325,CUST01622,AG073,Home,South,2025-05-13,2026-05-13,21218,1273080,Cancelled
POL009326,CUST01286,AG009,Home,South,2026-05-06,2027-05-06,14165,509940,Lapsed
POL009327,CUST00243,AG005,Home,South,2026-07-21,2027-07-21,61209,2815614,Active
POL009328,CUST02900,AG028,Home,South,2025-07-01,2026-07-01,49353,1579296,Renewed
POL009329,CUST00079,AG066,Travel,South,2023-08-15,2024-08-14,3785,117335,Cancelled
POL009330,CUST02076,AG071,Travel,East,2023-11-15,2024-11-14,8693,339027,Lapsed
POL009331,CUST01932,AG101,Motor,South,2025-06-10,2026-06-10,9810,264870,Active
POL009332,CUST01904,AG069,Travel,West,2026-05-08,2027-05-08,2023,105196,Lapsed
POL009333,CUST02386,AG058,Motor,South,2026-02-08,2027-02-08,17452,1012216,Cancelled
POL009334,CUST02423,AG039,Commercial Property,South,2024-03-08,2025-03-08,204472,7360992,Active
POL009335,CUST00366,AG101,Marine,West,2024-03-29,2025-03-29,81306,2357874,Expired
POL009336,CUST02749,AG082,Motor,East,2023-12-27,2024-12-26,13075,1215975,Lapsed
POL009337,CUST01532,AG057,Marine,South,2025-09-25,2026-09-25,149683,4340807,Active
POL009338,CUST02187,AG100,Motor,South,2024-01-17,2025-01-16,34553,2487816,Cancelled
POL009339,CUST00078,AG048,Marine,North,2024-01-21,2025-01-20,164349,5587866,Lapsed
POL009340,CUST00119,AG086,Motor,West,2024-08-09,2025-08-09,8164,726596,Active
POL009341,CUST00299,AG021,Travel,South,2026-06-09,2027-06-09,16531,1339011,Lapsed
POL009342,CUST00680,AG019,Home,South,2023-11-28,2024-11-27,20645,949670,Active
POL009343,CUST02250,AG097,Commercial Property,West,2025-07-02,2026-07-02,454898,16831226,Active
POL009344,CUST02897,AG029,Home,South,2026-03-11,2027-03-11,16398,1197054,Expired
POL009345,CUST00074,AG050,Home,South,2026-07-17,2027-07-17,65970,4881780,Expired
POL009346,CUST00691,AG113,Commercial Property,East,2024-10-27,2025-10-27,714116,37848148,Expired
POL009347,CUST02700,AG080,Home,West,2025-02-12,2026-02-12,67497,1687425,Renewed
POL009348,CUST02084,AG110,Marine,South,2024-04-29,2025-04-29,145819,12686253,Renewed
POL009349,CUST02764,AG075,Motor,East,2024-05-18,2025-05-18,20303,913635,Cancelled
POL009350,CUST01208,AG094,Travel,West,2026-01-11,2027-01-11,18093,470418,Cancelled
POL009351,CUST01279,AG070,Marine,West,2024-12-05,2025-12-05,109487,5474350,Renewed
POL009352,CUST01650,AG014,Travel,South,2025-12-01,2026-12-01,10645,415155,Active
POL009353,CUST02278,AG070,Motor,West,2026-07-26,2027-07-26,26914,1049646,Renewed
POL009354,CUST01721,AG031,Travel,North,2024-12-01,2025-12-01,8340,533760,Expired
POL009355,CUST00642,AG021,Motor,North,2025-07-05,2026-07-05,21902,2124494,Renewed
POL009356,CUST02742,AG077,Commercial Property,South,2025-07-08,2026-07-08,422162,22796748,Lapsed
POL009357,CUST00519,AG009,Home,West,2024-08-30,2025-08-30,57793,2831857,Expired
POL009358,CUST00455,AG066,Commercial Property,East,2024-11-02,2025-11-02,876490,46453970,Lapsed
POL009359,CUST01972,AG108,Commercial Property,South,2023-09-06,2024-09-05,438573,11402898,Lapsed
POL009360,CUST00857,AG029,Motor,West,2024-04-27,2025-04-27,36014,2881120,Cancelled
POL009361,CUST01515,AG019,Travel,East,2024-06-23,2025-06-23,1870,187000,Renewed
POL009362,CUST01530,AG053,Travel,North,2024-02-12,2025-02-11,3030,151500,Cancelled
POL009363,CUST02051,AG018,Travel,East,2026-05-03,2027-05-03,19267,1194554,Lapsed
POL009364,CUST00074,AG120,Commercial Property,West,2024-05-06,2025-05-06,382628,22575052,Active
POL009365,CUST00214,AG116,Marine,West,2024-08-07,2025-08-07,93359,6348412,Active
POL009366,CUST02837,AG030,Travel,West,2025-08-06,2026-08-06,9553,936194,Expired
POL009367,CUST01632,AG070,Home,North,2024-07-03,2025-07-03,8472,482904,Active
POL009368,CUST01085,AG064,Commercial Property,East,2025-05-11,2026-05-11,958034,51733836,Renewed
POL009369,CUST01741,AG020,Commercial Property,West,2024-09-29,2025-09-29,584942,33341694,Cancelled
POL009370,CUST00480,AG088,Commercial Property,South,2025-07-22,2026-07-22,655625,49827500,Active
POL009371,CUST02544,AG026,Marine,West,2024-06-15,2025-06-15,29038,2758610,Cancelled
POL009372,CUST00611,AG080,Marine,South,2023-11-06,2024-11-05,80177,6013275,Renewed
POL009373,CUST02829,AG079,Travel,East,2025-08-18,2026-08-18,16704,785088,Expired
POL009374,CUST02932,AG103,Marine,East,2024-08-25,2025-08-25,32125,2859125,Cancelled
POL009375,CUST02541,AG050,Marine,West,2023-10-09,2024-10-08,168661,13998863,Renewed
POL009376,CUST02662,AG035,Marine,South,2024-06-20,2025-06-20,183996,12511728,Renewed
POL009377,CUST00695,AG112,Motor,West,2024-08-31,2025-08-31,5680,460080,Expired
POL009378,CUST02910,AG096,Marine,South,2025-06-25,2026-06-25,78935,3867815,Renewed
POL009379,CUST01054,AG047,Commercial Property,East,2025-01-31,2026-01-31,349840,9095840,Active
POL009380,CUST01879,AG105,Marine,North,2024-12-06,2025-12-06,138513,9280371,Expired
POL009381,CUST00270,AG100,Motor,North,2025-10-16,2026-10-16,20309,690506,Cancelled
POL009382,CUST02592,AG033,Home,South,2025-08-08,2026-08-08,27170,869440,Active
POL009383,CUST00896,AG003,Commercial Property,West,2025-06-24,2026-06-24,750088,46505456,Cancelled
POL009384,CUST01207,AG083,Travel,East,2025-03-05,2026-03-05,15468,1175568,Renewed
POL009385,CUST02255,AG112,Commercial Property,East,2025-03-22,2026-03-22,672114,50408550,Expired
POL009386,CUST02287,AG021,Home,West,2024-07-10,2025-07-10,13105,1218765,Lapsed
POL009387,CUST02473,AG080,Commercial Property,South,2025-10-23,2026-10-23,476549,21921254,Renewed
POL009388,CUST02363,AG046,Travel,West,2026-01-01,2027-01-01,8598,601860,Renewed
POL009389,CUST01158,AG032,Marine,East,2025-11-20,2026-11-20,173122,11945418,Expired
POL009390,CUST00600,AG117,Travel,North,2024-06-08,2025-06-08,17082,666198,Lapsed
POL009391,CUST02169,AG019,Home,North,2025-12-07,2026-12-07,41704,3628248,Lapsed
POL009392,CUST02598,AG097,Marine,South,2023-09-28,2024-09-27,165390,5457870,Cancelled
POL009393,CUST00039,AG084,Commercial Property,West,2025-04-29,2026-04-29,718138,28725520,Active
POL009394,CUST02505,AG032,Travel,East,2024-10-13,2025-10-13,15772,867460,Expired
POL009395,CUST02756,AG024,Commercial Property,West,2025-12-08,2026-12-08,703322,30242846,Lapsed
POL009396,CUST00318,AG041,Marine,South,2025-07-29,2026-07-29,140961,5074596,Expired
POL009397,CUST02247,AG008,Marine,West,2024-08-04,2025-08-04,94642,4069606,Active
POL009398,CUST02760,AG079,Marine,East,2026-07-19,2027-07-19,155050,15194900,Active
POL009399,CUST02403,AG008,Marine,North,2025-07-04,2026-07-04,165339,10581696,Renewed
POL009400,CUST01496,AG024,Home,North,2025-06-06,2026-06-06,10029,671943,Expired
POL009401,CUST02476,AG023,Travel,East,2025-08-21,2026-08-21,14218,1023696,Lapsed
POL009402,CUST02347,AG056,Commercial Property,South,2025-09-29,2026-09-29,59643,5845014,Renewed
POL009403,CUST01316,AG007,Home,North,2024-12-21,2025-12-21,57101,2569545,Renewed
POL009404,CUST00954,AG079,Travel,East,2023-08-27,2024-08-26,4728,99288,Active
POL009405,CUST00431,AG016,Travel,East,2023-10-06,2024-10-05,14184,382968,Cancelled
POL009406,CUST01953,AG064,Motor,West,2026-06-08,2027-06-08,19068,1315692,Renewed
POL009407,CUST01792,AG114,Home,North,2026-03-04,2027-03-04,12841,667732,Active
POL009408,CUST01044,AG011,Marine,South,2023-08-08,2024-08-07,135889,8153340,Active
POL009409,CUST00254,AG052,Motor,West,2026-01-26,2027-01-26,10855,293085,Cancelled
POL009410,CUST02867,AG106,Travel,South,2025-11-16,2026-11-16,6796,387372,Lapsed
POL009411,CUST02332,AG113,Commercial Property,East,2024-07-22,2025-07-22,782275,47718775,Renewed
POL009412,CUST01912,AG057,Motor,East,2025-10-15,2026-10-15,32565,976950,Active
POL009413,CUST01305,AG104,Commercial Property,South,2024-09-03,2025-09-03,939195,32871825,Expired
POL009414,CUST00464,AG116,Marine,South,2026-02-04,2027-02-04,22289,2072877,Cancelled
POL009415,CUST01048,AG089,Motor,West,2023-09-06,2024-09-05,20201,868643,Active
POL009416,CUST02864,AG008,Marine,North,2025-01-11,2026-01-11,175780,6328080,Lapsed
POL009417,CUST01809,AG106,Home,East,2025-10-11,2026-10-11,35566,2951978,Cancelled
POL009418,CUST00263,AG092,Marine,South,2025-08-14,2026-08-14,67045,2748845,Cancelled
POL009419,CUST01803,AG092,Home,North,2025-12-23,2026-12-23,56250,2475000,Renewed
POL009420,CUST00176,AG117,Travel,East,2023-09-01,2024-08-31,18208,1001440,Expired
POL009421,CUST00348,AG071,Commercial Property,West,2026-07-07,2027-07-07,349790,26234250,Active
POL009422,CUST01477,AG072,Marine,South,2025-01-17,2026-01-17,31884,1753620,Lapsed
POL009423,CUST01299,AG116,Motor,South,2026-07-24,2027-07-24,32011,2304792,Cancelled
POL009424,CUST02264,AG002,Travel,West,2026-04-19,2027-04-19,2478,99120,Cancelled
POL009425,CUST01719,AG079,Marine,South,2025-12-17,2026-12-17,46726,3924984,Renewed
POL009426,CUST00095,AG090,Marine,North,2023-11-12,2024-11-11,124226,8695820,Expired
POL009427,CUST02066,AG007,Marine,North,2025-09-21,2026-09-21,163324,4736396,Renewed
POL009428,CUST00731,AG055,Marine,East,2024-04-02,2025-04-02,177843,10137051,Lapsed
POL009429,CUST00757,AG027,Commercial Property,West,2024-09-17,2025-09-17,159830,4475240,Lapsed
POL009430,CUST01948,AG077,Commercial Property,East,2024-09-07,2025-09-07,649556,40922028,Cancelled
POL009431,CUST02656,AG018,Home,West,2023-12-17,2024-12-16,34844,1219540,Lapsed
POL009432,CUST02693,AG004,Travel,West,2024-12-10,2025-12-10,18229,1640610,Active
POL009433,CUST02535,AG067,Home,East,2025-02-16,2026-02-16,49971,4747245,Renewed
POL009434,CUST01557,AG071,Travel,South,2026-02-21,2027-02-21,9697,572123,Active
POL009435,CUST01738,AG031,Travel,North,2026-04-14,2027-04-14,7258,471770,Renewed
POL009436,CUST01584,AG002,Motor,North,2024-10-12,2025-10-12,33241,797784,Renewed
POL009437,CUST00905,AG013,Marine,North,2024-08-02,2025-08-02,152224,8067872,Active
POL009438,CUST00504,AG083,Home,West,2026-06-05,2027-06-05,57376,2237664,Renewed
POL009439,CUST02695,AG107,Marine,North,2024-03-22,2025-03-22,135170,3108910,Renewed
POL009440,CUST02610,AG110,Home,South,2023-12-17,2024-12-16,29525,2391525,Lapsed
POL009441,CUST01835,AG011,Home,West,2024-12-20,2025-12-20,66559,2795478,Active
POL009442,CUST01846,AG004,Motor,South,2026-07-23,2027-07-23,38920,3347120,Expired
POL009443,CUST00805,AG098,Commercial Property,West,2026-02-09,2027-02-09,949021,55043218,Lapsed
POL009444,CUST02182,AG100,Travel,North,2025-11-23,2026-11-23,2174,95656,Lapsed
POL009445,CUST01179,AG080,Travel,East,2023-09-16,2024-09-15,7902,529434,Cancelled
POL009446,CUST02988,AG042,Home,South,2026-05-31,2027-05-31,60465,1209300,Active
POL009447,CUST00760,AG030,Travel,East,2026-02-22,2027-02-22,10351,1035100,Cancelled
POL009448,CUST01827,AG080,Travel,North,2024-11-23,2025-11-23,9293,427478,Expired
POL009449,CUST02276,AG062,Motor,East,2025-03-31,2026-03-31,23768,1259704,Active
POL009450,CUST00023,AG117,Commercial Property,South,2024-07-20,2025-07-20,675696,42568848,Expired
POL009451,CUST00046,AG053,Travel,North,2026-03-06,2027-03-06,16090,1528550,Cancelled
POL009452,CUST01424,AG098,Travel,South,2023-08-26,2024-08-25,10767,936729,Lapsed
POL009453,CUST01907,AG090,Home,West,2025-03-13,2026-03-13,23580,825300,Lapsed
POL009454,CUST00369,AG023,Motor,South,2025-06-13,2026-06-13,6852,493344,Lapsed
POL009455,CUST01786,AG055,Home,East,2025-05-17,2026-05-17,22104,552600,Active
POL009456,CUST01459,AG117,Marine,West,2023-08-22,2024-08-21,173418,8844318,Active
POL009457,CUST01647,AG051,Motor,North,2026-06-18,2027-06-18,15130,1270920,Cancelled
POL009458,CUST02091,AG117,Motor,West,2024-01-04,2025-01-03,25320,1924320,Renewed
POL009459,CUST02203,AG108,Home,North,2026-05-13,2027-05-13,39592,1108576,Active
POL009460,CUST02696,AG046,Motor,South,2023-10-18,2024-10-17,17138,1713800,Lapsed
POL009461,CUST00335,AG104,Home,North,2026-03-06,2027-03-06,68717,2473812,Renewed
POL009462,CUST01554,AG106,Home,East,2024-06-06,2025-06-06,40804,938492,Expired
POL009463,CUST02040,AG105,Travel,South,2025-08-05,2026-08-05,18831,696747,Cancelled
POL009464,CUST00046,AG019,Commercial Property,East,2023-08-31,2024-08-30,273057,7099482,Expired
POL009465,CUST00823,AG066,Home,North,2025-11-06,2026-11-06,27823,1808495,Active
POL009466,CUST01238,AG109,Home,West,2026-07-06,2027-07-06,57601,5414494,Active
POL009467,CUST01120,AG033,Marine,West,2025-04-16,2026-04-16,88596,5138568,Cancelled
POL009468,CUST01684,AG061,Home,West,2025-05-29,2026-05-29,11976,934128,Expired
POL009469,CUST00746,AG012,Home,North,2025-01-03,2026-01-03,34395,1307010,Renewed
POL009470,CUST01014,AG020,Motor,South,2026-07-03,2027-07-03,35559,1920186,Lapsed
POL009471,CUST00151,AG101,Travel,South,2023-12-23,2024-12-22,2345,185255,Active
POL009472,CUST01798,AG105,Motor,West,2025-02-21,2026-02-21,10496,892160,Renewed
POL009473,CUST02697,AG106,Motor,East,2025-11-07,2026-11-07,33683,2492542,Active
POL009474,CUST01494,AG025,Motor,North,2024-01-28,2025-01-27,21642,627618,Cancelled
POL009475,CUST00164,AG051,Home,North,2025-03-07,2026-03-07,64508,3999496,Lapsed
POL009476,CUST00754,AG118,Home,East,2026-05-09,2027-05-09,37398,3178830,Lapsed
POL009477,CUST02983,AG018,Travel,East,2024-12-17,2025-12-17,11875,475000,Cancelled
POL009478,CUST02967,AG090,Marine,East,2023-12-17,2024-12-16,152598,14496810,Expired
POL009479,CUST02077,AG037,Marine,West,2026-03-10,2027-03-10,187769,14082675,Lapsed
POL009480,CUST00707,AG008,Motor,South,2024-04-04,2025-04-04,29776,1965216,Renewed
POL009481,CUST01819,AG098,Motor,East,2024-05-16,2025-05-16,15938,557830,Active
POL009482,CUST00422,AG050,Home,West,2025-11-02,2026-11-02,12574,1056216,Lapsed
POL009483,CUST00472,AG088,Commercial Property,North,2024-12-21,2025-12-21,888834,67551384,Lapsed
POL009484,CUST00150,AG003,Marine,East,2025-08-03,2026-08-03,106780,8222060,Active
POL009485,CUST02813,AG023,Home,North,2025-11-30,2026-11-30,69309,3881304,Active
POL009486,CUST02964,AG027,Home,East,2025-03-06,2026-03-06,45092,2254600,Cancelled
POL009487,CUST00236,AG075,Commercial Property,East,2024-10-02,2025-10-02,644503,56716264,Renewed
POL009488,CUST00340,AG111,Travel,West,2024-07-15,2025-07-15,14534,1337128,Cancelled
POL009489,CUST01935,AG008,Travel,North,2025-05-29,2026-05-29,19765,474360,Lapsed
POL009490,CUST01950,AG062,Motor,North,2026-07-19,2027-07-19,12548,777976,Cancelled
POL009491,CUST02706,AG027,Travel,South,2023-12-06,2024-12-05,4455,191565,Lapsed
POL009492,CUST02491,AG069,Home,West,2025-05-14,2026-05-14,37152,2414880,Cancelled
POL009493,CUST02485,AG087,Motor,West,2024-05-27,2025-05-27,12247,391904,Renewed
POL009494,CUST02762,AG020,Home,North,2024-01-27,2025-01-26,66863,3209424,Active
POL009495,CUST01833,AG014,Marine,North,2024-08-31,2025-08-31,189249,12111936,Renewed
POL009496,CUST01838,AG010,Motor,South,2023-09-28,2024-09-27,17221,1050481,Cancelled
POL009497,CUST01572,AG047,Marine,West,2025-12-05,2026-12-05,88328,5564664,Active
POL009498,CUST01547,AG082,Marine,West,2025-04-25,2026-04-25,141270,7911120,Renewed
POL009499,CUST01969,AG106,Marine,South,2025-07-26,2026-07-26,53241,3939834,Renewed
POL009500,CUST00471,AG083,Motor,East,2024-07-14,2025-07-14,33669,2861865,Expired
POL009501,CUST01401,AG069,Home,South,2024-12-30,2025-12-30,64837,2269295,Lapsed
POL009502,CUST00963,AG010,Marine,South,2025-05-14,2026-05-14,49426,3163264,Active
POL009503,CUST01464,AG047,Travel,West,2024-10-08,2025-10-08,5866,170114,Expired
POL009504,CUST01438,AG011,Marine,South,2023-11-13,2024-11-12,112267,11114433,Lapsed
POL009505,CUST02284,AG113,Marine,North,2025-05-18,2026-05-18,36298,2867542,Lapsed
POL009506,CUST02053,AG103,Marine,North,2026-01-09,2027-01-09,115104,10474464,Cancelled
POL009507,CUST01894,AG003,Home,South,2024-03-19,2025-03-19,32912,3093728,Lapsed
POL009508,CUST00894,AG025,Travel,South,2026-04-14,2027-04-14,19881,1829052,Cancelled
POL009509,CUST00305,AG039,Commercial Property,East,2023-10-14,2024-10-13,289000,16473000,Lapsed
POL009510,CUST00242,AG110,Motor,North,2025-08-26,2026-08-26,35359,1555796,Lapsed
POL009511,CUST00746,AG028,Travel,South,2024-07-21,2025-07-21,14322,1031184,Cancelled
POL009512,CUST01983,AG109,Commercial Property,East,2023-09-29,2024-09-28,382053,32092452,Cancelled
POL009513,CUST00614,AG008,Motor,North,2025-05-23,2026-05-23,18414,1362636,Expired
POL009514,CUST01942,AG044,Home,West,2024-06-22,2025-06-22,34377,3300192,Cancelled
POL009515,CUST02972,AG064,Marine,East,2025-11-03,2026-11-03,80813,7596422,Lapsed
POL009516,CUST02753,AG012,Motor,East,2025-08-18,2026-08-18,21148,1586100,Lapsed
POL009517,CUST01180,AG040,Marine,West,2023-11-08,2024-11-07,75153,4734639,Lapsed
POL009518,CUST02787,AG018,Commercial Property,South,2026-02-19,2027-02-19,967929,41620947,Active
POL009519,CUST02200,AG012,Travel,South,2025-07-09,2026-07-09,15817,1012288,Lapsed
POL009520,CUST01976,AG043,Home,North,2025-02-26,2026-02-26,15753,582861,Cancelled
POL009521,CUST01913,AG033,Travel,East,2023-11-03,2024-11-02,3800,338200,Active
POL009522,CUST01173,AG068,Commercial Property,West,2025-03-24,2026-03-24,802244,80224400,Lapsed
POL009523,CUST00240,AG032,Marine,South,2024-07-09,2025-07-09,126888,11166144,Renewed
POL009524,CUST01637,AG087,Marine,West,2026-06-12,2027-06-12,87525,8577450,Active
POL009525,CUST00480,AG055,Home,North,2023-12-26,2024-12-25,59920,3355520,Active
POL009526,CUST01192,AG073,Motor,West,2023-10-22,2024-10-21,30286,2332022,Renewed
POL009527,CUST02354,AG077,Marine,North,2025-12-07,2026-12-07,46184,2216832,Lapsed
POL009528,CUST00114,AG107,Home,West,2023-11-28,2024-11-27,40968,3441312,Cancelled
POL009529,CUST00236,AG004,Travel,North,2024-05-18,2025-05-18,15744,897408,Expired
POL009530,CUST02853,AG117,Marine,South,2026-01-10,2027-01-10,120336,7340496,Expired
POL009531,CUST00221,AG025,Marine,North,2024-07-24,2025-07-24,93888,3943296,Active
POL009532,CUST00451,AG072,Commercial Property,North,2023-10-15,2024-10-14,343537,24391127,Cancelled
POL009533,CUST01411,AG027,Home,South,2023-12-19,2024-12-18,68601,6311292,Renewed
POL009534,CUST02112,AG022,Home,East,2026-04-27,2027-04-27,48865,4788770,Cancelled
POL009535,CUST01156,AG021,Commercial Property,West,2024-08-27,2025-08-27,874130,63811490,Renewed
POL009536,CUST02089,AG024,Home,East,2025-12-19,2026-12-19,39284,3574844,Renewed
POL009537,CUST00019,AG014,Travel,South,2026-02-25,2027-02-25,6289,383629,Cancelled
POL009538,CUST01357,AG018,Marine,North,2025-10-03,2026-10-03,98397,6002217,Active
POL009539,CUST01594,AG106,Home,North,2024-01-10,2025-01-09,55586,2890472,Active
POL009540,CUST00131,AG077,Travel,South,2026-05-22,2027-05-22,12226,1198148,Cancelled
POL009541,CUST00340,AG009,Marine,West,2024-03-31,2025-03-31,63002,2016064,Active
POL009542,CUST01250,AG076,Marine,North,2026-07-25,2027-07-25,40373,1090071,Renewed
POL009543,CUST02969,AG089,Marine,West,2025-08-01,2026-08-01,42218,886578,Active
POL009544,CUST00878,AG080,Commercial Property,North,2025-05-22,2026-05-22,421599,21501549,Active
POL009545,CUST01913,AG084,Home,East,2023-12-26,2024-12-25,68738,6598848,Cancelled
POL009546,CUST00612,AG057,Home,West,2026-01-06,2027-01-06,29412,1441188,Expired
POL009547,CUST00183,AG081,Travel,North,2024-07-28,2025-07-28,12230,440280,Expired
POL009548,CUST01649,AG037,Travel,West,2024-10-18,2025-10-18,6569,584641,Active
POL009549,CUST00061,AG097,Home,North,2023-12-23,2024-12-22,62655,6265500,Cancelled
POL009550,CUST01154,AG086,Commercial Property,West,2026-01-16,2027-01-16,709825,21294750,Expired
POL009551,CUST02221,AG099,Home,South,2025-08-15,2026-08-15,66077,3436004,Expired
POL009552,CUST01157,AG100,Marine,West,2024-01-17,2025-01-16,172811,14516124,Lapsed
POL009553,CUST00533,AG075,Motor,East,2026-01-06,2027-01-06,9014,351546,Expired
POL009554,CUST02835,AG060,Motor,East,2024-11-08,2025-11-08,15798,1153254,Cancelled
POL009555,CUST00246,AG065,Motor,West,2025-08-14,2026-08-14,20431,2043100,Lapsed
POL009556,CUST01273,AG045,Travel,South,2025-01-28,2026-01-28,19138,822934,Cancelled
POL009557,CUST01642,AG066,Home,East,2026-06-13,2027-06-13,60097,1201940,Active
POL009558,CUST00036,AG005,Travel,North,2025-07-11,2026-07-11,19988,1079352,Active
POL009559,CUST01895,AG046,Commercial Property,East,2023-12-12,2024-12-11,422652,11834256,Cancelled
POL009560,CUST02671,AG096,Travel,East,2025-11-28,2026-11-28,17254,1518352,Expired
POL009561,CUST00484,AG015,Home,North,2023-11-05,2024-11-04,58716,1526616,Expired
POL009562,CUST02218,AG039,Home,East,2025-03-31,2026-03-31,27328,847168,Expired
POL009563,CUST02696,AG086,Home,West,2024-09-01,2025-09-01,50165,4966335,Expired
POL009564,CUST00275,AG084,Home,East,2025-07-13,2026-07-13,34590,2109990,Renewed
POL009565,CUST01609,AG052,Motor,North,2024-04-19,2025-04-19,29867,1792020,Active
POL009566,CUST00283,AG078,Motor,South,2025-10-19,2026-10-19,13219,1150053,Renewed
POL009567,CUST02795,AG064,Marine,North,2024-01-16,2025-01-15,47106,2402406,Lapsed
POL009568,CUST01269,AG048,Motor,East,2026-05-07,2027-05-07,27045,2082465,Active
POL009569,CUST00644,AG024,Travel,East,2026-06-24,2027-06-24,9912,247800,Renewed
POL009570,CUST00623,AG019,Commercial Property,South,2026-02-19,2027-02-19,533772,12810528,Renewed
POL009571,CUST02845,AG020,Motor,East,2026-05-30,2027-05-30,18110,1340140,Expired
POL009572,CUST02648,AG043,Marine,West,2024-10-21,2025-10-21,25903,828896,Lapsed
POL009573,CUST01289,AG042,Marine,North,2024-10-09,2025-10-09,30082,1383772,Lapsed
POL009574,CUST02327,AG107,Home,North,2025-07-21,2026-07-21,15728,393200,Lapsed
POL009575,CUST02817,AG062,Home,North,2026-02-22,2027-02-22,60988,5915836,Renewed
POL009576,CUST00025,AG093,Marine,East,2026-02-12,2027-02-12,198383,18846385,Expired
POL009577,CUST01156,AG066,Home,West,2026-01-06,2027-01-06,39849,796980,Renewed
POL009578,CUST01963,AG050,Motor,South,2024-04-25,2025-04-25,12973,298379,Active
POL009579,CUST01488,AG091,Marine,North,2025-11-16,2026-11-16,191601,8238843,Lapsed
POL009580,CUST02786,AG111,Travel,North,2025-09-12,2026-09-12,5421,439101,Active
POL009581,CUST00769,AG005,Marine,South,2025-08-12,2026-08-12,173197,7620668,Expired
POL009582,CUST01931,AG069,Home,North,2026-02-02,2027-02-02,11146,1014286,Active
POL009583,CUST01496,AG075,Home,East,2025-12-11,2026-12-11,68548,5620936,Expired
POL009584,CUST01732,AG114,Commercial Property,South,2025-04-19,2026-04-19,993286,83436024,Lapsed
POL009585,CUST01633,AG037,Home,West,2025-12-31,2026-12-31,36228,2970696,Active
POL009586,CUST00675,AG032,Marine,East,2023-11-15,2024-11-14,122400,9547200,Renewed
POL009587,CUST00923,AG099,Motor,North,2024-08-31,2025-08-31,37604,1729784,Renewed
POL009588,CUST02810,AG102,Commercial Property,North,2024-05-29,2025-05-29,519045,19723710,Lapsed
POL009589,CUST01572,AG072,Home,North,2024-08-17,2025-08-17,68073,3199431,Cancelled
POL009590,CUST01728,AG032,Motor,South,2023-11-24,2024-11-23,5359,310822,Cancelled
POL009591,CUST00247,AG060,Home,North,2026-02-14,2027-02-14,15844,1489336,Expired
POL009592,CUST00629,AG071,Commercial Property,West,2025-11-17,2026-11-17,745145,58121310,Active
POL009593,CUST01670,AG023,Motor,West,2025-07-12,2026-07-12,30790,1016070,Cancelled
POL009594,CUST01463,AG009,Commercial Property,South,2026-05-13,2027-05-13,221974,21531478,Cancelled
POL009595,CUST01628,AG027,Commercial Property,West,2024-06-15,2025-06-15,273857,12323565,Expired
POL009596,CUST02733,AG039,Motor,South,2026-03-04,2027-03-04,18193,1237124,Renewed
POL009597,CUST02263,AG021,Motor,South,2024-07-02,2025-07-02,36860,995220,Active
POL009598,CUST00685,AG003,Marine,East,2026-02-25,2027-02-25,150760,5276600,Lapsed
POL009599,CUST01261,AG095,Travel,North,2023-09-29,2024-09-28,4725,335475,Cancelled
POL009600,CUST01603,AG044,Marine,East,2024-04-29,2025-04-29,123137,5048617,Expired
POL009601,CUST00313,AG038,Travel,South,2025-02-15,2026-02-15,18213,564603,Expired
POL009602,CUST01133,AG108,Motor,East,2025-03-23,2026-03-23,28839,1903374,Renewed
POL009603,CUST01531,AG003,Travel,South,2025-08-17,2026-08-17,1708,145180,Active
POL009604,CUST00747,AG028,Marine,East,2026-05-26,2027-05-26,60094,1862914,Cancelled
POL009605,CUST01058,AG076,Commercial Property,South,2026-04-02,2027-04-02,627360,47679360,Expired
POL009606,CUST00126,AG010,Commercial Property,West,2025-02-27,2026-02-27,855431,20530344,Renewed
POL009607,CUST01448,AG034,Commercial Property,East,2026-05-27,2027-05-27,926287,91702413,Lapsed
POL009608,CUST00263,AG073,Motor,East,2025-10-08,2026-10-08,35911,2190571,Renewed
POL009609,CUST00638,AG091,Home,North,2026-07-05,2027-07-05,63465,4315620,Renewed
POL009610,CUST01342,AG025,Travel,West,2023-10-04,2024-10-03,18169,1526196,Active
POL009611,CUST01383,AG083,Marine,South,2025-09-24,2026-09-24,75885,6374340,Lapsed
POL009612,CUST01438,AG002,Home,West,2025-07-08,2026-07-08,41170,4117000,Lapsed
POL009613,CUST02458,AG080,Commercial Property,East,2024-12-28,2025-12-28,900808,89179992,Active
POL009614,CUST00216,AG083,Travel,West,2026-07-19,2027-07-19,5558,433524,Expired
POL009615,CUST00580,AG067,Travel,South,2024-12-12,2025-12-12,15487,371688,Cancelled
POL009616,CUST02328,AG101,Commercial Property,West,2026-01-18,2027-01-18,53953,1672543,Expired
POL009617,CUST00157,AG006,Travel,North,2024-09-10,2025-09-10,17150,377300,Expired
POL009618,CUST02432,AG120,Travel,South,2024-07-08,2025-07-08,16103,772944,Cancelled
POL009619,CUST01896,AG020,Commercial Property,East,2025-09-02,2026-09-02,301641,19003383,Lapsed
POL009620,CUST02088,AG073,Commercial Property,East,2025-09-16,2026-09-16,190592,7242496,Lapsed
POL009621,CUST01691,AG091,Marine,North,2025-03-31,2026-03-31,92183,2212392,Renewed
POL009622,CUST00812,AG102,Travel,South,2023-11-16,2024-11-15,8437,818389,Renewed
POL009623,CUST00600,AG025,Commercial Property,West,2025-05-05,2026-05-05,232827,18160506,Expired
POL009624,CUST01528,AG003,Commercial Property,South,2024-08-21,2025-08-21,539409,35600994,Renewed
POL009625,CUST02313,AG005,Motor,South,2024-06-03,2025-06-03,32721,1374282,Lapsed
POL009626,CUST02730,AG011,Commercial Property,North,2024-03-06,2025-03-06,821078,58296538,Active
POL009627,CUST01714,AG109,Marine,North,2025-02-02,2026-02-02,167282,10538766,Active
POL009628,CUST00813,AG111,Motor,South,2026-04-28,2027-04-28,9316,549644,Expired
POL009629,CUST01292,AG084,Marine,West,2025-11-15,2026-11-15,193986,6401538,Expired
POL009630,CUST02245,AG013,Commercial Property,East,2024-08-20,2025-08-20,451793,33432682,Expired
POL009631,CUST00381,AG045,Motor,South,2026-01-04,2027-01-04,33477,2711637,Active
POL009632,CUST02030,AG016,Marine,North,2024-06-05,2025-06-05,64392,2189328,Expired
POL009633,CUST01350,AG063,Home,East,2025-11-09,2026-11-09,38422,1498458,Cancelled
POL009634,CUST02957,AG026,Marine,South,2024-10-20,2025-10-20,189229,5487641,Active
POL009635,CUST02396,AG011,Commercial Property,East,2025-04-19,2026-04-19,660546,54825318,Renewed
POL009636,CUST01513,AG069,Marine,East,2024-07-30,2025-07-30,137822,5099414,Expired
POL009637,CUST00187,AG105,Motor,West,2024-08-15,2025-08-15,26800,1125600,Renewed
POL009638,CUST01090,AG026,Motor,North,2025-10-18,2026-10-18,33254,2394288,Lapsed
POL009639,CUST01380,AG091,Marine,West,2024-07-19,2025-07-19,95331,5243205,Active
POL009640,CUST00992,AG062,Marine,South,2024-03-04,2025-03-04,69953,5526287,Expired
POL009641,CUST01248,AG056,Marine,South,2025-10-27,2026-10-27,168033,16467234,Renewed
POL009642,CUST02412,AG003,Commercial Property,East,2025-05-16,2026-05-16,287263,24991881,Renewed
POL009643,CUST01031,AG006,Commercial Property,East,2024-02-20,2025-02-19,560967,22438680,Cancelled
POL009644,CUST00240,AG105,Marine,South,2025-12-17,2026-12-17,91116,4373568,Cancelled
POL009645,CUST01678,AG065,Home,South,2025-06-07,2026-06-07,64497,5675736,Expired
POL009646,CUST01964,AG025,Home,East,2025-05-09,2026-05-09,33622,2891492,Renewed
POL009647,CUST01680,AG092,Travel,West,2025-11-11,2026-11-11,17788,1583132,Renewed
POL009648,CUST02486,AG084,Travel,North,2024-02-04,2025-02-03,7068,268584,Expired
POL009649,CUST01967,AG087,Home,West,2024-03-08,2025-03-08,62695,4451345,Renewed
POL009650,CUST02601,AG114,Home,South,2023-10-25,2024-10-24,22053,441060,Renewed
POL009651,CUST00294,AG073,Marine,West,2025-03-28,2026-03-28,165646,10766990,Cancelled
POL009652,CUST02857,AG078,Travel,West,2024-01-28,2025-01-27,15494,1115568,Active
POL009653,CUST00312,AG004,Commercial Property,North,2024-06-17,2025-06-17,956433,93730434,Lapsed
POL009654,CUST01261,AG080,Home,North,2025-11-25,2026-11-25,26982,1915722,Lapsed
POL009655,CUST00407,AG051,Travel,North,2026-01-12,2027-01-12,15253,549108,Expired
POL009656,CUST01773,AG056,Home,West,2023-08-26,2024-08-25,10972,1020396,Cancelled
POL009657,CUST02938,AG050,Home,East,2025-10-05,2026-10-05,19825,1050725,Renewed
POL009658,CUST01632,AG056,Motor,North,2026-07-13,2027-07-13,10960,219200,Renewed
POL009659,CUST02109,AG114,Home,West,2025-07-13,2026-07-13,41660,1999680,Renewed
POL009660,CUST01938,AG092,Travel,East,2023-09-17,2024-09-16,13267,915423,Cancelled
POL009661,CUST00268,AG118,Travel,West,2026-04-03,2027-04-03,16011,1232847,Active
POL009662,CUST01101,AG096,Marine,East,2025-01-09,2026-01-09,101245,9618275,Active
POL009663,CUST00092,AG037,Motor,North,2024-06-19,2025-06-19,26198,654950,Active
POL009664,CUST01892,AG055,Marine,East,2024-07-31,2025-07-31,165305,15208060,Expired
POL009665,CUST01601,AG041,Marine,North,2025-08-22,2026-08-22,143328,12182880,Renewed
POL009666,CUST00582,AG003,Commercial Property,South,2025-04-16,2026-04-16,682819,48480149,Expired
POL009667,CUST02038,AG020,Commercial Property,North,2025-11-10,2026-11-10,704755,67656480,Active
POL009668,CUST02728,AG115,Motor,West,2024-02-14,2025-02-13,22716,1340244,Expired
POL009669,CUST00511,AG052,Commercial Property,South,2025-01-29,2026-01-29,664591,33229550,Lapsed
POL009670,CUST02060,AG026,Commercial Property,West,2026-04-21,2027-04-21,467535,36000195,Expired
POL009671,CUST02341,AG013,Marine,East,2024-07-19,2025-07-19,189890,10633840,Expired
POL009672,CUST02773,AG077,Marine,East,2026-01-13,2027-01-13,105052,9874888,Expired
POL009673,CUST02033,AG052,Commercial Property,East,2026-03-04,2027-03-04,986959,60204499,Renewed
POL009674,CUST00398,AG046,Marine,South,2025-02-13,2026-02-13,165235,14044975,Cancelled
POL009675,CUST01512,AG085,Commercial Property,South,2025-01-31,2026-01-31,397663,17497172,Renewed
POL009676,CUST00068,AG110,Commercial Property,South,2026-01-02,2027-01-02,424184,33510536,Active
POL009677,CUST01106,AG019,Travel,South,2023-10-10,2024-10-09,10483,974919,Active
POL009678,CUST02994,AG105,Marine,West,2024-12-03,2025-12-03,113634,6022602,Expired
POL009679,CUST01875,AG021,Commercial Property,East,2023-09-03,2024-09-02,898033,61066244,Lapsed
POL009680,CUST02233,AG002,Travel,North,2026-01-01,2027-01-01,7344,455328,Active
POL009681,CUST01428,AG068,Commercial Property,South,2023-09-17,2024-09-16,224421,14587365,Expired
POL009682,CUST02534,AG008,Commercial Property,West,2025-07-30,2026-07-30,121601,5593646,Cancelled
POL009683,CUST02102,AG071,Commercial Property,South,2023-09-01,2024-08-31,298565,19108160,Renewed
POL009684,CUST01422,AG118,Commercial Property,East,2023-09-27,2024-09-26,895193,58187545,Renewed
POL009685,CUST00733,AG026,Marine,South,2023-09-21,2024-09-20,192403,13660613,Lapsed
POL009686,CUST00012,AG033,Motor,South,2023-09-21,2024-09-20,10171,417011,Cancelled
POL009687,CUST02746,AG114,Commercial Property,South,2024-08-28,2025-08-28,323157,27791502,Cancelled
POL009688,CUST00173,AG081,Commercial Property,North,2023-10-06,2024-10-05,755479,33241076,Expired
POL009689,CUST01560,AG090,Home,West,2024-12-04,2025-12-04,58697,4343578,Expired
POL009690,CUST02591,AG049,Marine,South,2025-10-12,2026-10-12,185999,10787942,Renewed
POL009691,CUST01222,AG087,Marine,South,2024-09-01,2025-09-01,181008,9412416,Active
POL009692,CUST00693,AG092,Marine,West,2023-09-10,2024-09-09,113251,6795060,Renewed
POL009693,CUST00190,AG023,Travel,South,2025-12-28,2026-12-28,12766,395746,Renewed
POL009694,CUST01842,AG053,Travel,South,2024-03-01,2025-03-01,10971,844767,Renewed
POL009695,CUST02162,AG037,Commercial Property,South,2023-09-16,2024-09-15,785005,43175275,Active
POL009696,CUST00213,AG024,Home,North,2025-11-09,2026-11-09,11332,475944,Cancelled
POL009697,CUST01938,AG110,Marine,North,2024-08-28,2025-08-28,157817,5839229,Expired
POL009698,CUST01684,AG062,Home,East,2026-07-22,2027-07-22,56572,5317768,Lapsed
POL009699,CUST01712,AG097,Home,South,2024-06-11,2025-06-11,52065,1561950,Expired
POL009700,CUST01258,AG074,Travel,North,2023-10-19,2024-10-18,7007,308308,Expired
POL009701,CUST01194,AG038,Commercial Property,South,2026-08-01,2027-08-01,733336,43266824,Cancelled
POL009702,CUST00319,AG008,Travel,South,2023-11-11,2024-11-10,13245,596025,Expired
POL009703,CUST02882,AG054,Travel,West,2024-12-23,2025-12-23,14865,520275,Active
POL009704,CUST01186,AG015,Home,North,2026-06-16,2027-06-16,60976,1585376,Cancelled
POL009705,CUST01873,AG109,Commercial Property,West,2024-12-30,2025-12-30,282725,19790750,Renewed
POL009706,CUST01295,AG075,Motor,East,2026-03-04,2027-03-04,21689,1062761,Renewed
POL009707,CUST01368,AG092,Commercial Property,South,2025-06-14,2026-06-14,113021,8815638,Active
POL009708,CUST02999,AG042,Travel,East,2024-08-09,2025-08-09,18236,1258284,Lapsed
POL009709,CUST01357,AG067,Travel,West,2024-11-23,2025-11-23,10249,717430,Expired
POL009710,CUST01761,AG097,Motor,West,2023-12-10,2024-12-09,26663,1599780,Renewed
POL009711,CUST00630,AG059,Motor,South,2023-11-02,2024-11-01,15102,1253466,Active
POL009712,CUST00446,AG108,Home,North,2023-11-03,2024-11-02,68174,6067486,Active
POL009713,CUST00402,AG022,Motor,East,2024-08-17,2025-08-17,29455,1325475,Active
POL009714,CUST02721,AG088,Marine,North,2026-05-27,2027-05-27,144201,7498452,Renewed
POL009715,CUST00085,AG002,Marine,West,2025-08-16,2026-08-16,155850,4052100,Expired
POL009716,CUST02577,AG108,Home,North,2026-06-01,2027-06-01,33951,2716080,Renewed
POL009717,CUST02910,AG037,Motor,South,2024-04-20,2025-04-20,14987,539532,Cancelled
POL009718,CUST02444,AG107,Motor,West,2024-12-31,2025-12-31,32632,3230568,Lapsed
POL009719,CUST01423,AG051,Commercial Property,East,2025-06-01,2026-06-01,562402,48928974,Expired
POL009720,CUST00821,AG034,Marine,South,2026-03-05,2027-03-05,145162,12629094,Cancelled
POL009721,CUST02083,AG074,Home,South,2023-09-10,2024-09-09,20740,539240,Active
POL009722,CUST02662,AG053,Motor,North,2025-11-16,2026-11-16,6890,206700,Cancelled
POL009723,CUST01638,AG096,Travel,South,2026-02-18,2027-02-18,3002,135090,Expired
POL009724,CUST01061,AG093,Commercial Property,East,2024-07-30,2025-07-30,297062,19309030,Cancelled
POL009725,CUST02774,AG103,Marine,North,2024-04-11,2025-04-11,108360,8885520,Expired
POL009726,CUST02751,AG057,Motor,North,2024-01-31,2025-01-30,16427,1248452,Expired
POL009727,CUST01181,AG114,Travel,West,2025-12-15,2026-12-15,2176,128384,Renewed
POL009728,CUST02467,AG077,Home,South,2023-12-19,2024-12-18,57845,5495275,Cancelled
POL009729,CUST00733,AG078,Travel,East,2024-08-26,2025-08-26,2441,229454,Lapsed
POL009730,CUST00292,AG030,Motor,South,2024-10-05,2025-10-05,6409,269178,Renewed
POL009731,CUST00572,AG066,Marine,North,2025-10-09,2026-10-09,47923,4744377,Expired
POL009732,CUST01449,AG005,Travel,South,2025-11-19,2026-11-19,12713,1004327,Lapsed
POL009733,CUST02104,AG091,Travel,North,2024-05-23,2025-05-23,18372,1212552,Active
POL009734,CUST02847,AG111,Motor,North,2025-08-08,2026-08-08,34295,3223730,Lapsed
POL009735,CUST02560,AG094,Motor,West,2023-09-22,2024-09-21,15342,322182,Lapsed
POL009736,CUST00810,AG005,Marine,South,2026-04-03,2027-04-03,168041,14619567,Lapsed
POL009737,CUST01184,AG109,Travel,East,2023-09-30,2024-09-29,7037,309628,Cancelled
POL009738,CUST01465,AG038,Motor,South,2024-06-26,2025-06-26,22336,2121920,Cancelled
POL009739,CUST01761,AG093,Commercial Property,East,2025-10-08,2026-10-08,146034,11974788,Expired
POL009740,CUST02413,AG085,Home,South,2025-06-20,2026-06-20,10032,662112,Renewed
POL009741,CUST02478,AG073,Home,West,2024-08-24,2025-08-24,60286,3677446,Expired
POL009742,CUST01561,AG089,Home,East,2025-01-10,2026-01-10,33192,962568,Expired
POL009743,CUST01674,AG044,Travel,North,2025-08-11,2026-08-11,19557,1016964,Active
POL009744,CUST01225,AG092,Home,East,2026-06-19,2027-06-19,57988,2145556,Lapsed
POL009745,CUST00334,AG087,Motor,South,2024-07-18,2025-07-18,18151,889399,Active
POL009746,CUST00146,AG015,Motor,South,2023-08-18,2024-08-17,9709,776720,Lapsed
POL009747,CUST01111,AG010,Home,South,2025-04-08,2026-04-08,62138,5406006,Renewed
POL009748,CUST00132,AG049,Marine,South,2025-07-23,2026-07-23,164307,9036885,Active
POL009749,CUST02839,AG077,Travel,East,2025-09-18,2026-09-18,13559,1233869,Cancelled
POL009750,CUST00684,AG087,Home,East,2026-02-21,2027-02-21,47481,2374050,Expired
POL009751,CUST02585,AG106,Marine,West,2024-08-02,2025-08-02,91287,7029099,Renewed
POL009752,CUST00807,AG041,Home,North,2024-02-09,2025-02-08,38011,2546737,Expired
POL009753,CUST00727,AG071,Commercial Property,North,2026-06-25,2027-06-25,140485,4636005,Renewed
POL009754,CUST02790,AG104,Marine,North,2024-08-27,2025-08-27,27124,1898680,Expired
POL009755,CUST01347,AG079,Marine,West,2025-03-02,2026-03-02,39260,1217060,Renewed
POL009756,CUST01385,AG018,Motor,South,2024-02-11,2025-02-10,6789,454863,Renewed
POL009757,CUST00804,AG102,Marine,North,2024-06-16,2025-06-16,171862,9280548,Renewed
POL009758,CUST00543,AG120,Motor,North,2023-11-27,2024-11-26,34429,2651033,Expired
POL009759,CUST00132,AG002,Marine,West,2023-11-25,2024-11-24,65465,2814995,Renewed
POL009760,CUST00646,AG045,Motor,South,2026-05-13,2027-05-13,12958,440572,Active
POL009761,CUST00013,AG112,Motor,North,2026-01-25,2027-01-25,7905,521730,Expired
POL009762,CUST01963,AG017,Travel,North,2024-09-16,2025-09-16,4929,478113,Expired
POL009763,CUST01023,AG098,Commercial Property,South,2024-12-29,2025-12-29,605187,49625334,Cancelled
POL009764,CUST01854,AG027,Travel,North,2026-01-25,2027-01-25,16118,467422,Lapsed
POL009765,CUST02109,AG028,Travel,North,2024-11-19,2025-11-19,14003,1064228,Lapsed
POL009766,CUST02873,AG059,Travel,West,2025-02-11,2026-02-11,14102,987140,Expired
POL009767,CUST00580,AG098,Travel,South,2024-07-14,2025-07-14,9319,512545,Active
POL009768,CUST02282,AG088,Motor,North,2023-10-30,2024-10-29,28649,1804887,Renewed
POL009769,CUST00792,AG041,Commercial Property,West,2026-04-10,2027-04-10,885244,25672076,Expired
POL009770,CUST02433,AG067,Marine,South,2025-03-17,2026-03-17,123894,10654884,Lapsed
POL009771,CUST02287,AG101,Commercial Property,West,2025-07-04,2026-07-04,394705,22498185,Renewed
POL009772,CUST00747,AG018,Travel,South,2025-02-27,2026-02-27,13934,1086852,Lapsed
POL009773,CUST01438,AG062,Travel,West,2024-02-20,2025-02-19,16768,385664,Lapsed
POL009774,CUST01243,AG019,Motor,North,2024-03-30,2025-03-30,9925,932950,Renewed
POL009775,CUST02621,AG070,Travel,East,2026-05-29,2027-05-29,4831,294691,Active
POL009776,CUST00602,AG007,Commercial Property,South,2025-05-06,2026-05-06,327368,6874728,Active
POL009777,CUST02456,AG057,Commercial Property,North,2024-11-29,2025-11-29,449043,17961720,Lapsed
POL009778,CUST00088,AG013,Motor,East,2024-10-23,2025-10-23,34574,691480,Expired
POL009779,CUST01678,AG076,Marine,South,2026-02-04,2027-02-04,158014,13115162,Expired
POL009780,CUST02542,AG102,Commercial Property,West,2024-09-22,2025-09-22,558731,54755638,Active
POL009781,CUST01480,AG005,Commercial Property,West,2025-03-16,2026-03-16,969525,39750525,Lapsed
POL009782,CUST00890,AG075,Motor,South,2023-09-18,2024-09-17,19738,789520,Lapsed
POL009783,CUST00170,AG052,Motor,East,2024-02-17,2025-02-16,33079,727738,Active
POL009784,CUST02213,AG005,Commercial Property,West,2024-05-09,2025-05-09,843310,51441910,Lapsed
POL009785,CUST00821,AG104,Travel,North,2024-11-08,2025-11-08,19779,1661436,Renewed
POL009786,CUST01654,AG074,Marine,North,2025-09-12,2026-09-12,87310,2968540,Expired
POL009787,CUST00739,AG015,Commercial Property,North,2024-10-01,2025-10-01,617522,19760704,Expired
POL009788,CUST01418,AG063,Marine,North,2026-04-04,2027-04-04,70804,1486884,Cancelled
POL009789,CUST02144,AG033,Commercial Property,East,2026-04-12,2027-04-12,691802,53960556,Lapsed
POL009790,CUST02761,AG110,Home,East,2024-05-26,2025-05-26,14897,744850,Expired
POL009791,CUST01792,AG055,Travel,North,2025-06-06,2026-06-06,16064,1301184,Active
POL009792,CUST01776,AG096,Travel,South,2024-01-02,2025-01-01,13382,869830,Renewed
POL009793,CUST01536,AG103,Commercial Property,North,2025-12-09,2026-12-09,886102,75318670,Active
POL009794,CUST03000,AG013,Home,South,2025-05-11,2026-05-11,11023,264552,Active
POL009795,CUST01722,AG051,Commercial Property,South,2023-12-20,2024-12-19,207778,19323354,Active
POL009796,CUST00650,AG085,Commercial Property,North,2026-02-12,2027-02-12,406825,13018400,Expired
POL009797,CUST01220,AG027,Travel,East,2026-07-14,2027-07-14,7840,486080,Renewed
POL009798,CUST02208,AG049,Commercial Property,East,2025-03-26,2026-03-26,790452,22923108,Cancelled
POL009799,CUST02534,AG109,Commercial Property,East,2026-03-08,2027-03-08,372057,10417596,Lapsed
POL009800,CUST02828,AG087,Commercial Property,South,2024-11-30,2025-11-30,422703,38465973,Active
POL009801,CUST00352,AG089,Motor,West,2026-05-18,2027-05-18,32020,1248780,Active
POL009802,CUST02884,AG017,Motor,South,2023-11-08,2024-11-07,8192,253952,Active
POL009803,CUST01635,AG112,Marine,West,2024-01-18,2025-01-17,51152,2762208,Cancelled
POL009804,CUST01836,AG028,Marine,East,2025-12-26,2026-12-26,66863,5750218,Cancelled
POL009805,CUST00586,AG062,Motor,West,2025-05-13,2026-05-13,29550,2629950,Expired
POL009806,CUST01496,AG094,Motor,North,2023-10-01,2024-09-30,30493,2957821,Expired
POL009807,CUST00663,AG109,Commercial Property,South,2026-03-23,2027-03-23,286360,15749800,Active
POL009808,CUST00419,AG067,Motor,West,2025-09-07,2026-09-07,15801,1216677,Lapsed
POL009809,CUST02413,AG115,Marine,East,2023-09-21,2024-09-20,20273,1175834,Cancelled
POL009810,CUST02533,AG073,Marine,West,2024-11-26,2025-11-26,131329,2889238,Cancelled
POL009811,CUST00115,AG059,Home,South,2025-05-27,2026-05-27,52093,3959068,Lapsed
POL009812,CUST00153,AG051,Marine,South,2023-11-10,2024-11-09,85187,2725984,Expired
POL009813,CUST00903,AG073,Marine,North,2026-02-13,2027-02-13,139980,10918440,Cancelled
POL009814,CUST00437,AG012,Marine,North,2024-12-09,2025-12-09,96021,6433407,Lapsed
POL009815,CUST02820,AG082,Travel,East,2025-11-18,2026-11-18,15271,1114783,Cancelled
POL009816,CUST01501,AG044,Home,North,2025-09-21,2026-09-21,20136,543672,Lapsed
POL009817,CUST01234,AG115,Home,East,2025-06-28,2026-06-28,66478,4254592,Active
POL009818,CUST02486,AG044,Home,North,2024-10-11,2025-10-11,63646,2673132,Renewed
POL009819,CUST01321,AG072,Home,West,2026-07-02,2027-07-02,37026,2221560,Expired
POL009820,CUST02379,AG074,Commercial Property,West,2026-05-31,2027-05-31,213078,18537786,Expired
POL009821,CUST02746,AG058,Marine,East,2024-05-06,2025-05-06,20518,1087454,Renewed
POL009822,CUST02803,AG070,Travel,East,2025-03-14,2026-03-14,19177,1016381,Expired
POL009823,CUST00276,AG040,Home,East,2024-12-21,2025-12-21,60936,2924928,Cancelled
POL009824,CUST02328,AG062,Home,South,2026-08-03,2027-08-03,32383,1781065,Cancelled
POL009825,CUST00032,AG079,Marine,West,2024-02-27,2025-02-26,137590,8392990,Cancelled
POL009826,CUST01484,AG027,Home,North,2023-08-17,2024-08-16,13997,601871,Active
POL009827,CUST02238,AG053,Travel,North,2024-04-15,2025-04-15,16493,923608,Lapsed
POL009828,CUST02102,AG079,Travel,East,2024-07-16,2025-07-16,18105,1050090,Lapsed
POL009829,CUST01819,AG008,Home,North,2023-08-08,2024-08-07,40431,2102412,Active
POL009830,CUST01632,AG079,Commercial Property,South,2025-04-21,2026-04-21,944120,22658880,Expired
POL009831,CUST01688,AG016,Marine,East,2025-03-30,2026-03-30,67366,2559908,Lapsed
POL009832,CUST02324,AG067,Marine,East,2023-12-21,2024-12-20,138351,13420047,Lapsed
POL009833,CUST00281,AG006,Home,East,2026-04-07,2027-04-07,39445,2524480,Expired
POL009834,CUST00243,AG007,Commercial Property,South,2026-03-02,2027-03-02,262056,12840744,Renewed
POL009835,CUST01971,AG059,Marine,North,2024-02-29,2025-02-28,145529,13097610,Active
POL009836,CUST02295,AG014,Commercial Property,West,2024-05-04,2025-05-04,423460,18208780,Lapsed
POL009837,CUST00087,AG089,Travel,North,2025-07-19,2026-07-19,7261,159742,Expired
POL009838,CUST00740,AG051,Marine,South,2023-10-19,2024-10-18,73849,2141621,Lapsed
POL009839,CUST02697,AG031,Marine,West,2024-06-13,2025-06-13,22749,1888167,Active
POL009840,CUST01142,AG015,Home,North,2023-08-13,2024-08-12,63579,2670318,Renewed
POL009841,CUST01353,AG016,Home,North,2025-04-14,2026-04-14,35152,3023072,Active
POL009842,CUST00690,AG064,Marine,West,2025-11-10,2026-11-10,145981,3795506,Active
POL009843,CUST00124,AG075,Home,North,2025-05-09,2026-05-09,9809,951473,Lapsed
POL009844,CUST02275,AG005,Home,West,2023-08-06,2024-08-05,36050,2018800,Expired
POL009845,CUST01511,AG111,Commercial Property,East,2025-12-22,2026-12-22,819235,39323280,Renewed
POL009846,CUST01113,AG061,Travel,North,2023-08-20,2024-08-19,7908,387492,Lapsed
POL009847,CUST00274,AG109,Home,East,2024-11-22,2025-11-22,50954,4432998,Active
POL009848,CUST00954,AG091,Marine,West,2023-08-25,2024-08-24,161783,5338839,Active
POL009849,CUST02708,AG041,Motor,North,2025-02-06,2026-02-06,15979,910803,Active
POL009850,CUST00761,AG011,Commercial Property,East,2026-03-06,2027-03-06,821472,55038624,Cancelled
POL009851,CUST01637,AG014,Marine,West,2024-07-27,2025-07-27,145156,12918884,Cancelled
POL009852,CUST01467,AG007,Travel,East,2023-11-02,2024-11-01,14414,590974,Lapsed
POL009853,CUST01398,AG105,Marine,East,2025-09-20,2026-09-20,188066,9403300,Lapsed
POL009854,CUST00428,AG035,Motor,South,2026-07-29,2027-07-29,22400,739200,Active
POL009855,CUST02770,AG012,Motor,East,2025-10-25,2026-10-25,35513,3515787,Lapsed
POL009856,CUST01070,AG068,Travel,West,2023-10-21,2024-10-20,2727,109080,Renewed
POL009857,CUST02613,AG056,Home,North,2024-04-09,2025-04-09,30861,2592324,Active
POL009858,CUST01860,AG033,Motor,North,2026-03-04,2027-03-04,31819,763656,Renewed
POL009859,CUST01530,AG085,Marine,South,2025-10-29,2026-10-29,138330,13833000,Cancelled
POL009860,CUST01032,AG074,Travel,South,2024-01-27,2025-01-26,5153,288568,Cancelled
POL009861,CUST02375,AG036,Motor,South,2024-08-30,2025-08-30,9661,840507,Cancelled
POL009862,CUST00075,AG086,Travel,North,2024-11-28,2025-11-28,8882,381926,Active
POL009863,CUST01936,AG052,Marine,West,2025-11-05,2026-11-05,73731,4645053,Lapsed
POL009864,CUST02879,AG081,Commercial Property,East,2025-06-14,2026-06-14,120995,3024875,Cancelled
POL009865,CUST02915,AG054,Home,North,2026-02-08,2027-02-08,43138,4098110,Renewed
POL009866,CUST01326,AG101,Motor,South,2025-05-12,2026-05-12,33968,2751408,Active
POL009867,CUST01876,AG089,Motor,North,2023-12-04,2024-12-03,13193,343018,Cancelled
POL009868,CUST02123,AG070,Travel,South,2025-07-31,2026-07-31,7328,234496,Expired
POL009869,CUST02285,AG063,Commercial Property,South,2026-04-13,2027-04-13,171436,12000520,Expired
POL009870,CUST00360,AG110,Home,South,2026-06-26,2027-06-26,64115,3526325,Cancelled
POL009871,CUST00711,AG101,Motor,South,2025-12-11,2026-12-11,6442,521802,Expired
POL009872,CUST01630,AG023,Motor,East,2026-07-27,2027-07-27,38210,2942170,Renewed
POL009873,CUST00998,AG030,Motor,East,2024-05-27,2025-05-27,15269,396994,Renewed
POL009874,CUST01402,AG056,Home,West,2025-01-30,2026-01-30,67657,6224444,Renewed
POL009875,CUST00454,AG033,Travel,North,2026-01-21,2027-01-21,12665,519265,Renewed
POL009876,CUST02957,AG002,Travel,North,2024-09-20,2025-09-20,19619,902474,Expired
POL009877,CUST01658,AG102,Motor,North,2025-02-22,2026-02-22,39940,1357960,Cancelled
POL009878,CUST02164,AG013,Travel,East,2023-11-07,2024-11-06,5156,180460,Lapsed
POL009879,CUST00456,AG007,Marine,West,2025-05-13,2026-05-13,152269,12486058,Expired
POL009880,CUST02175,AG067,Home,West,2026-03-16,2027-03-16,57114,4683348,Lapsed
POL009881,CUST00746,AG004,Commercial Property,South,2024-06-16,2025-06-16,858287,36906341,Cancelled
POL009882,CUST02722,AG117,Home,East,2026-01-23,2027-01-23,48291,2704296,Active
POL009883,CUST02024,AG036,Home,West,2024-05-31,2025-05-31,34981,1014449,Renewed
POL009884,CUST02122,AG036,Commercial Property,North,2024-02-23,2025-02-22,640705,19861855,Lapsed
POL009885,CUST00938,AG104,Commercial Property,East,2024-11-26,2025-11-26,650368,20811776,Renewed
POL009886,CUST02589,AG011,Marine,North,2025-01-08,2026-01-08,172190,9126070,Lapsed
POL009887,CUST01186,AG077,Commercial Property,North,2024-01-22,2025-01-21,262758,13137900,Lapsed
POL009888,CUST02314,AG015,Travel,North,2025-01-16,2026-01-16,10798,680274,Lapsed
POL009889,CUST01073,AG056,Home,West,2024-01-12,2025-01-11,31104,1835136,Cancelled
POL009890,CUST00493,AG111,Travel,East,2023-11-30,2024-11-29,6195,619500,Expired
POL009891,CUST00475,AG042,Home,West,2025-05-28,2026-05-28,8471,533673,Lapsed
POL009892,CUST01692,AG038,Home,North,2025-04-17,2026-04-17,51935,3895125,Expired
POL009893,CUST02684,AG108,Motor,South,2026-02-02,2027-02-02,9198,441504,Active
POL009894,CUST01288,AG015,Motor,North,2026-03-02,2027-03-02,30902,1143374,Cancelled
POL009895,CUST02480,AG100,Commercial Property,North,2023-12-07,2024-12-06,597857,14946425,Active
POL009896,CUST00302,AG103,Motor,North,2026-03-31,2027-03-31,21054,694782,Expired
POL009897,CUST00053,AG002,Commercial Property,North,2026-07-16,2027-07-16,811750,40587500,Active
POL009898,CUST00107,AG106,Commercial Property,East,2024-05-25,2025-05-25,750796,49552536,Expired
POL009899,CUST01493,AG047,Motor,South,2026-01-18,2027-01-18,21900,503700,Expired
POL009900,CUST00137,AG032,Marine,South,2025-03-20,2026-03-20,100708,7653808,Cancelled
POL009901,CUST01336,AG016,Motor,West,2026-04-09,2027-04-09,8228,304436,Renewed
POL009902,CUST02772,AG029,Travel,East,2025-11-15,2026-11-15,10958,887598,Renewed
POL009903,CUST01526,AG021,Motor,North,2025-10-19,2026-10-19,14754,1298352,Renewed
POL009904,CUST02917,AG113,Commercial Property,North,2024-04-21,2025-04-21,743779,34213834,Cancelled
POL009905,CUST00573,AG076,Motor,East,2026-06-13,2027-06-13,36908,1107240,Expired
POL009906,CUST02013,AG014,Travel,East,2023-08-23,2024-08-22,13694,397126,Active
POL009907,CUST02630,AG014,Motor,West,2024-07-15,2025-07-15,28295,2489960,Active
POL009908,CUST00488,AG058,Marine,South,2026-05-11,2027-05-11,61198,4589850,Lapsed
POL009909,CUST00921,AG005,Home,East,2025-05-21,2026-05-21,15359,691155,Cancelled
POL009910,CUST02482,AG049,Home,West,2024-09-13,2025-09-13,20183,1453176,Expired
POL009911,CUST00958,AG024,Marine,West,2023-09-30,2024-09-29,101658,3151398,Renewed
POL009912,CUST01022,AG028,Commercial Property,South,2025-06-28,2026-06-28,395338,14627506,Lapsed
POL009913,CUST00997,AG047,Marine,North,2025-03-20,2026-03-20,87454,2011442,Expired
POL009914,CUST02215,AG112,Home,South,2025-11-10,2026-11-10,29344,1027040,Renewed
POL009915,CUST00168,AG064,Home,South,2025-04-27,2026-04-27,68605,5831425,Renewed
POL009916,CUST01903,AG021,Commercial Property,North,2024-08-09,2025-08-09,637045,61793365,Expired
POL009917,CUST02341,AG107,Marine,South,2026-02-16,2027-02-16,119445,8719485,Renewed
POL009918,CUST00749,AG082,Travel,South,2026-01-13,2027-01-13,8309,515158,Active
POL009919,CUST00380,AG112,Motor,South,2025-09-29,2026-09-29,32191,2446516,Cancelled
POL009920,CUST02950,AG009,Home,North,2025-12-01,2026-12-01,39970,999250,Renewed
POL009921,CUST02267,AG006,Marine,North,2026-04-22,2027-04-22,99290,9730420,Lapsed
POL009922,CUST02500,AG023,Travel,East,2024-07-17,2025-07-17,10291,792407,Expired
POL009923,CUST01176,AG017,Motor,East,2025-05-07,2026-05-07,27555,1983960,Active
POL009924,CUST01906,AG111,Home,North,2025-01-16,2026-01-16,55568,4723280,Cancelled
POL009925,CUST02298,AG003,Commercial Property,North,2024-04-11,2025-04-11,524589,39868764,Expired
POL009926,CUST02217,AG013,Commercial Property,East,2026-07-27,2027-07-27,842995,34562795,Renewed
POL009927,CUST02852,AG079,Travel,East,2026-07-01,2027-07-01,19332,1565892,Expired
POL009928,CUST01575,AG021,Travel,East,2024-01-26,2025-01-25,8228,592416,Expired
POL009929,CUST01608,AG101,Commercial Property,West,2025-12-06,2026-12-06,539454,19420344,Active
POL009930,CUST02021,AG108,Commercial Property,South,2024-05-13,2025-05-13,154742,12998328,Cancelled
POL009931,CUST01305,AG028,Commercial Property,North,2024-05-08,2025-05-08,204073,8162920,Cancelled
POL009932,CUST02041,AG114,Commercial Property,East,2026-05-30,2027-05-30,317649,7305927,Lapsed
POL009933,CUST02218,AG105,Home,West,2025-02-11,2026-02-11,11632,453648,Expired
POL009934,CUST02119,AG024,Travel,West,2026-03-06,2027-03-06,13198,950256,Active
POL009935,CUST00374,AG092,Commercial Property,South,2026-07-17,2027-07-17,127913,9209736,Lapsed
POL009936,CUST01265,AG111,Travel,West,2026-05-25,2027-05-25,1854,177984,Cancelled
POL009937,CUST01409,AG006,Motor,West,2023-11-06,2024-11-05,38415,3764670,Expired
POL009938,CUST01023,AG109,Home,West,2024-06-04,2025-06-04,19046,1066576,Cancelled
POL009939,CUST00901,AG102,Home,North,2023-09-04,2024-09-03,61792,2162720,Lapsed
POL009940,CUST00932,AG108,Marine,North,2025-06-20,2026-06-20,91347,5572167,Lapsed
POL009941,CUST02254,AG116,Marine,South,2024-11-15,2025-11-15,135366,7445130,Cancelled
POL009942,CUST02695,AG017,Motor,East,2026-03-22,2027-03-22,20510,1251110,Renewed
POL009943,CUST01187,AG104,Commercial Property,North,2025-03-28,2026-03-28,721360,63479680,Cancelled
POL009944,CUST01702,AG102,Home,North,2026-07-12,2027-07-12,66621,5329680,Active
POL009945,CUST01465,AG081,Motor,West,2026-06-06,2027-06-06,37972,2012516,Expired
POL009946,CUST01191,AG015,Home,North,2025-09-16,2026-09-16,63812,4083968,Active
POL009947,CUST02329,AG100,Travel,East,2025-09-24,2026-09-24,16194,453432,Expired
POL009948,CUST01187,AG021,Motor,North,2026-02-21,2027-02-21,19737,750006,Lapsed
POL009949,CUST02431,AG084,Commercial Property,South,2025-12-21,2026-12-21,151499,9241439,Expired
POL009950,CUST02080,AG013,Marine,East,2023-12-26,2024-12-25,157687,6938228,Renewed
POL009951,CUST01832,AG092,Home,South,2025-09-10,2026-09-10,35785,3328005,Active
POL009952,CUST01800,AG076,Marine,East,2025-06-02,2026-06-02,75375,4221000,Renewed
POL009953,CUST00840,AG053,Home,South,2024-02-11,2025-02-10,23824,2215632,Active
POL009954,CUST00385,AG019,Marine,North,2025-03-29,2026-03-29,37528,863144,Cancelled
POL009955,CUST01050,AG109,Travel,East,2025-07-31,2026-07-31,11801,837871,Renewed
POL009956,CUST02057,AG001,Home,South,2025-04-23,2026-04-23,58195,5004770,Active
POL009957,CUST00346,AG115,Travel,South,2026-02-26,2027-02-26,11534,530564,Expired
POL009958,CUST01522,AG006,Home,West,2023-10-05,2024-10-04,25353,887355,Cancelled
POL009959,CUST02852,AG113,Commercial Property,South,2025-11-15,2026-11-15,92259,8487828,Renewed
POL009960,CUST01488,AG058,Commercial Property,North,2026-05-18,2027-05-18,310227,16752258,Active
POL009961,CUST02740,AG114,Motor,North,2026-07-04,2027-07-04,13719,356694,Active
POL009962,CUST02102,AG089,Motor,South,2023-12-27,2024-12-26,39608,1425888,Active
POL009963,CUST02513,AG012,Motor,East,2025-12-10,2026-12-10,26517,2227428,Renewed
POL009964,CUST00683,AG020,Marine,East,2024-03-07,2025-03-07,129129,4261257,Renewed
POL009965,CUST01556,AG023,Commercial Property,South,2023-09-26,2024-09-25,135888,4348416,Renewed
POL009966,CUST00965,AG037,Home,North,2026-08-04,2027-08-04,18461,1384575,Expired
POL009967,CUST01358,AG109,Marine,South,2024-03-25,2025-03-25,77734,2953892,Active
POL009968,CUST02125,AG003,Marine,North,2024-08-29,2025-08-29,66284,3181632,Expired
POL009969,CUST00073,AG113,Motor,West,2023-09-12,2024-09-11,30031,2732821,Renewed
POL009970,CUST01947,AG069,Home,South,2025-06-14,2026-06-14,67810,6170710,Active
POL009971,CUST02197,AG065,Motor,East,2026-07-30,2027-07-30,18339,623526,Lapsed
POL009972,CUST00611,AG055,Commercial Property,South,2023-08-19,2024-08-18,598951,23359089,Cancelled
POL009973,CUST02922,AG057,Marine,West,2024-06-03,2025-06-03,185676,14854080,Active
POL009974,CUST00487,AG067,Marine,West,2024-04-13,2025-04-13,36323,726460,Expired
POL009975,CUST00752,AG036,Marine,West,2024-08-21,2025-08-21,59139,1301058,Lapsed
POL009976,CUST00333,AG058,Home,South,2024-10-28,2025-10-28,16729,501870,Expired
POL009977,CUST00059,AG120,Commercial Property,West,2025-01-21,2026-01-21,517176,27927504,Active
POL009978,CUST01848,AG101,Home,East,2024-09-11,2025-09-11,18173,1562878,Active
POL009979,CUST01450,AG053,Commercial Property,South,2025-07-09,2026-07-09,892636,45524436,Renewed
POL009980,CUST00800,AG069,Motor,North,2026-01-05,2027-01-05,38264,1071392,Lapsed
POL009981,CUST01439,AG100,Travel,South,2024-01-03,2025-01-02,8452,397244,Lapsed
POL009982,CUST01577,AG021,Marine,West,2023-11-28,2024-11-27,81514,3749644,Cancelled
POL009983,CUST00001,AG052,Home,East,2024-07-06,2025-07-06,43251,2292303,Renewed
POL009984,CUST01887,AG027,Marine,South,2024-01-02,2025-01-01,198635,18075785,Expired
POL009985,CUST00763,AG098,Marine,North,2024-02-09,2025-02-08,70181,5895204,Lapsed
POL009986,CUST00169,AG051,Commercial Property,East,2024-11-24,2025-11-24,763486,35120356,Expired
POL009987,CUST01127,AG018,Travel,North,2023-12-24,2024-12-23,4791,435981,Cancelled
POL009988,CUST01643,AG020,Marine,West,2026-07-21,2027-07-21,59216,5388656,Expired
POL009989,CUST01509,AG079,Home,North,2024-07-09,2025-07-09,51692,4652280,Lapsed
POL009990,CUST00689,AG030,Travel,North,2023-10-23,2024-10-22,5033,372442,Cancelled
POL009991,CUST02442,AG033,Travel,West,2025-04-10,2026-04-10,13071,810402,Expired
POL009992,CUST02872,AG068,Home,East,2026-07-30,2027-07-30,31950,1693350,Renewed
POL009993,CUST02660,AG046,Motor,East,2025-10-22,2026-10-22,23245,1208740,Active
POL009994,CUST01464,AG083,Home,East,2024-05-05,2025-05-05,22948,1124452,Expired
POL009995,CUST00603,AG055,Marine,West,2025-12-05,2026-12-05,116587,5013241,Cancelled
POL009996,CUST02341,AG109,Travel,South,2026-08-05,2027-08-05,18628,1285332,Expired
POL009997,CUST01320,AG057,Marine,West,2024-07-18,2025-07-18,43671,3930390,Lapsed
POL009998,CUST02095,AG075,Motor,North,2026-05-20,2027-05-20,25011,1125495,Cancelled
POL009999,CUST01095,AG031,Motor,West,2024-10-14,2025-10-14,9187,330732,Lapsed
POL010000,CUST02912,AG037,Motor,West,2024-05-19,2025-05-19,31689,2788632,Lapsed
